generator,gen_year,label,path,score
NewBench,2025,0,/shared/home/sarim.hashmi/usenix/benchmark/newbench_norm/real/1_military_jet_fighter_flying_in_formation_alongside_a_1_military_propeller_pilot._.png,6.524034688482061e-05
NewBench,2025,0,/shared/home/sarim.hashmi/usenix/benchmark/newbench_norm/real/A_CGI_man_sitting_on_top_of_a_CGI_hospital_bed..png,0.0031674825586378574
NewBench,2025,0,/shared/home/sarim.hashmi/usenix/benchmark/newbench_norm/real/A_CLEAN_AND_COLORFUL_BATHROOM_WITH_A_LARGE_MIRROR.png,8.749224070925266e-05
NewBench,2025,0,/shared/home/sarim.hashmi/usenix/benchmark/newbench_norm/real/A_LOT_OF_SHEEP_IS_IN_THE_GRASS_WITH_A_SHEEP_DOG.png,7.443504000548273e-05
NewBench,2025,0,/shared/home/sarim.hashmi/usenix/benchmark/newbench_norm/real/A_banana_that_is_sitting_in_a_bowl_on_the_table..png,6.244262476684526e-05
NewBench,2025,0,/shared/home/sarim.hashmi/usenix/benchmark/newbench_norm/real/A_basket_filled_with_ripe_bananas_on_top_of_a_table..png,0.05269270017743111
NewBench,2025,0,/shared/home/sarim.hashmi/usenix/benchmark/newbench_norm/real/A_bathroom_filled_with_a_white_toilet_next_to_a_sink..png,7.811580144334584e-05
NewBench,2025,0,/shared/home/sarim.hashmi/usenix/benchmark/newbench_norm/real/A_bathroom_has_a_self_standing_sink_on_the_wall..png,0.00036146544152870774
NewBench,2025,0,"/shared/home/sarim.hashmi/usenix/benchmark/newbench_norm/real/A_bathroom_has_a_toilet,_sink,_mirror_and_bidet..png",6.16950637777336e-05
NewBench,2025,0,/shared/home/sarim.hashmi/usenix/benchmark/newbench_norm/real/A_bathroom_is_photographed_with_a_fisheye_filter..png,4.1566479922039434e-05
NewBench,2025,0,"/shared/home/sarim.hashmi/usenix/benchmark/newbench_norm/real/A_bathroom_is_shown_with_a_toilet,_sink,_and_shower..png",5.639560185954906e-05
NewBench,2025,0,"/shared/home/sarim.hashmi/usenix/benchmark/newbench_norm/real/A_bathroom_scene_with_a_toilet,_sink_and_a_mirror..png",5.38883832632564e-05
NewBench,2025,0,/shared/home/sarim.hashmi/usenix/benchmark/newbench_norm/real/A_bathroom_showing_a_necklace_rack_and_toiletries_grouped_on_the_sink_.png,5.033204797655344e-05
NewBench,2025,0,/shared/home/sarim.hashmi/usenix/benchmark/newbench_norm/real/A_bathroom_sink_sitting_under_a_large_mirror..png,8.031063043745235e-05
NewBench,2025,0,/shared/home/sarim.hashmi/usenix/benchmark/newbench_norm/real/A_bathroom_sink_under_a_mirror_in_a_bathroom..png,4.441437340574339e-05
NewBench,2025,0,"/shared/home/sarim.hashmi/usenix/benchmark/newbench_norm/real/A_bathroom_sink_with_a_toothbrush,_soap_dispenser_and_mirror..png",6.221349030965939e-05
NewBench,2025,0,/shared/home/sarim.hashmi/usenix/benchmark/newbench_norm/real/A_bathroom_sink_with_wood_finish_cabinets._.png,5.5883378081489354e-05
NewBench,2025,0,/shared/home/sarim.hashmi/usenix/benchmark/newbench_norm/real/A_bathroom_that_has_a_special_shelf_for_towels._.png,0.0004295707040000707
NewBench,2025,0,/shared/home/sarim.hashmi/usenix/benchmark/newbench_norm/real/A_bathroom_toilet_with_yellow_liquid_inside_and_a_dirty_tub..png,0.00030481809517368674
NewBench,2025,0,"/shared/home/sarim.hashmi/usenix/benchmark/newbench_norm/real/A_bathroom_with_a_shower_curtain,_a_toilet,_a_sink_and_cabinets..png",5.0607592129381374e-05
NewBench,2025,0,"/shared/home/sarim.hashmi/usenix/benchmark/newbench_norm/real/A_bathroom_with_a_sink,_counter,_toilet_and_shower_curtain..png",0.024850081652402878
NewBench,2025,0,/shared/home/sarim.hashmi/usenix/benchmark/newbench_norm/real/A_bathroom_with_a_standing_shower_next_to_a_sink_and_mirror..png,0.0014689721865579486
NewBench,2025,0,"/shared/home/sarim.hashmi/usenix/benchmark/newbench_norm/real/A_bathroom_with_a_toilet,_tub,_mirror_and_shower_curtain._.png",5.153496022103354e-05
NewBench,2025,0,/shared/home/sarim.hashmi/usenix/benchmark/newbench_norm/real/A_bathroom_with_a_toilet_bowl_and_shower..png,5.498661630554125e-05
NewBench,2025,0,/shared/home/sarim.hashmi/usenix/benchmark/newbench_norm/real/A_bathroom_with_a_vanity_mirror_toilette_and_kitchen_sink_next_to_a_shower..png,4.589851960190572e-05
NewBench,2025,0,/shared/home/sarim.hashmi/usenix/benchmark/newbench_norm/real/A_bathroom_with_a_white_bath_tub_and_two_sinks..png,6.250099977478385e-05
NewBench,2025,0,/shared/home/sarim.hashmi/usenix/benchmark/newbench_norm/real/A_bathroom_with_a_white_sink_next_to_a_toilet_paper_roller..png,5.864548438694328e-05
NewBench,2025,0,/shared/home/sarim.hashmi/usenix/benchmark/newbench_norm/real/A_bathroom_with_a_white_toilet_next_to_a_shower..png,5.3134073823457584e-05
NewBench,2025,0,/shared/home/sarim.hashmi/usenix/benchmark/newbench_norm/real/A_bathroom_with_two_toilets_look_in_very_bad_shape..png,4.744062971440144e-05
NewBench,2025,0,/shared/home/sarim.hashmi/usenix/benchmark/newbench_norm/real/A_bathroom_with_white_colored_cabinets_and_toilet.png,8.624587644590065e-05
NewBench,2025,0,/shared/home/sarim.hashmi/usenix/benchmark/newbench_norm/real/A_bathroom_with_white_urinals_amd_sinks_and_brown_stall_doors..png,5.742454595747404e-05
NewBench,2025,0,/shared/home/sarim.hashmi/usenix/benchmark/newbench_norm/real/A_bathtub_with_candles_lit_up_around_it_and_a_stool_next_to_it..png,0.00010437075980007648
NewBench,2025,0,/shared/home/sarim.hashmi/usenix/benchmark/newbench_norm/real/A_beautiful_kitchen_with_lots_of_windows_and_wooden_cabinets._.png,0.049614615738391876
NewBench,2025,0,/shared/home/sarim.hashmi/usenix/benchmark/newbench_norm/real/A_beige_bathroom_with_a_phone_beside_the_toilet..png,5.875682836631313e-05
NewBench,2025,0,/shared/home/sarim.hashmi/usenix/benchmark/newbench_norm/real/A_bench_partially_buried_in_sand_on_a_beach_near_the_ocean..png,5.0417704187566414e-05
NewBench,2025,0,/shared/home/sarim.hashmi/usenix/benchmark/newbench_norm/real/A_bench_that_looks_like_a_round_hut..png,7.433395512634888e-05
NewBench,2025,0,/shared/home/sarim.hashmi/usenix/benchmark/newbench_norm/real/A_bicycle_resting_outside_of_a_building_door.png,0.0031466239597648382
NewBench,2025,0,/shared/home/sarim.hashmi/usenix/benchmark/newbench_norm/real/A_bicyclist_is_riding_across_the_street_next_to_someone_on_a_motorcycle._.png,0.6977345943450928
NewBench,2025,0,/shared/home/sarim.hashmi/usenix/benchmark/newbench_norm/real/A_big_commercial_plane_flying_in_cloudy_skies..png,6.713762559229508e-05
NewBench,2025,0,/shared/home/sarim.hashmi/usenix/benchmark/newbench_norm/real/A_big_locomotive_stopped_in_a_train_station.png,9.574111027177423e-05
NewBench,2025,0,/shared/home/sarim.hashmi/usenix/benchmark/newbench_norm/real/A_bike_is_parked_alongside_the_lake_shore..png,5.968462210148573e-05
NewBench,2025,0,/shared/home/sarim.hashmi/usenix/benchmark/newbench_norm/real/A_bike_is_shown_attached_to_a_rack..png,0.00016375392442569137
NewBench,2025,0,/shared/home/sarim.hashmi/usenix/benchmark/newbench_norm/real/A_bike_parked_in_front_of_a_store_with_a_basket..png,7.67814926803112e-05
NewBench,2025,0,/shared/home/sarim.hashmi/usenix/benchmark/newbench_norm/real/A_bike_sitting_In_a_glass_window_in_a_building.png,6.383199797710404e-05
NewBench,2025,0,/shared/home/sarim.hashmi/usenix/benchmark/newbench_norm/real/A_bird_flying_through_the_air_while_flapping_it's_wings..png,6.647944974247366e-05
NewBench,2025,0,/shared/home/sarim.hashmi/usenix/benchmark/newbench_norm/real/A_bird_is_standing_upright_in_the_water_and_leaves..png,0.0002173723332816735
NewBench,2025,0,/shared/home/sarim.hashmi/usenix/benchmark/newbench_norm/real/A_bird_perched_on_the_back_of_a_white_bench..png,0.00020021093951072544
NewBench,2025,0,/shared/home/sarim.hashmi/usenix/benchmark/newbench_norm/real/A_bird_perched_on_top_of_a_wooden_power_pole..png,5.727251118514687e-05
NewBench,2025,0,/shared/home/sarim.hashmi/usenix/benchmark/newbench_norm/real/A_bird_stands_on_the_ground_among_dried_leaves..png,6.709486478939652e-05
NewBench,2025,0,/shared/home/sarim.hashmi/usenix/benchmark/newbench_norm/real/A_bird_that_is_on_a_tree_limb..png,0.019441742449998856
NewBench,2025,0,/shared/home/sarim.hashmi/usenix/benchmark/newbench_norm/real/A_bird_with_a_fish_in_its_hand_on_a_beach..png,4.849266042583622e-05
NewBench,2025,0,/shared/home/sarim.hashmi/usenix/benchmark/newbench_norm/real/A_birthday_cake_is_decorated_like_a_fire_engine..png,0.00014408444985747337
NewBench,2025,0,/shared/home/sarim.hashmi/usenix/benchmark/newbench_norm/real/A_black_and_white_dog_on_a_brown_tile_floor_next_to_counter..png,0.00030697358306497335
NewBench,2025,0,/shared/home/sarim.hashmi/usenix/benchmark/newbench_norm/real/A_black_and_white_photo_of_an_old_locomotive..png,0.00027454469818621874
NewBench,2025,0,/shared/home/sarim.hashmi/usenix/benchmark/newbench_norm/real/A_black_and_white_photo_of_four_young_children..png,0.0016595007618889213
NewBench,2025,0,/shared/home/sarim.hashmi/usenix/benchmark/newbench_norm/real/A_black_and_white_toilet_with_a_plunger..png,7.921467476990074e-05
NewBench,2025,0,/shared/home/sarim.hashmi/usenix/benchmark/newbench_norm/real/A_black_and_yellow_fire_hydrant_on_a_city_sidewalk..png,6.148855027277023e-05
NewBench,2025,0,/shared/home/sarim.hashmi/usenix/benchmark/newbench_norm/real/A_black_cat_half-submerged_in_a_toilet_while_drinking_out_of_it..png,6.556141306646168e-05
NewBench,2025,0,/shared/home/sarim.hashmi/usenix/benchmark/newbench_norm/real/A_black_cat_wearing_a_black_beanie_while_laying_on_a_red_couch...png,6.230314465938136e-05
NewBench,2025,0,/shared/home/sarim.hashmi/usenix/benchmark/newbench_norm/real/A_black_lab_waits_at_a_picnic_table_for_it's_master..png,0.0167930219322443
NewBench,2025,0,/shared/home/sarim.hashmi/usenix/benchmark/newbench_norm/real/A_blonde_woman_standing_in_front_of_a_red_double_decker_bus..png,6.969515379751101e-05
NewBench,2025,0,/shared/home/sarim.hashmi/usenix/benchmark/newbench_norm/real/A_blue_bike_parked_next_to_a_tree_in_a_planter..png,6.378137913998216e-05
NewBench,2025,0,/shared/home/sarim.hashmi/usenix/benchmark/newbench_norm/real/A_blue_bowl_sitting_on_a_table_with_a_banana_in_it._.png,4.124629049329087e-05
NewBench,2025,0,/shared/home/sarim.hashmi/usenix/benchmark/newbench_norm/real/A_blue_bus_driving_down_a_street_next_to_trees..png,0.0021309603471308947
NewBench,2025,0,/shared/home/sarim.hashmi/usenix/benchmark/newbench_norm/real/A_blue_bus_is_crossing_the_intersection_with_various_vehicles_behind_it..png,0.0006308816955424845
NewBench,2025,0,/shared/home/sarim.hashmi/usenix/benchmark/newbench_norm/real/A_blue_motor_scooter_parked_in_a_parking_lot..png,9.110596147365868e-05
NewBench,2025,0,/shared/home/sarim.hashmi/usenix/benchmark/newbench_norm/real/A_blue_motor_scooter_with_a_cat_sitting_on_it..png,5.170874283066951e-05
NewBench,2025,0,/shared/home/sarim.hashmi/usenix/benchmark/newbench_norm/real/A_boat_sitting_next_to_a_beach_in_the_ocean_covered_with_birds..png,7.219683175208047e-05
NewBench,2025,0,/shared/home/sarim.hashmi/usenix/benchmark/newbench_norm/real/A_boat_that_is_on_the_sand_and_people_nearby._.png,0.00011427887511672452
NewBench,2025,0,/shared/home/sarim.hashmi/usenix/benchmark/newbench_norm/real/A_bowl_in_a_sink_and_window_in_a_room..png,5.25785144418478e-05
NewBench,2025,0,"/shared/home/sarim.hashmi/usenix/benchmark/newbench_norm/real/A_bowl_of_cereal_with_milk,_bananas,_raspberries_and_blueberries..png",0.0011836201883852482
NewBench,2025,0,/shared/home/sarim.hashmi/usenix/benchmark/newbench_norm/real/A_boy_carrying_a_surfboard_on_a_busy_sidewalk..png,0.00018783501582220197
NewBench,2025,0,/shared/home/sarim.hashmi/usenix/benchmark/newbench_norm/real/A_boy_in_blue_hat_riding_on_a_carousel..png,0.00010920607019215822
NewBench,2025,0,/shared/home/sarim.hashmi/usenix/benchmark/newbench_norm/real/A_bright_blue_and_white_AMX_jet_is_in_the_clear_sky..png,6.279852823354304e-05
NewBench,2025,0,/shared/home/sarim.hashmi/usenix/benchmark/newbench_norm/real/A_brown_duck_floats_by_itself_on_the_water.png,4.3530279072001576e-05
NewBench,2025,0,/shared/home/sarim.hashmi/usenix/benchmark/newbench_norm/real/A_brown_plane_is_parked_at_air_port.png,0.00020181054424028844
NewBench,2025,0,/shared/home/sarim.hashmi/usenix/benchmark/newbench_norm/real/A_brown_songbird_perched_on_the_handlebars_of_a_bicycle..png,5.3170111641520634e-05
NewBench,2025,0,/shared/home/sarim.hashmi/usenix/benchmark/newbench_norm/real/A_building_in_the_sky_that_has_the_lights_on..png,9.898334974423051e-05
NewBench,2025,0,/shared/home/sarim.hashmi/usenix/benchmark/newbench_norm/real/A_bunch_of_airplanes_are_parked_on_the_runway._.png,0.00035897985799238086
NewBench,2025,0,/shared/home/sarim.hashmi/usenix/benchmark/newbench_norm/real/A_bunch_of_antelopes_are_seen_roaming_the_plains..png,0.0001629771140869707
NewBench,2025,0,/shared/home/sarim.hashmi/usenix/benchmark/newbench_norm/real/A_bunch_of_bananas_hanging_from_a_green_tree..png,0.0005327691324055195
NewBench,2025,0,/shared/home/sarim.hashmi/usenix/benchmark/newbench_norm/real/A_bunch_of_bicycles_parked_on_the_street_with_items_sitting_around_them_.png,0.0002565261092968285
NewBench,2025,0,/shared/home/sarim.hashmi/usenix/benchmark/newbench_norm/real/A_bunch_of_giraffes_that_are_standing_in_the_dirt..png,0.00013467815006151795
NewBench,2025,0,/shared/home/sarim.hashmi/usenix/benchmark/newbench_norm/real/A_bunch_of_goats_are_eating_out_of_a_box.png,5.028321174904704e-05
NewBench,2025,0,/shared/home/sarim.hashmi/usenix/benchmark/newbench_norm/real/A_bunch_of_sheep_smile_are_they_walk_by..png,0.02312721312046051
NewBench,2025,0,/shared/home/sarim.hashmi/usenix/benchmark/newbench_norm/real/A_bunk_bed_sits_next_to_an_open_window._.png,5.445570423034951e-05
NewBench,2025,0,/shared/home/sarim.hashmi/usenix/benchmark/newbench_norm/real/A_bus_all_lite_up_inside_and_out_with_diffrent_colors_._.png,0.0001058630587067455
NewBench,2025,0,/shared/home/sarim.hashmi/usenix/benchmark/newbench_norm/real/A_bus_driving_down_a_city_street_during_the_day..png,6.0669797676382586e-05
NewBench,2025,0,/shared/home/sarim.hashmi/usenix/benchmark/newbench_norm/real/A_bus_is_parked_in_front_of_a_building..png,5.309441257850267e-05
NewBench,2025,0,/shared/home/sarim.hashmi/usenix/benchmark/newbench_norm/real/A_bus_is_parked_on_the_street_away_from_some_cars..png,5.4051019105827436e-05
NewBench,2025,0,/shared/home/sarim.hashmi/usenix/benchmark/newbench_norm/real/A_bus_on_a_divided_street_near_a_stop_light..png,0.00011221088061574847
NewBench,2025,0,/shared/home/sarim.hashmi/usenix/benchmark/newbench_norm/real/A_bus_pulled_up_to_the_curb_along_a_road..png,9.28553199628368e-05
NewBench,2025,0,/shared/home/sarim.hashmi/usenix/benchmark/newbench_norm/real/A_bus_stop_next_to_a_curvy_road_surrounded_by_traffic_lights..png,4.709754648501985e-05
NewBench,2025,0,/shared/home/sarim.hashmi/usenix/benchmark/newbench_norm/real/A_bus_stop_sign_on_a_city_street..png,4.582976544043049e-05
NewBench,2025,0,/shared/home/sarim.hashmi/usenix/benchmark/newbench_norm/real/A_bus_stops_next_to_a_street_sign..png,0.00020009033323731273
NewBench,2025,0,/shared/home/sarim.hashmi/usenix/benchmark/newbench_norm/real/A_bus_traveling_down_a_road_next_to_a_bus_stop..png,6.133587885415182e-05
NewBench,2025,0,/shared/home/sarim.hashmi/usenix/benchmark/newbench_norm/real/A_bus_travels_on_a_road_near_buildings_and_parked_vehicles.png,4.654150325222872e-05
NewBench,2025,0,/shared/home/sarim.hashmi/usenix/benchmark/newbench_norm/real/A_bus_window_with_finger_writing_on_it..png,5.984545350656845e-05
NewBench,2025,0,/shared/home/sarim.hashmi/usenix/benchmark/newbench_norm/real/A_bus_with_a_mural_on_the_side_and_front..png,0.0002299020125064999
NewBench,2025,0,/shared/home/sarim.hashmi/usenix/benchmark/newbench_norm/real/A_busy_city_street_filled_with_people_walling_and_street_signs..png,6.390716589521617e-05
NewBench,2025,0,/shared/home/sarim.hashmi/usenix/benchmark/newbench_norm/real/A_busy_city_street_with_dimly_lit_trees_at_night..png,6.04410633968655e-05
NewBench,2025,0,/shared/home/sarim.hashmi/usenix/benchmark/newbench_norm/real/A_cage_packed_full_of_yellow_parakeets._.png,0.9993422627449036
NewBench,2025,0,/shared/home/sarim.hashmi/usenix/benchmark/newbench_norm/real/A_cake_cover_is_made_to_look_like_a_wire_birdcage._.png,5.857036740053445e-05
NewBench,2025,0,/shared/home/sarim.hashmi/usenix/benchmark/newbench_norm/real/A_calico_cat_drinking_water_from_a_running_tap_in_a_bathroom..png,4.6545763325411826e-05
NewBench,2025,0,/shared/home/sarim.hashmi/usenix/benchmark/newbench_norm/real/A_car_is_parked_on_the_street_by_some_signs..png,5.6954875617520884e-05
NewBench,2025,0,/shared/home/sarim.hashmi/usenix/benchmark/newbench_norm/real/A_car_is_waiting_beside_people_standing_on_the_sidewalk..png,5.4682961490470916e-05
NewBench,2025,0,/shared/home/sarim.hashmi/usenix/benchmark/newbench_norm/real/A_cat_in_a_birthday_hat_is_lying_on_a_couch..png,4.740566873806529e-05
NewBench,2025,0,/shared/home/sarim.hashmi/usenix/benchmark/newbench_norm/real/A_cat_is_drinking_water_from_the_toilet_bowl.png,4.770056693814695e-05
NewBench,2025,0,/shared/home/sarim.hashmi/usenix/benchmark/newbench_norm/real/A_cat_laying_next_to_a_stainless_steel_bowl..png,4.938151687383652e-05
NewBench,2025,0,/shared/home/sarim.hashmi/usenix/benchmark/newbench_norm/real/A_cat_laying_on_a_cushion_on_top_of_a_table..png,0.004088815301656723
NewBench,2025,0,/shared/home/sarim.hashmi/usenix/benchmark/newbench_norm/real/A_cat_looking_out_of_a_vehicle_window_during_rain..png,7.71156555856578e-05
NewBench,2025,0,/shared/home/sarim.hashmi/usenix/benchmark/newbench_norm/real/A_cat_lying_in_a_white_sink_in_the_bathroom._.png,0.00016787798085715622
NewBench,2025,0,/shared/home/sarim.hashmi/usenix/benchmark/newbench_norm/real/A_cat_sits_on_the_edge_of_a_bathroom_sink..png,0.00010091626609209925
NewBench,2025,0,/shared/home/sarim.hashmi/usenix/benchmark/newbench_norm/real/A_cat_sitting_on_top_of_a_green_car..png,4.835528307012282e-05
NewBench,2025,0,/shared/home/sarim.hashmi/usenix/benchmark/newbench_norm/real/A_cat_sitting_on_top_of_a_window_sill_over_a_sink..png,7.126526179490611e-05
NewBench,2025,0,/shared/home/sarim.hashmi/usenix/benchmark/newbench_norm/real/A_cat_sitting_outside_on_a_bench_on_a_sunny_day..png,0.00010704015585361049
NewBench,2025,0,/shared/home/sarim.hashmi/usenix/benchmark/newbench_norm/real/A_cat_sitting_outside_on_some_cobble_stone..png,5.289363252813928e-05
NewBench,2025,0,/shared/home/sarim.hashmi/usenix/benchmark/newbench_norm/real/A_cat_standing_on_top_of_a_toilet_seat_next_to_a_sink..png,7.047892722766846e-05
NewBench,2025,0,/shared/home/sarim.hashmi/usenix/benchmark/newbench_norm/real/A_cat_standing_on_top_of_a_wooden_bench..png,0.0001059903297573328
NewBench,2025,0,/shared/home/sarim.hashmi/usenix/benchmark/newbench_norm/real/A_center_island_in_a_kitchen_covered_in_a_fan..png,8.201656601158902e-05
NewBench,2025,0,/shared/home/sarim.hashmi/usenix/benchmark/newbench_norm/real/A_chair_and_a_table_in_a_small_room..png,6.925729394424707e-05
NewBench,2025,0,/shared/home/sarim.hashmi/usenix/benchmark/newbench_norm/real/A_cheesy_pastry_sitting_on_top_of_a_plate..png,5.6390068493783474e-05
NewBench,2025,0,/shared/home/sarim.hashmi/usenix/benchmark/newbench_norm/real/A_church_with_a_massively_tall_tower_covered_in_a_clock..png,6.116444274084643e-05
NewBench,2025,0,/shared/home/sarim.hashmi/usenix/benchmark/newbench_norm/real/A_city_street_filled_with_lots_of_traffic..png,0.0018724404508247972
NewBench,2025,0,/shared/home/sarim.hashmi/usenix/benchmark/newbench_norm/real/A_city_street_filled_with_traffic_and_parking_lights..png,5.1133545639459044e-05
NewBench,2025,0,/shared/home/sarim.hashmi/usenix/benchmark/newbench_norm/real/A_city_traffic_light_is_red_with_a_large_billow_of_smoke_in_the_background..png,4.8217782023129985e-05
NewBench,2025,0,/shared/home/sarim.hashmi/usenix/benchmark/newbench_norm/real/A_classic_car_waiting_at_a_3-way_stop_sign..png,0.00018363058916293085
NewBench,2025,0,/shared/home/sarim.hashmi/usenix/benchmark/newbench_norm/real/A_clock_mounted_on_a_wall_over_the_doorway_of_a_kitchen..png,0.00016214998322539032
NewBench,2025,0,/shared/home/sarim.hashmi/usenix/benchmark/newbench_norm/real/A_close-up_of_a_tropical_bird_with_a_mirror_behind_it..png,4.791242099599913e-05
NewBench,2025,0,/shared/home/sarim.hashmi/usenix/benchmark/newbench_norm/real/A_close-up_shot_of_a_metal_squat_toilet..png,5.0475580792408437e-05
NewBench,2025,0,/shared/home/sarim.hashmi/usenix/benchmark/newbench_norm/real/A_close-up_view_of_a_green_and_yellow_fire_hydrant..png,0.0002361885126447305
NewBench,2025,0,/shared/home/sarim.hashmi/usenix/benchmark/newbench_norm/real/A_close_up_of_a_peacock_who_is_behind_an_enclosure._.png,5.612252789433114e-05
NewBench,2025,0,/shared/home/sarim.hashmi/usenix/benchmark/newbench_norm/real/A_colorful_bus_is_parked_on_the_street..png,8.482082193950191e-05
NewBench,2025,0,/shared/home/sarim.hashmi/usenix/benchmark/newbench_norm/real/A_commercial_airplane_either_landing_or_preparing_for_take_off..png,7.723775343038142e-05
NewBench,2025,0,/shared/home/sarim.hashmi/usenix/benchmark/newbench_norm/real/A_corner_of_street_with_a_building_showing_a_bowling_pin..png,5.459021485876292e-05
NewBench,2025,0,/shared/home/sarim.hashmi/usenix/benchmark/newbench_norm/real/A_couch_on_the_side_of_the_street_with_a_television_on_it..png,0.012413562275469303
NewBench,2025,0,/shared/home/sarim.hashmi/usenix/benchmark/newbench_norm/real/A_couple_of_baby_sheep_standing_next_to_each_other..png,0.05364396050572395
NewBench,2025,0,/shared/home/sarim.hashmi/usenix/benchmark/newbench_norm/real/A_couple_of_bathrooms_one_with_a_standing_toilet_next_to_one_with_a_sitting_toilet..png,4.9361417040927336e-05
NewBench,2025,0,/shared/home/sarim.hashmi/usenix/benchmark/newbench_norm/real/A_couple_of_bicycles_sitting_in_a_large_garden..png,8.415422053076327e-05
NewBench,2025,0,/shared/home/sarim.hashmi/usenix/benchmark/newbench_norm/real/A_couple_of_birds_fly_through_a_blue_cloudy_sky..png,6.584190850844607e-05
NewBench,2025,0,/shared/home/sarim.hashmi/usenix/benchmark/newbench_norm/real/A_couple_of_birds_standing_on_top_of__a_wooden_bench..png,5.888724626856856e-05
NewBench,2025,0,/shared/home/sarim.hashmi/usenix/benchmark/newbench_norm/real/A_couple_of_captive_giraffes_look_around_the_ground_in_the_zoo._.png,0.00012286048149690032
NewBench,2025,0,/shared/home/sarim.hashmi/usenix/benchmark/newbench_norm/real/A_couple_of_giraffe_in_a_field_near_some_trees..png,4.8708960093790665e-05
NewBench,2025,0,/shared/home/sarim.hashmi/usenix/benchmark/newbench_norm/real/A_couple_of_giraffe_standing_next_to_a_doorway..png,0.00034054863499477506
NewBench,2025,0,/shared/home/sarim.hashmi/usenix/benchmark/newbench_norm/real/A_couple_of_giraffe_standing_next_to_each_other..png,5.980814603390172e-05
NewBench,2025,0,/shared/home/sarim.hashmi/usenix/benchmark/newbench_norm/real/A_couple_of_older_men_sitting_on_top_of_a_bench..png,5.544608211494051e-05
NewBench,2025,0,/shared/home/sarim.hashmi/usenix/benchmark/newbench_norm/real/A_couple_of_people_flying_kites_on_top_of_a_beach..png,4.917212208965793e-05
NewBench,2025,0,/shared/home/sarim.hashmi/usenix/benchmark/newbench_norm/real/A_couple_of_people_standing_in_a_field_flying_a_giant_kite..png,0.00012612892896868289
NewBench,2025,0,/shared/home/sarim.hashmi/usenix/benchmark/newbench_norm/real/A_couple_of_people_standing_next_to_a_food_cart_filled_with_smoke..png,7.901882781879976e-05
NewBench,2025,0,/shared/home/sarim.hashmi/usenix/benchmark/newbench_norm/real/A_couple_of_people_that_are_holding_an_umbrellas..png,9.093332482734695e-05
NewBench,2025,0,/shared/home/sarim.hashmi/usenix/benchmark/newbench_norm/real/A_couple_of_red_motorcycles_parked_in_front_of_a_building..png,5.819856232847087e-05
NewBench,2025,0,/shared/home/sarim.hashmi/usenix/benchmark/newbench_norm/real/A_couple_of_red_trains_parked_in_a_train_station..png,9.320839308202267e-05
NewBench,2025,0,/shared/home/sarim.hashmi/usenix/benchmark/newbench_norm/real/A_couple_of_wooden_benches_sitting_across_from_each_other..png,5.5445976613555104e-05
NewBench,2025,0,/shared/home/sarim.hashmi/usenix/benchmark/newbench_norm/real/A_couple_of_zebra_walking_next_to_a_giraffe_on_a_lush_green_field..png,9.346320439362898e-05
NewBench,2025,0,/shared/home/sarim.hashmi/usenix/benchmark/newbench_norm/real/A_crowded_city_street_filled_with_traffic_at_night..png,0.0001525139232398942
NewBench,2025,0,/shared/home/sarim.hashmi/usenix/benchmark/newbench_norm/real/A_crystal_bowl_filled_with_oranges_on_top_of_a_table..png,8.031844481592998e-05
NewBench,2025,0,/shared/home/sarim.hashmi/usenix/benchmark/newbench_norm/real/A_custom_cake_featuring_a_fisherman_for_a_man's_65th_birthday._.png,0.00011544555309228599
NewBench,2025,0,/shared/home/sarim.hashmi/usenix/benchmark/newbench_norm/real/A_desktop_computer_in_a_kitchen_with_a_lamp_next_to_it..png,0.00011721504415618256
NewBench,2025,0,/shared/home/sarim.hashmi/usenix/benchmark/newbench_norm/real/A_dinning_room_table_sitting_next_to_a_small_fireplace..png,0.0001621165865799412
NewBench,2025,0,/shared/home/sarim.hashmi/usenix/benchmark/newbench_norm/real/A_dirty_toilet_that_is_in_a_bathroom..png,5.279617107589729e-05
NewBench,2025,0,/shared/home/sarim.hashmi/usenix/benchmark/newbench_norm/real/A_distant_airplane_flying_between_two_large_buildings..png,5.08840566908475e-05
NewBench,2025,0,/shared/home/sarim.hashmi/usenix/benchmark/newbench_norm/real/A_distant_shot_with_people_approaching_the_bus._.png,0.0008871745085343719
NewBench,2025,0,/shared/home/sarim.hashmi/usenix/benchmark/newbench_norm/real/A_dog_and_a_goat_with_their_noses_touching_at_fence..png,0.0001138406660174951
NewBench,2025,0,/shared/home/sarim.hashmi/usenix/benchmark/newbench_norm/real/A_dog_is_posing_on_top_of_a_motorcycle._.png,7.42303891456686e-05
NewBench,2025,0,/shared/home/sarim.hashmi/usenix/benchmark/newbench_norm/real/A_dog_laying_on_the_dashboard_of_a_vehicle..png,9.061080345418304e-05
NewBench,2025,0,/shared/home/sarim.hashmi/usenix/benchmark/newbench_norm/real/A_dog_sitting_in_the_passenger_seat_of_a_car..png,5.7406312407692894e-05
NewBench,2025,0,/shared/home/sarim.hashmi/usenix/benchmark/newbench_norm/real/A_dog_wearing_a_Santa_Claus_hat._.png,6.677240889985114e-05
NewBench,2025,0,/shared/home/sarim.hashmi/usenix/benchmark/newbench_norm/real/A_donkey_leads_a_herd_of_sheep_down_a_busy_street..png,6.13919401075691e-05
NewBench,2025,0,"/shared/home/sarim.hashmi/usenix/benchmark/newbench_norm/real/A_doorway_view_with_a_toilet,_shower_and_a_sink..png",5.2718085498781875e-05
NewBench,2025,0,/shared/home/sarim.hashmi/usenix/benchmark/newbench_norm/real/A_double_decker_bus_driving_down_a_street..png,0.00017160296556539834
NewBench,2025,0,/shared/home/sarim.hashmi/usenix/benchmark/newbench_norm/real/A_double_decker_bus_driving_down_a_street_past_a_tall_building..png,6.779863178962842e-05
NewBench,2025,0,/shared/home/sarim.hashmi/usenix/benchmark/newbench_norm/real/A_duck_and_baby_ducks_are_in_the_blue_water..png,6.201990618137643e-05
NewBench,2025,0,/shared/home/sarim.hashmi/usenix/benchmark/newbench_norm/real/A_faded_red_fire_hydrant_sitting_on_the_side_of_a_street..png,4.853022619499825e-05
NewBench,2025,0,/shared/home/sarim.hashmi/usenix/benchmark/newbench_norm/real/A_family_of_giraffes_standing_next_to_a_pile_of_logs..png,0.0002254567516501993
NewBench,2025,0,/shared/home/sarim.hashmi/usenix/benchmark/newbench_norm/real/A_fancy_motorcycle_parked_on_a_red_carpet.png,5.607416824204847e-05
NewBench,2025,0,/shared/home/sarim.hashmi/usenix/benchmark/newbench_norm/real/A_field_full_of_lots_of_yellow_flowers_with_a_train_passing_it_by..png,0.00014157082478050143
NewBench,2025,0,/shared/home/sarim.hashmi/usenix/benchmark/newbench_norm/real/A_fire_burns_while_a_person_rides_a_green_motorcycle_and_several_motorcycles_are_flipping_in_the_air.png,6.935318378964439e-05
NewBench,2025,0,/shared/home/sarim.hashmi/usenix/benchmark/newbench_norm/real/A_fire_hydrant_covered_up_halfway_with_snow..png,5.367348785512149e-05
NewBench,2025,0,/shared/home/sarim.hashmi/usenix/benchmark/newbench_norm/real/A_fire_hydrant_in_the_grass_near_the_curb_with_the_remnants_of_melting_snow.png,5.914195935474709e-05
NewBench,2025,0,"/shared/home/sarim.hashmi/usenix/benchmark/newbench_norm/real/A_fire_hydrant_on_the_side_of_the_road,_it_looks_old..png",8.59877691254951e-05
NewBench,2025,0,/shared/home/sarim.hashmi/usenix/benchmark/newbench_norm/real/A_fire_hydrant_sitting_next_to_a_tree_in_a_forest..png,0.004121033940464258
NewBench,2025,0,/shared/home/sarim.hashmi/usenix/benchmark/newbench_norm/real/A_fire_hydrant_that_is_red_on_top_and_says_to_open..png,5.638044240185991e-05
NewBench,2025,0,/shared/home/sarim.hashmi/usenix/benchmark/newbench_norm/real/A_fire_hydrant_that_is_spewing_water_in_the_middle_of_a_city..png,0.000733768567442894
NewBench,2025,0,/shared/home/sarim.hashmi/usenix/benchmark/newbench_norm/real/A_flock_of_birds_are_flying_above_the_spire_of_a_building_tower..png,0.00027669896371662617
NewBench,2025,0,/shared/home/sarim.hashmi/usenix/benchmark/newbench_norm/real/A_flock_of_sheep_graze_on_a_hillside..png,7.836834993213415e-05
NewBench,2025,0,/shared/home/sarim.hashmi/usenix/benchmark/newbench_norm/real/A_flock_of_sheep_grazing_in_a_field_of_grass..png,0.0011595081305131316
NewBench,2025,0,/shared/home/sarim.hashmi/usenix/benchmark/newbench_norm/real/A_folk_of_birds_flying_over_a_military_ship..png,8.593064558226615e-05
NewBench,2025,0,/shared/home/sarim.hashmi/usenix/benchmark/newbench_norm/real/A_formation_of_birds_in_a_sky_at_sunset..png,9.062902972800657e-05
NewBench,2025,0,/shared/home/sarim.hashmi/usenix/benchmark/newbench_norm/real/A_four_engine_Air_Algerie_prop_plane_with_landing_gear_out.png,6.378399120876566e-05
NewBench,2025,0,/shared/home/sarim.hashmi/usenix/benchmark/newbench_norm/real/A_frozen_fire_hydrant_spewing_ice_out_into_a_street..png,6.113336712587625e-05
NewBench,2025,0,"/shared/home/sarim.hashmi/usenix/benchmark/newbench_norm/real/A_full_perspective_of_a_restroom_view_with_a_few_things._
.png",5.67853421671316e-05
NewBench,2025,0,/shared/home/sarim.hashmi/usenix/benchmark/newbench_norm/real/A_full_view_of_a_nice_and_comfortable_bed_with_pillows._.png,7.677014218643308e-05
NewBench,2025,0,/shared/home/sarim.hashmi/usenix/benchmark/newbench_norm/real/A_gang_of_bikers_riding_down_a_street_next_to_tall_buildings..png,0.00021940856822766364
NewBench,2025,0,/shared/home/sarim.hashmi/usenix/benchmark/newbench_norm/real/A_garden_is_surrounded_by_a_train_and_phone_booth._.png,0.4744175374507904
NewBench,2025,0,/shared/home/sarim.hashmi/usenix/benchmark/newbench_norm/real/A_giraffe_grazing_from_a_tree_with_rock_wall_in_background..png,0.00038235148531384766
NewBench,2025,0,/shared/home/sarim.hashmi/usenix/benchmark/newbench_norm/real/A_giraffe_in_a_grassy_field_near_a_hill..png,5.009411324863322e-05
NewBench,2025,0,/shared/home/sarim.hashmi/usenix/benchmark/newbench_norm/real/A_giraffe_laying_on_the_ground_near_a_fence..png,4.7063964302651584e-05
NewBench,2025,0,/shared/home/sarim.hashmi/usenix/benchmark/newbench_norm/real/A_giraffe_stand_in_front_of_large_rocks_and_looks_at_a_tree..png,0.00015602624625898898
NewBench,2025,0,/shared/home/sarim.hashmi/usenix/benchmark/newbench_norm/real/A_giraffe_standing_next_to_a_tall_tree..png,0.00029504374833777547
NewBench,2025,0,/shared/home/sarim.hashmi/usenix/benchmark/newbench_norm/real/A_giraffe_standing_on_a_dirt_road_next_to_plants..png,6.037084312993102e-05
NewBench,2025,0,/shared/home/sarim.hashmi/usenix/benchmark/newbench_norm/real/A_giraffe_standing_on_top_of_a_lush_green_field..png,0.10328405350446701
NewBench,2025,0,/shared/home/sarim.hashmi/usenix/benchmark/newbench_norm/real/A_giraffe_stands_with_several_birds_resting_on_it's_neck._.png,7.776639540679753e-05
NewBench,2025,0,/shared/home/sarim.hashmi/usenix/benchmark/newbench_norm/real/A_giraffe_walking_across_a_dirt_and_grass_field..png,0.0024139017332345247
NewBench,2025,0,/shared/home/sarim.hashmi/usenix/benchmark/newbench_norm/real/A_giraffe_walking_across_a_lush_green_field..png,4.761040327139199e-05
NewBench,2025,0,/shared/home/sarim.hashmi/usenix/benchmark/newbench_norm/real/A_giraffe_walking_in_a_field_with_gazelle's_looking_on._.png,5.4554257076233625e-05
NewBench,2025,0,/shared/home/sarim.hashmi/usenix/benchmark/newbench_norm/real/A_giraffe_walking_in_a_sandy_enclosure_.png,8.110843918984756e-05
NewBench,2025,0,/shared/home/sarim.hashmi/usenix/benchmark/newbench_norm/real/A_girl_holding_a_skewer_with_a_banana_on_the_end.__.png,8.354852616321295e-05
NewBench,2025,0,/shared/home/sarim.hashmi/usenix/benchmark/newbench_norm/real/A_girl_in_white_shirt_painting_a_black_umbrella..png,0.00019352052186150104
NewBench,2025,0,/shared/home/sarim.hashmi/usenix/benchmark/newbench_norm/real/A_girl_takes_a_picture_of_herself_in_the_mirror..png,5.4904347052797675e-05
NewBench,2025,0,/shared/home/sarim.hashmi/usenix/benchmark/newbench_norm/real/A_goat_standing_next_to_a_tree_in_the_open..png,0.15255685150623322
NewBench,2025,0,/shared/home/sarim.hashmi/usenix/benchmark/newbench_norm/real/A_goat_with_very_long_horns_standing_in_front_of_a_tree..png,0.025010721758008003
NewBench,2025,0,/shared/home/sarim.hashmi/usenix/benchmark/newbench_norm/real/A_gray_and_black_bird_sitting_next_to_the_ocean..png,7.005704537732527e-05
NewBench,2025,0,/shared/home/sarim.hashmi/usenix/benchmark/newbench_norm/real/A_gray_and_white_cat_sitting_in_blue_bowl..png,5.1382885430939496e-05
NewBench,2025,0,/shared/home/sarim.hashmi/usenix/benchmark/newbench_norm/real/A_gray_and_yellow_train_traveling_along_the_tracks.png,0.00013215068611316383
NewBench,2025,0,/shared/home/sarim.hashmi/usenix/benchmark/newbench_norm/real/A_gray_motorcycle_parked_in_a_parking_lot..png,8.771980355959386e-05
NewBench,2025,0,/shared/home/sarim.hashmi/usenix/benchmark/newbench_norm/real/A_green_and_blue_bus_stopped_to_discharge_passengers..png,5.367165067582391e-05
NewBench,2025,0,/shared/home/sarim.hashmi/usenix/benchmark/newbench_norm/real/A_green_and_white_bus_driving_down_a__city_street..png,5.275812145555392e-05
NewBench,2025,0,/shared/home/sarim.hashmi/usenix/benchmark/newbench_norm/real/A_green_mailbox_with_graffiti_on_the_side.png,6.382883293554187e-05
NewBench,2025,0,/shared/home/sarim.hashmi/usenix/benchmark/newbench_norm/real/A_green_mountain_bike_sitting_next_to_a_bridge_as_a_train_passes_by..png,0.00018448052287567407
NewBench,2025,0,/shared/home/sarim.hashmi/usenix/benchmark/newbench_norm/real/A_green_street_sign_sitting_below_a_large_tree..png,0.00010519928764551878
NewBench,2025,0,/shared/home/sarim.hashmi/usenix/benchmark/newbench_norm/real/A_green_train_traveling_down_train_tracks_next_to_another_train..png,6.283021502895281e-05
NewBench,2025,0,/shared/home/sarim.hashmi/usenix/benchmark/newbench_norm/real/A_green_truck_parked_in_the_middle_of_a_garage..png,0.00010076385660795495
NewBench,2025,0,/shared/home/sarim.hashmi/usenix/benchmark/newbench_norm/real/A_grey_and_white_cat_outside_looking_into_a_window..png,8.682276529725641e-05
NewBench,2025,0,/shared/home/sarim.hashmi/usenix/benchmark/newbench_norm/real/A_group_of_bikers_parked_in_the_middle_of_a_street..png,5.383439565775916e-05
NewBench,2025,0,/shared/home/sarim.hashmi/usenix/benchmark/newbench_norm/real/A_group_of_birds_eating_at_a_bird_feeder.png,6.969934474909678e-05
NewBench,2025,0,/shared/home/sarim.hashmi/usenix/benchmark/newbench_norm/real/A_group_of_elephants_are_standing_under_a_roof_cover..png,0.00029864272801205516
NewBench,2025,0,/shared/home/sarim.hashmi/usenix/benchmark/newbench_norm/real/A_group_of_giraffe_standing_next_to_each_other_on_a_field..png,0.00014150251809041947
NewBench,2025,0,/shared/home/sarim.hashmi/usenix/benchmark/newbench_norm/real/A_group_of_giraffe_standing_on_top_of_a_dirt_field..png,0.0002720983175095171
NewBench,2025,0,/shared/home/sarim.hashmi/usenix/benchmark/newbench_norm/real/A_group_of_giraffes_next_to_a_fence..png,8.351085853064433e-05
NewBench,2025,0,/shared/home/sarim.hashmi/usenix/benchmark/newbench_norm/real/A_group_of_knives_mounted_to_a_kitchen_wall..png,5.6890603445935994e-05
NewBench,2025,0,/shared/home/sarim.hashmi/usenix/benchmark/newbench_norm/real/A_group_of_men_standing_around_a_luggage_cart..png,0.00012079157022526488
NewBench,2025,0,/shared/home/sarim.hashmi/usenix/benchmark/newbench_norm/real/A_group_of_men_standing_in_front_of_a_bar_having_a_conversation..png,0.9938449859619141
NewBench,2025,0,/shared/home/sarim.hashmi/usenix/benchmark/newbench_norm/real/A_group_of_motorcycles_parked_in_front_of_a_building..png,7.628709863638505e-05
NewBench,2025,0,/shared/home/sarim.hashmi/usenix/benchmark/newbench_norm/real/A_group_of_people_are_playing_some_musical_instruments..png,5.647094076266512e-05
NewBench,2025,0,/shared/home/sarim.hashmi/usenix/benchmark/newbench_norm/real/A_group_of_people_eating_at_tables_under_umbrellas_in_front_of_a_restaurant..png,5.894376590731554e-05
NewBench,2025,0,/shared/home/sarim.hashmi/usenix/benchmark/newbench_norm/real/A_group_of_people_in_suits_standing_in_a_kitchen..png,0.00012393311772029847
NewBench,2025,0,/shared/home/sarim.hashmi/usenix/benchmark/newbench_norm/real/A_group_of_people_on_a_city_street..png,9.598875476513058e-05
NewBench,2025,0,/shared/home/sarim.hashmi/usenix/benchmark/newbench_norm/real/A_group_of_people_on_motorbikes_ride_on_a_path..png,0.0001125266426242888
NewBench,2025,0,/shared/home/sarim.hashmi/usenix/benchmark/newbench_norm/real/A_group_of_people_sitting_and_laying_next_to_each_other..png,9.63045094977133e-05
NewBench,2025,0,/shared/home/sarim.hashmi/usenix/benchmark/newbench_norm/real/A_group_of_people_sitting_on_motor_bikes_on_a_street..png,0.00021876519895158708
NewBench,2025,0,/shared/home/sarim.hashmi/usenix/benchmark/newbench_norm/real/A_group_of_people_sitting_on_strange_looking_benches._.png,8.587067713961005e-05
NewBench,2025,0,/shared/home/sarim.hashmi/usenix/benchmark/newbench_norm/real/A_group_of_people_standing_outside_of_a_small_airplane..png,8.137447002809495e-05
NewBench,2025,0,/shared/home/sarim.hashmi/usenix/benchmark/newbench_norm/real/A_group_of_police_officer_standing_in_front_of_a_red_bus..png,0.00012370571494102478
NewBench,2025,0,/shared/home/sarim.hashmi/usenix/benchmark/newbench_norm/real/A_group_of_sheep_being_herded_by_a_black_dog..png,0.08019225299358368
NewBench,2025,0,/shared/home/sarim.hashmi/usenix/benchmark/newbench_norm/real/A_group_of_sheep_is_standing_in_a_grassy_field..png,6.050293814041652e-05
NewBench,2025,0,/shared/home/sarim.hashmi/usenix/benchmark/newbench_norm/real/A_group_of_sheep_sitting_next_to_a_tree..png,0.965586245059967
NewBench,2025,0,/shared/home/sarim.hashmi/usenix/benchmark/newbench_norm/real/A_group_of_small_exotic_birds_standing_on_a_large_bamboo_stick..png,0.00011638552678050473
NewBench,2025,0,/shared/home/sarim.hashmi/usenix/benchmark/newbench_norm/real/A_group_of_three_women_sitting_at_a_table_sharing_a_cup_of_tea..png,9.110708197113127e-05
NewBench,2025,0,/shared/home/sarim.hashmi/usenix/benchmark/newbench_norm/real/A_group_of_women_standing_next_to_each_other_in_an_office..png,0.00010797447612276301
NewBench,2025,0,/shared/home/sarim.hashmi/usenix/benchmark/newbench_norm/real/A_guy_rides_a_bike_in_a_race_and_has_fun.png,0.0006477951537817717
NewBench,2025,0,/shared/home/sarim.hashmi/usenix/benchmark/newbench_norm/real/A_herd_of_animals_laying_down_in_a_lush_green_field..png,0.00014396071492228657
NewBench,2025,0,/shared/home/sarim.hashmi/usenix/benchmark/newbench_norm/real/A_herd_of_sheep_standing_on_a_grass_covered_hillside..png,0.0002684654318727553
NewBench,2025,0,/shared/home/sarim.hashmi/usenix/benchmark/newbench_norm/real/A_highway_scene_with_focus_on_an_exit_sign..png,5.7618952268967405e-05
NewBench,2025,0,/shared/home/sarim.hashmi/usenix/benchmark/newbench_norm/real/A_jet_is_flying_through_the_air_leaving_smoke_behind_it..png,0.00017214196850545704
NewBench,2025,0,"/shared/home/sarim.hashmi/usenix/benchmark/newbench_norm/real/A_kitchen_area_with_shelves,_counter_and_bar_stools..png",4.962567618349567e-05
NewBench,2025,0,/shared/home/sarim.hashmi/usenix/benchmark/newbench_norm/real/A_kitchen_filled_with_appliances_and_track_lighting..png,9.093834523810074e-05
NewBench,2025,0,/shared/home/sarim.hashmi/usenix/benchmark/newbench_norm/real/A_kitchen_filled_with_clutter_all_over_it's_counter..png,4.600671672960743e-05
NewBench,2025,0,/shared/home/sarim.hashmi/usenix/benchmark/newbench_norm/real/A_kitchen_filled_with_wooden_cabinets_and_a_table..png,8.957694080891088e-05
NewBench,2025,0,"/shared/home/sarim.hashmi/usenix/benchmark/newbench_norm/real/A_kitchen_is_displayed,_showing_wooden_cabinets_and_a_blue_tiled_counter_top..png",0.0014699740568175912
NewBench,2025,0,/shared/home/sarim.hashmi/usenix/benchmark/newbench_norm/real/A_kitchen_scene_with_focus_on_a_sink_and_oven..png,5.250145841273479e-05
NewBench,2025,0,/shared/home/sarim.hashmi/usenix/benchmark/newbench_norm/real/A_kitchen_that_has_a_sink_and_cabinets_in_it..png,4.988141154171899e-05
NewBench,2025,0,"/shared/home/sarim.hashmi/usenix/benchmark/newbench_norm/real/A_kitchen_that_has_different_types_of_pots,_and_pans_on_a_stove..png",7.613209163537249e-05
NewBench,2025,0,"/shared/home/sarim.hashmi/usenix/benchmark/newbench_norm/real/A_kitchen_that_includes_a_stove,_ovens_and_refrigerator..png",5.29203716723714e-05
NewBench,2025,0,/shared/home/sarim.hashmi/usenix/benchmark/newbench_norm/real/A_kitchen_that_is_ready_to_have_appliances_put_into_it..png,0.0001409723045071587
NewBench,2025,0,"/shared/home/sarim.hashmi/usenix/benchmark/newbench_norm/real/A_kitchen_with_a_refrigerator,_sink,_drawers_and_cabinets._.png",5.7280809414805844e-05
NewBench,2025,0,/shared/home/sarim.hashmi/usenix/benchmark/newbench_norm/real/A_kitchen_with_a_stove_and_a_microwave..png,6.93121983204037e-05
NewBench,2025,0,/shared/home/sarim.hashmi/usenix/benchmark/newbench_norm/real/A_kitchen_with_a_wooden_table__with_a_cat_sleeping_on_top_of_it..png,0.002867364790290594
NewBench,2025,0,"/shared/home/sarim.hashmi/usenix/benchmark/newbench_norm/real/A_kitchen_with_an_oven,_stove_,_sink,_microwave_and_refrigerator..png",0.0001814788265619427
NewBench,2025,0,/shared/home/sarim.hashmi/usenix/benchmark/newbench_norm/real/A_kitchen_with_granite_counter_tops_and_a_large_oven..png,0.000294935773126781
NewBench,2025,0,/shared/home/sarim.hashmi/usenix/benchmark/newbench_norm/real/A_kitchen_with_lots_of_black_counter_top_space..png,5.214798147790134e-05
NewBench,2025,0,/shared/home/sarim.hashmi/usenix/benchmark/newbench_norm/real/A_kitchen_with_lots_of_clutter_a_door_with_a_large_window..png,7.913653098512441e-05
NewBench,2025,0,/shared/home/sarim.hashmi/usenix/benchmark/newbench_norm/real/A_kitchen_with_wooden_cabinets_and_a_fridge.png,5.6258308177348226e-05
NewBench,2025,0,/shared/home/sarim.hashmi/usenix/benchmark/newbench_norm/real/A_kitchen_with_wooden_counter_tops_and_a_stove_top_oven..png,4.975053161615506e-05
NewBench,2025,0,/shared/home/sarim.hashmi/usenix/benchmark/newbench_norm/real/A_kitchen_with_wooden_walls_and_cabinets_with_lighting..png,0.00013666001905221492
NewBench,2025,0,/shared/home/sarim.hashmi/usenix/benchmark/newbench_norm/real/A_kitten_eating_food_out_of_a_dish_on_the_kitchen_floor..png,0.002024993998929858
NewBench,2025,0,/shared/home/sarim.hashmi/usenix/benchmark/newbench_norm/real/A_lady_in_bed_with_oxygen_tube_and_a_dog..png,0.00012104904453735799
NewBench,2025,0,/shared/home/sarim.hashmi/usenix/benchmark/newbench_norm/real/A_lady_with_a_flower_in_her_hair_taking_of_picture_of_herself_in_a_mirror..png,6.884233152959496e-05
NewBench,2025,0,/shared/home/sarim.hashmi/usenix/benchmark/newbench_norm/real/A_laptop_computer_on_a_table_in_the_passenger_cabin_of_an_airplane..png,0.00011180873843841255
NewBench,2025,0,/shared/home/sarim.hashmi/usenix/benchmark/newbench_norm/real/A_laptop_computer_sitting_on_top_of_a_computer_desk..png,3.985532384831458e-05
NewBench,2025,0,/shared/home/sarim.hashmi/usenix/benchmark/newbench_norm/real/A_large_air_plane_smoking_and_parked_in_the_snow_._.png,5.285390579956584e-05
NewBench,2025,0,/shared/home/sarim.hashmi/usenix/benchmark/newbench_norm/real/A_large_airplane_flies_overhead_through_the_sky..png,7.532258314313367e-05
NewBench,2025,0,/shared/home/sarim.hashmi/usenix/benchmark/newbench_norm/real/A_large_airplane_flying_over_a_lush_green_hillside..png,0.0008041943656280637
NewBench,2025,0,/shared/home/sarim.hashmi/usenix/benchmark/newbench_norm/real/A_large_bird_sitting_on_top_of_a_tree..png,0.0005403200048021972
NewBench,2025,0,/shared/home/sarim.hashmi/usenix/benchmark/newbench_norm/real/A_large_blue_train_on_a_steel_track..png,0.000116518116556108
NewBench,2025,0,/shared/home/sarim.hashmi/usenix/benchmark/newbench_norm/real/A_large_body_of_water_in_front_of_a_shoreline_with_a_long_train_bridge..png,5.936633897363208e-05
NewBench,2025,0,/shared/home/sarim.hashmi/usenix/benchmark/newbench_norm/real/A_large_collection_of_cooking_utensils_hanging_on_a_wall..png,5.136451363796368e-05
NewBench,2025,0,/shared/home/sarim.hashmi/usenix/benchmark/newbench_norm/real/A_large_exit_street_sign_laying_on_the_ground..png,5.451763718156144e-05
NewBench,2025,0,"/shared/home/sarim.hashmi/usenix/benchmark/newbench_norm/real/A_large_filled_with_lots_of_purple_flowers_behind_a_blue_sign
.png",0.00048817929928191006
NewBench,2025,0,/shared/home/sarim.hashmi/usenix/benchmark/newbench_norm/real/A_large_giraffe_standing_behind_a_wire_fence..png,0.0005238820449449122
NewBench,2025,0,/shared/home/sarim.hashmi/usenix/benchmark/newbench_norm/real/A_large_group_of_tall_giraffe_in_a_room..png,0.0001238321274286136
NewBench,2025,0,/shared/home/sarim.hashmi/usenix/benchmark/newbench_norm/real/A_large_jet_flying_through_a_cloudy_blue_sky..png,8.656400314066559e-05
NewBench,2025,0,/shared/home/sarim.hashmi/usenix/benchmark/newbench_norm/real/A_large_jet_sitting_on_top_of_an_airport_tarmac..png,7.814857963239774e-05
NewBench,2025,0,/shared/home/sarim.hashmi/usenix/benchmark/newbench_norm/real/A_large_jetliner_flying_over_a_tall_building_in_the_sky..png,8.083948341663927e-05
NewBench,2025,0,/shared/home/sarim.hashmi/usenix/benchmark/newbench_norm/real/A_large_jetliner_flying_through_a_cloudy_blue_sky..png,4.989701847080141e-05
NewBench,2025,0,/shared/home/sarim.hashmi/usenix/benchmark/newbench_norm/real/A_large_jetliner_sitting_on_top_of_an_airport_runway..png,7.68326863180846e-05
NewBench,2025,0,/shared/home/sarim.hashmi/usenix/benchmark/newbench_norm/real/A_large_jetliner_sitting_on_top_of_an_airport_tarmac..png,6.303281406871974e-05
NewBench,2025,0,/shared/home/sarim.hashmi/usenix/benchmark/newbench_norm/real/A_large_long_train_on_a_steel_track..png,7.965508120832965e-05
NewBench,2025,0,/shared/home/sarim.hashmi/usenix/benchmark/newbench_norm/real/A_large_modern_bathroom_features_an_oversize_tub_and_walk-in_shower..png,4.625725341611542e-05
NewBench,2025,0,/shared/home/sarim.hashmi/usenix/benchmark/newbench_norm/real/A_large_open_room_with_a_long_white_staircase..png,7.376896246569231e-05
NewBench,2025,0,/shared/home/sarim.hashmi/usenix/benchmark/newbench_norm/real/A_large_passenger_jet_flying_over_the_top_of_a_forest..png,8.245524077210575e-05
NewBench,2025,0,/shared/home/sarim.hashmi/usenix/benchmark/newbench_norm/real/A_large_white_airplane_with_blue_tail_parked..png,6.134681461844593e-05
NewBench,2025,0,/shared/home/sarim.hashmi/usenix/benchmark/newbench_norm/real/A_large_white_bush_driving_down_a_city_street..png,0.0006919782608747482
NewBench,2025,0,/shared/home/sarim.hashmi/usenix/benchmark/newbench_norm/real/A_large_white_castle_like_building_with_a_statue_in_front._.png,6.616738392040133e-05
NewBench,2025,0,/shared/home/sarim.hashmi/usenix/benchmark/newbench_norm/real/A_large_white_dog_statue_sitting_next_to_a_clock..png,7.106675184331834e-05
NewBench,2025,0,/shared/home/sarim.hashmi/usenix/benchmark/newbench_norm/real/A_larger_passenger_jet_flying_through_a_blue_sky..png,9.39128512982279e-05
NewBench,2025,0,"/shared/home/sarim.hashmi/usenix/benchmark/newbench_norm/real/A_left_turn_signal,_stoplight_and_street_sign_are_hanging_on_a_pole..png",8.341359352925792e-05
NewBench,2025,0,/shared/home/sarim.hashmi/usenix/benchmark/newbench_norm/real/A_little_boy_in_the_airport_watching_an_airplane..png,0.00021110453235451132
NewBench,2025,0,/shared/home/sarim.hashmi/usenix/benchmark/newbench_norm/real/A_little_boy_wearing_a_hat_and_leather_boots..png,0.00257673766463995
NewBench,2025,0,/shared/home/sarim.hashmi/usenix/benchmark/newbench_norm/real/A_little_girl_climbing_up_steps_to_touch_a_giraffe..png,0.00013845105422660708
NewBench,2025,0,"/shared/home/sarim.hashmi/usenix/benchmark/newbench_norm/real/A_little_girl_lies_on_a_wooden_bench,_eating_snacks_from_a_bag..png",0.00018466179608367383
NewBench,2025,0,/shared/home/sarim.hashmi/usenix/benchmark/newbench_norm/real/A_lone_woman_stands_at_an_empty_train_station..png,9.657654300099239e-05
NewBench,2025,0,/shared/home/sarim.hashmi/usenix/benchmark/newbench_norm/real/A_long_bench_sitting_next_to_a_large_fence..png,7.602109690196812e-05
NewBench,2025,0,/shared/home/sarim.hashmi/usenix/benchmark/newbench_norm/real/A_lot_of_birds_flying_around_on_a_beach..png,6.103882333263755e-05
NewBench,2025,0,/shared/home/sarim.hashmi/usenix/benchmark/newbench_norm/real/A_lot_of_thought_went_into_decorating_this_rustic_bathroom..png,5.745307862525806e-05
NewBench,2025,0,/shared/home/sarim.hashmi/usenix/benchmark/newbench_norm/real/A_man's_reflection_is_in_a_mirror_of_a_bathroom..png,7.88157049100846e-05
NewBench,2025,0,"/shared/home/sarim.hashmi/usenix/benchmark/newbench_norm/real/A_man,_woman_and_child_in_an_advertisement_vehicle_for_a_seafood_restaurant..png",8.712225098861381e-05
NewBench,2025,0,/shared/home/sarim.hashmi/usenix/benchmark/newbench_norm/real/A_man_admiring_a_dog_on_a_bench_made_of_books..png,9.715477062854916e-05
NewBench,2025,0,/shared/home/sarim.hashmi/usenix/benchmark/newbench_norm/real/A_man_and_two_women_are_standing_beside_an_airplane..png,8.394799806410447e-05
NewBench,2025,0,/shared/home/sarim.hashmi/usenix/benchmark/newbench_norm/real/A_man_and_two_women_walking_their_dogs_and_hiking_in_the_woods..png,0.00017736658628564328
NewBench,2025,0,/shared/home/sarim.hashmi/usenix/benchmark/newbench_norm/real/A_man_cycling_and_a_Stop_sign_at_the_front.png,6.64308390696533e-05
NewBench,2025,0,/shared/home/sarim.hashmi/usenix/benchmark/newbench_norm/real/A_man_drives_fast_in_a_motorcycle_with_kids_in_the_sidecar.png,6.958359153941274e-05
NewBench,2025,0,/shared/home/sarim.hashmi/usenix/benchmark/newbench_norm/real/A_man_fixing_a_traffic_light_while_on_a_cherry_picker..png,5.5380238336510956e-05
NewBench,2025,0,/shared/home/sarim.hashmi/usenix/benchmark/newbench_norm/real/A_man_flying_through_the_air_while_riding_a_snowboard..png,6.472594395745546e-05
NewBench,2025,0,/shared/home/sarim.hashmi/usenix/benchmark/newbench_norm/real/A_man_flying_through_the_air_while_riding_a_surfboard..png,0.00012975226854905486
NewBench,2025,0,/shared/home/sarim.hashmi/usenix/benchmark/newbench_norm/real/A_man_in_a_dress_riding_a_tiger_motorcycle..png,0.00012473315291572362
NewBench,2025,0,/shared/home/sarim.hashmi/usenix/benchmark/newbench_norm/real/A_man_in_a_gray_jacket_standing_in_a_kitchen_next_to_a_black_dog..png,6.385848246281967e-05
NewBench,2025,0,/shared/home/sarim.hashmi/usenix/benchmark/newbench_norm/real/A_man_in_a_wetsuit_is_holding_his_surfboard_on_the_pier._.png,0.00018154388817492872
NewBench,2025,0,/shared/home/sarim.hashmi/usenix/benchmark/newbench_norm/real/A_man_in_hipster_clothes_straddling_a_bicycle_on_the_sidewalk..png,0.0024312862660735846
NewBench,2025,0,/shared/home/sarim.hashmi/usenix/benchmark/newbench_norm/real/A_man_is_feeding_a_griaffe_off_of_the_stand.png,0.00011356137110851705
NewBench,2025,0,/shared/home/sarim.hashmi/usenix/benchmark/newbench_norm/real/A_man_is_sitting_in_a_beige_chair_in_a_living_room.png,4.9486032366985455e-05
NewBench,2025,0,/shared/home/sarim.hashmi/usenix/benchmark/newbench_norm/real/A_man_is_sitting_on_a_bench_reading_a_book..png,0.00013729635975323617
NewBench,2025,0,/shared/home/sarim.hashmi/usenix/benchmark/newbench_norm/real/A_man_laying_on_the_ground_in_front_of_a_motorcycle..png,0.01766274683177471
NewBench,2025,0,/shared/home/sarim.hashmi/usenix/benchmark/newbench_norm/real/A_man_on_a_motorcycle_with_a_group_of_people_standing_around_it..png,9.064303594641387e-05
NewBench,2025,0,/shared/home/sarim.hashmi/usenix/benchmark/newbench_norm/real/A_man_on_a_motorcycle_with_a_woman_on_back.png,0.0076344502158463
NewBench,2025,0,/shared/home/sarim.hashmi/usenix/benchmark/newbench_norm/real/A_man_on_a_skateboard_riding_on_a_street..png,0.0010788285871967673
NewBench,2025,0,/shared/home/sarim.hashmi/usenix/benchmark/newbench_norm/real/A_man_on_bicycle_carrying_bunches_of_bananas_through_street..png,9.802562271943316e-05
NewBench,2025,0,/shared/home/sarim.hashmi/usenix/benchmark/newbench_norm/real/A_man_preparing_food_in_a_restaurant_kitchen._.png,7.325546903302893e-05
NewBench,2025,0,/shared/home/sarim.hashmi/usenix/benchmark/newbench_norm/real/A_man_races_a_motorcycle_on_a_track..png,0.00010741417645476758
NewBench,2025,0,/shared/home/sarim.hashmi/usenix/benchmark/newbench_norm/real/A_man_riding_a_bike_down_a_dark_city_street..png,0.6700761318206787
NewBench,2025,0,/shared/home/sarim.hashmi/usenix/benchmark/newbench_norm/real/A_man_riding_a_bike_down_a_street..png,7.086036202963442e-05
NewBench,2025,0,/shared/home/sarim.hashmi/usenix/benchmark/newbench_norm/real/A_man_riding_a_bike_down_a_street_past_a_young_man..png,0.0008447534637525678
NewBench,2025,0,/shared/home/sarim.hashmi/usenix/benchmark/newbench_norm/real/A_man_riding_a_bike_on_a_dirt_path_through_a_forest..png,7.102922245394439e-05
NewBench,2025,0,/shared/home/sarim.hashmi/usenix/benchmark/newbench_norm/real/A_man_riding_a_motorcycle_across_a_sandy_beach..png,0.0006321064429357648
NewBench,2025,0,/shared/home/sarim.hashmi/usenix/benchmark/newbench_norm/real/A_man_riding_a_motorcycle_next_to_a_red_stop_sign..png,9.230530849890783e-05
NewBench,2025,0,/shared/home/sarim.hashmi/usenix/benchmark/newbench_norm/real/A_man_riding_a_motorcycle_with_a_helmet_on._.png,0.00047551310854032636
NewBench,2025,0,/shared/home/sarim.hashmi/usenix/benchmark/newbench_norm/real/A_man_riding_on_the_back_of_another_mans_bike_in_the_street.png,0.00012963180779479444
NewBench,2025,0,/shared/home/sarim.hashmi/usenix/benchmark/newbench_norm/real/A_man_sees_a_double_reflection_in_his_mirror..png,0.00012780206452589482
NewBench,2025,0,/shared/home/sarim.hashmi/usenix/benchmark/newbench_norm/real/A_man_sitting_at_a_park_working_on_a_laptop_computer..png,5.518591933650896e-05
NewBench,2025,0,/shared/home/sarim.hashmi/usenix/benchmark/newbench_norm/real/A_man_sitting_on_his_skateboard_in_a_field..png,0.00018946704221889377
NewBench,2025,0,/shared/home/sarim.hashmi/usenix/benchmark/newbench_norm/real/A_man_sleeping_on_a_navy_blue_pillow_with_a_TV_monitor_in_place_of_his_head._.png,0.0013567213900387287
NewBench,2025,0,/shared/home/sarim.hashmi/usenix/benchmark/newbench_norm/real/A_man_standing_in_front_of_a_mirror_above_a_counter..png,0.00010250628838548437
NewBench,2025,0,/shared/home/sarim.hashmi/usenix/benchmark/newbench_norm/real/A_man_standing_next_to_a_car_in_the_snow..png,8.169114880729467e-05
NewBench,2025,0,/shared/home/sarim.hashmi/usenix/benchmark/newbench_norm/real/A_man_standing_next_to_a_motorcycle_on_the_side_of_a_hill..png,0.00026536232326179743
NewBench,2025,0,/shared/home/sarim.hashmi/usenix/benchmark/newbench_norm/real/A_man_standing_next_to_a_parked_motorcycle..png,0.011516803875565529
NewBench,2025,0,/shared/home/sarim.hashmi/usenix/benchmark/newbench_norm/real/A_man_standing_next_to_a_woman_in_a_room..png,7.2377166361548e-05
NewBench,2025,0,/shared/home/sarim.hashmi/usenix/benchmark/newbench_norm/real/A_man_standing_outdoors_next_to_a_dirt_bike_and_ATV..png,7.09752639522776e-05
NewBench,2025,0,/shared/home/sarim.hashmi/usenix/benchmark/newbench_norm/real/A_man_standing_outside_of_a_building_next_to_bicycles..png,0.2551027238368988
NewBench,2025,0,/shared/home/sarim.hashmi/usenix/benchmark/newbench_norm/real/A_man_taking_a_picture_of_his_reflection_in_the_bathroom.png,6.146632949821651e-05
NewBench,2025,0,/shared/home/sarim.hashmi/usenix/benchmark/newbench_norm/real/A_man_that_has_a_happy_new__year_hat_on..png,0.0001172681586467661
NewBench,2025,0,/shared/home/sarim.hashmi/usenix/benchmark/newbench_norm/real/A_man_thinks_as_he_stands_in_front_of_a_sign..png,0.00024295379989780486
NewBench,2025,0,/shared/home/sarim.hashmi/usenix/benchmark/newbench_norm/real/A_man_walking_down_a_road_in_front_of_a_double_decker_bus..png,0.0018987726652994752
NewBench,2025,0,/shared/home/sarim.hashmi/usenix/benchmark/newbench_norm/real/A_man_walking_down_a_road_with_a_horse_and_carriage_coming_at_him..png,5.915199653827585e-05
NewBench,2025,0,/shared/home/sarim.hashmi/usenix/benchmark/newbench_norm/real/A_man_walking_towards_a_stop_sign_on_the_sidewalk..png,5.3020041377749294e-05
NewBench,2025,0,/shared/home/sarim.hashmi/usenix/benchmark/newbench_norm/real/A_man_walking_while_holding_an_umbrella_on_a_wet_sidewalk..png,6.332773773465306e-05
NewBench,2025,0,/shared/home/sarim.hashmi/usenix/benchmark/newbench_norm/real/A_man_walks_across_a_street_with_a_stop_sign_in_the_foreground..png,0.00010992687020916492
NewBench,2025,0,/shared/home/sarim.hashmi/usenix/benchmark/newbench_norm/real/A_man_watching_a_single_engine_plane_make_an_approach_to_land..png,7.70279802964069e-05
NewBench,2025,0,/shared/home/sarim.hashmi/usenix/benchmark/newbench_norm/real/A_man_wearing_a_glove_with_a_bird_on_top_of_it..png,0.0001495192846050486
NewBench,2025,0,/shared/home/sarim.hashmi/usenix/benchmark/newbench_norm/real/A_man_wearing_a_hat_riding_a_motorcycle..png,0.00014599824498873204
NewBench,2025,0,/shared/home/sarim.hashmi/usenix/benchmark/newbench_norm/real/A_man_wearing_jeans_sitting_on_a_parked_motorcycle..png,0.999815046787262
NewBench,2025,0,/shared/home/sarim.hashmi/usenix/benchmark/newbench_norm/real/A_man_with_camera_watching_a_group_of_giraffes.png,5.960857015452348e-05
NewBench,2025,0,/shared/home/sarim.hashmi/usenix/benchmark/newbench_norm/real/A_man_with_glasses_riding_in_a_car_with_an_adorable_dog_in_the_backseat..png,0.00010254568769596517
NewBench,2025,0,/shared/home/sarim.hashmi/usenix/benchmark/newbench_norm/real/A_marble_tiled_bathroom_with_double_sinks_and_wooden_cabinets.png,9.382173448102549e-05
NewBench,2025,0,/shared/home/sarim.hashmi/usenix/benchmark/newbench_norm/real/A_men's_public_washroom_with_a_blue_floor._.png,8.220573363360018e-05
NewBench,2025,0,/shared/home/sarim.hashmi/usenix/benchmark/newbench_norm/real/A_messy_desk_is_shown_with_a_laptop_computer..png,4.584751513903029e-05
NewBench,2025,0,/shared/home/sarim.hashmi/usenix/benchmark/newbench_norm/real/A_metal_pole_with_four_different_street_signs_hanging_on_it's_side..png,0.0017735300352796912
NewBench,2025,0,/shared/home/sarim.hashmi/usenix/benchmark/newbench_norm/real/A_metal_sink_and_a_row_of_white_urinals.png,7.034456939436495e-05
NewBench,2025,0,/shared/home/sarim.hashmi/usenix/benchmark/newbench_norm/real/A_military_air_craft_flies_in_the_sky_with_landing_gear_down._.png,0.05119072645902634
NewBench,2025,0,/shared/home/sarim.hashmi/usenix/benchmark/newbench_norm/real/A_miniature_train_in_a_park_full_of_people..png,0.00012358003004919738
NewBench,2025,0,/shared/home/sarim.hashmi/usenix/benchmark/newbench_norm/real/A_modern_bathroom_is_shown_with_a_square_sink..png,6.414735980797559e-05
NewBench,2025,0,/shared/home/sarim.hashmi/usenix/benchmark/newbench_norm/real/A_modern_jet_airplane_coming_in_to_park_at_the_gate_of_an_airport.png,0.00020147291070315987
NewBench,2025,0,/shared/home/sarim.hashmi/usenix/benchmark/newbench_norm/real/A_modified_motorcycle_parked_with_other_motorcycles_on_the_pavement..png,0.003986399155110121
NewBench,2025,0,/shared/home/sarim.hashmi/usenix/benchmark/newbench_norm/real/A_monitor_showing_a_film_on_an_airplane..png,8.797647024039179e-05
NewBench,2025,0,/shared/home/sarim.hashmi/usenix/benchmark/newbench_norm/real/A_mother_bird_and_her_offspring_walk_in_a_meadow..png,0.0002831780875567347
NewBench,2025,0,/shared/home/sarim.hashmi/usenix/benchmark/newbench_norm/real/A_motorcycle_carrying_a_bicycle_is_parked_in_the_gravel._.png,0.0001874276640592143
NewBench,2025,0,/shared/home/sarim.hashmi/usenix/benchmark/newbench_norm/real/A_motorcycle_is_in_a_parking_lot_with_a_helmet_on_top..png,5.618485374725424e-05
NewBench,2025,0,/shared/home/sarim.hashmi/usenix/benchmark/newbench_norm/real/A_motorcycle_is_parked_in_the_gravel_alongside_a_street..png,0.9938958287239075
NewBench,2025,0,/shared/home/sarim.hashmi/usenix/benchmark/newbench_norm/real/A_motorcycle_parked_behind_a_truck_on_a_green_field..png,0.019215047359466553
NewBench,2025,0,/shared/home/sarim.hashmi/usenix/benchmark/newbench_norm/real/A_motorcycle_parked_next_to_a_few_bicycles..png,0.04339000955224037
NewBench,2025,0,/shared/home/sarim.hashmi/usenix/benchmark/newbench_norm/real/A_motorcycle_parked_next_to_each_other_near_people...png,6.631532596657053e-05
NewBench,2025,0,/shared/home/sarim.hashmi/usenix/benchmark/newbench_norm/real/A_motorcycle_parked_on_top_of_a_tiled_floor..png,9.66496008913964e-05
NewBench,2025,0,/shared/home/sarim.hashmi/usenix/benchmark/newbench_norm/real/A_motorcycle_sits_parked_across_from_a_herd_of_livestock..png,5.224404958426021e-05
NewBench,2025,0,/shared/home/sarim.hashmi/usenix/benchmark/newbench_norm/real/A_nice_spacious_bathroom_with_light_brown_tile..png,0.00025000242749229074
NewBench,2025,0,/shared/home/sarim.hashmi/usenix/benchmark/newbench_norm/real/A_no_left_turn_sign_hanging_from_the_side_of_a_wooden_pole..png,8.712690032552928e-05
NewBench,2025,0,/shared/home/sarim.hashmi/usenix/benchmark/newbench_norm/real/A_pair_of_remote_controlled_planes_flying_through_the_air..png,8.446568244835362e-05
NewBench,2025,0,/shared/home/sarim.hashmi/usenix/benchmark/newbench_norm/real/A_pair_of_sheep_looking_eagerly_at_something_through_a_fence..png,0.0020498100202530622
NewBench,2025,0,/shared/home/sarim.hashmi/usenix/benchmark/newbench_norm/real/A_pair_of_sneakers_hang_in_the_background_at_this_street_corner..png,7.00992823112756e-05
NewBench,2025,0,/shared/home/sarim.hashmi/usenix/benchmark/newbench_norm/real/A_pan_filled_with_veggies_and_a_block_of_butter..png,6.036636114004068e-05
NewBench,2025,0,/shared/home/sarim.hashmi/usenix/benchmark/newbench_norm/real/A_parked_motorcycle_sitting_next_to_a_white_brick_wall..png,0.00039019822725094855
NewBench,2025,0,/shared/home/sarim.hashmi/usenix/benchmark/newbench_norm/real/A_parking_lot_filled_with_large_passenger_buses..png,5.760675048804842e-05
NewBench,2025,0,/shared/home/sarim.hashmi/usenix/benchmark/newbench_norm/real/A_parking_meter_lies_askew_on_a_street..png,6.052810203982517e-05
NewBench,2025,0,/shared/home/sarim.hashmi/usenix/benchmark/newbench_norm/real/A_parking_sign_is_displaying_spaces_available_on_a_city_street.png,7.0380607212428e-05
NewBench,2025,0,/shared/home/sarim.hashmi/usenix/benchmark/newbench_norm/real/A_passenger_jet_aircraft_flying_in_the_sky..png,7.128137076506391e-05
NewBench,2025,0,/shared/home/sarim.hashmi/usenix/benchmark/newbench_norm/real/A_passenger_jet_that_is_pulled_in_next_to_the_terminal..png,6.339922401821241e-05
NewBench,2025,0,/shared/home/sarim.hashmi/usenix/benchmark/newbench_norm/real/A_passenger_plane_that_is_parked_on_the_runway..png,0.0001938681089086458
NewBench,2025,0,/shared/home/sarim.hashmi/usenix/benchmark/newbench_norm/real/A_patch_of_grass_with_lots_of_bikes_parked_on_it..png,5.5050306400517e-05
NewBench,2025,0,/shared/home/sarim.hashmi/usenix/benchmark/newbench_norm/real/A_person_drives_a_bus_on_a_busy_road._.png,8.423024701187387e-05
NewBench,2025,0,/shared/home/sarim.hashmi/usenix/benchmark/newbench_norm/real/A_person_driving_a_car_towards_an_overpass..png,5.0140090024797246e-05
NewBench,2025,0,/shared/home/sarim.hashmi/usenix/benchmark/newbench_norm/real/A_person_feeding_a_giraffe_while_wearing_a_hat..png,7.652207568753511e-05
NewBench,2025,0,/shared/home/sarim.hashmi/usenix/benchmark/newbench_norm/real/A_person_holding_a_black_cat_next_to_their_face..png,7.627037848578766e-05
NewBench,2025,0,/shared/home/sarim.hashmi/usenix/benchmark/newbench_norm/real/A_person_holding_up_a_piece_of_banana_to_the_camera..png,9.217758633894846e-05
NewBench,2025,0,/shared/home/sarim.hashmi/usenix/benchmark/newbench_norm/real/A_person_is_driving_a_speedboat_quickly_through_the_water..png,6.856297113699839e-05
NewBench,2025,0,/shared/home/sarim.hashmi/usenix/benchmark/newbench_norm/real/A_person_is_on_a_bench_near_a_grassy_field..png,0.00020599541312549263
NewBench,2025,0,/shared/home/sarim.hashmi/usenix/benchmark/newbench_norm/real/A_person_laying_on_an_inflatable_mattress_with_two_sleeping_bags..png,0.00023681535094510764
NewBench,2025,0,/shared/home/sarim.hashmi/usenix/benchmark/newbench_norm/real/A_person_leading_a_herd_of_sheep_with_a_dog..png,0.10121532529592514
NewBench,2025,0,/shared/home/sarim.hashmi/usenix/benchmark/newbench_norm/real/A_person_on_a_street_next_to_a_motor_bike..png,0.0018733087927103043
NewBench,2025,0,/shared/home/sarim.hashmi/usenix/benchmark/newbench_norm/real/A_person_riding_a_speed_motorcycle_on_a_track..png,0.00015941499441396445
NewBench,2025,0,/shared/home/sarim.hashmi/usenix/benchmark/newbench_norm/real/A_person_sitting_on_top_of_a_bench_with_their_arms_spread_out..png,0.13600631058216095
NewBench,2025,0,/shared/home/sarim.hashmi/usenix/benchmark/newbench_norm/real/A_person_standing_next_to_a_couple_of_motor_bikes..png,0.0035399561747908592
NewBench,2025,0,/shared/home/sarim.hashmi/usenix/benchmark/newbench_norm/real/A_person_walking_in_the_rain_on_the_sidewalk._.png,0.00011375451140338555
NewBench,2025,0,/shared/home/sarim.hashmi/usenix/benchmark/newbench_norm/real/A_person_with_an_umbrella_is_standing_by_a_fountain..png,0.0015641467180103064
NewBench,2025,0,/shared/home/sarim.hashmi/usenix/benchmark/newbench_norm/real/A_photo_of_a_restroom_containing_two_toilets..png,7.884577644290403e-05
NewBench,2025,0,/shared/home/sarim.hashmi/usenix/benchmark/newbench_norm/real/A_picture_of_a_group_of_fighter_jets_flying_together..png,7.41772455512546e-05
NewBench,2025,0,/shared/home/sarim.hashmi/usenix/benchmark/newbench_norm/real/A_picture_of_a_stone_bench_in_a_park..png,5.230446549830958e-05
NewBench,2025,0,/shared/home/sarim.hashmi/usenix/benchmark/newbench_norm/real/A_picture_of_a_train_coming_out_of_a_house..png,0.21734105050563812
NewBench,2025,0,/shared/home/sarim.hashmi/usenix/benchmark/newbench_norm/real/A_picture_of_a_wooden_container_with_crosses_on_it..png,5.278389289742336e-05
NewBench,2025,0,/shared/home/sarim.hashmi/usenix/benchmark/newbench_norm/real/A_picture_of_large_glass_door_trimmed_in_white_and_a_large_beige_structure_beside_it..png,0.000190347243915312
NewBench,2025,0,/shared/home/sarim.hashmi/usenix/benchmark/newbench_norm/real/A_picture_taken_from_the_driver_seat_of_car_at_a_stop_sign..png,5.7977711549028754e-05
NewBench,2025,0,/shared/home/sarim.hashmi/usenix/benchmark/newbench_norm/real/A_pigeon_perched_on_a_ledge_with_a_street_behind_it..png,6.43275780021213e-05
NewBench,2025,0,/shared/home/sarim.hashmi/usenix/benchmark/newbench_norm/real/A_pile_of_toilet_paper_sitting_on_top_of_a_toilet..png,0.0005574848619289696
NewBench,2025,0,/shared/home/sarim.hashmi/usenix/benchmark/newbench_norm/real/A_pirstine_white_and_black_bathroom_with_a_tub_by_a_window.png,0.00011449745943536982
NewBench,2025,0,/shared/home/sarim.hashmi/usenix/benchmark/newbench_norm/real/A_plane_is_parked_near_the_pretty_blue_ocean._.png,6.18495760136284e-05
NewBench,2025,0,/shared/home/sarim.hashmi/usenix/benchmark/newbench_norm/real/A_police_man_on_a_motorcycle_drives_down_the_road..png,6.261680391617119e-05
NewBench,2025,0,/shared/home/sarim.hashmi/usenix/benchmark/newbench_norm/real/A_police_officer_directing_traffic_in_front_of_a_yellow_double_deck_bus..png,0.00010641719563864172
NewBench,2025,0,/shared/home/sarim.hashmi/usenix/benchmark/newbench_norm/real/A_pretty_bird_is_sitting_on_a_tree_branch..png,6.669972935924307e-05
NewBench,2025,0,/shared/home/sarim.hashmi/usenix/benchmark/newbench_norm/real/A_professional_motorcycle_driver_riding_his_bike_on_the_track..png,0.00034993799636140466
NewBench,2025,0,"/shared/home/sarim.hashmi/usenix/benchmark/newbench_norm/real/A_rear_view_mirror_on_a_bike_is_reflecting_a_poster_on_building.
.png",5.540327401831746e-05
NewBench,2025,0,"/shared/home/sarim.hashmi/usenix/benchmark/newbench_norm/real/A_red,_white_and_blue_train_next_to_satellites..png",5.447668445413001e-05
NewBench,2025,0,/shared/home/sarim.hashmi/usenix/benchmark/newbench_norm/real/A_red_all_terrain_vehicle_next_to_a_man_with_a_green_dirt_bike..png,0.009356765076518059
NewBench,2025,0,/shared/home/sarim.hashmi/usenix/benchmark/newbench_norm/real/A_red_and_black_motorcycle_parked_near_another_bike..png,6.02169893682003e-05
NewBench,2025,0,/shared/home/sarim.hashmi/usenix/benchmark/newbench_norm/real/A_red_and_white_fire_hydrant_is_on_the_lawn..png,0.00012635512393899262
NewBench,2025,0,/shared/home/sarim.hashmi/usenix/benchmark/newbench_norm/real/A_red_and_white_fire_hydrant_on_a_sidewalk_at_the_park..png,8.807636186247692e-05
NewBench,2025,0,"/shared/home/sarim.hashmi/usenix/benchmark/newbench_norm/real/A_red_and_yellow_bus_sits_on_the_back_of_a_flatbed_truck,_driving_down_the_highway..png",4.874604564975016e-05
NewBench,2025,0,/shared/home/sarim.hashmi/usenix/benchmark/newbench_norm/real/A_red_fire_hydrant_between_two_trees_in_front_of_a_building..png,0.0001548828004160896
NewBench,2025,0,/shared/home/sarim.hashmi/usenix/benchmark/newbench_norm/real/A_red_fire_hydrant_on_the_side_of_a_street..png,0.00025854940759018064
NewBench,2025,0,/shared/home/sarim.hashmi/usenix/benchmark/newbench_norm/real/A_red_fire_hydrant_with_a_green_cap_with_a_bird_on_top_of_it..png,0.00011198160791536793
NewBench,2025,0,/shared/home/sarim.hashmi/usenix/benchmark/newbench_norm/real/A_red_motorcycle_is_parked_in_between_white_lines..png,6.739959644619375e-05
NewBench,2025,0,/shared/home/sarim.hashmi/usenix/benchmark/newbench_norm/real/A_red_motorcycle_riding_down_one_side_of_the_street_and_a_cow_walking_down_the_other_side_of_the_str.png,7.85601296229288e-05
NewBench,2025,0,/shared/home/sarim.hashmi/usenix/benchmark/newbench_norm/real/A_red_small_engine_plane_in_motion_on_a_field..png,9.022815356729552e-05
NewBench,2025,0,/shared/home/sarim.hashmi/usenix/benchmark/newbench_norm/real/A_red_stop_sign_mounted_to_the_top_of_a_metal_pole..png,0.0002551515935920179
NewBench,2025,0,/shared/home/sarim.hashmi/usenix/benchmark/newbench_norm/real/A_red_stop_sign_on_a_gate_next_to_a_grass_covered_field..png,0.00015210566925816238
NewBench,2025,0,/shared/home/sarim.hashmi/usenix/benchmark/newbench_norm/real/A_red_stop_sign_on_the_side_of_a_brick_road..png,5.897063601878472e-05
NewBench,2025,0,/shared/home/sarim.hashmi/usenix/benchmark/newbench_norm/real/A_red_stop_sign_sitting_on_the_side_of_a_pole..png,8.83809188962914e-05
NewBench,2025,0,/shared/home/sarim.hashmi/usenix/benchmark/newbench_norm/real/A_red_stop_sign_sitting_on_the_side_of_a_road..png,5.551041613216512e-05
NewBench,2025,0,/shared/home/sarim.hashmi/usenix/benchmark/newbench_norm/real/A_red_stop_sign_with_a_sticker_of_a_man_holding_up_a_sword..png,7.355261186603457e-05
NewBench,2025,0,/shared/home/sarim.hashmi/usenix/benchmark/newbench_norm/real/A_red_traffic_with_a_mirror_hanging_off_the_side_of_it..png,4.79473419545684e-05
NewBench,2025,0,/shared/home/sarim.hashmi/usenix/benchmark/newbench_norm/real/A_red_train_driving_on_a_train_train_track_next_to_an_elevated_stone_sidewalk..png,0.00019664560386445373
NewBench,2025,0,/shared/home/sarim.hashmi/usenix/benchmark/newbench_norm/real/A_red_train_traveling_under_a_bridge_on_train_tracks..png,0.014390841126441956
NewBench,2025,0,/shared/home/sarim.hashmi/usenix/benchmark/newbench_norm/real/A_red_trolly_bus_driving_down_a_dirt_road..png,0.00016472535207867622
NewBench,2025,0,/shared/home/sarim.hashmi/usenix/benchmark/newbench_norm/real/A_road_sign_on_the_side_of_a_road..png,6.523555202875286e-05
NewBench,2025,0,/shared/home/sarim.hashmi/usenix/benchmark/newbench_norm/real/A_room_with_white_walls_and_bright_lights..png,4.897594772046432e-05
NewBench,2025,0,/shared/home/sarim.hashmi/usenix/benchmark/newbench_norm/real/A_row_of_birds_are_flying_against_a_blue_sky..png,8.473497291561216e-05
NewBench,2025,0,/shared/home/sarim.hashmi/usenix/benchmark/newbench_norm/real/A_row_of_motorcycles_sitting_on_top_of_a_parking_lot..png,0.00020875049813184887
NewBench,2025,0,/shared/home/sarim.hashmi/usenix/benchmark/newbench_norm/real/A_row_of_red_and_white_umbrellas_stand_above_tables_in_an_outdoor_eating_area..png,0.9027218818664551
NewBench,2025,0,/shared/home/sarim.hashmi/usenix/benchmark/newbench_norm/real/A_row_of_wall_mounted_urinals_under_aquariums..png,0.00021128174557816237
NewBench,2025,0,/shared/home/sarim.hashmi/usenix/benchmark/newbench_norm/real/A_rusty_side_car_of_a_train_that_has_been_vandalized_with_artwork..png,6.128798850113526e-05
NewBench,2025,0,/shared/home/sarim.hashmi/usenix/benchmark/newbench_norm/real/A_scooter_is_parked_on_the_street_in_front_of_a_car._.png,5.864034028491005e-05
NewBench,2025,0,/shared/home/sarim.hashmi/usenix/benchmark/newbench_norm/real/A_set_of_three_wall_mounted_urinals_with_pictures_of_men_on_top_of_them..png,0.0013067550025880337
NewBench,2025,0,/shared/home/sarim.hashmi/usenix/benchmark/newbench_norm/real/A_shelf_of_various_cups_and_glasses_mounted_to_the_wall..png,0.0002456651418469846
NewBench,2025,0,/shared/home/sarim.hashmi/usenix/benchmark/newbench_norm/real/A_shower_and_a_white_toilet_in_a_small_bathroom..png,5.689017052645795e-05
NewBench,2025,0,/shared/home/sarim.hashmi/usenix/benchmark/newbench_norm/real/A_sidewalk_sitting_along_side_of_a_building_at_night..png,8.340222120750695e-05
NewBench,2025,0,/shared/home/sarim.hashmi/usenix/benchmark/newbench_norm/real/A_sidewalk_sitting_along_side_of_a_street_under_a_billboard..png,5.070710176369175e-05
NewBench,2025,0,/shared/home/sarim.hashmi/usenix/benchmark/newbench_norm/real/A_sign_near_a_wooden_fence_and_a_tree..png,0.024287117645144463
NewBench,2025,0,/shared/home/sarim.hashmi/usenix/benchmark/newbench_norm/real/A_sign_on_top_of_a_restaurant_next_to_a_traffic_light..png,5.582702942774631e-05
NewBench,2025,0,/shared/home/sarim.hashmi/usenix/benchmark/newbench_norm/real/A_sign_says_fashion_district_near_some_buildings..png,6.975905125727877e-05
NewBench,2025,0,/shared/home/sarim.hashmi/usenix/benchmark/newbench_norm/real/A_sign_warning_drivers_that_there_are_children_at_play..png,0.0002851835743058473
NewBench,2025,0,/shared/home/sarim.hashmi/usenix/benchmark/newbench_norm/real/A_silver_and_red_bus_in_parking_lot_next_to_cars..png,6.992215639911592e-05
NewBench,2025,0,/shared/home/sarim.hashmi/usenix/benchmark/newbench_norm/real/A_silver_train_passing_under_high_beams_and_trees..png,0.20819690823554993
NewBench,2025,0,/shared/home/sarim.hashmi/usenix/benchmark/newbench_norm/real/A_silver_train_that_is_sitting_on_a_track..png,8.279885514639318e-05
NewBench,2025,0,/shared/home/sarim.hashmi/usenix/benchmark/newbench_norm/real/A_simple_bathroom_has_various_classic_decorations_around_it..png,4.54638538940344e-05
NewBench,2025,0,/shared/home/sarim.hashmi/usenix/benchmark/newbench_norm/real/A_simple_white_residential_kitchen_with_breakfast_bar.png,5.150754805072211e-05
NewBench,2025,0,/shared/home/sarim.hashmi/usenix/benchmark/newbench_norm/real/A_simple_wooden_bench_is_in_the_woods..png,0.9994925260543823
NewBench,2025,0,/shared/home/sarim.hashmi/usenix/benchmark/newbench_norm/real/A_skier_in_the_midst_of_a_jump.png,0.0001501343067502603
NewBench,2025,0,/shared/home/sarim.hashmi/usenix/benchmark/newbench_norm/real/A_small_bathroom_with_a_shower_curtain_and_toilet.png,9.89994005067274e-05
NewBench,2025,0,/shared/home/sarim.hashmi/usenix/benchmark/newbench_norm/real/A_small_bird_is_perched_on_an_empty_bird_feeder..png,8.554334635846317e-05
NewBench,2025,0,/shared/home/sarim.hashmi/usenix/benchmark/newbench_norm/real/A_small_bird_perched_on_some_metal_bar_.png,0.0005582543089985847
NewBench,2025,0,/shared/home/sarim.hashmi/usenix/benchmark/newbench_norm/real/A_small_bird_sitting_on_a_beach_next_to_the_ocean..png,0.3400551974773407
NewBench,2025,0,/shared/home/sarim.hashmi/usenix/benchmark/newbench_norm/real/A_small_bird_sitting_on_the_handle_of_a_car_door..png,5.8691526646725833e-05
NewBench,2025,0,/shared/home/sarim.hashmi/usenix/benchmark/newbench_norm/real/A_small_bird_sitting_on_top_of_a_plastic_cup_of_water..png,6.088906229706481e-05
NewBench,2025,0,/shared/home/sarim.hashmi/usenix/benchmark/newbench_norm/real/A_small_black_dog_sitting_in_front_of_a_TV..png,0.00013222706911619753
NewBench,2025,0,/shared/home/sarim.hashmi/usenix/benchmark/newbench_norm/real/A_small_blue_car_on_a_city_road..png,0.00021705421386286616
NewBench,2025,0,/shared/home/sarim.hashmi/usenix/benchmark/newbench_norm/real/A_small_calf_is_in_a_pen_with_bails_of_hay..png,7.715537503827363e-05
NewBench,2025,0,/shared/home/sarim.hashmi/usenix/benchmark/newbench_norm/real/A_small_car_is_parked_in_front_of_a_scooter.png,5.6877153838286176e-05
NewBench,2025,0,/shared/home/sarim.hashmi/usenix/benchmark/newbench_norm/real/A_small_cat_is_standing_near_the_computer_keyboard._.png,4.917728074360639e-05
NewBench,2025,0,/shared/home/sarim.hashmi/usenix/benchmark/newbench_norm/real/A_small_dog_laying_next_to_a_door..png,4.509513746597804e-05
NewBench,2025,0,/shared/home/sarim.hashmi/usenix/benchmark/newbench_norm/real/A_small_dog_walking_past_a_red_fire_hydrant..png,0.00014352101425174624
NewBench,2025,0,/shared/home/sarim.hashmi/usenix/benchmark/newbench_norm/real/A_small_green_car_has_a_plaque_with_writing_in_front_of_it._.png,7.831778202671558e-05
NewBench,2025,0,/shared/home/sarim.hashmi/usenix/benchmark/newbench_norm/real/A_small_plane_flying_through_a_cloudy_blue_sky..png,8.126249304041266e-05
NewBench,2025,0,/shared/home/sarim.hashmi/usenix/benchmark/newbench_norm/real/A_small_plane_landing_in__a_grassy_field.png,7.506330439355224e-05
NewBench,2025,0,/shared/home/sarim.hashmi/usenix/benchmark/newbench_norm/real/A_small_sailboat_docked_at_a_local_shore..png,4.9965965445153415e-05
NewBench,2025,0,/shared/home/sarim.hashmi/usenix/benchmark/newbench_norm/real/A_small_town_street_filled_with_traffic_beneath_a_mountain..png,0.000159304981934838
NewBench,2025,0,/shared/home/sarim.hashmi/usenix/benchmark/newbench_norm/real/A_small_white_airplane_high_up_in_the_sky..png,0.0003643975651357323
NewBench,2025,0,/shared/home/sarim.hashmi/usenix/benchmark/newbench_norm/real/A_small_white_bird_standing_on_top_of_a_dirt_field..png,0.00015530649397987872
NewBench,2025,0,/shared/home/sarim.hashmi/usenix/benchmark/newbench_norm/real/A_small_white_dog_standing_next_to_a_red_fire_hydrant..png,6.717207725159824e-05
NewBench,2025,0,/shared/home/sarim.hashmi/usenix/benchmark/newbench_norm/real/A_small_woman_standing_in_front_of_a_baby_elephant..png,9.29042071220465e-05
NewBench,2025,0,/shared/home/sarim.hashmi/usenix/benchmark/newbench_norm/real/A_smiling_man_in_a_nice_hat_in_a_car..png,0.00021430704509839416
NewBench,2025,0,/shared/home/sarim.hashmi/usenix/benchmark/newbench_norm/real/A_snowy_scene_of_trees_and_a_road..png,0.00010502709483262151
NewBench,2025,0,/shared/home/sarim.hashmi/usenix/benchmark/newbench_norm/real/A_spring_form_bird_feeder_filled_with_corn_to_eat..png,0.010926480405032635
NewBench,2025,0,/shared/home/sarim.hashmi/usenix/benchmark/newbench_norm/real/A_square_white_sink_beneath_an_elegant_mirror.png,5.330236308509484e-05
NewBench,2025,0,/shared/home/sarim.hashmi/usenix/benchmark/newbench_norm/real/A_stop_light_with_green_arrows_on_Woodbine_Ave._.png,0.00015173584688454866
NewBench,2025,0,/shared/home/sarim.hashmi/usenix/benchmark/newbench_norm/real/A_stop_sign_and_a_fire_hydrant_on_the_corner_of_a_grassy_sidewalk..png,5.835745469084941e-05
NewBench,2025,0,"/shared/home/sarim.hashmi/usenix/benchmark/newbench_norm/real/A_store_room_holds_sinks,_bathtubs_and_toilets.png",5.995506944600493e-05
NewBench,2025,0,/shared/home/sarim.hashmi/usenix/benchmark/newbench_norm/real/A_stove_top_oven_sitting_next_to_a_tiled_wall..png,0.00020006591512355953
NewBench,2025,0,/shared/home/sarim.hashmi/usenix/benchmark/newbench_norm/real/A_stove_top_with_a_tea_kettle_sitting_on_top_of_it..png,4.458908733795397e-05
NewBench,2025,0,/shared/home/sarim.hashmi/usenix/benchmark/newbench_norm/real/A_stove_top_with_lots_of_pots_and_pans..png,5.2412913646548986e-05
NewBench,2025,0,/shared/home/sarim.hashmi/usenix/benchmark/newbench_norm/real/A_street_light_and_other_road_signs._.png,9.932988905347884e-05
NewBench,2025,0,/shared/home/sarim.hashmi/usenix/benchmark/newbench_norm/real/A_street_scene_looking_down_at_cars_and_motorcycles_parked..png,5.154341852176003e-05
NewBench,2025,0,/shared/home/sarim.hashmi/usenix/benchmark/newbench_norm/real/A_street_sign_is_filled_with_various_stickers.__.png,4.276255640434101e-05
NewBench,2025,0,/shared/home/sarim.hashmi/usenix/benchmark/newbench_norm/real/A_street_sign_next_to_a_bend_in_the_road..png,0.00013343998580239713
NewBench,2025,0,/shared/home/sarim.hashmi/usenix/benchmark/newbench_norm/real/A_street_sign_saying_S._Gay_st_while_a_traffic_light_is_yellow..png,0.00010094129538629204
NewBench,2025,0,/shared/home/sarim.hashmi/usenix/benchmark/newbench_norm/real/A_street_sign_showing_a_person_walking_with_a_child_and_a_bike_sits_on_the_sit_of_the_road._.png,0.002182666677981615
NewBench,2025,0,/shared/home/sarim.hashmi/usenix/benchmark/newbench_norm/real/A_street_sign_showing_they_are_making_improvements.png,0.001627289573661983
NewBench,2025,0,/shared/home/sarim.hashmi/usenix/benchmark/newbench_norm/real/A_street_sign_showing_what_roads_go_which_ways..png,4.8449997848365456e-05
NewBench,2025,0,/shared/home/sarim.hashmi/usenix/benchmark/newbench_norm/real/A_street_sign_sitting_along_side_of_train_tracks..png,5.379473077482544e-05
NewBench,2025,0,"/shared/home/sarim.hashmi/usenix/benchmark/newbench_norm/real/A_street_sign_with_the_name_of_two_streets_and_a_stop_sign,_and_parked_cars_and_buildings_in_the_dis.png",7.274458039319143e-05
NewBench,2025,0,/shared/home/sarim.hashmi/usenix/benchmark/newbench_norm/real/A_stuffed_bear_is_sitting_next_to_a_computer_monitor..png,9.460134606342763e-05
NewBench,2025,0,/shared/home/sarim.hashmi/usenix/benchmark/newbench_norm/real/A_subway_train_with_a_row_of_orange_and_white_seats..png,9.929569932864979e-05
NewBench,2025,0,/shared/home/sarim.hashmi/usenix/benchmark/newbench_norm/real/A_sun_spot_is_the_only_mark_in_a_clear_sky_with_a_plane_traveling_over_a_snowy_expanse_with_a_bunch_.png,5.698388849850744e-05
NewBench,2025,0,/shared/home/sarim.hashmi/usenix/benchmark/newbench_norm/real/A_table_full_of_items_and_on_a_sunny_day._.png,0.00020504501299001276
NewBench,2025,0,/shared/home/sarim.hashmi/usenix/benchmark/newbench_norm/real/A_tall_giraffe_in_a_green_grassy_field..png,0.0009258403442800045
NewBench,2025,0,/shared/home/sarim.hashmi/usenix/benchmark/newbench_norm/real/A_tall_giraffe_standing_next_to_a_herd_of_deer..png,7.508577982662246e-05
NewBench,2025,0,/shared/home/sarim.hashmi/usenix/benchmark/newbench_norm/real/A_taxi_cab_parked_next_to_a_fire_hydrant..png,0.00010840757022378966
NewBench,2025,0,/shared/home/sarim.hashmi/usenix/benchmark/newbench_norm/real/A_television_sits_on_a_cabinet_in_a_room..png,4.748285573441535e-05
NewBench,2025,0,/shared/home/sarim.hashmi/usenix/benchmark/newbench_norm/real/A_tie-dyed_cyclist_stands_beside_his_bicycle_in_front_of_fellow_cyclists..png,0.00020925364515278488
NewBench,2025,0,"/shared/home/sarim.hashmi/usenix/benchmark/newbench_norm/real/A_tiled_bathroom_with_a_single_vanity,_toilet_and_shower..png",8.73111275723204e-05
NewBench,2025,0,/shared/home/sarim.hashmi/usenix/benchmark/newbench_norm/real/A_toilet_in_a_stall_with_remote_control_buttons..png,0.0002490432234480977
NewBench,2025,0,/shared/home/sarim.hashmi/usenix/benchmark/newbench_norm/real/A_toilet_seat_sits_on_top_of_a_hole_in_the_ground..png,5.418323053163476e-05
NewBench,2025,0,/shared/home/sarim.hashmi/usenix/benchmark/newbench_norm/real/A_toilet_sitting_outside_a_building_in_an_alley..png,6.934399425517768e-05
NewBench,2025,0,/shared/home/sarim.hashmi/usenix/benchmark/newbench_norm/real/A_toilet_that_is_very_clean_in_a_bathroom..png,6.0371534345904365e-05
NewBench,2025,0,/shared/home/sarim.hashmi/usenix/benchmark/newbench_norm/real/A_tow_truck_driving_past_a_very_old_stop_sign..png,5.113218503538519e-05
NewBench,2025,0,/shared/home/sarim.hashmi/usenix/benchmark/newbench_norm/real/A_towel_hangs_beneath_a_sink_in_a_bathroom..png,6.2444647483062e-05
NewBench,2025,0,/shared/home/sarim.hashmi/usenix/benchmark/newbench_norm/real/A_traffic_light_and_cars_on_a_street..png,6.401011341949925e-05
NewBench,2025,0,/shared/home/sarim.hashmi/usenix/benchmark/newbench_norm/real/A_traffic_light_glows_red_on_a_cloudy_day.png,7.795766578055918e-05
NewBench,2025,0,/shared/home/sarim.hashmi/usenix/benchmark/newbench_norm/real/A_traffic_light_on_a_street_with_some_people..png,8.090597111731768e-05
NewBench,2025,0,/shared/home/sarim.hashmi/usenix/benchmark/newbench_norm/real/A_traffic_light_sitting_next_to_a_cluster_of_traffic_cones..png,6.545540236402303e-05
NewBench,2025,0,/shared/home/sarim.hashmi/usenix/benchmark/newbench_norm/real/A_traffic_light_sitting_on_the_side_of_a_road..png,5.660282477037981e-05
NewBench,2025,0,/shared/home/sarim.hashmi/usenix/benchmark/newbench_norm/real/A_traffic_sign_hung_upside_down_on_a_pole._.png,9.23874686122872e-05
NewBench,2025,0,/shared/home/sarim.hashmi/usenix/benchmark/newbench_norm/real/A_train_coming_up_to_a_railroad_crossing..png,9.89321997622028e-05
NewBench,2025,0,/shared/home/sarim.hashmi/usenix/benchmark/newbench_norm/real/A_train_covered_in_graffiti_sitting_on_top_of__train_tracks..png,7.108254794729874e-05
NewBench,2025,0,/shared/home/sarim.hashmi/usenix/benchmark/newbench_norm/real/A_train_covered_in_graffiti_traveling_down_railroad_tracks..png,6.858932465547696e-05
NewBench,2025,0,/shared/home/sarim.hashmi/usenix/benchmark/newbench_norm/real/A_train_going_down_the_tracks_that_has_just_gone_under_a_bridge..png,0.00019473291467875242
NewBench,2025,0,/shared/home/sarim.hashmi/usenix/benchmark/newbench_norm/real/A_train_is_moving_along_train_tracks_through_the_woods..png,0.00012664715177379549
NewBench,2025,0,/shared/home/sarim.hashmi/usenix/benchmark/newbench_norm/real/A_train_is_stopped_in_front_of_an_industrial_area..png,0.00020418076019268483
NewBench,2025,0,/shared/home/sarim.hashmi/usenix/benchmark/newbench_norm/real/A_train_making_its_way_through_a_rail_yard..png,0.00022917585738468915
NewBench,2025,0,/shared/home/sarim.hashmi/usenix/benchmark/newbench_norm/real/A_train_sitting_in_front_of_a_tin_building_and_a_dry_grass_field..png,0.00021257356274873018
NewBench,2025,0,/shared/home/sarim.hashmi/usenix/benchmark/newbench_norm/real/A_train_sitting_inside_of_a_train_station_near_a_skylight..png,0.9669400453567505
NewBench,2025,0,/shared/home/sarim.hashmi/usenix/benchmark/newbench_norm/real/A_train_traveling_along_a_rocky_mountain_side..png,5.2884453907608986e-05
NewBench,2025,0,/shared/home/sarim.hashmi/usenix/benchmark/newbench_norm/real/A_train_traveling_down_train_tracks_next_to_a_building..png,0.00010583156836219132
NewBench,2025,0,/shared/home/sarim.hashmi/usenix/benchmark/newbench_norm/real/A_train_traveling_through_rural_countryside_under_power_lines..png,0.00021659958292730153
NewBench,2025,0,/shared/home/sarim.hashmi/usenix/benchmark/newbench_norm/real/A_train_with_a_green_and_orange_stripe_is_sitting_on_the_tracks..png,0.9987034797668457
NewBench,2025,0,/shared/home/sarim.hashmi/usenix/benchmark/newbench_norm/real/A_trash_can_made_to_look_like_a_soup_can..png,0.00012222201621625572
NewBench,2025,0,/shared/home/sarim.hashmi/usenix/benchmark/newbench_norm/real/A_travel_guide_taking_a_photo_as_the_tour_bus_arrives.png,7.373098196694627e-05
NewBench,2025,0,/shared/home/sarim.hashmi/usenix/benchmark/newbench_norm/real/A_tree_sitting_next_to_a_bench_near_a_lake..png,0.0020921998657286167
NewBench,2025,0,/shared/home/sarim.hashmi/usenix/benchmark/newbench_norm/real/A_tree_sitting_on_top_of_a_hillside_near_a_bench..png,0.9072822332382202
NewBench,2025,0,/shared/home/sarim.hashmi/usenix/benchmark/newbench_norm/real/A_very_skinny_red_fire_hydrant_with_silver_top_and_sides._.png,8.003235416254029e-05
NewBench,2025,0,/shared/home/sarim.hashmi/usenix/benchmark/newbench_norm/real/A_very_tall_building_sitting_on_the_side_of_a_road..png,0.007879863493144512
NewBench,2025,0,/shared/home/sarim.hashmi/usenix/benchmark/newbench_norm/real/A_very_tall_building_with_a_clock_mounted_to_it's_side..png,0.0001016714159050025
NewBench,2025,0,/shared/home/sarim.hashmi/usenix/benchmark/newbench_norm/real/A_very_tall_building_with_lots_of_windows..png,0.0002145883918274194
NewBench,2025,0,/shared/home/sarim.hashmi/usenix/benchmark/newbench_norm/real/A_very_upscale_looking_hotel_room_with_large_bed_and_a_bathroom_in_the_next_room..png,0.000190556442248635
NewBench,2025,0,/shared/home/sarim.hashmi/usenix/benchmark/newbench_norm/real/A_view_from_the_street_of_two_traffic_lights_and_a_building._.png,0.37828677892684937
NewBench,2025,0,"/shared/home/sarim.hashmi/usenix/benchmark/newbench_norm/real/A_view_of_a_kitchen_sink,_knives,_hanging_cups,_and_wine_glasses..png",4.9006222980096936e-05
NewBench,2025,0,/shared/home/sarim.hashmi/usenix/benchmark/newbench_norm/real/A_vintage_STOP_sign_in_black_&_white.png,0.0002317820762982592
NewBench,2025,0,/shared/home/sarim.hashmi/usenix/benchmark/newbench_norm/real/A_walk_in_shower_next_to_a_tub_in_a_bathroom..png,0.00011513400386320427
NewBench,2025,0,/shared/home/sarim.hashmi/usenix/benchmark/newbench_norm/real/A_wall_mounted_oven_inside_of_a_kitchen_with_a_large_entrance..png,0.00013126377598382533
NewBench,2025,0,/shared/home/sarim.hashmi/usenix/benchmark/newbench_norm/real/A_water-stained_cathedral_clock-tower_enveloped_by_various_green_vines..png,0.17978398501873016
NewBench,2025,0,/shared/home/sarim.hashmi/usenix/benchmark/newbench_norm/real/A_water_foul_near_the_shore_in_a_body_of_water_with_an_island_in_the_middle_of_it..png,0.0003966009244322777
NewBench,2025,0,/shared/home/sarim.hashmi/usenix/benchmark/newbench_norm/real/A_white_and_black_bird_perched_on_a_wooden_fence_rail..png,4.7015604650368914e-05
NewBench,2025,0,/shared/home/sarim.hashmi/usenix/benchmark/newbench_norm/real/A_white_and_black_checkered_floor_in_a_kitchen..png,0.0014183796010911465
NewBench,2025,0,/shared/home/sarim.hashmi/usenix/benchmark/newbench_norm/real/A_white_and_blue_bus_parked_on_the_side_of_a_road..png,9.325835708295926e-05
NewBench,2025,0,/shared/home/sarim.hashmi/usenix/benchmark/newbench_norm/real/A_white_and_orange_cat_sitting_on_top_of_a_sidewalk..png,6.684835534542799e-05
NewBench,2025,0,/shared/home/sarim.hashmi/usenix/benchmark/newbench_norm/real/A_white_bath_tub_sitting_under_a_window_next_to_a_toilet..png,4.781428651767783e-05
NewBench,2025,0,/shared/home/sarim.hashmi/usenix/benchmark/newbench_norm/real/A_white_bathroom_mirror_mounted_to_it's_wall..png,0.0001162036569439806
NewBench,2025,0,/shared/home/sarim.hashmi/usenix/benchmark/newbench_norm/real/A_white_bathroom_sink_sitting_next_to_a_toilet..png,6.660502549493685e-05
NewBench,2025,0,/shared/home/sarim.hashmi/usenix/benchmark/newbench_norm/real/A_white_cake_topped_with_coconut_on_a_counter..png,8.26455870992504e-05
NewBench,2025,0,/shared/home/sarim.hashmi/usenix/benchmark/newbench_norm/real/A_white_car_with_chrome_rims_parked_next_to_an_older_lady..png,8.231343963416293e-05
NewBench,2025,0,/shared/home/sarim.hashmi/usenix/benchmark/newbench_norm/real/A_white_church_sitting_at_the_bottom_of_a_hillside..png,5.727054667659104e-05
NewBench,2025,0,/shared/home/sarim.hashmi/usenix/benchmark/newbench_norm/real/A_white_city_bus_pulling_onto_a_street_near_a_cross_walk..png,5.9460504417074844e-05
NewBench,2025,0,/shared/home/sarim.hashmi/usenix/benchmark/newbench_norm/real/A_white_compact_car_parked_on_a_sandy_dirt_road..png,6.559787289006636e-05
NewBench,2025,0,/shared/home/sarim.hashmi/usenix/benchmark/newbench_norm/real/A_white_kitchen_with_marble_countertops_and_stone_floors..png,4.897099279332906e-05
NewBench,2025,0,/shared/home/sarim.hashmi/usenix/benchmark/newbench_norm/real/A_white_park_bench_sitting_in_the_middle_of_a_forest..png,0.6184074282646179
NewBench,2025,0,/shared/home/sarim.hashmi/usenix/benchmark/newbench_norm/real/A_white_sink_under_a_mirror_in_a_bathroom_next_to_a_light_switch..png,4.030538548249751e-05
NewBench,2025,0,/shared/home/sarim.hashmi/usenix/benchmark/newbench_norm/real/A_white_stove_top_oven_sitting_inside_of_a_kitchen..png,4.876292223343626e-05
NewBench,2025,0,/shared/home/sarim.hashmi/usenix/benchmark/newbench_norm/real/A_white_stove_with_two_metal_pots_on_its_back_burners._.png,5.261663318378851e-05
NewBench,2025,0,/shared/home/sarim.hashmi/usenix/benchmark/newbench_norm/real/A_white_toilet_in_a_bathroom_next_to_toilet_paper..png,0.00011484419519547373
NewBench,2025,0,/shared/home/sarim.hashmi/usenix/benchmark/newbench_norm/real/A_white_toilet_sitting_in_a_bathroom_next_to_a_counter..png,5.329509440343827e-05
NewBench,2025,0,/shared/home/sarim.hashmi/usenix/benchmark/newbench_norm/real/A_white_toilet_sitting_inside_of_a_bathroom..png,6.540723552461714e-05
NewBench,2025,0,/shared/home/sarim.hashmi/usenix/benchmark/newbench_norm/real/A_white_toilet_sitting_on_top_of_a_bathroom_floor..png,7.326148624997586e-05
NewBench,2025,0,/shared/home/sarim.hashmi/usenix/benchmark/newbench_norm/real/A_white_toilet_sitting_underneath_a_window_next_to_a_sink..png,4.9047455831896514e-05
NewBench,2025,0,/shared/home/sarim.hashmi/usenix/benchmark/newbench_norm/real/A_white_toilet_with_a_black_lid_and_red_painting_on_it._.png,7.487635593861341e-05
NewBench,2025,0,/shared/home/sarim.hashmi/usenix/benchmark/newbench_norm/real/A_white_trunk_parked_next_to_a_stop_sign..png,8.270605030702427e-05
NewBench,2025,0,/shared/home/sarim.hashmi/usenix/benchmark/newbench_norm/real/A_white_tub_sitting_underneath_a_couple_of_windows..png,7.55725268390961e-05
NewBench,2025,0,/shared/home/sarim.hashmi/usenix/benchmark/newbench_norm/real/A_whole_bunch_of_traffic_stop_signs_huddled_together..png,0.00012890875223092735
NewBench,2025,0,/shared/home/sarim.hashmi/usenix/benchmark/newbench_norm/real/A_window_shot_of_a_plane_in_the_air_with_another_plane_present._.png,5.957140092505142e-05
NewBench,2025,0,/shared/home/sarim.hashmi/usenix/benchmark/newbench_norm/real/A_woman_and_two_men_sitting_on_a_bench_in_front_of_a_store..png,0.0001396687002852559
NewBench,2025,0,/shared/home/sarim.hashmi/usenix/benchmark/newbench_norm/real/A_woman_eating_vegetables_in_front_of_a_stove..png,0.00012017715926049277
NewBench,2025,0,/shared/home/sarim.hashmi/usenix/benchmark/newbench_norm/real/A_woman_holding_up_measuring_cups_and_a_cat_watching_on_the_counter..png,4.7240991989383474e-05
NewBench,2025,0,/shared/home/sarim.hashmi/usenix/benchmark/newbench_norm/real/A_woman_is_kneeling_down_next_to_a_toilet..png,0.0001000714473775588
NewBench,2025,0,/shared/home/sarim.hashmi/usenix/benchmark/newbench_norm/real/A_woman_is_riding_an_orange_sports_motorcycle..png,0.00020180552382953465
NewBench,2025,0,/shared/home/sarim.hashmi/usenix/benchmark/newbench_norm/real/A_woman_is_standing_on_a_kitchen_floor..png,0.0005343761877156794
NewBench,2025,0,/shared/home/sarim.hashmi/usenix/benchmark/newbench_norm/real/A_woman_is_unloading_a_bag_in_a_large_kitchen..png,4.094073665328324e-05
NewBench,2025,0,/shared/home/sarim.hashmi/usenix/benchmark/newbench_norm/real/A_woman_is_walking_a_dog_in_the_city..png,6.860456778667867e-05
NewBench,2025,0,/shared/home/sarim.hashmi/usenix/benchmark/newbench_norm/real/A_woman_preparing_food_inside_of_a_kitchen..png,7.859700417611748e-05
NewBench,2025,0,/shared/home/sarim.hashmi/usenix/benchmark/newbench_norm/real/A_woman_riding_a_green_bike_with_a_small_white_dog_on_the_back..png,0.0002337728947168216
NewBench,2025,0,/shared/home/sarim.hashmi/usenix/benchmark/newbench_norm/real/A_woman_sitting_on_a_bench_in_a_field_in_front_of_a_pond..png,0.0008713884744793177
NewBench,2025,0,/shared/home/sarim.hashmi/usenix/benchmark/newbench_norm/real/A_woman_sitting_on_a_motorcycle_while_talking_to_a_child_with_a_man_laying_in_a_hammock_behind_them..png,0.0006095642456784844
NewBench,2025,0,/shared/home/sarim.hashmi/usenix/benchmark/newbench_norm/real/A_woman_standing_in_a_kitchen_holding_a_jug_of_milk..png,0.0001933171006385237
NewBench,2025,0,/shared/home/sarim.hashmi/usenix/benchmark/newbench_norm/real/A_woman_standing_in_a_kitchen_next_to_a_sink..png,5.2958646847400814e-05
NewBench,2025,0,/shared/home/sarim.hashmi/usenix/benchmark/newbench_norm/real/A_woman_standing_in_front_of_a_bathroom_mirror_next_to_a_sink..png,6.617855979129672e-05
NewBench,2025,0,/shared/home/sarim.hashmi/usenix/benchmark/newbench_norm/real/A_woman_standing_in_front_of_a_table_with_lots_of_salad..png,5.217469151830301e-05
NewBench,2025,0,/shared/home/sarim.hashmi/usenix/benchmark/newbench_norm/real/A_woman_standing_next_to_a_standing_toilet..png,8.585103205405176e-05
NewBench,2025,0,/shared/home/sarim.hashmi/usenix/benchmark/newbench_norm/real/A_woman_standing_next_to_a_traffic_signal_on_a_street_corner..png,5.468060771818273e-05
NewBench,2025,0,/shared/home/sarim.hashmi/usenix/benchmark/newbench_norm/real/A_woman_standing_with_a_bi-wing_airplane_on_a_runway..png,0.0001551481254864484
NewBench,2025,0,/shared/home/sarim.hashmi/usenix/benchmark/newbench_norm/real/A_woman_walking_a_dog_down_a_street..png,0.00718658184632659
NewBench,2025,0,/shared/home/sarim.hashmi/usenix/benchmark/newbench_norm/real/A_wooden_bench_near_tall_vegetation_in_front_of_a_house..png,0.00014692064723931253
NewBench,2025,0,/shared/home/sarim.hashmi/usenix/benchmark/newbench_norm/real/A_wooden_bench_sitting_on_a_lush_green_park..png,4.948357673129067e-05
NewBench,2025,0,/shared/home/sarim.hashmi/usenix/benchmark/newbench_norm/real/A_wooden_bench_that_is_next_to_a_meter..png,5.5061071179807186e-05
NewBench,2025,0,/shared/home/sarim.hashmi/usenix/benchmark/newbench_norm/real/A_wooden_bench_with_snow_in_a__forest..png,6.518531154142693e-05
NewBench,2025,0,/shared/home/sarim.hashmi/usenix/benchmark/newbench_norm/real/A_wooden_park_bench_with_a_remote_control_on_top_of_it..png,0.0001885065867099911
NewBench,2025,0,/shared/home/sarim.hashmi/usenix/benchmark/newbench_norm/real/A_yellow_and_blue_bus_driving_down_a_curvy_road..png,0.0013480257475748658
NewBench,2025,0,/shared/home/sarim.hashmi/usenix/benchmark/newbench_norm/real/A_yellow_and_green_train_pulling_out_of_a_tunnel_next_to_a_red_car..png,0.0003640446229837835
NewBench,2025,0,/shared/home/sarim.hashmi/usenix/benchmark/newbench_norm/real/A_yellow_bus_carrying_passengers_riding_along_the_road..png,5.3554413170786574e-05
NewBench,2025,0,/shared/home/sarim.hashmi/usenix/benchmark/newbench_norm/real/A_yellow_dune_buggy_on_display_amongst_other_automobiles..png,0.0012149364920333028
NewBench,2025,0,/shared/home/sarim.hashmi/usenix/benchmark/newbench_norm/real/A_yellow_fire_hydrant_in_front_of_a_bike_leaning_against_four_poles.png,6.709947774652392e-05
NewBench,2025,0,/shared/home/sarim.hashmi/usenix/benchmark/newbench_norm/real/A_yellow_motorcycle_in_front_of_a_street_with_several_people._.png,0.0002033604687312618
NewBench,2025,0,/shared/home/sarim.hashmi/usenix/benchmark/newbench_norm/real/A_yellow_sign_sitting_on_the_side_of_a_road..png,0.040045902132987976
NewBench,2025,0,/shared/home/sarim.hashmi/usenix/benchmark/newbench_norm/real/A_yellow_stripped_cat_sitting_in_a_bathroom_sink..png,4.768683356815018e-05
NewBench,2025,0,/shared/home/sarim.hashmi/usenix/benchmark/newbench_norm/real/A_young_boy_seems_to_be_trying_to_feed_a_giraffe._.png,6.174403097247705e-05
NewBench,2025,0,/shared/home/sarim.hashmi/usenix/benchmark/newbench_norm/real/A_young_cat_with_a_beautiful_coat_standing_alone._.png,5.687118391506374e-05
NewBench,2025,0,/shared/home/sarim.hashmi/usenix/benchmark/newbench_norm/real/A_young_girl_standing_on_a_field_with_a_flock_of_birds..png,9.203355148201808e-05
NewBench,2025,0,/shared/home/sarim.hashmi/usenix/benchmark/newbench_norm/real/A_young_woman_lays_a_hand_on_the_neck_of_the_horse_she_is_riding..png,6.827608740422875e-05
NewBench,2025,0,/shared/home/sarim.hashmi/usenix/benchmark/newbench_norm/real/A_zebra_and_giraffe_that_is_in_the_dirt..png,8.490870823152363e-05
NewBench,2025,0,/shared/home/sarim.hashmi/usenix/benchmark/newbench_norm/real/Adult_lying_obscurely_on_park_bench_in_wide_open_area..png,0.0033094908576458693
NewBench,2025,0,/shared/home/sarim.hashmi/usenix/benchmark/newbench_norm/real/Aerial_tricks_performed_on_red_bike_over_stacked_skateboards_with_photographer_in_background..png,0.13252633810043335
NewBench,2025,0,/shared/home/sarim.hashmi/usenix/benchmark/newbench_norm/real/All_of_the_bunches_of_bananas_are_yellow_and_ripe..png,0.00027824813150800765
NewBench,2025,0,/shared/home/sarim.hashmi/usenix/benchmark/newbench_norm/real/An_All_Nippon_Airways_777_sitting_at_a_gate_on_the_tarmac..png,6.24992826487869e-05
NewBench,2025,0,/shared/home/sarim.hashmi/usenix/benchmark/newbench_norm/real/An_airplane_flying_in_the_sky_with_smoke_coming_out_of_it._.png,8.79665749380365e-05
NewBench,2025,0,/shared/home/sarim.hashmi/usenix/benchmark/newbench_norm/real/An_airplane_is_flying_against_a_partly_cloudy_sky..png,9.540854807710275e-05
NewBench,2025,0,/shared/home/sarim.hashmi/usenix/benchmark/newbench_norm/real/An_airplane_nose_sits_in_a_hangar._.png,0.00019894415163435042
NewBench,2025,0,/shared/home/sarim.hashmi/usenix/benchmark/newbench_norm/real/An_airplane_on_a_runway_with_snow_on_it..png,6.263424438657239e-05
NewBench,2025,0,/shared/home/sarim.hashmi/usenix/benchmark/newbench_norm/real/An_animal_surrounded_by_a_flock_of_birds.png,5.238043377175927e-05
NewBench,2025,0,/shared/home/sarim.hashmi/usenix/benchmark/newbench_norm/real/An_assortment_of_flying_objects_including_kites_and_airplanes_hung_inside_a_building..png,5.0129758164985105e-05
NewBench,2025,0,/shared/home/sarim.hashmi/usenix/benchmark/newbench_norm/real/An_empty_bathroom_with_a_shower_next_to_a_toilet..png,0.00039632502011954784
NewBench,2025,0,/shared/home/sarim.hashmi/usenix/benchmark/newbench_norm/real/An_empty_kitchen_with_lots_of_tile_blue_counter_top_space..png,7.12023611413315e-05
NewBench,2025,0,/shared/home/sarim.hashmi/usenix/benchmark/newbench_norm/real/An_intersection_features_a_directional_sign_to_local_towns._.png,6.815749657107517e-05
NewBench,2025,0,/shared/home/sarim.hashmi/usenix/benchmark/newbench_norm/real/An_intersection_of_wires_and_cables_stretching_over_a_traffic_light..png,6.472397217294201e-05
NewBench,2025,0,/shared/home/sarim.hashmi/usenix/benchmark/newbench_norm/real/An_odd_couple_of_formal_woman_in_black_dress_and_pearls_with_casual_boy_in_a_cap_and_untidy_clothes_.png,0.0001424602378392592
NewBench,2025,0,/shared/home/sarim.hashmi/usenix/benchmark/newbench_norm/real/An_office_cubicle_with_clutter_on_the_desk.png,4.6905399358365685e-05
NewBench,2025,0,"/shared/home/sarim.hashmi/usenix/benchmark/newbench_norm/real/An_old,_rusty_fire_hydrant,_in_front_of_the_pole._.png",6.585020310012624e-05
NewBench,2025,0,/shared/home/sarim.hashmi/usenix/benchmark/newbench_norm/real/An_old_black_and_white_picture_of_a_bus_and_homes_in_the_background._.png,0.00015308432921301574
NewBench,2025,0,/shared/home/sarim.hashmi/usenix/benchmark/newbench_norm/real/An_old_bus_makes_its_way_down_a_city_street..png,0.00010737259435700253
NewBench,2025,0,/shared/home/sarim.hashmi/usenix/benchmark/newbench_norm/real/An_old_clock_bordered_by_a_tire_in_front_of_a_rusted_door..png,0.00012019194400636479
NewBench,2025,0,/shared/home/sarim.hashmi/usenix/benchmark/newbench_norm/real/An_old_fashioned_biplane_with_its_propeller_spinning..png,6.959042366361246e-05
NewBench,2025,0,/shared/home/sarim.hashmi/usenix/benchmark/newbench_norm/real/An_old_fire_hydrant_in_the_middle_of_the_woods..png,5.0677328545134515e-05
NewBench,2025,0,/shared/home/sarim.hashmi/usenix/benchmark/newbench_norm/real/An_old_lady_smiling_in_a_pink_kitchen..png,0.00011724590876838192
NewBench,2025,0,/shared/home/sarim.hashmi/usenix/benchmark/newbench_norm/real/An_old_toilet_outside_against_an_old_painted_wall..png,0.00019677277305163443
NewBench,2025,0,/shared/home/sarim.hashmi/usenix/benchmark/newbench_norm/real/An_old_train_moving_on_a_train_track..png,8.075250661931932e-05
NewBench,2025,0,/shared/home/sarim.hashmi/usenix/benchmark/newbench_norm/real/An_older_model_passenger_bus_in_a_city..png,6.07086876698304e-05
NewBench,2025,0,"/shared/home/sarim.hashmi/usenix/benchmark/newbench_norm/real/An_open_door_leading_to_a_bathroom_toilet,_with_a_shower_rack_and_bureau_visible..png",4.332172466092743e-05
NewBench,2025,0,/shared/home/sarim.hashmi/usenix/benchmark/newbench_norm/real/An_open_toilet_with_a_sign_posted_on_it..png,7.672579522477463e-05
NewBench,2025,0,/shared/home/sarim.hashmi/usenix/benchmark/newbench_norm/real/An_orange_fire_hydrant_sitting_next_to_a_stone_wall..png,5.782178050139919e-05
NewBench,2025,0,/shared/home/sarim.hashmi/usenix/benchmark/newbench_norm/real/An_orange_sign_that_has_a_picture_of_a_man_holding_a_flag..png,6.0830501752207056e-05
NewBench,2025,0,/shared/home/sarim.hashmi/usenix/benchmark/newbench_norm/real/An_worn_out_rainbow_colored_park_bench_seat.png,0.002199184847995639
NewBench,2025,0,/shared/home/sarim.hashmi/usenix/benchmark/newbench_norm/real/Bench_and_window_with_shutters_with_bricked_wall.png,4.838789391214959e-05
NewBench,2025,0,/shared/home/sarim.hashmi/usenix/benchmark/newbench_norm/real/Birds_perched_up_on_a_tree_branch_next_to_a_window..png,6.15720491623506e-05
NewBench,2025,0,/shared/home/sarim.hashmi/usenix/benchmark/newbench_norm/real/Black_and_white_photo_of_a_clocktower_and_a_bird..png,0.00019791378872469068
NewBench,2025,0,/shared/home/sarim.hashmi/usenix/benchmark/newbench_norm/real/Car_parked_in_the_parking_lot_next_to_the_pier.png,0.0005159535212442279
NewBench,2025,0,/shared/home/sarim.hashmi/usenix/benchmark/newbench_norm/real/Cars_parked_and_driving_in_front_of_a_school..png,0.00013798527652397752
NewBench,2025,0,/shared/home/sarim.hashmi/usenix/benchmark/newbench_norm/real/City_bus_loading_on_a_busy_metropolitan_street._.png,0.00011229275696678087
NewBench,2025,0,/shared/home/sarim.hashmi/usenix/benchmark/newbench_norm/real/City_bus_on_an_empty_city_street_near_a_STOP_sign._.png,4.9317797675030306e-05
NewBench,2025,0,/shared/home/sarim.hashmi/usenix/benchmark/newbench_norm/real/Cliffs_rise_on_the_edge_of_a_placid_lake..png,6.892957026138902e-05
NewBench,2025,0,/shared/home/sarim.hashmi/usenix/benchmark/newbench_norm/real/Closeup_of_view_of_the_cabin_and_wing_of_a_large_commercial_airliner..png,0.00028000774909742177
NewBench,2025,0,/shared/home/sarim.hashmi/usenix/benchmark/newbench_norm/real/Colorful_passenger_cars_are_parked_at_an_empty_station..png,0.00013385505008045584
NewBench,2025,0,/shared/home/sarim.hashmi/usenix/benchmark/newbench_norm/real/Construction_worker_holding_a_stop_sign_on_the_side_of_a_road_on_a_sunny_day..png,8.924101712182164e-05
NewBench,2025,0,/shared/home/sarim.hashmi/usenix/benchmark/newbench_norm/real/Cute_multi_colored_kitten_sitting_in_woman's_lap.png,5.45460352441296e-05
NewBench,2025,0,/shared/home/sarim.hashmi/usenix/benchmark/newbench_norm/real/Double_decker_city_bus_passing_under_an_overpass._.png,5.3301191655918956e-05
NewBench,2025,0,/shared/home/sarim.hashmi/usenix/benchmark/newbench_norm/real/Emergency_vehicles_are_on_the_scene_of_the_accident..png,0.00014199629367794842
NewBench,2025,0,/shared/home/sarim.hashmi/usenix/benchmark/newbench_norm/real/Fruit_in_a_jar_filled_with_liquid_sitting_on_a_wooden_table..png,5.547262844629586e-05
NewBench,2025,0,/shared/home/sarim.hashmi/usenix/benchmark/newbench_norm/real/Full_grown_cat_laying_down_and_sleeping_on_top_of_a_car._.png,0.00012613614671863616
NewBench,2025,0,/shared/home/sarim.hashmi/usenix/benchmark/newbench_norm/real/Giraffe_walking_through_a_field_next_to_a_forest..png,0.3324647843837738
NewBench,2025,0,/shared/home/sarim.hashmi/usenix/benchmark/newbench_norm/real/Giraffe_with_large_trees_grazing_in_gray_sky.png,0.10791893303394318
NewBench,2025,0,/shared/home/sarim.hashmi/usenix/benchmark/newbench_norm/real/Group_of_giraffes_standing_near_a_puddle_on_the_savannah..png,0.00111184932757169
NewBench,2025,0,/shared/home/sarim.hashmi/usenix/benchmark/newbench_norm/real/Jet_liner_flying_off_into_the_distance_on_an_overcast_day.png,8.126281318254769e-05
NewBench,2025,0,/shared/home/sarim.hashmi/usenix/benchmark/newbench_norm/real/Large_commuter_train_parked_on_the_track_with_no_people_around..png,0.00010178802040172741
NewBench,2025,0,/shared/home/sarim.hashmi/usenix/benchmark/newbench_norm/real/Lots_of_fruit_sits_on_bowls_on_the_counter_of_this_kitchen._.png,4.55070985481143e-05
NewBench,2025,0,/shared/home/sarim.hashmi/usenix/benchmark/newbench_norm/real/Man_on_bike_on_street_corner_with_buildings_and_stoplight.png,6.4910389482975e-05
NewBench,2025,0,/shared/home/sarim.hashmi/usenix/benchmark/newbench_norm/real/Man_on_blue_and_white_motorcycle_riding_on_one_wheel._.png,0.00013422609481494874
NewBench,2025,0,/shared/home/sarim.hashmi/usenix/benchmark/newbench_norm/real/Many_motorcycles_are_parked_around_a_crowd_of_people..png,6.828532787039876e-05
NewBench,2025,0,/shared/home/sarim.hashmi/usenix/benchmark/newbench_norm/real/Many_people_bike_through_the_streets_at_night..png,8.81278610904701e-05
NewBench,2025,0,/shared/home/sarim.hashmi/usenix/benchmark/newbench_norm/real/Many_planes_are_arranged_in_a_large_building..png,0.0003577561001293361
NewBench,2025,0,/shared/home/sarim.hashmi/usenix/benchmark/newbench_norm/real/Many_plates_and_dishes_line_a_kitchen_cabinet._.png,6.309818854788318e-05
NewBench,2025,0,/shared/home/sarim.hashmi/usenix/benchmark/newbench_norm/real/Men_and_women_are_riding_on_motorcycles_on_the_street.png,0.00022064735821913928
NewBench,2025,0,/shared/home/sarim.hashmi/usenix/benchmark/newbench_norm/real/Multiple_lane_road_in_large_city_on_sunny_day..png,0.30145981907844543
NewBench,2025,0,"/shared/home/sarim.hashmi/usenix/benchmark/newbench_norm/real/Non_passenger_train,_slowly_coming_down_the_tracks.png",0.00011096963135059923
NewBench,2025,0,/shared/home/sarim.hashmi/usenix/benchmark/newbench_norm/real/One_giraffe_in_the_foreground_with_two_giraffes_in_the_background..png,8.566465839976445e-05
NewBench,2025,0,/shared/home/sarim.hashmi/usenix/benchmark/newbench_norm/real/People_are_sitting_and_standing_outside_between_train_cars..png,6.763460987713188e-05
NewBench,2025,0,/shared/home/sarim.hashmi/usenix/benchmark/newbench_norm/real/People_are_waiting_for_the_bus_near_a_bus_stop..png,0.00012056292325723916
NewBench,2025,0,/shared/home/sarim.hashmi/usenix/benchmark/newbench_norm/real/People_are_waiting_for_the_train_to_arrive.png,0.0004721804289147258
NewBench,2025,0,/shared/home/sarim.hashmi/usenix/benchmark/newbench_norm/real/People_at_a_bus_stop_waiting_on_a_bus..png,6.42095401417464e-05
NewBench,2025,0,/shared/home/sarim.hashmi/usenix/benchmark/newbench_norm/real/People_crossing_the_street_at_a_busy_intersection.png,0.004351080395281315
NewBench,2025,0,/shared/home/sarim.hashmi/usenix/benchmark/newbench_norm/real/People_sitting_on_benches_next_to_each_other..png,0.00016639141540508717
NewBench,2025,0,/shared/home/sarim.hashmi/usenix/benchmark/newbench_norm/real/People_standing_around_looking_at_a_small_train_on_a_track.png,0.00012494217662606388
NewBench,2025,0,/shared/home/sarim.hashmi/usenix/benchmark/newbench_norm/real/People_standing_on_a_sidewalk_near_a_parked_bus_at_night..png,7.230900519061834e-05
NewBench,2025,0,/shared/home/sarim.hashmi/usenix/benchmark/newbench_norm/real/People_walking_around_downtown_and_a_man_riding_his_bike..png,0.00014196122356224805
NewBench,2025,0,/shared/home/sarim.hashmi/usenix/benchmark/newbench_norm/real/Red_and_white_plane_sitting_in_a_green_field..png,6.885900802444667e-05
NewBench,2025,0,/shared/home/sarim.hashmi/usenix/benchmark/newbench_norm/real/Red_brick_building_with_fire_hydrant_and_car_with_cloudy_sky.png,5.743303336203098e-05
NewBench,2025,0,/shared/home/sarim.hashmi/usenix/benchmark/newbench_norm/real/Red_bus_passing_by_a_famous_clock_tower._.png,5.210135714150965e-05
NewBench,2025,0,/shared/home/sarim.hashmi/usenix/benchmark/newbench_norm/real/Red_train_at_a_stop_and_a_man_that_is_waiting._.png,0.007872459478676319
NewBench,2025,0,/shared/home/sarim.hashmi/usenix/benchmark/newbench_norm/real/Red_wrong_way_sign_in_front_of_a_church.png,5.5350141337839887e-05
NewBench,2025,0,/shared/home/sarim.hashmi/usenix/benchmark/newbench_norm/real/Row_of_motorcycles_parked_at_curb_in_outdoor_area..png,5.142170994076878e-05
NewBench,2025,0,/shared/home/sarim.hashmi/usenix/benchmark/newbench_norm/real/Rows_of_gray_and_black_keyboards_make_up_several_different_pictures..png,7.337845454458147e-05
NewBench,2025,0,/shared/home/sarim.hashmi/usenix/benchmark/newbench_norm/real/Separate_men_sitting_on_park_benches_playing_on_phone_and_reading..png,8.715657168067992e-05
NewBench,2025,0,/shared/home/sarim.hashmi/usenix/benchmark/newbench_norm/real/Seven_giraffe_are_standing_around_a_bush_in_a_field..png,7.015465234871954e-05
NewBench,2025,0,/shared/home/sarim.hashmi/usenix/benchmark/newbench_norm/real/Several_bicycles_lined_up_against_a_brick_building..png,0.00024780587409622967
NewBench,2025,0,/shared/home/sarim.hashmi/usenix/benchmark/newbench_norm/real/Several_buses_stopped_on_a_night_time_street..png,0.4195293188095093
NewBench,2025,0,/shared/home/sarim.hashmi/usenix/benchmark/newbench_norm/real/Several_different_pots_place_on_a_stone_floor..png,6.152679270599037e-05
NewBench,2025,0,/shared/home/sarim.hashmi/usenix/benchmark/newbench_norm/real/Several_motorcycles_and_cars_parked_on_a_city_street..png,0.020973706617951393
NewBench,2025,0,/shared/home/sarim.hashmi/usenix/benchmark/newbench_norm/real/Several_people_are_seen_sitting_around_and_smoking..png,0.0002006526046898216
NewBench,2025,0,/shared/home/sarim.hashmi/usenix/benchmark/newbench_norm/real/Several_people_stand_on_a_sidewalk_by_a_train_next_to_a_cart_stacked_with_materials..png,0.00013325485633686185
NewBench,2025,0,/shared/home/sarim.hashmi/usenix/benchmark/newbench_norm/real/Several_sheep_are_in_a_grassy_field_with_trees..png,0.00031342156580649316
NewBench,2025,0,/shared/home/sarim.hashmi/usenix/benchmark/newbench_norm/real/Sign_over_city_street_above_traffic_lights_by_a_building..png,9.391178173245862e-05
NewBench,2025,0,/shared/home/sarim.hashmi/usenix/benchmark/newbench_norm/real/Signs_with_red_men_for_go_and_stop.png,6.973012204980478e-05
NewBench,2025,0,/shared/home/sarim.hashmi/usenix/benchmark/newbench_norm/real/Small_bathroom_with_toilet_and_sink_connected_to_each_other._.png,4.6311983169289306e-05
NewBench,2025,0,/shared/home/sarim.hashmi/usenix/benchmark/newbench_norm/real/Small_black_bird_standing_on_a_wooden_table_or_deck..png,7.358769653365016e-05
NewBench,2025,0,/shared/home/sarim.hashmi/usenix/benchmark/newbench_norm/real/Small_kitchen_with_white_cabinets_and_white_appliances_with_a_city_view._.png,0.0001926221593748778
NewBench,2025,0,/shared/home/sarim.hashmi/usenix/benchmark/newbench_norm/real/Some_cars_are_traveling_on_the_streets_on_a_cloudy_day._.png,6.377918180078268e-05
NewBench,2025,0,/shared/home/sarim.hashmi/usenix/benchmark/newbench_norm/real/Street_sign_in_front_of_a_large_building_and_clear_skies..png,7.502380321966484e-05
NewBench,2025,0,/shared/home/sarim.hashmi/usenix/benchmark/newbench_norm/real/Street_signs_are_advising_people_to_proceed_while_being_aware_of_their_surroundings..png,0.00032370301778428257
NewBench,2025,0,"/shared/home/sarim.hashmi/usenix/benchmark/newbench_norm/real/Street_signs_at_an_intersection,_silhouetted_against_trees_and_a_blue_sky.png",6.5273889049422e-05
NewBench,2025,0,/shared/home/sarim.hashmi/usenix/benchmark/newbench_norm/real/THERE_IS_A_PARK_BENCH_FACING_A_SNOW_COVERED_MOUNTAIN_.png,4.9085305363405496e-05
NewBench,2025,0,/shared/home/sarim.hashmi/usenix/benchmark/newbench_norm/real/TWO_PEOPLE_IN_A_VERY_SMALL_APARTMENT_SIZE_KITCHEN.png,5.7789311540545896e-05
NewBench,2025,0,/shared/home/sarim.hashmi/usenix/benchmark/newbench_norm/real/That_looks_like_a_wall_mural_in_the_background_of_this_photo_with_a_lot_of_sheet..png,5.105164382257499e-05
NewBench,2025,0,/shared/home/sarim.hashmi/usenix/benchmark/newbench_norm/real/The_airplane_flies_low_to_the_ground_during_sunset..png,7.365951751125976e-05
NewBench,2025,0,/shared/home/sarim.hashmi/usenix/benchmark/newbench_norm/real/The_airplane_is_majestic_as_it_takes_off_into_the_air..png,8.369125862373039e-05
NewBench,2025,0,/shared/home/sarim.hashmi/usenix/benchmark/newbench_norm/real/The_back_door_with_a_window_in_the_kitchen..png,4.862796777160838e-05
NewBench,2025,0,/shared/home/sarim.hashmi/usenix/benchmark/newbench_norm/real/The_baseball_player_is_prominent_in_all_the_featured_pictures..png,0.00044529777369461954
NewBench,2025,0,/shared/home/sarim.hashmi/usenix/benchmark/newbench_norm/real/The_bathroom_has_two_large_windows_with_a_ledge..png,7.571701280539855e-05
NewBench,2025,0,/shared/home/sarim.hashmi/usenix/benchmark/newbench_norm/real/The_bathroom_is_clean_for_the_guests_to_use._.png,0.0009348347666673362
NewBench,2025,0,"/shared/home/sarim.hashmi/usenix/benchmark/newbench_norm/real/The_bathroom_is_small_but_clean_and_neat_looking,_with_an_immaculate_black_and_white_tub___shower..png",4.819512105314061e-05
NewBench,2025,0,/shared/home/sarim.hashmi/usenix/benchmark/newbench_norm/real/The_bird_is_perched_alone_on_the_bannister._.png,5.601152952294797e-05
NewBench,2025,0,/shared/home/sarim.hashmi/usenix/benchmark/newbench_norm/real/The_black_cat_is_laying_on_top_of_books_on_the_shelf._.png,5.578402488026768e-05
NewBench,2025,0,/shared/home/sarim.hashmi/usenix/benchmark/newbench_norm/real/The_car_is_traveling_down_the_road_while_the_dog_watches..png,5.302812496665865e-05
NewBench,2025,0,/shared/home/sarim.hashmi/usenix/benchmark/newbench_norm/real/The_clock_on_the_side_of_the_metal_building_is_gold_and_black._.png,6.821360875619575e-05
NewBench,2025,0,/shared/home/sarim.hashmi/usenix/benchmark/newbench_norm/real/The_couple_is_riding_the_motorcycle_together._.png,0.0003587260143831372
NewBench,2025,0,/shared/home/sarim.hashmi/usenix/benchmark/newbench_norm/real/The_fire_hydrant_is_sitting_on_the_side_of_the_road.png,0.0015020245919004083
NewBench,2025,0,/shared/home/sarim.hashmi/usenix/benchmark/newbench_norm/real/The_four_urinals_have_a_very_modern_design..png,6.127676897449419e-05
NewBench,2025,0,/shared/home/sarim.hashmi/usenix/benchmark/newbench_norm/real/The_freight_train_is_speeding_through_the_crossing..png,0.00013062922516837716
NewBench,2025,0,"/shared/home/sarim.hashmi/usenix/benchmark/newbench_norm/real/The_german_shepherd_is_guarding_the_front_of_the_barred_door,.png",8.062677807174623e-05
NewBench,2025,0,/shared/home/sarim.hashmi/usenix/benchmark/newbench_norm/real/The_giraffe_eats_from_a_reachable_limb_of_the_tree..png,0.00012121398322051391
NewBench,2025,0,/shared/home/sarim.hashmi/usenix/benchmark/newbench_norm/real/The_infamous_Big_Ben_clock_tower_towering_over_the_city_of_London..png,7.093296881066635e-05
NewBench,2025,0,/shared/home/sarim.hashmi/usenix/benchmark/newbench_norm/real/The_kitchen_sits_empty_and_unused_during_the_day..png,4.519514550338499e-05
NewBench,2025,0,/shared/home/sarim.hashmi/usenix/benchmark/newbench_norm/real/The_large_green_city_bus_is_driving_on_a_road..png,0.0001995979546336457
NewBench,2025,0,/shared/home/sarim.hashmi/usenix/benchmark/newbench_norm/real/The_lights_are_on_above_the_mirror_of_the_bathroom_sink..png,4.461975913727656e-05
NewBench,2025,0,/shared/home/sarim.hashmi/usenix/benchmark/newbench_norm/real/The_little_girl_is_standing_between_the_low_shrub_and_the_fire_plug.png,0.00018128268129657954
NewBench,2025,0,/shared/home/sarim.hashmi/usenix/benchmark/newbench_norm/real/The_motorcycle_has_a_large_cargo_box_attached_to_the_seat..png,5.253541166894138e-05
NewBench,2025,0,/shared/home/sarim.hashmi/usenix/benchmark/newbench_norm/real/The_officer_is_riding_a_horse_threw_the_streets._.png,9.700184455141425e-05
NewBench,2025,0,/shared/home/sarim.hashmi/usenix/benchmark/newbench_norm/real/The_person_stands_in_a_field_flying_a_yellow_kite._.png,9.62910198722966e-05
NewBench,2025,0,/shared/home/sarim.hashmi/usenix/benchmark/newbench_norm/real/The_red_bus_has_an_anime_girl_on_it._.png,0.00018476112745702267
NewBench,2025,0,/shared/home/sarim.hashmi/usenix/benchmark/newbench_norm/real/The_shoreline_of_a_beach_on_a_cloudy_day._.png,9.534651326248422e-05
NewBench,2025,0,/shared/home/sarim.hashmi/usenix/benchmark/newbench_norm/real/The_skilled_skier_is_taking_the_downhill_route..png,7.314037065953016e-05
NewBench,2025,0,/shared/home/sarim.hashmi/usenix/benchmark/newbench_norm/real/The_sleek_fighter_jet_is_flying_sideways_through_the_air._.png,0.00015209842240437865
NewBench,2025,0,/shared/home/sarim.hashmi/usenix/benchmark/newbench_norm/real/The_small_bathroom_has_an_old_bathtub_in_it..png,0.000184385382453911
NewBench,2025,0,/shared/home/sarim.hashmi/usenix/benchmark/newbench_norm/real/The_small_street_is_crowded_with_small_shops..png,4.987751162843779e-05
NewBench,2025,0,/shared/home/sarim.hashmi/usenix/benchmark/newbench_norm/real/The_snow_covered_mountain_looks_over_the_small_city..png,0.00012249374412931502
NewBench,2025,0,/shared/home/sarim.hashmi/usenix/benchmark/newbench_norm/real/The_stop_sign_with_an_apartment_building_in_the_backgroundis_shot_from_below..png,5.492131458595395e-05
NewBench,2025,0,/shared/home/sarim.hashmi/usenix/benchmark/newbench_norm/real/The_street_sign_is_across_from_an_electronic_sign_of_a_restaurant..png,8.941240957938135e-05
NewBench,2025,0,/shared/home/sarim.hashmi/usenix/benchmark/newbench_norm/real/The_three_giraffe_stand_next_to_a_pile_of_logs..png,0.00016773652168922126
NewBench,2025,0,/shared/home/sarim.hashmi/usenix/benchmark/newbench_norm/real/The_train_could_be_going_as_fast_as_lightning.png,0.00014768572873435915
NewBench,2025,0,/shared/home/sarim.hashmi/usenix/benchmark/newbench_norm/real/The_train_is_passing_by_the_open_field..png,0.00147509784437716
NewBench,2025,0,/shared/home/sarim.hashmi/usenix/benchmark/newbench_norm/real/The_view_from_the_airplane_shows_a_mountain_range..png,0.00022084270312916487
NewBench,2025,0,/shared/home/sarim.hashmi/usenix/benchmark/newbench_norm/real/The_windows_of_a_railroad_train_photographed_against_a_cloudy_background..png,4.660141348722391e-05
NewBench,2025,0,/shared/home/sarim.hashmi/usenix/benchmark/newbench_norm/real/The_woman_smiles_while_posing_with_a_big_cat_in_her_arms..png,0.016915317624807358
NewBench,2025,0,/shared/home/sarim.hashmi/usenix/benchmark/newbench_norm/real/The_woman_stands_near_the_stove_near_a_baby_chair_on_the_ground._.png,0.0005613687681034207
NewBench,2025,0,/shared/home/sarim.hashmi/usenix/benchmark/newbench_norm/real/There's_an_outdoor_dining_area_featuring_a_fountain._.png,0.0027624061331152916
NewBench,2025,0,/shared/home/sarim.hashmi/usenix/benchmark/newbench_norm/real/There_are_billboards_on_the_side_of_the_road..png,0.0001371019461657852
NewBench,2025,0,/shared/home/sarim.hashmi/usenix/benchmark/newbench_norm/real/There_are_many_cars_parked_next_to_the_ship..png,5.061598858446814e-05
NewBench,2025,0,/shared/home/sarim.hashmi/usenix/benchmark/newbench_norm/real/There_are_stop_signs_and_one_way_signs_at_this_intersection..png,0.004998578689992428
NewBench,2025,0,/shared/home/sarim.hashmi/usenix/benchmark/newbench_norm/real/There_are_two_men_sitting_on_a_park_bench.png,6.98009753250517e-05
NewBench,2025,0,/shared/home/sarim.hashmi/usenix/benchmark/newbench_norm/real/There_are_two_sinks_next_to_two_mirrors..png,7.368389196926728e-05
NewBench,2025,0,/shared/home/sarim.hashmi/usenix/benchmark/newbench_norm/real/There_is_a_blue_and_yellow_train_stopped_at_a_train_stop.png,8.059764513745904e-05
NewBench,2025,0,/shared/home/sarim.hashmi/usenix/benchmark/newbench_norm/real/There_is_a_man_picking_bananas_next_to_a_street..png,0.0003263222170062363
NewBench,2025,0,/shared/home/sarim.hashmi/usenix/benchmark/newbench_norm/real/This_hazy_picture_depicts_traffic_on_a_busy_street..png,0.000119836135127116
NewBench,2025,0,/shared/home/sarim.hashmi/usenix/benchmark/newbench_norm/real/This_is_an_image_of_an_elevated_train_in_the_city..png,7.385476783383638e-05
NewBench,2025,0,/shared/home/sarim.hashmi/usenix/benchmark/newbench_norm/real/This_is_an_open_box_containing_four_cucumbers..png,8.461675315629691e-05
NewBench,2025,0,/shared/home/sarim.hashmi/usenix/benchmark/newbench_norm/real/This_quaint_backyard_has_a_shed_and_a_bench.png,0.01653050258755684
NewBench,2025,0,/shared/home/sarim.hashmi/usenix/benchmark/newbench_norm/real/Thomas_the_tank_traveling_down_train_tracks_next_to_a__bush..png,0.0003353937645442784
NewBench,2025,0,/shared/home/sarim.hashmi/usenix/benchmark/newbench_norm/real/Three_airliners_are_preparing_to_load_passengers_onto_a_plane..png,0.022332359105348587
NewBench,2025,0,/shared/home/sarim.hashmi/usenix/benchmark/newbench_norm/real/Three_giraffe_eating_greens_in_a_field_next_to_lots_of_trees..png,7.040899799903855e-05
NewBench,2025,0,/shared/home/sarim.hashmi/usenix/benchmark/newbench_norm/real/Three_giraffe_standing_near_trees_and_one_eating_on_a_tree.__.png,0.0005120750865899026
NewBench,2025,0,/shared/home/sarim.hashmi/usenix/benchmark/newbench_norm/real/Three_light_sheep_are_grazing_on_grass_in_a_ring_and_a_dark_sheep_is_eating_by_himself..png,7.907452527433634e-05
NewBench,2025,0,"/shared/home/sarim.hashmi/usenix/benchmark/newbench_norm/real/Three_men_in_military_suits_are_sitting_on_a_bench,.png",0.0002153798268409446
NewBench,2025,0,/shared/home/sarim.hashmi/usenix/benchmark/newbench_norm/real/Three_monitors_sitting_on_a_table_one_with_a_view_of_a_baseball_game..png,0.0005164280300959945
NewBench,2025,0,/shared/home/sarim.hashmi/usenix/benchmark/newbench_norm/real/Three_people_on_a_motorcycle_in_the_middle_of_a_city..png,9.341447002952918e-05
NewBench,2025,0,/shared/home/sarim.hashmi/usenix/benchmark/newbench_norm/real/Three_people_riding_horses_on_a_beach_next_to_the_ocean...png,6.562815542565659e-05
NewBench,2025,0,/shared/home/sarim.hashmi/usenix/benchmark/newbench_norm/real/Three_sheep_in_the_process_of_running_on_grass_outside..png,8.535553206456825e-05
NewBench,2025,0,/shared/home/sarim.hashmi/usenix/benchmark/newbench_norm/real/Three_white_storks_with_black_legs_and_beaks_wading_in_some_water..png,0.0006310723256319761
NewBench,2025,0,/shared/home/sarim.hashmi/usenix/benchmark/newbench_norm/real/Traffic_lights_next_to_traffic_signs_on_a_bridge..png,5.097580287838355e-05
NewBench,2025,0,/shared/home/sarim.hashmi/usenix/benchmark/newbench_norm/real/Train_track_running_alongside_a_mountain_with_an_orange_train_car_in_distance..png,9.329224849352613e-05
NewBench,2025,0,/shared/home/sarim.hashmi/usenix/benchmark/newbench_norm/real/Train_with_four_cars_traveling_through_the_wooded_area..png,0.09298255294561386
NewBench,2025,0,/shared/home/sarim.hashmi/usenix/benchmark/newbench_norm/real/Twin_baby_girls_wearing_hats_eat_ice_cream..png,0.00011732374696293846
NewBench,2025,0,/shared/home/sarim.hashmi/usenix/benchmark/newbench_norm/real/Two_No_Parking_Signs_emphasize_the_law_on_this_street..png,9.960922761820257e-05
NewBench,2025,0,/shared/home/sarim.hashmi/usenix/benchmark/newbench_norm/real/Two_airplanes_flying_through_a_blue_sky_with_smoke_pouring_out_of_their_rear_ends..png,6.595892773475498e-05
NewBench,2025,0,/shared/home/sarim.hashmi/usenix/benchmark/newbench_norm/real/Two_bathroom_sinks_under_two_mirrors_next_to_paper_towel_dispenser..png,5.132632577442564e-05
NewBench,2025,0,/shared/home/sarim.hashmi/usenix/benchmark/newbench_norm/real/Two_black_horses_standing_next_to_each_other..png,0.00021192840358708054
NewBench,2025,0,/shared/home/sarim.hashmi/usenix/benchmark/newbench_norm/real/Two_buses_passing_each_other_by_while_traveling_under_a_bridge..png,8.998730481835082e-05
NewBench,2025,0,/shared/home/sarim.hashmi/usenix/benchmark/newbench_norm/real/Two_busses_on_street_next_to_cars_with_buildings_in_the_background..png,7.473325240425766e-05
NewBench,2025,0,/shared/home/sarim.hashmi/usenix/benchmark/newbench_norm/real/Two_cats_sitting_on_a__sill_looking_out_the_window.png,4.909134440822527e-05
NewBench,2025,0,/shared/home/sarim.hashmi/usenix/benchmark/newbench_norm/real/Two_giraffe_standing_next_to_each_other_around_a_tree..png,0.00012530418462119997
NewBench,2025,0,/shared/home/sarim.hashmi/usenix/benchmark/newbench_norm/real/Two_giraffe_standing_next_to_each_other_on_a_field..png,0.0016636218642815948
NewBench,2025,0,/shared/home/sarim.hashmi/usenix/benchmark/newbench_norm/real/Two_giraffe_standing_next_to_each_other_on_a_lush_green_field..png,5.486572263180278e-05
NewBench,2025,0,/shared/home/sarim.hashmi/usenix/benchmark/newbench_norm/real/Two_giraffes_are_walking_and_standing_in_the_open_field.png,0.01487436331808567
NewBench,2025,0,/shared/home/sarim.hashmi/usenix/benchmark/newbench_norm/real/Two_giraffes_in_a_outdoor_shelter_under_a_net..png,5.436681749415584e-05
NewBench,2025,0,/shared/home/sarim.hashmi/usenix/benchmark/newbench_norm/real/Two_giraffes_in_a_room_with_people_looking_at_them..png,4.5249355025589466e-05
NewBench,2025,0,/shared/home/sarim.hashmi/usenix/benchmark/newbench_norm/real/Two_giraffes_near_a_tree_in_the_wild..png,0.00424922676756978
NewBench,2025,0,/shared/home/sarim.hashmi/usenix/benchmark/newbench_norm/real/Two_giraffes_stand_in_a_dirt_yard_next_to_a_wooden_structure..png,8.730155241210014e-05
NewBench,2025,0,/shared/home/sarim.hashmi/usenix/benchmark/newbench_norm/real/Two_giraffes_standing_next_to_each_other_looking_over_a_fence..png,7.657996320631355e-05
NewBench,2025,0,/shared/home/sarim.hashmi/usenix/benchmark/newbench_norm/real/Two_goat_kids_and_one_young_lamb_are_in_a_field.__.png,8.944481669459492e-05
NewBench,2025,0,/shared/home/sarim.hashmi/usenix/benchmark/newbench_norm/real/Two_large_colorful_birds_touch_their_beaks_together..png,6.633892189711332e-05
NewBench,2025,0,/shared/home/sarim.hashmi/usenix/benchmark/newbench_norm/real/Two_large_passenger_jets_flying_over_a_beach_filled_with_birds..png,6.809226761106402e-05
NewBench,2025,0,/shared/home/sarim.hashmi/usenix/benchmark/newbench_norm/real/Two_men_riding_on_a_motorcycle_with_a_young_girl..png,9.30022360989824e-05
NewBench,2025,0,/shared/home/sarim.hashmi/usenix/benchmark/newbench_norm/real/Two_mountain_goats_standing_on_the_side_of_a_mountain..png,0.00031166712869890034
NewBench,2025,0,/shared/home/sarim.hashmi/usenix/benchmark/newbench_norm/real/Two_people_are_looking_at_a_truck_while_a_dog_is_being_walked..png,0.051761358976364136
NewBench,2025,0,/shared/home/sarim.hashmi/usenix/benchmark/newbench_norm/real/Two_people_are_sitting_at_a_picnic_table_by_a_lake..png,0.9855769276618958
NewBench,2025,0,/shared/home/sarim.hashmi/usenix/benchmark/newbench_norm/real/Two_people_ride_on_a_motorcycle_on_a_street._.png,8.793940651230514e-05
NewBench,2025,0,/shared/home/sarim.hashmi/usenix/benchmark/newbench_norm/real/Two_people_sit_in_the_sand_with_their_surf_boards._.png,4.8465848522027954e-05
NewBench,2025,0,/shared/home/sarim.hashmi/usenix/benchmark/newbench_norm/real/Two_people_standing_in_the_grass_flying_a_kite..png,0.011496183462440968
NewBench,2025,0,/shared/home/sarim.hashmi/usenix/benchmark/newbench_norm/real/Two_photos_of_an_airplane_in_the_air..png,0.0001397338492097333
NewBench,2025,0,/shared/home/sarim.hashmi/usenix/benchmark/newbench_norm/real/Two_sheep_are_looking_over_a_cement_wall..png,0.00022269114560913295
NewBench,2025,0,/shared/home/sarim.hashmi/usenix/benchmark/newbench_norm/real/Two_sheep_graze_in_a_valley_near_a_small_town..png,7.867183012422174e-05
NewBench,2025,0,/shared/home/sarim.hashmi/usenix/benchmark/newbench_norm/real/Two_sheep_one_with_a_bell_tied_to_its_neck_walking_in_a_green_field..png,0.011580020189285278
NewBench,2025,0,/shared/home/sarim.hashmi/usenix/benchmark/newbench_norm/real/Two_sheep_that_are_standing_in_the_grass..png,8.820436778478324e-05
NewBench,2025,0,/shared/home/sarim.hashmi/usenix/benchmark/newbench_norm/real/Two_signs_in_front_of_a_red_brick_building_that_say_Tow_Away_No_Stopping_from_4pm_to_6pm_and_No_Park.png,9.628669795347378e-05
NewBench,2025,0,/shared/home/sarim.hashmi/usenix/benchmark/newbench_norm/real/Two_stuffed_animals_are_cutting_bread_and_spreading_jelly_on_it..png,8.064061694312841e-05
NewBench,2025,0,/shared/home/sarim.hashmi/usenix/benchmark/newbench_norm/real/Two_tall_giraffe_standing_next_to_a_green_leaf_filled_tree.png,0.007984159514307976
NewBench,2025,0,/shared/home/sarim.hashmi/usenix/benchmark/newbench_norm/real/Two_toilets_sit_near_each_other_in_the_same_room..png,9.240376675734296e-05
NewBench,2025,0,/shared/home/sarim.hashmi/usenix/benchmark/newbench_norm/real/Two_urinals_in_wall_with_a_white_divider..png,0.00011451230966486037
NewBench,2025,0,/shared/home/sarim.hashmi/usenix/benchmark/newbench_norm/real/Vet_supplies_laying_on_the_floor_of_a_room..png,6.22653096797876e-05
NewBench,2025,0,/shared/home/sarim.hashmi/usenix/benchmark/newbench_norm/real/Water_is_spewing_form_the_ground_while_people_watch_on..png,6.81417659507133e-05
NewBench,2025,0,/shared/home/sarim.hashmi/usenix/benchmark/newbench_norm/real/We_are_looking_at_a_model_train_coming_down_the_track..png,0.0004134441551286727
NewBench,2025,0,/shared/home/sarim.hashmi/usenix/benchmark/newbench_norm/real/White_and_gray_cat_looking_past_spoked_wheel..png,0.00018559487944003195
NewBench,2025,0,/shared/home/sarim.hashmi/usenix/benchmark/newbench_norm/real/Woman_interacting_with_giraffe_at_fence_in_zoo..png,9.130242688115686e-05
NewBench,2025,0,/shared/home/sarim.hashmi/usenix/benchmark/newbench_norm/real/Woman_riding_her_bike_down_a_small_side_path..png,8.232136315200478e-05
NewBench,2025,0,/shared/home/sarim.hashmi/usenix/benchmark/newbench_norm/real/Women_taking_picture_of_themselves_while_brushing_their_teeth..png,8.418672950938344e-05
NewBench,2025,0,/shared/home/sarim.hashmi/usenix/benchmark/newbench_norm/real/Woodpeckers_on_the_side_of_trees_during_the_day..png,0.0001861288328655064
NewBench,2025,0,"/shared/home/sarim.hashmi/usenix/benchmark/newbench_norm/real/_A_bathroom_with_a_toilet,_sink,_counter_and_large_mirror.png",4.6245786506915465e-05
NewBench,2025,0,/shared/home/sarim.hashmi/usenix/benchmark/newbench_norm/real/_A_sidewalk_with_street_sings_next_to_a_road..png,0.00011330794222885743
NewBench,2025,0,/shared/home/sarim.hashmi/usenix/benchmark/newbench_norm/real/_a_street_sign_with_the_red_light_glowing_brightly_on_it_.png,4.667996472562663e-05
NewBench,2025,0,/shared/home/sarim.hashmi/usenix/benchmark/newbench_norm/real/a_bath_room_with_a_toilet_a_sink_and_a_bath_tub.png,0.00010031135752797127
NewBench,2025,0,/shared/home/sarim.hashmi/usenix/benchmark/newbench_norm/real/a_bath_room_with_a_toilet_a_stool_and_handle_bars.png,4.98487897857558e-05
NewBench,2025,0,/shared/home/sarim.hashmi/usenix/benchmark/newbench_norm/real/a_bath_room_with_two_sinks_a_large_mirror_a_bath_tub.png,0.003413800848647952
NewBench,2025,0,/shared/home/sarim.hashmi/usenix/benchmark/newbench_norm/real/a_bathroom_counter_with_two_sinks_on_it_.png,8.507047459715977e-05
NewBench,2025,0,/shared/home/sarim.hashmi/usenix/benchmark/newbench_norm/real/a_bathroom_with_a_bath_tub_a_toilet_and_a_sink.png,4.696730320574716e-05
NewBench,2025,0,/shared/home/sarim.hashmi/usenix/benchmark/newbench_norm/real/a_bathroom_with_a_sink_a_mirror_and_a_toilet.png,4.607683513313532e-05
NewBench,2025,0,/shared/home/sarim.hashmi/usenix/benchmark/newbench_norm/real/a_bathroom_with_a_white_sink_next_to_a_white_bath_tub..png,8.941419946495444e-05
NewBench,2025,0,/shared/home/sarim.hashmi/usenix/benchmark/newbench_norm/real/a_bathroom_with_bright_lights_and_white_carpet_.png,4.421844641910866e-05
NewBench,2025,0,/shared/home/sarim.hashmi/usenix/benchmark/newbench_norm/real/a_beautiful_lady_with_a_very_nice_motor_bike.png,0.00012610331759788096
NewBench,2025,0,/shared/home/sarim.hashmi/usenix/benchmark/newbench_norm/real/a_bench_in_the_woods_covered_in_snow_.png,0.018427710980176926
NewBench,2025,0,/shared/home/sarim.hashmi/usenix/benchmark/newbench_norm/real/a_big_red_fire_hydrant_on_the_side_of_a_building..png,0.00021904549794271588
NewBench,2025,0,/shared/home/sarim.hashmi/usenix/benchmark/newbench_norm/real/a_black_and_white_photo_of_a_long_bench_for_sitting_near_a_building.png,0.00012858648551627994
NewBench,2025,0,/shared/home/sarim.hashmi/usenix/benchmark/newbench_norm/real/a_blue_sign_in_the_sidewalk_of_a_walking_trail.png,8.80447041708976e-05
NewBench,2025,0,/shared/home/sarim.hashmi/usenix/benchmark/newbench_norm/real/a_bluish_motorcycle_parked_on_sidewalk_in_park.png,7.199511310318485e-05
NewBench,2025,0,/shared/home/sarim.hashmi/usenix/benchmark/newbench_norm/real/a_brown_and_white_dog_is_sitting_in_some_grass_and_a_red_and_white_fire_hydrant.png,5.5755310313543305e-05
NewBench,2025,0,/shared/home/sarim.hashmi/usenix/benchmark/newbench_norm/real/a_cat_is_sitting_on_a_wooden_bench_outside.png,5.005266211810522e-05
NewBench,2025,0,/shared/home/sarim.hashmi/usenix/benchmark/newbench_norm/real/a_close_up_of_a_cat_on_a_desk_near_a_sandwich_.png,4.575814455165528e-05
NewBench,2025,0,/shared/home/sarim.hashmi/usenix/benchmark/newbench_norm/real/a_close_up_of_a_pot_with_a_cell_phone_.png,0.011250357143580914
NewBench,2025,0,/shared/home/sarim.hashmi/usenix/benchmark/newbench_norm/real/a_close_up_of_two_giraffes_with_a_rock_background.png,0.00012838775001000613
NewBench,2025,0,/shared/home/sarim.hashmi/usenix/benchmark/newbench_norm/real/a_colofrul_biplane_flying_above_some_trees_.png,7.211515185190365e-05
NewBench,2025,0,/shared/home/sarim.hashmi/usenix/benchmark/newbench_norm/real/a_commercial_plane_is_on_the_airport_runway.png,5.431836689240299e-05
NewBench,2025,0,/shared/home/sarim.hashmi/usenix/benchmark/newbench_norm/real/a_counter_with_cleaning_supplies_ice_cube_trays_and_racks_from_a_fridge_and_a_drawer_missing.png,4.7036191972438246e-05
NewBench,2025,0,/shared/home/sarim.hashmi/usenix/benchmark/newbench_norm/real/a_couple_of_anmails_standing_next_to_a_truck.png,0.56596440076828
NewBench,2025,0,/shared/home/sarim.hashmi/usenix/benchmark/newbench_norm/real/a_couple_of_buildings_grouped_together_next_to_some_power_lines_.png,0.00037150742718949914
NewBench,2025,0,/shared/home/sarim.hashmi/usenix/benchmark/newbench_norm/real/a_couple_of_cats_sit_in_front_of_a_tub_full_of_water_.png,5.013377813156694e-05
NewBench,2025,0,/shared/home/sarim.hashmi/usenix/benchmark/newbench_norm/real/a_couple_of_fire_trucks_that_are_by_a_motorcycle.png,0.000188187463209033
NewBench,2025,0,/shared/home/sarim.hashmi/usenix/benchmark/newbench_norm/real/a_couple_of_people_in_uniforms_are_sitting_together.png,0.00010122419917024672
NewBench,2025,0,/shared/home/sarim.hashmi/usenix/benchmark/newbench_norm/real/a_couple_of_planes_are_out_on_a_runway.png,5.3919950005365536e-05
NewBench,2025,0,/shared/home/sarim.hashmi/usenix/benchmark/newbench_norm/real/a_couple_of_sgns_are_on_poles_in_the_ground.png,5.839035293320194e-05
NewBench,2025,0,/shared/home/sarim.hashmi/usenix/benchmark/newbench_norm/real/a_couple_of_sheep_walking_across_a_grass_covered_field..png,0.00040252439794130623
NewBench,2025,0,/shared/home/sarim.hashmi/usenix/benchmark/newbench_norm/real/a_cyclist_with_a_motorbike_moving_very_fast.png,0.00013819134619552642
NewBench,2025,0,/shared/home/sarim.hashmi/usenix/benchmark/newbench_norm/real/a_desk_with_a_banana_a_keyboard_and_a_mouse.png,4.2146410123677924e-05
NewBench,2025,0,/shared/home/sarim.hashmi/usenix/benchmark/newbench_norm/real/a_dog_walking_beside_a_man_carrying_a_surf_board.png,5.172289093025029e-05
NewBench,2025,0,/shared/home/sarim.hashmi/usenix/benchmark/newbench_norm/real/a_double_decker_red_bus_stopped_outside_of_a_brick_building.png,4.979097138857469e-05
NewBench,2025,0,/shared/home/sarim.hashmi/usenix/benchmark/newbench_norm/real/a_fancy_white_train_parked_by_the_platform_.png,0.0001814018323784694
NewBench,2025,0,/shared/home/sarim.hashmi/usenix/benchmark/newbench_norm/real/a_female_in_a_gray_top_is_holding_a_cellphone.png,7.252251816680655e-05
NewBench,2025,0,/shared/home/sarim.hashmi/usenix/benchmark/newbench_norm/real/a_giraffe_in_a_field_with_another_in_the_background.png,7.449525583069772e-05
NewBench,2025,0,/shared/home/sarim.hashmi/usenix/benchmark/newbench_norm/real/a_giraffe_reaching_up_to_eat_some_grass_from_a_cage_.png,0.000139214753289707
NewBench,2025,0,/shared/home/sarim.hashmi/usenix/benchmark/newbench_norm/real/a_giraffe_walking_on_a_street_with_trees.png,8.384007378481328e-05
NewBench,2025,0,/shared/home/sarim.hashmi/usenix/benchmark/newbench_norm/real/a_girl_wearing_a_cowboy_hat_while_holding_a_dog_.png,8.892425830708817e-05
NewBench,2025,0,/shared/home/sarim.hashmi/usenix/benchmark/newbench_norm/real/a_green_double_Decker_bus_stopped_on_the_street.png,5.814375981572084e-05
NewBench,2025,0,/shared/home/sarim.hashmi/usenix/benchmark/newbench_norm/real/a_green_train_engine_sitting_at_the_end_of_the_train_and_next_to_the_buidling.png,7.701923459535465e-05
NewBench,2025,0,/shared/home/sarim.hashmi/usenix/benchmark/newbench_norm/real/a_group_of_light_resting_on_a_post_with_a_street_sign_on_it.png,0.008146305568516254
NewBench,2025,0,/shared/home/sarim.hashmi/usenix/benchmark/newbench_norm/real/a_group_of_people_on_motorcycles_drive_down_the_road.png,0.0028339186683297157
NewBench,2025,0,/shared/home/sarim.hashmi/usenix/benchmark/newbench_norm/real/a_group_of_people_that_are_taking_a_picture.png,0.0061336602084338665
NewBench,2025,0,/shared/home/sarim.hashmi/usenix/benchmark/newbench_norm/real/a_group_of_urinals_is_near_the_trees.png,7.89247642387636e-05
NewBench,2025,0,/shared/home/sarim.hashmi/usenix/benchmark/newbench_norm/real/a_group_of_vehicles_parked_next_to_a_firehydrant.png,5.906012302148156e-05
NewBench,2025,0,/shared/home/sarim.hashmi/usenix/benchmark/newbench_norm/real/a_herd_of_sheep_standing_around_in_a_big_grassy_field_.png,4.88480509375222e-05
NewBench,2025,0,/shared/home/sarim.hashmi/usenix/benchmark/newbench_norm/real/a_home_made_stop_sign_in_the_middle_of_nowhere.png,6.478602881543338e-05
NewBench,2025,0,/shared/home/sarim.hashmi/usenix/benchmark/newbench_norm/real/a_kitchen_that_makes_food_has_pots_and_pans..png,5.372961823013611e-05
NewBench,2025,0,/shared/home/sarim.hashmi/usenix/benchmark/newbench_norm/real/a_kitchen_with_a__sink_surrounded_by_a_bunch_of_cluttered_items.png,0.00010353235120419413
NewBench,2025,0,/shared/home/sarim.hashmi/usenix/benchmark/newbench_norm/real/a_kitchen_with_a_nasty_dirty_kitchen_with_a_light_beam_through_the_window.png,9.447801858186722e-05
NewBench,2025,0,/shared/home/sarim.hashmi/usenix/benchmark/newbench_norm/real/a_large_air_plane_flying_in_the_air.png,5.305245940689929e-05
NewBench,2025,0,/shared/home/sarim.hashmi/usenix/benchmark/newbench_norm/real/a_large_body_of_water_with_trees_in_the_background.png,7.276039832504466e-05
NewBench,2025,0,/shared/home/sarim.hashmi/usenix/benchmark/newbench_norm/real/a_line_of_cars_with_a_motorcycle_in_front.png,0.00011048751912312582
NewBench,2025,0,/shared/home/sarim.hashmi/usenix/benchmark/newbench_norm/real/a_lit_up_counter_with_two_fancy_sinks_on_it.png,6.345958536257967e-05
NewBench,2025,0,/shared/home/sarim.hashmi/usenix/benchmark/newbench_norm/real/a_little_giraffe_sitting_on_the_ground_next_to_a_somewhat_bigger_one_.png,0.0008856672793626785
NewBench,2025,0,/shared/home/sarim.hashmi/usenix/benchmark/newbench_norm/real/a_living_room_with_some_fancy_curtains_behind_a_couch_.png,0.00017616718832869083
NewBench,2025,0,/shared/home/sarim.hashmi/usenix/benchmark/newbench_norm/real/a_man_assisting_a_woman_shearing_a_sheep_with_several_children_watching.png,0.0019128953572362661
NewBench,2025,0,/shared/home/sarim.hashmi/usenix/benchmark/newbench_norm/real/a_man_on_skis_holds_onto_the_hands_of_a_small_girl_on_skis.png,5.682911796611734e-05
NewBench,2025,0,/shared/home/sarim.hashmi/usenix/benchmark/newbench_norm/real/a_man_riding_a_small_motorcycle_in_the_bustling_streets.png,0.00013800909800920635
NewBench,2025,0,/shared/home/sarim.hashmi/usenix/benchmark/newbench_norm/real/a_man_sits_by_himself_on_a_bench_in_a_stone-paved_square_in_front_of_a_large_bed_of_flowers.png,0.0001170760951936245
NewBench,2025,0,/shared/home/sarim.hashmi/usenix/benchmark/newbench_norm/real/a_man_standing_next_to_a_red_train_near_a_train_track_.png,9.809950279304758e-05
NewBench,2025,0,/shared/home/sarim.hashmi/usenix/benchmark/newbench_norm/real/a_man_standing_on_the_side_walk_while_holding_a_sign_.png,8.961761341197416e-05
NewBench,2025,0,/shared/home/sarim.hashmi/usenix/benchmark/newbench_norm/real/a_man_taking_a_nap_on_the_bench_in_the_middle_of_a_park.png,9.150219557341188e-05
NewBench,2025,0,/shared/home/sarim.hashmi/usenix/benchmark/newbench_norm/real/a_modern_flush_toilet_in_a_bathroom_with_tile._.png,0.0002661104954313487
NewBench,2025,0,"/shared/home/sarim.hashmi/usenix/benchmark/newbench_norm/real/a_modern_kitchen_with_an_oven,_stove,_and_a_fridge_.png",5.6201894039986655e-05
NewBench,2025,0,/shared/home/sarim.hashmi/usenix/benchmark/newbench_norm/real/a_motorcycle_is_parked_near_a_building_by_the_curb.png,0.0021425988525152206
NewBench,2025,0,/shared/home/sarim.hashmi/usenix/benchmark/newbench_norm/real/a_motorcycle_parked_in_a_field_with_a_sky_background_.png,0.8691878914833069
NewBench,2025,0,/shared/home/sarim.hashmi/usenix/benchmark/newbench_norm/real/a_number_of_birds_flying_near_a_nest_.png,6.28051784588024e-05
NewBench,2025,0,/shared/home/sarim.hashmi/usenix/benchmark/newbench_norm/real/a_person_driving_a_motorcycle_on_a_closed_course.png,8.887652802513912e-05
NewBench,2025,0,/shared/home/sarim.hashmi/usenix/benchmark/newbench_norm/real/a_person_in_an_office_setting_sitting_in_a_chair.png,9.230037539964542e-05
NewBench,2025,0,/shared/home/sarim.hashmi/usenix/benchmark/newbench_norm/real/a_person_on_the_back_of_a_parked_truck.png,6.897770072100684e-05
NewBench,2025,0,/shared/home/sarim.hashmi/usenix/benchmark/newbench_norm/real/a_person_riding_a_dirt_bike_in_the_air_with_a_sky_background.png,9.366797166876495e-05
NewBench,2025,0,/shared/home/sarim.hashmi/usenix/benchmark/newbench_norm/real/a_person_riding_a_motorcycle_on_a_road_.png,0.00025738016120158136
NewBench,2025,0,/shared/home/sarim.hashmi/usenix/benchmark/newbench_norm/real/a_person_riding_a_motorcycle_on_a_road_with_a_hill_in_the_background.png,6.2295061070472e-05
NewBench,2025,0,/shared/home/sarim.hashmi/usenix/benchmark/newbench_norm/real/a_person_sitting_on_a_bike_near_many_other_parked_bikes_.png,0.0003919891023542732
NewBench,2025,0,/shared/home/sarim.hashmi/usenix/benchmark/newbench_norm/real/a_person_that_is_riding_a_bike_next_to_some_seats.png,7.642683340236545e-05
NewBench,2025,0,/shared/home/sarim.hashmi/usenix/benchmark/newbench_norm/real/a_picture_of_a_water_hydrant_with_many_snow._.png,4.891820572083816e-05
NewBench,2025,0,/shared/home/sarim.hashmi/usenix/benchmark/newbench_norm/real/a_pole_that_has_a_sign_attached_to_it.png,5.185678310226649e-05
NewBench,2025,0,/shared/home/sarim.hashmi/usenix/benchmark/newbench_norm/real/a_policeman_on_a_motorcycling_driving_on_the_road_smiling.png,0.0122740613296628
NewBench,2025,0,/shared/home/sarim.hashmi/usenix/benchmark/newbench_norm/real/a_public_bathroom_with_a_toilet_and_hand_rail.png,6.0184087487868965e-05
NewBench,2025,0,/shared/home/sarim.hashmi/usenix/benchmark/newbench_norm/real/a_public_transit_train_on_a_train_track_with_trees_in_the_background.png,5.5335684010060504e-05
NewBench,2025,0,/shared/home/sarim.hashmi/usenix/benchmark/newbench_norm/real/a_red_bus_that_has_stuff_wrote_on_the_outside.png,0.00010252690844936296
NewBench,2025,0,/shared/home/sarim.hashmi/usenix/benchmark/newbench_norm/real/a_red_fire_hydrogen_next_to_a_road_in_front_of_a_bus.png,5.080260234535672e-05
NewBench,2025,0,/shared/home/sarim.hashmi/usenix/benchmark/newbench_norm/real/a_sculpture_made_of_spoons_and_an_old_toaster.png,6.345511064864695e-05
NewBench,2025,0,/shared/home/sarim.hashmi/usenix/benchmark/newbench_norm/real/a_sign_hanging_up_that_says_waterman_ave.png,5.988056000205688e-05
NewBench,2025,0,/shared/home/sarim.hashmi/usenix/benchmark/newbench_norm/real/a_small_air_plane_on_an_air_plane_run_way.png,6.464698526542634e-05
NewBench,2025,0,/shared/home/sarim.hashmi/usenix/benchmark/newbench_norm/real/a_small_bathroom_with_a_mirror_and_sink.png,4.9526675866218284e-05
NewBench,2025,0,/shared/home/sarim.hashmi/usenix/benchmark/newbench_norm/real/a_steam_locomotive_on_a_narrow_gauge_track_in_the_snow.png,6.528777157654986e-05
NewBench,2025,0,/shared/home/sarim.hashmi/usenix/benchmark/newbench_norm/real/a_stop_sign_and_railway_crossing_sign_on_a_pole.png,6.463083263952285e-05
NewBench,2025,0,/shared/home/sarim.hashmi/usenix/benchmark/newbench_norm/real/a_store_sits_in_front_of_a_fire_hydrant_.png,7.088948768796399e-05
NewBench,2025,0,/shared/home/sarim.hashmi/usenix/benchmark/newbench_norm/real/a_street_light_hanging_fron_one_of_many_wires_connected_to_a_power_pole.png,0.0014785770326852798
NewBench,2025,0,/shared/home/sarim.hashmi/usenix/benchmark/newbench_norm/real/a_street_with_people_and_vehicles_in_the_middle_of_it.png,0.00019740023708436638
NewBench,2025,0,/shared/home/sarim.hashmi/usenix/benchmark/newbench_norm/real/a_stuffed_animal_and_a_figurine_are_sitting_on_a_bench_and_water.png,5.344794044503942e-05
NewBench,2025,0,/shared/home/sarim.hashmi/usenix/benchmark/newbench_norm/real/a_table_top_with_some_laptops_on_it_.png,8.959103433880955e-05
NewBench,2025,0,/shared/home/sarim.hashmi/usenix/benchmark/newbench_norm/real/a_toilet_sits_in_front_of_a_bath_tub.png,7.364469638559967e-05
NewBench,2025,0,/shared/home/sarim.hashmi/usenix/benchmark/newbench_norm/real/a_toilet_sits_next_to_a_bath_tub_as_a_bunch_of_tiles_sit_piled_up_.png,6.511733954539523e-05
NewBench,2025,0,/shared/home/sarim.hashmi/usenix/benchmark/newbench_norm/real/a_traffic_light_above_a_road_with_a_building_in_the_background.png,6.437642150558531e-05
NewBench,2025,0,/shared/home/sarim.hashmi/usenix/benchmark/newbench_norm/real/a_train_getting_ready_to_go_into_a_tunnel_.png,6.040418520569801e-05
NewBench,2025,0,/shared/home/sarim.hashmi/usenix/benchmark/newbench_norm/real/a_train_on_a_train_track_at_a_station_.png,6.689636938972399e-05
NewBench,2025,0,/shared/home/sarim.hashmi/usenix/benchmark/newbench_norm/real/a_train_that_is_on_a_train_track.png,0.0003812288341578096
NewBench,2025,0,/shared/home/sarim.hashmi/usenix/benchmark/newbench_norm/real/a_tree_surrounded_by_a_little_bench_with_someone_sitting_on_it.png,0.0002075113879982382
NewBench,2025,0,/shared/home/sarim.hashmi/usenix/benchmark/newbench_norm/real/a_very_big_boat_that_is_in_some_water.png,6.671054870821536e-05
NewBench,2025,0,/shared/home/sarim.hashmi/usenix/benchmark/newbench_norm/real/a_very_big_bus_moving_on_the_street_with_no_people.png,6.43100356683135e-05
NewBench,2025,0,/shared/home/sarim.hashmi/usenix/benchmark/newbench_norm/real/a_view_of_a_bathroom_area_with_a_white_long_flusher_and_window_behind_it_.png,6.930300878593698e-05
NewBench,2025,0,/shared/home/sarim.hashmi/usenix/benchmark/newbench_norm/real/a_white_and_black_sea_bird_standing_in_very_shallow_water.png,6.231146107893437e-05
NewBench,2025,0,/shared/home/sarim.hashmi/usenix/benchmark/newbench_norm/real/a_white_bus_is_on_a_busy_street.png,0.524215817451477
NewBench,2025,0,/shared/home/sarim.hashmi/usenix/benchmark/newbench_norm/real/a_woman_in_kitchen_cooking_chips_in_fry.png,5.696106381947175e-05
NewBench,2025,0,/shared/home/sarim.hashmi/usenix/benchmark/newbench_norm/real/a_woman_is_out_in_a_field_with_sheep_.png,5.600885924650356e-05
NewBench,2025,0,/shared/home/sarim.hashmi/usenix/benchmark/newbench_norm/real/a_woman_is_standing_next_to_an_oven.png,5.451047036331147e-05
NewBench,2025,0,/shared/home/sarim.hashmi/usenix/benchmark/newbench_norm/real/a_woman_posing_on_a_wooden_bench_in_the_woods.png,0.9572436809539795
NewBench,2025,0,/shared/home/sarim.hashmi/usenix/benchmark/newbench_norm/real/a_woman_riding_a_horse_while_holding_a_flag.png,0.00012181269266875461
NewBench,2025,0,/shared/home/sarim.hashmi/usenix/benchmark/newbench_norm/real/a_wooden_and_metal_bench_near_a_over_grown_bush.png,0.00029553615604527295
NewBench,2025,0,/shared/home/sarim.hashmi/usenix/benchmark/newbench_norm/real/a_young_female_siting_on_a_bench_near_a_small_stagnant_lake.png,0.04885173961520195
NewBench,2025,0,/shared/home/sarim.hashmi/usenix/benchmark/newbench_norm/real/an_image_of_a_a_plane_that_is_flying_in_the_air.png,6.339969695545733e-05
NewBench,2025,0,/shared/home/sarim.hashmi/usenix/benchmark/newbench_norm/real/an_image_of_a_cat_in_a_toilet_with_the_water.png,7.06118589732796e-05
NewBench,2025,0,/shared/home/sarim.hashmi/usenix/benchmark/newbench_norm/real/an_image_of_a_tourbus_stopping_on_a_route.png,0.00012857177352998406
NewBench,2025,0,/shared/home/sarim.hashmi/usenix/benchmark/newbench_norm/real/an_up_close_picture_of_mechanic_of_a_bike_.png,0.00016183317347895354
NewBench,2025,0,/shared/home/sarim.hashmi/usenix/benchmark/newbench_norm/real/cars_wait_at_red_light_at_an_intersection_by_mountains.png,5.894320202060044e-05
NewBench,2025,0,"/shared/home/sarim.hashmi/usenix/benchmark/newbench_norm/real/group_of_giraffes_mingling_in_a_stand_of_trees
.png",0.02302321046590805
NewBench,2025,0,/shared/home/sarim.hashmi/usenix/benchmark/newbench_norm/real/many_bikes_parked_in_a_parking_lot_very_close_to_each_other.png,0.00012705248082056642
NewBench,2025,0,"/shared/home/sarim.hashmi/usenix/benchmark/newbench_norm/real/older_women_sit_on_a_bench,_with_one_of_the_women_holding_crutches.png",8.61981970956549e-05
NewBench,2025,0,/shared/home/sarim.hashmi/usenix/benchmark/newbench_norm/real/people_at_costume_party_dressed_up_in_costumes.png,0.00011076009104726836
NewBench,2025,0,/shared/home/sarim.hashmi/usenix/benchmark/newbench_norm/real/people_riding_bikes_near_a_beach_and_others_swimming.png,7.320092845475301e-05
NewBench,2025,0,/shared/home/sarim.hashmi/usenix/benchmark/newbench_norm/real/people_standing_outside_a_building_with_clocks_built_into_the_side_of_it.png,7.297073170775548e-05
NewBench,2025,0,/shared/home/sarim.hashmi/usenix/benchmark/newbench_norm/real/several_motorcycles_are_parked_next_to_each_other.png,0.000309971219394356
NewBench,2025,0,/shared/home/sarim.hashmi/usenix/benchmark/newbench_norm/real/some_blurred_sheep_are_running_and_some_green_grass.png,8.772507135290653e-05
NewBench,2025,0,/shared/home/sarim.hashmi/usenix/benchmark/newbench_norm/real/some_people_on_a_park_bench_in_a_field.png,0.00016873526328708977
NewBench,2025,0,/shared/home/sarim.hashmi/usenix/benchmark/newbench_norm/real/there_are_blue_lights_shining_threw_palm_trees_.png,8.485544822178781e-05
NewBench,2025,0,/shared/home/sarim.hashmi/usenix/benchmark/newbench_norm/real/there_are_many_rocks_on_the_side_of_this_road.png,0.00010338821448385715
NewBench,2025,0,/shared/home/sarim.hashmi/usenix/benchmark/newbench_norm/real/there_are_several_stop_signs_along_side_the_grass.png,0.11232982575893402
NewBench,2025,0,/shared/home/sarim.hashmi/usenix/benchmark/newbench_norm/real/there_are_two_very_tall_giraffes_in_this_zoo_by_the_water.png,5.004932245356031e-05
NewBench,2025,0,/shared/home/sarim.hashmi/usenix/benchmark/newbench_norm/real/there_is_a_one_way_street_sign_under_a_street_name_sign.png,0.001018801238387823
NewBench,2025,0,/shared/home/sarim.hashmi/usenix/benchmark/newbench_norm/real/there_is_a_sheep_behind_a_fence_standing_in_the_snow.png,0.0001807190419640392
NewBench,2025,0,/shared/home/sarim.hashmi/usenix/benchmark/newbench_norm/real/there_is_a_stop_sign_at_the_end_of_this_cross_walk.png,0.003230893285945058
NewBench,2025,0,/shared/home/sarim.hashmi/usenix/benchmark/newbench_norm/real/this_fire_hydrant_has_a_painting_on_it.png,0.0001520093937870115
NewBench,2025,0,/shared/home/sarim.hashmi/usenix/benchmark/newbench_norm/real/this_is_a_bus_with_an_ad_for_a_casino.png,0.0001417010062141344
NewBench,2025,0,/shared/home/sarim.hashmi/usenix/benchmark/newbench_norm/real/this_is_a_close_up_picture_of_a_roosters_neck.png,6.681935337837785e-05
NewBench,2025,0,/shared/home/sarim.hashmi/usenix/benchmark/newbench_norm/real/this_man_is_riding_a_board_near_a_field.png,0.0006107602966949344
NewBench,2025,0,/shared/home/sarim.hashmi/usenix/benchmark/newbench_norm/real/three_children_sitting_on_a_bench_near_one_another.png,0.00012957632134202868
NewBench,2025,0,/shared/home/sarim.hashmi/usenix/benchmark/newbench_norm/real/train_pulling_up_the_track_while_people_wait_on_the_sidewalk.png,5.1851147873094305e-05
NewBench,2025,0,/shared/home/sarim.hashmi/usenix/benchmark/newbench_norm/real/two_birds_flying_over_some_water_and_their_reflection.png,0.0001029692793963477
NewBench,2025,0,/shared/home/sarim.hashmi/usenix/benchmark/newbench_norm/real/two_large_air_planes_on_a_run_way.png,8.342457294929773e-05
NewBench,2025,0,/shared/home/sarim.hashmi/usenix/benchmark/newbench_norm/real/two_people_riding_on_a_motorcycle_on_a_road.png,7.3063543823082e-05
NewBench,2025,1,/shared/home/sarim.hashmi/usenix/benchmark/newbench_norm/fake/1_military_jet_fighter_flying_in_formation_alongside_a_1_military_propeller_pilot._.png,0.00011170536890858784
NewBench,2025,1,/shared/home/sarim.hashmi/usenix/benchmark/newbench_norm/fake/A_CGI_man_sitting_on_top_of_a_CGI_hospital_bed..png,0.00011770451965276152
NewBench,2025,1,/shared/home/sarim.hashmi/usenix/benchmark/newbench_norm/fake/A_CLEAN_AND_COLORFUL_BATHROOM_WITH_A_LARGE_MIRROR.png,0.00022146959963720292
NewBench,2025,1,/shared/home/sarim.hashmi/usenix/benchmark/newbench_norm/fake/A_LOT_OF_SHEEP_IS_IN_THE_GRASS_WITH_A_SHEEP_DOG.png,0.000346516928402707
NewBench,2025,1,/shared/home/sarim.hashmi/usenix/benchmark/newbench_norm/fake/A_banana_that_is_sitting_in_a_bowl_on_the_table..png,0.00038428898551501334
NewBench,2025,1,/shared/home/sarim.hashmi/usenix/benchmark/newbench_norm/fake/A_basket_filled_with_ripe_bananas_on_top_of_a_table..png,0.003795878030359745
NewBench,2025,1,/shared/home/sarim.hashmi/usenix/benchmark/newbench_norm/fake/A_bathroom_filled_with_a_white_toilet_next_to_a_sink..png,0.0003478228172753006
NewBench,2025,1,/shared/home/sarim.hashmi/usenix/benchmark/newbench_norm/fake/A_bathroom_has_a_self_standing_sink_on_the_wall..png,0.00014508963795378804
NewBench,2025,1,"/shared/home/sarim.hashmi/usenix/benchmark/newbench_norm/fake/A_bathroom_has_a_toilet,_sink,_mirror_and_bidet..png",9.571391274221241e-05
NewBench,2025,1,/shared/home/sarim.hashmi/usenix/benchmark/newbench_norm/fake/A_bathroom_is_photographed_with_a_fisheye_filter..png,0.00014322352944873273
NewBench,2025,1,"/shared/home/sarim.hashmi/usenix/benchmark/newbench_norm/fake/A_bathroom_is_shown_with_a_toilet,_sink,_and_shower..png",7.758869469398633e-05
NewBench,2025,1,"/shared/home/sarim.hashmi/usenix/benchmark/newbench_norm/fake/A_bathroom_scene_with_a_toilet,_sink_and_a_mirror..png",0.000451737578259781
NewBench,2025,1,/shared/home/sarim.hashmi/usenix/benchmark/newbench_norm/fake/A_bathroom_showing_a_necklace_rack_and_toiletries_grouped_on_the_sink_.png,0.0007102644885890186
NewBench,2025,1,/shared/home/sarim.hashmi/usenix/benchmark/newbench_norm/fake/A_bathroom_sink_sitting_under_a_large_mirror..png,0.00011249403178226203
NewBench,2025,1,/shared/home/sarim.hashmi/usenix/benchmark/newbench_norm/fake/A_bathroom_sink_under_a_mirror_in_a_bathroom..png,8.745970262680203e-05
NewBench,2025,1,"/shared/home/sarim.hashmi/usenix/benchmark/newbench_norm/fake/A_bathroom_sink_with_a_toothbrush,_soap_dispenser_and_mirror..png",0.00013300070713739842
NewBench,2025,1,/shared/home/sarim.hashmi/usenix/benchmark/newbench_norm/fake/A_bathroom_sink_with_wood_finish_cabinets._.png,9.842951112659648e-05
NewBench,2025,1,/shared/home/sarim.hashmi/usenix/benchmark/newbench_norm/fake/A_bathroom_that_has_a_special_shelf_for_towels._.png,0.00013444283104036003
NewBench,2025,1,/shared/home/sarim.hashmi/usenix/benchmark/newbench_norm/fake/A_bathroom_toilet_with_yellow_liquid_inside_and_a_dirty_tub..png,0.03267683461308479
NewBench,2025,1,"/shared/home/sarim.hashmi/usenix/benchmark/newbench_norm/fake/A_bathroom_with_a_shower_curtain,_a_toilet,_a_sink_and_cabinets..png",0.014238097704946995
NewBench,2025,1,"/shared/home/sarim.hashmi/usenix/benchmark/newbench_norm/fake/A_bathroom_with_a_sink,_counter,_toilet_and_shower_curtain..png",0.00012441727449186146
NewBench,2025,1,/shared/home/sarim.hashmi/usenix/benchmark/newbench_norm/fake/A_bathroom_with_a_standing_shower_next_to_a_sink_and_mirror..png,0.000151791115058586
NewBench,2025,1,"/shared/home/sarim.hashmi/usenix/benchmark/newbench_norm/fake/A_bathroom_with_a_toilet,_tub,_mirror_and_shower_curtain._.png",0.00011074911890318617
NewBench,2025,1,/shared/home/sarim.hashmi/usenix/benchmark/newbench_norm/fake/A_bathroom_with_a_toilet_bowl_and_shower..png,0.00025156643823720515
NewBench,2025,1,/shared/home/sarim.hashmi/usenix/benchmark/newbench_norm/fake/A_bathroom_with_a_vanity_mirror_toilette_and_kitchen_sink_next_to_a_shower..png,0.0002495823136996478
NewBench,2025,1,/shared/home/sarim.hashmi/usenix/benchmark/newbench_norm/fake/A_bathroom_with_a_white_bath_tub_and_two_sinks..png,0.005909009836614132
NewBench,2025,1,/shared/home/sarim.hashmi/usenix/benchmark/newbench_norm/fake/A_bathroom_with_a_white_sink_next_to_a_toilet_paper_roller..png,0.0002082046412397176
NewBench,2025,1,/shared/home/sarim.hashmi/usenix/benchmark/newbench_norm/fake/A_bathroom_with_a_white_toilet_next_to_a_shower..png,0.00019056261226069182
NewBench,2025,1,/shared/home/sarim.hashmi/usenix/benchmark/newbench_norm/fake/A_bathroom_with_two_toilets_look_in_very_bad_shape..png,0.000247708783717826
NewBench,2025,1,/shared/home/sarim.hashmi/usenix/benchmark/newbench_norm/fake/A_bathroom_with_white_colored_cabinets_and_toilet.png,0.0001852510031312704
NewBench,2025,1,/shared/home/sarim.hashmi/usenix/benchmark/newbench_norm/fake/A_bathroom_with_white_urinals_amd_sinks_and_brown_stall_doors..png,4.293552410672419e-05
NewBench,2025,1,/shared/home/sarim.hashmi/usenix/benchmark/newbench_norm/fake/A_bathtub_with_candles_lit_up_around_it_and_a_stool_next_to_it..png,0.00012034321116516367
NewBench,2025,1,/shared/home/sarim.hashmi/usenix/benchmark/newbench_norm/fake/A_beautiful_kitchen_with_lots_of_windows_and_wooden_cabinets._.png,0.005343410652130842
NewBench,2025,1,/shared/home/sarim.hashmi/usenix/benchmark/newbench_norm/fake/A_beige_bathroom_with_a_phone_beside_the_toilet..png,0.00016034937289077789
NewBench,2025,1,/shared/home/sarim.hashmi/usenix/benchmark/newbench_norm/fake/A_bench_partially_buried_in_sand_on_a_beach_near_the_ocean..png,0.00016660384426359087
NewBench,2025,1,/shared/home/sarim.hashmi/usenix/benchmark/newbench_norm/fake/A_bench_that_looks_like_a_round_hut..png,0.6941839456558228
NewBench,2025,1,/shared/home/sarim.hashmi/usenix/benchmark/newbench_norm/fake/A_bicycle_resting_outside_of_a_building_door.png,0.055668991059064865
NewBench,2025,1,/shared/home/sarim.hashmi/usenix/benchmark/newbench_norm/fake/A_bicyclist_is_riding_across_the_street_next_to_someone_on_a_motorcycle._.png,0.0004160171374678612
NewBench,2025,1,/shared/home/sarim.hashmi/usenix/benchmark/newbench_norm/fake/A_big_commercial_plane_flying_in_cloudy_skies..png,0.0001648711768211797
NewBench,2025,1,/shared/home/sarim.hashmi/usenix/benchmark/newbench_norm/fake/A_big_locomotive_stopped_in_a_train_station.png,0.0002522006689105183
NewBench,2025,1,/shared/home/sarim.hashmi/usenix/benchmark/newbench_norm/fake/A_bike_is_parked_alongside_the_lake_shore..png,0.00013521370419766754
NewBench,2025,1,/shared/home/sarim.hashmi/usenix/benchmark/newbench_norm/fake/A_bike_is_shown_attached_to_a_rack..png,0.00013024438521824777
NewBench,2025,1,/shared/home/sarim.hashmi/usenix/benchmark/newbench_norm/fake/A_bike_parked_in_front_of_a_store_with_a_basket..png,0.0005939857801422477
NewBench,2025,1,/shared/home/sarim.hashmi/usenix/benchmark/newbench_norm/fake/A_bike_sitting_In_a_glass_window_in_a_building.png,0.00014328965335153043
NewBench,2025,1,/shared/home/sarim.hashmi/usenix/benchmark/newbench_norm/fake/A_bird_flying_through_the_air_while_flapping_it's_wings..png,0.00013124749239068478
NewBench,2025,1,/shared/home/sarim.hashmi/usenix/benchmark/newbench_norm/fake/A_bird_is_standing_upright_in_the_water_and_leaves..png,9.21471873880364e-05
NewBench,2025,1,/shared/home/sarim.hashmi/usenix/benchmark/newbench_norm/fake/A_bird_perched_on_the_back_of_a_white_bench..png,5.464954665512778e-05
NewBench,2025,1,/shared/home/sarim.hashmi/usenix/benchmark/newbench_norm/fake/A_bird_perched_on_top_of_a_wooden_power_pole..png,9.41735488595441e-05
NewBench,2025,1,/shared/home/sarim.hashmi/usenix/benchmark/newbench_norm/fake/A_bird_stands_on_the_ground_among_dried_leaves..png,8.843985415296629e-05
NewBench,2025,1,/shared/home/sarim.hashmi/usenix/benchmark/newbench_norm/fake/A_bird_that_is_on_a_tree_limb..png,6.155725714052096e-05
NewBench,2025,1,/shared/home/sarim.hashmi/usenix/benchmark/newbench_norm/fake/A_bird_with_a_fish_in_its_hand_on_a_beach..png,6.322123954305425e-05
NewBench,2025,1,/shared/home/sarim.hashmi/usenix/benchmark/newbench_norm/fake/A_birthday_cake_is_decorated_like_a_fire_engine..png,0.0014382961671799421
NewBench,2025,1,/shared/home/sarim.hashmi/usenix/benchmark/newbench_norm/fake/A_black_and_white_dog_on_a_brown_tile_floor_next_to_counter..png,0.00036334682954475284
NewBench,2025,1,/shared/home/sarim.hashmi/usenix/benchmark/newbench_norm/fake/A_black_and_white_photo_of_an_old_locomotive..png,0.00017327131354250014
NewBench,2025,1,/shared/home/sarim.hashmi/usenix/benchmark/newbench_norm/fake/A_black_and_white_photo_of_four_young_children..png,0.00013165638665668666
NewBench,2025,1,/shared/home/sarim.hashmi/usenix/benchmark/newbench_norm/fake/A_black_and_white_toilet_with_a_plunger..png,0.020079471170902252
NewBench,2025,1,/shared/home/sarim.hashmi/usenix/benchmark/newbench_norm/fake/A_black_and_yellow_fire_hydrant_on_a_city_sidewalk..png,0.00020553202193696052
NewBench,2025,1,/shared/home/sarim.hashmi/usenix/benchmark/newbench_norm/fake/A_black_cat_half-submerged_in_a_toilet_while_drinking_out_of_it..png,0.0002351615985389799
NewBench,2025,1,/shared/home/sarim.hashmi/usenix/benchmark/newbench_norm/fake/A_black_cat_wearing_a_black_beanie_while_laying_on_a_red_couch...png,0.00010479050251888111
NewBench,2025,1,/shared/home/sarim.hashmi/usenix/benchmark/newbench_norm/fake/A_black_lab_waits_at_a_picnic_table_for_it's_master..png,0.03379093110561371
NewBench,2025,1,/shared/home/sarim.hashmi/usenix/benchmark/newbench_norm/fake/A_blonde_woman_standing_in_front_of_a_red_double_decker_bus..png,0.0021188457030802965
NewBench,2025,1,/shared/home/sarim.hashmi/usenix/benchmark/newbench_norm/fake/A_blue_bike_parked_next_to_a_tree_in_a_planter..png,0.0032067056745290756
NewBench,2025,1,/shared/home/sarim.hashmi/usenix/benchmark/newbench_norm/fake/A_blue_bowl_sitting_on_a_table_with_a_banana_in_it._.png,0.0008460504468530416
NewBench,2025,1,/shared/home/sarim.hashmi/usenix/benchmark/newbench_norm/fake/A_blue_bus_driving_down_a_street_next_to_trees..png,0.0004143579863011837
NewBench,2025,1,/shared/home/sarim.hashmi/usenix/benchmark/newbench_norm/fake/A_blue_bus_is_crossing_the_intersection_with_various_vehicles_behind_it..png,0.011571258306503296
NewBench,2025,1,/shared/home/sarim.hashmi/usenix/benchmark/newbench_norm/fake/A_blue_motor_scooter_parked_in_a_parking_lot..png,8.229993545683101e-05
NewBench,2025,1,/shared/home/sarim.hashmi/usenix/benchmark/newbench_norm/fake/A_blue_motor_scooter_with_a_cat_sitting_on_it..png,0.00015535566490143538
NewBench,2025,1,/shared/home/sarim.hashmi/usenix/benchmark/newbench_norm/fake/A_boat_sitting_next_to_a_beach_in_the_ocean_covered_with_birds..png,0.00014500002725981176
NewBench,2025,1,/shared/home/sarim.hashmi/usenix/benchmark/newbench_norm/fake/A_boat_that_is_on_the_sand_and_people_nearby._.png,0.0003255109186284244
NewBench,2025,1,/shared/home/sarim.hashmi/usenix/benchmark/newbench_norm/fake/A_bowl_in_a_sink_and_window_in_a_room..png,0.00010583591210888699
NewBench,2025,1,"/shared/home/sarim.hashmi/usenix/benchmark/newbench_norm/fake/A_bowl_of_cereal_with_milk,_bananas,_raspberries_and_blueberries..png",0.00019683243590407073
NewBench,2025,1,/shared/home/sarim.hashmi/usenix/benchmark/newbench_norm/fake/A_boy_carrying_a_surfboard_on_a_busy_sidewalk..png,0.001401533605530858
NewBench,2025,1,/shared/home/sarim.hashmi/usenix/benchmark/newbench_norm/fake/A_boy_in_blue_hat_riding_on_a_carousel..png,8.18731714389287e-05
NewBench,2025,1,/shared/home/sarim.hashmi/usenix/benchmark/newbench_norm/fake/A_bright_blue_and_white_AMX_jet_is_in_the_clear_sky..png,0.0002657808654475957
NewBench,2025,1,/shared/home/sarim.hashmi/usenix/benchmark/newbench_norm/fake/A_brown_duck_floats_by_itself_on_the_water.png,0.0001722294691717252
NewBench,2025,1,/shared/home/sarim.hashmi/usenix/benchmark/newbench_norm/fake/A_brown_plane_is_parked_at_air_port.png,0.00022275549417827278
NewBench,2025,1,/shared/home/sarim.hashmi/usenix/benchmark/newbench_norm/fake/A_brown_songbird_perched_on_the_handlebars_of_a_bicycle..png,5.67321949347388e-05
NewBench,2025,1,/shared/home/sarim.hashmi/usenix/benchmark/newbench_norm/fake/A_building_in_the_sky_that_has_the_lights_on..png,9.613367001293227e-05
NewBench,2025,1,/shared/home/sarim.hashmi/usenix/benchmark/newbench_norm/fake/A_bunch_of_airplanes_are_parked_on_the_runway._.png,0.0006207209662534297
NewBench,2025,1,/shared/home/sarim.hashmi/usenix/benchmark/newbench_norm/fake/A_bunch_of_antelopes_are_seen_roaming_the_plains..png,9.726257849251851e-05
NewBench,2025,1,/shared/home/sarim.hashmi/usenix/benchmark/newbench_norm/fake/A_bunch_of_bananas_hanging_from_a_green_tree..png,0.8146592974662781
NewBench,2025,1,/shared/home/sarim.hashmi/usenix/benchmark/newbench_norm/fake/A_bunch_of_bicycles_parked_on_the_street_with_items_sitting_around_them_.png,8.991765207611024e-05
NewBench,2025,1,/shared/home/sarim.hashmi/usenix/benchmark/newbench_norm/fake/A_bunch_of_giraffes_that_are_standing_in_the_dirt..png,9.400567796546966e-05
NewBench,2025,1,/shared/home/sarim.hashmi/usenix/benchmark/newbench_norm/fake/A_bunch_of_goats_are_eating_out_of_a_box.png,9.218989725923166e-05
NewBench,2025,1,/shared/home/sarim.hashmi/usenix/benchmark/newbench_norm/fake/A_bunch_of_sheep_smile_are_they_walk_by..png,0.0001907713303808123
NewBench,2025,1,/shared/home/sarim.hashmi/usenix/benchmark/newbench_norm/fake/A_bunk_bed_sits_next_to_an_open_window._.png,0.00019179486844222993
NewBench,2025,1,/shared/home/sarim.hashmi/usenix/benchmark/newbench_norm/fake/A_bus_all_lite_up_inside_and_out_with_diffrent_colors_._.png,0.001162107102572918
NewBench,2025,1,/shared/home/sarim.hashmi/usenix/benchmark/newbench_norm/fake/A_bus_driving_down_a_city_street_during_the_day..png,0.7409242391586304
NewBench,2025,1,/shared/home/sarim.hashmi/usenix/benchmark/newbench_norm/fake/A_bus_is_parked_in_front_of_a_building..png,0.9687406420707703
NewBench,2025,1,/shared/home/sarim.hashmi/usenix/benchmark/newbench_norm/fake/A_bus_is_parked_on_the_street_away_from_some_cars..png,0.12910032272338867
NewBench,2025,1,/shared/home/sarim.hashmi/usenix/benchmark/newbench_norm/fake/A_bus_on_a_divided_street_near_a_stop_light..png,8.20225031930022e-05
NewBench,2025,1,/shared/home/sarim.hashmi/usenix/benchmark/newbench_norm/fake/A_bus_pulled_up_to_the_curb_along_a_road..png,0.00013307936023920774
NewBench,2025,1,/shared/home/sarim.hashmi/usenix/benchmark/newbench_norm/fake/A_bus_stop_next_to_a_curvy_road_surrounded_by_traffic_lights..png,7.786235073581338e-05
NewBench,2025,1,/shared/home/sarim.hashmi/usenix/benchmark/newbench_norm/fake/A_bus_stop_sign_on_a_city_street..png,9.725581185193732e-05
NewBench,2025,1,/shared/home/sarim.hashmi/usenix/benchmark/newbench_norm/fake/A_bus_stops_next_to_a_street_sign..png,0.02608235739171505
NewBench,2025,1,/shared/home/sarim.hashmi/usenix/benchmark/newbench_norm/fake/A_bus_traveling_down_a_road_next_to_a_bus_stop..png,0.0001290845248149708
NewBench,2025,1,/shared/home/sarim.hashmi/usenix/benchmark/newbench_norm/fake/A_bus_travels_on_a_road_near_buildings_and_parked_vehicles.png,0.00010200597171206027
NewBench,2025,1,/shared/home/sarim.hashmi/usenix/benchmark/newbench_norm/fake/A_bus_window_with_finger_writing_on_it..png,0.00012639439955819398
NewBench,2025,1,/shared/home/sarim.hashmi/usenix/benchmark/newbench_norm/fake/A_bus_with_a_mural_on_the_side_and_front..png,7.635267684236169e-05
NewBench,2025,1,/shared/home/sarim.hashmi/usenix/benchmark/newbench_norm/fake/A_busy_city_street_filled_with_people_walling_and_street_signs..png,0.0014015956548973918
NewBench,2025,1,/shared/home/sarim.hashmi/usenix/benchmark/newbench_norm/fake/A_busy_city_street_with_dimly_lit_trees_at_night..png,0.00010734229726949707
NewBench,2025,1,/shared/home/sarim.hashmi/usenix/benchmark/newbench_norm/fake/A_cage_packed_full_of_yellow_parakeets._.png,0.8764759302139282
NewBench,2025,1,/shared/home/sarim.hashmi/usenix/benchmark/newbench_norm/fake/A_cake_cover_is_made_to_look_like_a_wire_birdcage._.png,0.003062897128984332
NewBench,2025,1,/shared/home/sarim.hashmi/usenix/benchmark/newbench_norm/fake/A_calico_cat_drinking_water_from_a_running_tap_in_a_bathroom..png,0.017737295478582382
NewBench,2025,1,/shared/home/sarim.hashmi/usenix/benchmark/newbench_norm/fake/A_car_is_parked_on_the_street_by_some_signs..png,0.00014224578626453876
NewBench,2025,1,/shared/home/sarim.hashmi/usenix/benchmark/newbench_norm/fake/A_car_is_waiting_beside_people_standing_on_the_sidewalk..png,0.04110919311642647
NewBench,2025,1,/shared/home/sarim.hashmi/usenix/benchmark/newbench_norm/fake/A_cat_in_a_birthday_hat_is_lying_on_a_couch..png,7.640446710865945e-05
NewBench,2025,1,/shared/home/sarim.hashmi/usenix/benchmark/newbench_norm/fake/A_cat_is_drinking_water_from_the_toilet_bowl.png,8.088830509223044e-05
NewBench,2025,1,/shared/home/sarim.hashmi/usenix/benchmark/newbench_norm/fake/A_cat_laying_next_to_a_stainless_steel_bowl..png,0.001945503056049347
NewBench,2025,1,/shared/home/sarim.hashmi/usenix/benchmark/newbench_norm/fake/A_cat_laying_on_a_cushion_on_top_of_a_table..png,0.11786583811044693
NewBench,2025,1,/shared/home/sarim.hashmi/usenix/benchmark/newbench_norm/fake/A_cat_looking_out_of_a_vehicle_window_during_rain..png,0.00023317652812693268
NewBench,2025,1,/shared/home/sarim.hashmi/usenix/benchmark/newbench_norm/fake/A_cat_lying_in_a_white_sink_in_the_bathroom._.png,0.0001384126371704042
NewBench,2025,1,/shared/home/sarim.hashmi/usenix/benchmark/newbench_norm/fake/A_cat_sits_on_the_edge_of_a_bathroom_sink..png,0.0005423772381618619
NewBench,2025,1,/shared/home/sarim.hashmi/usenix/benchmark/newbench_norm/fake/A_cat_sitting_on_top_of_a_green_car..png,7.733356324024498e-05
NewBench,2025,1,/shared/home/sarim.hashmi/usenix/benchmark/newbench_norm/fake/A_cat_sitting_on_top_of_a_window_sill_over_a_sink..png,9.940057498170063e-05
NewBench,2025,1,/shared/home/sarim.hashmi/usenix/benchmark/newbench_norm/fake/A_cat_sitting_outside_on_a_bench_on_a_sunny_day..png,0.0005443665431812406
NewBench,2025,1,/shared/home/sarim.hashmi/usenix/benchmark/newbench_norm/fake/A_cat_sitting_outside_on_some_cobble_stone..png,0.0018714542966336012
NewBench,2025,1,/shared/home/sarim.hashmi/usenix/benchmark/newbench_norm/fake/A_cat_standing_on_top_of_a_toilet_seat_next_to_a_sink..png,0.00010497823677724227
NewBench,2025,1,/shared/home/sarim.hashmi/usenix/benchmark/newbench_norm/fake/A_cat_standing_on_top_of_a_wooden_bench..png,0.0001242542639374733
NewBench,2025,1,/shared/home/sarim.hashmi/usenix/benchmark/newbench_norm/fake/A_center_island_in_a_kitchen_covered_in_a_fan..png,8.885644638212398e-05
NewBench,2025,1,/shared/home/sarim.hashmi/usenix/benchmark/newbench_norm/fake/A_chair_and_a_table_in_a_small_room..png,6.51414375170134e-05
NewBench,2025,1,/shared/home/sarim.hashmi/usenix/benchmark/newbench_norm/fake/A_cheesy_pastry_sitting_on_top_of_a_plate..png,0.026551129296422005
NewBench,2025,1,/shared/home/sarim.hashmi/usenix/benchmark/newbench_norm/fake/A_church_with_a_massively_tall_tower_covered_in_a_clock..png,0.0005724898655898869
NewBench,2025,1,/shared/home/sarim.hashmi/usenix/benchmark/newbench_norm/fake/A_city_street_filled_with_lots_of_traffic..png,0.00012608853285200894
NewBench,2025,1,/shared/home/sarim.hashmi/usenix/benchmark/newbench_norm/fake/A_city_street_filled_with_traffic_and_parking_lights..png,0.03015216439962387
NewBench,2025,1,/shared/home/sarim.hashmi/usenix/benchmark/newbench_norm/fake/A_city_traffic_light_is_red_with_a_large_billow_of_smoke_in_the_background..png,6.623702211072668e-05
NewBench,2025,1,/shared/home/sarim.hashmi/usenix/benchmark/newbench_norm/fake/A_classic_car_waiting_at_a_3-way_stop_sign..png,0.00017500178364571184
NewBench,2025,1,/shared/home/sarim.hashmi/usenix/benchmark/newbench_norm/fake/A_clock_mounted_on_a_wall_over_the_doorway_of_a_kitchen..png,0.00019625113054644316
NewBench,2025,1,/shared/home/sarim.hashmi/usenix/benchmark/newbench_norm/fake/A_close-up_of_a_tropical_bird_with_a_mirror_behind_it..png,6.239815411390737e-05
NewBench,2025,1,/shared/home/sarim.hashmi/usenix/benchmark/newbench_norm/fake/A_close-up_shot_of_a_metal_squat_toilet..png,0.00010304127499694005
NewBench,2025,1,/shared/home/sarim.hashmi/usenix/benchmark/newbench_norm/fake/A_close-up_view_of_a_green_and_yellow_fire_hydrant..png,0.0003096637374255806
NewBench,2025,1,/shared/home/sarim.hashmi/usenix/benchmark/newbench_norm/fake/A_close_up_of_a_peacock_who_is_behind_an_enclosure._.png,0.0026538053061813116
NewBench,2025,1,/shared/home/sarim.hashmi/usenix/benchmark/newbench_norm/fake/A_colorful_bus_is_parked_on_the_street..png,0.0005225760978646576
NewBench,2025,1,/shared/home/sarim.hashmi/usenix/benchmark/newbench_norm/fake/A_commercial_airplane_either_landing_or_preparing_for_take_off..png,0.0001436593011021614
NewBench,2025,1,/shared/home/sarim.hashmi/usenix/benchmark/newbench_norm/fake/A_corner_of_street_with_a_building_showing_a_bowling_pin..png,0.00033479108242318034
NewBench,2025,1,/shared/home/sarim.hashmi/usenix/benchmark/newbench_norm/fake/A_couch_on_the_side_of_the_street_with_a_television_on_it..png,0.0004631595511455089
NewBench,2025,1,/shared/home/sarim.hashmi/usenix/benchmark/newbench_norm/fake/A_couple_of_baby_sheep_standing_next_to_each_other..png,8.463515405310318e-05
NewBench,2025,1,/shared/home/sarim.hashmi/usenix/benchmark/newbench_norm/fake/A_couple_of_bathrooms_one_with_a_standing_toilet_next_to_one_with_a_sitting_toilet..png,0.00012118116865167394
NewBench,2025,1,/shared/home/sarim.hashmi/usenix/benchmark/newbench_norm/fake/A_couple_of_bicycles_sitting_in_a_large_garden..png,0.00022014198475517333
NewBench,2025,1,/shared/home/sarim.hashmi/usenix/benchmark/newbench_norm/fake/A_couple_of_birds_fly_through_a_blue_cloudy_sky..png,8.355259342351928e-05
NewBench,2025,1,/shared/home/sarim.hashmi/usenix/benchmark/newbench_norm/fake/A_couple_of_birds_standing_on_top_of__a_wooden_bench..png,8.382184751098976e-05
NewBench,2025,1,/shared/home/sarim.hashmi/usenix/benchmark/newbench_norm/fake/A_couple_of_captive_giraffes_look_around_the_ground_in_the_zoo._.png,0.0008833361207507551
NewBench,2025,1,/shared/home/sarim.hashmi/usenix/benchmark/newbench_norm/fake/A_couple_of_giraffe_in_a_field_near_some_trees..png,0.0007433680584654212
NewBench,2025,1,/shared/home/sarim.hashmi/usenix/benchmark/newbench_norm/fake/A_couple_of_giraffe_standing_next_to_a_doorway..png,6.147752719698474e-05
NewBench,2025,1,/shared/home/sarim.hashmi/usenix/benchmark/newbench_norm/fake/A_couple_of_giraffe_standing_next_to_each_other..png,0.26207321882247925
NewBench,2025,1,/shared/home/sarim.hashmi/usenix/benchmark/newbench_norm/fake/A_couple_of_older_men_sitting_on_top_of_a_bench..png,0.0009890712099149823
NewBench,2025,1,/shared/home/sarim.hashmi/usenix/benchmark/newbench_norm/fake/A_couple_of_people_flying_kites_on_top_of_a_beach..png,7.112831372069195e-05
NewBench,2025,1,/shared/home/sarim.hashmi/usenix/benchmark/newbench_norm/fake/A_couple_of_people_standing_in_a_field_flying_a_giant_kite..png,0.05891388654708862
NewBench,2025,1,/shared/home/sarim.hashmi/usenix/benchmark/newbench_norm/fake/A_couple_of_people_standing_next_to_a_food_cart_filled_with_smoke..png,0.00028082128847017884
NewBench,2025,1,/shared/home/sarim.hashmi/usenix/benchmark/newbench_norm/fake/A_couple_of_people_that_are_holding_an_umbrellas..png,0.0002858551451936364
NewBench,2025,1,/shared/home/sarim.hashmi/usenix/benchmark/newbench_norm/fake/A_couple_of_red_motorcycles_parked_in_front_of_a_building..png,8.887279545888305e-05
NewBench,2025,1,/shared/home/sarim.hashmi/usenix/benchmark/newbench_norm/fake/A_couple_of_red_trains_parked_in_a_train_station..png,0.9955476522445679
NewBench,2025,1,/shared/home/sarim.hashmi/usenix/benchmark/newbench_norm/fake/A_couple_of_wooden_benches_sitting_across_from_each_other..png,0.00022168105351738632
NewBench,2025,1,/shared/home/sarim.hashmi/usenix/benchmark/newbench_norm/fake/A_couple_of_zebra_walking_next_to_a_giraffe_on_a_lush_green_field..png,0.000136799382744357
NewBench,2025,1,/shared/home/sarim.hashmi/usenix/benchmark/newbench_norm/fake/A_crowded_city_street_filled_with_traffic_at_night..png,0.0009305067360401154
NewBench,2025,1,/shared/home/sarim.hashmi/usenix/benchmark/newbench_norm/fake/A_crystal_bowl_filled_with_oranges_on_top_of_a_table..png,0.00011076897499151528
NewBench,2025,1,/shared/home/sarim.hashmi/usenix/benchmark/newbench_norm/fake/A_custom_cake_featuring_a_fisherman_for_a_man's_65th_birthday._.png,0.0012881805887445807
NewBench,2025,1,/shared/home/sarim.hashmi/usenix/benchmark/newbench_norm/fake/A_desktop_computer_in_a_kitchen_with_a_lamp_next_to_it..png,0.00032191158970817924
NewBench,2025,1,/shared/home/sarim.hashmi/usenix/benchmark/newbench_norm/fake/A_dinning_room_table_sitting_next_to_a_small_fireplace..png,9.911075903801247e-05
NewBench,2025,1,/shared/home/sarim.hashmi/usenix/benchmark/newbench_norm/fake/A_dirty_toilet_that_is_in_a_bathroom..png,0.38067689538002014
NewBench,2025,1,/shared/home/sarim.hashmi/usenix/benchmark/newbench_norm/fake/A_distant_airplane_flying_between_two_large_buildings..png,0.03614673763513565
NewBench,2025,1,/shared/home/sarim.hashmi/usenix/benchmark/newbench_norm/fake/A_distant_shot_with_people_approaching_the_bus._.png,0.00010513672168599442
NewBench,2025,1,/shared/home/sarim.hashmi/usenix/benchmark/newbench_norm/fake/A_dog_and_a_goat_with_their_noses_touching_at_fence..png,8.52902012411505e-05
NewBench,2025,1,/shared/home/sarim.hashmi/usenix/benchmark/newbench_norm/fake/A_dog_is_posing_on_top_of_a_motorcycle._.png,0.00020747062808368355
NewBench,2025,1,/shared/home/sarim.hashmi/usenix/benchmark/newbench_norm/fake/A_dog_laying_on_the_dashboard_of_a_vehicle..png,0.0001842089550336823
NewBench,2025,1,/shared/home/sarim.hashmi/usenix/benchmark/newbench_norm/fake/A_dog_sitting_in_the_passenger_seat_of_a_car..png,0.000341906794346869
NewBench,2025,1,/shared/home/sarim.hashmi/usenix/benchmark/newbench_norm/fake/A_dog_wearing_a_Santa_Claus_hat._.png,0.001850130851380527
NewBench,2025,1,/shared/home/sarim.hashmi/usenix/benchmark/newbench_norm/fake/A_donkey_leads_a_herd_of_sheep_down_a_busy_street..png,0.00018070558144245297
NewBench,2025,1,"/shared/home/sarim.hashmi/usenix/benchmark/newbench_norm/fake/A_doorway_view_with_a_toilet,_shower_and_a_sink..png",8.554327359888703e-05
NewBench,2025,1,/shared/home/sarim.hashmi/usenix/benchmark/newbench_norm/fake/A_double_decker_bus_driving_down_a_street..png,0.0002253297425340861
NewBench,2025,1,/shared/home/sarim.hashmi/usenix/benchmark/newbench_norm/fake/A_double_decker_bus_driving_down_a_street_past_a_tall_building..png,0.00691563356667757
NewBench,2025,1,/shared/home/sarim.hashmi/usenix/benchmark/newbench_norm/fake/A_duck_and_baby_ducks_are_in_the_blue_water..png,0.01737559214234352
NewBench,2025,1,/shared/home/sarim.hashmi/usenix/benchmark/newbench_norm/fake/A_faded_red_fire_hydrant_sitting_on_the_side_of_a_street..png,0.0001479852944612503
NewBench,2025,1,/shared/home/sarim.hashmi/usenix/benchmark/newbench_norm/fake/A_family_of_giraffes_standing_next_to_a_pile_of_logs..png,0.00011812210868811235
NewBench,2025,1,/shared/home/sarim.hashmi/usenix/benchmark/newbench_norm/fake/A_fancy_motorcycle_parked_on_a_red_carpet.png,0.0002189717924920842
NewBench,2025,1,/shared/home/sarim.hashmi/usenix/benchmark/newbench_norm/fake/A_field_full_of_lots_of_yellow_flowers_with_a_train_passing_it_by..png,0.00074341194704175
NewBench,2025,1,/shared/home/sarim.hashmi/usenix/benchmark/newbench_norm/fake/A_fire_burns_while_a_person_rides_a_green_motorcycle_and_several_motorcycles_are_flipping_in_the_air.png,0.001359319780021906
NewBench,2025,1,/shared/home/sarim.hashmi/usenix/benchmark/newbench_norm/fake/A_fire_hydrant_covered_up_halfway_with_snow..png,8.514653018210083e-05
NewBench,2025,1,/shared/home/sarim.hashmi/usenix/benchmark/newbench_norm/fake/A_fire_hydrant_in_the_grass_near_the_curb_with_the_remnants_of_melting_snow.png,0.1715223640203476
NewBench,2025,1,"/shared/home/sarim.hashmi/usenix/benchmark/newbench_norm/fake/A_fire_hydrant_on_the_side_of_the_road,_it_looks_old..png",0.004942640662193298
NewBench,2025,1,/shared/home/sarim.hashmi/usenix/benchmark/newbench_norm/fake/A_fire_hydrant_sitting_next_to_a_tree_in_a_forest..png,0.0001667039468884468
NewBench,2025,1,/shared/home/sarim.hashmi/usenix/benchmark/newbench_norm/fake/A_fire_hydrant_that_is_red_on_top_and_says_to_open..png,0.0004611467011272907
NewBench,2025,1,/shared/home/sarim.hashmi/usenix/benchmark/newbench_norm/fake/A_fire_hydrant_that_is_spewing_water_in_the_middle_of_a_city..png,0.0004309830837883055
NewBench,2025,1,/shared/home/sarim.hashmi/usenix/benchmark/newbench_norm/fake/A_flock_of_birds_are_flying_above_the_spire_of_a_building_tower..png,0.00010282798029948026
NewBench,2025,1,/shared/home/sarim.hashmi/usenix/benchmark/newbench_norm/fake/A_flock_of_sheep_graze_on_a_hillside..png,0.000526312505826354
NewBench,2025,1,/shared/home/sarim.hashmi/usenix/benchmark/newbench_norm/fake/A_flock_of_sheep_grazing_in_a_field_of_grass..png,0.00010180287790717557
NewBench,2025,1,/shared/home/sarim.hashmi/usenix/benchmark/newbench_norm/fake/A_folk_of_birds_flying_over_a_military_ship..png,0.015455076470971107
NewBench,2025,1,/shared/home/sarim.hashmi/usenix/benchmark/newbench_norm/fake/A_formation_of_birds_in_a_sky_at_sunset..png,6.932422547833994e-05
NewBench,2025,1,/shared/home/sarim.hashmi/usenix/benchmark/newbench_norm/fake/A_four_engine_Air_Algerie_prop_plane_with_landing_gear_out.png,8.473197522107512e-05
NewBench,2025,1,/shared/home/sarim.hashmi/usenix/benchmark/newbench_norm/fake/A_frozen_fire_hydrant_spewing_ice_out_into_a_street..png,0.00012846085883211344
NewBench,2025,1,"/shared/home/sarim.hashmi/usenix/benchmark/newbench_norm/fake/A_full_perspective_of_a_restroom_view_with_a_few_things._
.png",0.04764286056160927
NewBench,2025,1,/shared/home/sarim.hashmi/usenix/benchmark/newbench_norm/fake/A_full_view_of_a_nice_and_comfortable_bed_with_pillows._.png,0.00010870870028156787
NewBench,2025,1,/shared/home/sarim.hashmi/usenix/benchmark/newbench_norm/fake/A_gang_of_bikers_riding_down_a_street_next_to_tall_buildings..png,0.0008922766428440809
NewBench,2025,1,/shared/home/sarim.hashmi/usenix/benchmark/newbench_norm/fake/A_garden_is_surrounded_by_a_train_and_phone_booth._.png,0.002637973055243492
NewBench,2025,1,/shared/home/sarim.hashmi/usenix/benchmark/newbench_norm/fake/A_giraffe_grazing_from_a_tree_with_rock_wall_in_background..png,0.00013409176608547568
NewBench,2025,1,/shared/home/sarim.hashmi/usenix/benchmark/newbench_norm/fake/A_giraffe_in_a_grassy_field_near_a_hill..png,0.7571819424629211
NewBench,2025,1,/shared/home/sarim.hashmi/usenix/benchmark/newbench_norm/fake/A_giraffe_laying_on_the_ground_near_a_fence..png,0.0007264400483109057
NewBench,2025,1,/shared/home/sarim.hashmi/usenix/benchmark/newbench_norm/fake/A_giraffe_stand_in_front_of_large_rocks_and_looks_at_a_tree..png,0.003549268003553152
NewBench,2025,1,/shared/home/sarim.hashmi/usenix/benchmark/newbench_norm/fake/A_giraffe_standing_next_to_a_tall_tree..png,0.0002736426249612123
NewBench,2025,1,/shared/home/sarim.hashmi/usenix/benchmark/newbench_norm/fake/A_giraffe_standing_on_a_dirt_road_next_to_plants..png,0.0016662515699863434
NewBench,2025,1,/shared/home/sarim.hashmi/usenix/benchmark/newbench_norm/fake/A_giraffe_standing_on_top_of_a_lush_green_field..png,0.000348181783920154
NewBench,2025,1,/shared/home/sarim.hashmi/usenix/benchmark/newbench_norm/fake/A_giraffe_stands_with_several_birds_resting_on_it's_neck._.png,5.845369378221221e-05
NewBench,2025,1,/shared/home/sarim.hashmi/usenix/benchmark/newbench_norm/fake/A_giraffe_walking_across_a_dirt_and_grass_field..png,7.193307828856632e-05
NewBench,2025,1,/shared/home/sarim.hashmi/usenix/benchmark/newbench_norm/fake/A_giraffe_walking_across_a_lush_green_field..png,0.0010210603941231966
NewBench,2025,1,/shared/home/sarim.hashmi/usenix/benchmark/newbench_norm/fake/A_giraffe_walking_in_a_field_with_gazelle's_looking_on._.png,0.00011155410902574658
NewBench,2025,1,/shared/home/sarim.hashmi/usenix/benchmark/newbench_norm/fake/A_giraffe_walking_in_a_sandy_enclosure_.png,0.00013517876504920423
NewBench,2025,1,/shared/home/sarim.hashmi/usenix/benchmark/newbench_norm/fake/A_girl_holding_a_skewer_with_a_banana_on_the_end.__.png,0.00021354765340220183
NewBench,2025,1,/shared/home/sarim.hashmi/usenix/benchmark/newbench_norm/fake/A_girl_in_white_shirt_painting_a_black_umbrella..png,0.0001008587350952439
NewBench,2025,1,/shared/home/sarim.hashmi/usenix/benchmark/newbench_norm/fake/A_girl_takes_a_picture_of_herself_in_the_mirror..png,0.000123082339996472
NewBench,2025,1,/shared/home/sarim.hashmi/usenix/benchmark/newbench_norm/fake/A_goat_standing_next_to_a_tree_in_the_open..png,0.001763232285156846
NewBench,2025,1,/shared/home/sarim.hashmi/usenix/benchmark/newbench_norm/fake/A_goat_with_very_long_horns_standing_in_front_of_a_tree..png,0.21570250391960144
NewBench,2025,1,/shared/home/sarim.hashmi/usenix/benchmark/newbench_norm/fake/A_gray_and_black_bird_sitting_next_to_the_ocean..png,4.5849174057366326e-05
NewBench,2025,1,/shared/home/sarim.hashmi/usenix/benchmark/newbench_norm/fake/A_gray_and_white_cat_sitting_in_blue_bowl..png,0.004862509667873383
NewBench,2025,1,/shared/home/sarim.hashmi/usenix/benchmark/newbench_norm/fake/A_gray_and_yellow_train_traveling_along_the_tracks.png,8.03162984084338e-05
NewBench,2025,1,/shared/home/sarim.hashmi/usenix/benchmark/newbench_norm/fake/A_gray_motorcycle_parked_in_a_parking_lot..png,0.8371748328208923
NewBench,2025,1,/shared/home/sarim.hashmi/usenix/benchmark/newbench_norm/fake/A_green_and_blue_bus_stopped_to_discharge_passengers..png,0.0001280826545553282
NewBench,2025,1,/shared/home/sarim.hashmi/usenix/benchmark/newbench_norm/fake/A_green_and_white_bus_driving_down_a__city_street..png,0.00018626927339937538
NewBench,2025,1,/shared/home/sarim.hashmi/usenix/benchmark/newbench_norm/fake/A_green_mailbox_with_graffiti_on_the_side.png,9.731629688758403e-05
NewBench,2025,1,/shared/home/sarim.hashmi/usenix/benchmark/newbench_norm/fake/A_green_mountain_bike_sitting_next_to_a_bridge_as_a_train_passes_by..png,0.013281439431011677
NewBench,2025,1,/shared/home/sarim.hashmi/usenix/benchmark/newbench_norm/fake/A_green_street_sign_sitting_below_a_large_tree..png,0.00030344168771989644
NewBench,2025,1,/shared/home/sarim.hashmi/usenix/benchmark/newbench_norm/fake/A_green_train_traveling_down_train_tracks_next_to_another_train..png,0.002355478471145034
NewBench,2025,1,/shared/home/sarim.hashmi/usenix/benchmark/newbench_norm/fake/A_green_truck_parked_in_the_middle_of_a_garage..png,8.176246046787128e-05
NewBench,2025,1,/shared/home/sarim.hashmi/usenix/benchmark/newbench_norm/fake/A_grey_and_white_cat_outside_looking_into_a_window..png,7.366365753114223e-05
NewBench,2025,1,/shared/home/sarim.hashmi/usenix/benchmark/newbench_norm/fake/A_group_of_bikers_parked_in_the_middle_of_a_street..png,0.00012964541383553296
NewBench,2025,1,/shared/home/sarim.hashmi/usenix/benchmark/newbench_norm/fake/A_group_of_birds_eating_at_a_bird_feeder.png,0.015314110554754734
NewBench,2025,1,/shared/home/sarim.hashmi/usenix/benchmark/newbench_norm/fake/A_group_of_elephants_are_standing_under_a_roof_cover..png,0.09488606452941895
NewBench,2025,1,/shared/home/sarim.hashmi/usenix/benchmark/newbench_norm/fake/A_group_of_giraffe_standing_next_to_each_other_on_a_field..png,0.0002105818421114236
NewBench,2025,1,/shared/home/sarim.hashmi/usenix/benchmark/newbench_norm/fake/A_group_of_giraffe_standing_on_top_of_a_dirt_field..png,0.0007091285660862923
NewBench,2025,1,/shared/home/sarim.hashmi/usenix/benchmark/newbench_norm/fake/A_group_of_giraffes_next_to_a_fence..png,0.00016273267101496458
NewBench,2025,1,/shared/home/sarim.hashmi/usenix/benchmark/newbench_norm/fake/A_group_of_knives_mounted_to_a_kitchen_wall..png,8.967694884631783e-05
NewBench,2025,1,/shared/home/sarim.hashmi/usenix/benchmark/newbench_norm/fake/A_group_of_men_standing_around_a_luggage_cart..png,0.002139669843018055
NewBench,2025,1,/shared/home/sarim.hashmi/usenix/benchmark/newbench_norm/fake/A_group_of_men_standing_in_front_of_a_bar_having_a_conversation..png,0.17968198657035828
NewBench,2025,1,/shared/home/sarim.hashmi/usenix/benchmark/newbench_norm/fake/A_group_of_motorcycles_parked_in_front_of_a_building..png,0.012426037341356277
NewBench,2025,1,/shared/home/sarim.hashmi/usenix/benchmark/newbench_norm/fake/A_group_of_people_are_playing_some_musical_instruments..png,0.0003423260641284287
NewBench,2025,1,/shared/home/sarim.hashmi/usenix/benchmark/newbench_norm/fake/A_group_of_people_eating_at_tables_under_umbrellas_in_front_of_a_restaurant..png,0.0008219538722187281
NewBench,2025,1,/shared/home/sarim.hashmi/usenix/benchmark/newbench_norm/fake/A_group_of_people_in_suits_standing_in_a_kitchen..png,8.76570848049596e-05
NewBench,2025,1,/shared/home/sarim.hashmi/usenix/benchmark/newbench_norm/fake/A_group_of_people_on_a_city_street..png,0.0001215173106174916
NewBench,2025,1,/shared/home/sarim.hashmi/usenix/benchmark/newbench_norm/fake/A_group_of_people_on_motorbikes_ride_on_a_path..png,0.00010313378879800439
NewBench,2025,1,/shared/home/sarim.hashmi/usenix/benchmark/newbench_norm/fake/A_group_of_people_sitting_and_laying_next_to_each_other..png,0.3663958013057709
NewBench,2025,1,/shared/home/sarim.hashmi/usenix/benchmark/newbench_norm/fake/A_group_of_people_sitting_on_motor_bikes_on_a_street..png,0.001469526207074523
NewBench,2025,1,/shared/home/sarim.hashmi/usenix/benchmark/newbench_norm/fake/A_group_of_people_sitting_on_strange_looking_benches._.png,6.062636384740472e-05
NewBench,2025,1,/shared/home/sarim.hashmi/usenix/benchmark/newbench_norm/fake/A_group_of_people_standing_outside_of_a_small_airplane..png,0.007386357989162207
NewBench,2025,1,/shared/home/sarim.hashmi/usenix/benchmark/newbench_norm/fake/A_group_of_police_officer_standing_in_front_of_a_red_bus..png,0.0002041005645878613
NewBench,2025,1,/shared/home/sarim.hashmi/usenix/benchmark/newbench_norm/fake/A_group_of_sheep_being_herded_by_a_black_dog..png,0.00024217834288720042
NewBench,2025,1,/shared/home/sarim.hashmi/usenix/benchmark/newbench_norm/fake/A_group_of_sheep_is_standing_in_a_grassy_field..png,0.00012733762559946626
NewBench,2025,1,/shared/home/sarim.hashmi/usenix/benchmark/newbench_norm/fake/A_group_of_sheep_sitting_next_to_a_tree..png,0.00010398313315818086
NewBench,2025,1,/shared/home/sarim.hashmi/usenix/benchmark/newbench_norm/fake/A_group_of_small_exotic_birds_standing_on_a_large_bamboo_stick..png,0.0018106115749105811
NewBench,2025,1,/shared/home/sarim.hashmi/usenix/benchmark/newbench_norm/fake/A_group_of_three_women_sitting_at_a_table_sharing_a_cup_of_tea..png,0.00014190167712513357
NewBench,2025,1,/shared/home/sarim.hashmi/usenix/benchmark/newbench_norm/fake/A_group_of_women_standing_next_to_each_other_in_an_office..png,0.001002429868094623
NewBench,2025,1,/shared/home/sarim.hashmi/usenix/benchmark/newbench_norm/fake/A_guy_rides_a_bike_in_a_race_and_has_fun.png,0.001962139504030347
NewBench,2025,1,/shared/home/sarim.hashmi/usenix/benchmark/newbench_norm/fake/A_herd_of_animals_laying_down_in_a_lush_green_field..png,0.00011026880383724347
NewBench,2025,1,/shared/home/sarim.hashmi/usenix/benchmark/newbench_norm/fake/A_herd_of_sheep_standing_on_a_grass_covered_hillside..png,0.5647808313369751
NewBench,2025,1,/shared/home/sarim.hashmi/usenix/benchmark/newbench_norm/fake/A_highway_scene_with_focus_on_an_exit_sign..png,9.083002078114077e-05
NewBench,2025,1,/shared/home/sarim.hashmi/usenix/benchmark/newbench_norm/fake/A_jet_is_flying_through_the_air_leaving_smoke_behind_it..png,0.001649421756155789
NewBench,2025,1,"/shared/home/sarim.hashmi/usenix/benchmark/newbench_norm/fake/A_kitchen_area_with_shelves,_counter_and_bar_stools..png",0.00016634889470878989
NewBench,2025,1,/shared/home/sarim.hashmi/usenix/benchmark/newbench_norm/fake/A_kitchen_filled_with_appliances_and_track_lighting..png,0.0007799110608175397
NewBench,2025,1,/shared/home/sarim.hashmi/usenix/benchmark/newbench_norm/fake/A_kitchen_filled_with_clutter_all_over_it's_counter..png,0.0014583750162273645
NewBench,2025,1,/shared/home/sarim.hashmi/usenix/benchmark/newbench_norm/fake/A_kitchen_filled_with_wooden_cabinets_and_a_table..png,9.449874050915241e-05
NewBench,2025,1,"/shared/home/sarim.hashmi/usenix/benchmark/newbench_norm/fake/A_kitchen_is_displayed,_showing_wooden_cabinets_and_a_blue_tiled_counter_top..png",9.542582847643644e-05
NewBench,2025,1,/shared/home/sarim.hashmi/usenix/benchmark/newbench_norm/fake/A_kitchen_scene_with_focus_on_a_sink_and_oven..png,0.0001000245101749897
NewBench,2025,1,/shared/home/sarim.hashmi/usenix/benchmark/newbench_norm/fake/A_kitchen_that_has_a_sink_and_cabinets_in_it..png,0.00024881988065317273
NewBench,2025,1,"/shared/home/sarim.hashmi/usenix/benchmark/newbench_norm/fake/A_kitchen_that_has_different_types_of_pots,_and_pans_on_a_stove..png",0.0003341970150358975
NewBench,2025,1,"/shared/home/sarim.hashmi/usenix/benchmark/newbench_norm/fake/A_kitchen_that_includes_a_stove,_ovens_and_refrigerator..png",8.514781802659854e-05
NewBench,2025,1,/shared/home/sarim.hashmi/usenix/benchmark/newbench_norm/fake/A_kitchen_that_is_ready_to_have_appliances_put_into_it..png,0.00027329009026288986
NewBench,2025,1,"/shared/home/sarim.hashmi/usenix/benchmark/newbench_norm/fake/A_kitchen_with_a_refrigerator,_sink,_drawers_and_cabinets._.png",0.0024300897493958473
NewBench,2025,1,/shared/home/sarim.hashmi/usenix/benchmark/newbench_norm/fake/A_kitchen_with_a_stove_and_a_microwave..png,0.00017812856822274625
NewBench,2025,1,/shared/home/sarim.hashmi/usenix/benchmark/newbench_norm/fake/A_kitchen_with_a_wooden_table__with_a_cat_sleeping_on_top_of_it..png,0.0017822158988565207
NewBench,2025,1,"/shared/home/sarim.hashmi/usenix/benchmark/newbench_norm/fake/A_kitchen_with_an_oven,_stove_,_sink,_microwave_and_refrigerator..png",0.00013641694386024028
NewBench,2025,1,/shared/home/sarim.hashmi/usenix/benchmark/newbench_norm/fake/A_kitchen_with_granite_counter_tops_and_a_large_oven..png,0.00011210264347027987
NewBench,2025,1,/shared/home/sarim.hashmi/usenix/benchmark/newbench_norm/fake/A_kitchen_with_lots_of_black_counter_top_space..png,0.0006171409622766078
NewBench,2025,1,/shared/home/sarim.hashmi/usenix/benchmark/newbench_norm/fake/A_kitchen_with_lots_of_clutter_a_door_with_a_large_window..png,0.011388617567718029
NewBench,2025,1,/shared/home/sarim.hashmi/usenix/benchmark/newbench_norm/fake/A_kitchen_with_wooden_cabinets_and_a_fridge.png,9.29793604882434e-05
NewBench,2025,1,/shared/home/sarim.hashmi/usenix/benchmark/newbench_norm/fake/A_kitchen_with_wooden_counter_tops_and_a_stove_top_oven..png,9.303567640017718e-05
NewBench,2025,1,/shared/home/sarim.hashmi/usenix/benchmark/newbench_norm/fake/A_kitchen_with_wooden_walls_and_cabinets_with_lighting..png,0.00042136796400882304
NewBench,2025,1,/shared/home/sarim.hashmi/usenix/benchmark/newbench_norm/fake/A_kitten_eating_food_out_of_a_dish_on_the_kitchen_floor..png,7.555243064416572e-05
NewBench,2025,1,/shared/home/sarim.hashmi/usenix/benchmark/newbench_norm/fake/A_lady_in_bed_with_oxygen_tube_and_a_dog..png,9.57424781518057e-05
NewBench,2025,1,/shared/home/sarim.hashmi/usenix/benchmark/newbench_norm/fake/A_lady_with_a_flower_in_her_hair_taking_of_picture_of_herself_in_a_mirror..png,0.00034811970544978976
NewBench,2025,1,/shared/home/sarim.hashmi/usenix/benchmark/newbench_norm/fake/A_laptop_computer_on_a_table_in_the_passenger_cabin_of_an_airplane..png,0.00015739063383080065
NewBench,2025,1,/shared/home/sarim.hashmi/usenix/benchmark/newbench_norm/fake/A_laptop_computer_sitting_on_top_of_a_computer_desk..png,0.000685203995089978
NewBench,2025,1,/shared/home/sarim.hashmi/usenix/benchmark/newbench_norm/fake/A_large_air_plane_smoking_and_parked_in_the_snow_._.png,0.0034448725637048483
NewBench,2025,1,/shared/home/sarim.hashmi/usenix/benchmark/newbench_norm/fake/A_large_airplane_flies_overhead_through_the_sky..png,0.00019837572472169995
NewBench,2025,1,/shared/home/sarim.hashmi/usenix/benchmark/newbench_norm/fake/A_large_airplane_flying_over_a_lush_green_hillside..png,8.033698395593092e-05
NewBench,2025,1,/shared/home/sarim.hashmi/usenix/benchmark/newbench_norm/fake/A_large_bird_sitting_on_top_of_a_tree..png,0.0007799715385772288
NewBench,2025,1,/shared/home/sarim.hashmi/usenix/benchmark/newbench_norm/fake/A_large_blue_train_on_a_steel_track..png,0.0007595301722176373
NewBench,2025,1,/shared/home/sarim.hashmi/usenix/benchmark/newbench_norm/fake/A_large_body_of_water_in_front_of_a_shoreline_with_a_long_train_bridge..png,0.0027131785172969103
NewBench,2025,1,/shared/home/sarim.hashmi/usenix/benchmark/newbench_norm/fake/A_large_collection_of_cooking_utensils_hanging_on_a_wall..png,0.0004323299217503518
NewBench,2025,1,/shared/home/sarim.hashmi/usenix/benchmark/newbench_norm/fake/A_large_exit_street_sign_laying_on_the_ground..png,0.9710293412208557
NewBench,2025,1,"/shared/home/sarim.hashmi/usenix/benchmark/newbench_norm/fake/A_large_filled_with_lots_of_purple_flowers_behind_a_blue_sign
.png",0.17529568076133728
NewBench,2025,1,/shared/home/sarim.hashmi/usenix/benchmark/newbench_norm/fake/A_large_giraffe_standing_behind_a_wire_fence..png,0.0001315911067649722
NewBench,2025,1,/shared/home/sarim.hashmi/usenix/benchmark/newbench_norm/fake/A_large_group_of_tall_giraffe_in_a_room..png,9.140399924945086e-05
NewBench,2025,1,/shared/home/sarim.hashmi/usenix/benchmark/newbench_norm/fake/A_large_jet_flying_through_a_cloudy_blue_sky..png,9.564319771016017e-05
NewBench,2025,1,/shared/home/sarim.hashmi/usenix/benchmark/newbench_norm/fake/A_large_jet_sitting_on_top_of_an_airport_tarmac..png,0.002164877951145172
NewBench,2025,1,/shared/home/sarim.hashmi/usenix/benchmark/newbench_norm/fake/A_large_jetliner_flying_over_a_tall_building_in_the_sky..png,0.000403381185606122
NewBench,2025,1,/shared/home/sarim.hashmi/usenix/benchmark/newbench_norm/fake/A_large_jetliner_flying_through_a_cloudy_blue_sky..png,7.230707706185058e-05
NewBench,2025,1,/shared/home/sarim.hashmi/usenix/benchmark/newbench_norm/fake/A_large_jetliner_sitting_on_top_of_an_airport_runway..png,6.299910455709323e-05
NewBench,2025,1,/shared/home/sarim.hashmi/usenix/benchmark/newbench_norm/fake/A_large_jetliner_sitting_on_top_of_an_airport_tarmac..png,0.0005604721955023706
NewBench,2025,1,/shared/home/sarim.hashmi/usenix/benchmark/newbench_norm/fake/A_large_long_train_on_a_steel_track..png,0.00019364235049579293
NewBench,2025,1,/shared/home/sarim.hashmi/usenix/benchmark/newbench_norm/fake/A_large_modern_bathroom_features_an_oversize_tub_and_walk-in_shower..png,0.0006702971877530217
NewBench,2025,1,/shared/home/sarim.hashmi/usenix/benchmark/newbench_norm/fake/A_large_open_room_with_a_long_white_staircase..png,0.00024413756909780204
NewBench,2025,1,/shared/home/sarim.hashmi/usenix/benchmark/newbench_norm/fake/A_large_passenger_jet_flying_over_the_top_of_a_forest..png,0.002611055038869381
NewBench,2025,1,/shared/home/sarim.hashmi/usenix/benchmark/newbench_norm/fake/A_large_white_airplane_with_blue_tail_parked..png,8.984985470306128e-05
NewBench,2025,1,/shared/home/sarim.hashmi/usenix/benchmark/newbench_norm/fake/A_large_white_bush_driving_down_a_city_street..png,0.0003310617175884545
NewBench,2025,1,/shared/home/sarim.hashmi/usenix/benchmark/newbench_norm/fake/A_large_white_castle_like_building_with_a_statue_in_front._.png,9.107833466259763e-05
NewBench,2025,1,/shared/home/sarim.hashmi/usenix/benchmark/newbench_norm/fake/A_large_white_dog_statue_sitting_next_to_a_clock..png,7.382709009107202e-05
NewBench,2025,1,/shared/home/sarim.hashmi/usenix/benchmark/newbench_norm/fake/A_larger_passenger_jet_flying_through_a_blue_sky..png,6.36838303762488e-05
NewBench,2025,1,"/shared/home/sarim.hashmi/usenix/benchmark/newbench_norm/fake/A_left_turn_signal,_stoplight_and_street_sign_are_hanging_on_a_pole..png",0.0002541394205763936
NewBench,2025,1,/shared/home/sarim.hashmi/usenix/benchmark/newbench_norm/fake/A_little_boy_in_the_airport_watching_an_airplane..png,0.0007789068622514606
NewBench,2025,1,/shared/home/sarim.hashmi/usenix/benchmark/newbench_norm/fake/A_little_boy_wearing_a_hat_and_leather_boots..png,0.00022878464369568974
NewBench,2025,1,/shared/home/sarim.hashmi/usenix/benchmark/newbench_norm/fake/A_little_girl_climbing_up_steps_to_touch_a_giraffe..png,0.00016826836508698761
NewBench,2025,1,"/shared/home/sarim.hashmi/usenix/benchmark/newbench_norm/fake/A_little_girl_lies_on_a_wooden_bench,_eating_snacks_from_a_bag..png",0.0009758564992807806
NewBench,2025,1,/shared/home/sarim.hashmi/usenix/benchmark/newbench_norm/fake/A_lone_woman_stands_at_an_empty_train_station..png,8.196089038392529e-05
NewBench,2025,1,/shared/home/sarim.hashmi/usenix/benchmark/newbench_norm/fake/A_long_bench_sitting_next_to_a_large_fence..png,0.0002893726632464677
NewBench,2025,1,/shared/home/sarim.hashmi/usenix/benchmark/newbench_norm/fake/A_lot_of_birds_flying_around_on_a_beach..png,0.00011754591832868755
NewBench,2025,1,/shared/home/sarim.hashmi/usenix/benchmark/newbench_norm/fake/A_lot_of_thought_went_into_decorating_this_rustic_bathroom..png,0.00012043308379361406
NewBench,2025,1,/shared/home/sarim.hashmi/usenix/benchmark/newbench_norm/fake/A_man's_reflection_is_in_a_mirror_of_a_bathroom..png,0.0009446315816603601
NewBench,2025,1,"/shared/home/sarim.hashmi/usenix/benchmark/newbench_norm/fake/A_man,_woman_and_child_in_an_advertisement_vehicle_for_a_seafood_restaurant..png",0.7173518538475037
NewBench,2025,1,/shared/home/sarim.hashmi/usenix/benchmark/newbench_norm/fake/A_man_admiring_a_dog_on_a_bench_made_of_books..png,0.0017244467744603753
NewBench,2025,1,/shared/home/sarim.hashmi/usenix/benchmark/newbench_norm/fake/A_man_and_two_women_are_standing_beside_an_airplane..png,0.0033509505447000265
NewBench,2025,1,/shared/home/sarim.hashmi/usenix/benchmark/newbench_norm/fake/A_man_and_two_women_walking_their_dogs_and_hiking_in_the_woods..png,0.04736439511179924
NewBench,2025,1,/shared/home/sarim.hashmi/usenix/benchmark/newbench_norm/fake/A_man_cycling_and_a_Stop_sign_at_the_front.png,8.213990804506466e-05
NewBench,2025,1,/shared/home/sarim.hashmi/usenix/benchmark/newbench_norm/fake/A_man_drives_fast_in_a_motorcycle_with_kids_in_the_sidecar.png,0.0001228327164426446
NewBench,2025,1,/shared/home/sarim.hashmi/usenix/benchmark/newbench_norm/fake/A_man_fixing_a_traffic_light_while_on_a_cherry_picker..png,0.00019536298350431025
NewBench,2025,1,/shared/home/sarim.hashmi/usenix/benchmark/newbench_norm/fake/A_man_flying_through_the_air_while_riding_a_snowboard..png,5.9677047829609364e-05
NewBench,2025,1,/shared/home/sarim.hashmi/usenix/benchmark/newbench_norm/fake/A_man_flying_through_the_air_while_riding_a_surfboard..png,0.00017738468886818737
NewBench,2025,1,/shared/home/sarim.hashmi/usenix/benchmark/newbench_norm/fake/A_man_in_a_dress_riding_a_tiger_motorcycle..png,0.0006601365748792887
NewBench,2025,1,/shared/home/sarim.hashmi/usenix/benchmark/newbench_norm/fake/A_man_in_a_gray_jacket_standing_in_a_kitchen_next_to_a_black_dog..png,0.043844517320394516
NewBench,2025,1,/shared/home/sarim.hashmi/usenix/benchmark/newbench_norm/fake/A_man_in_a_wetsuit_is_holding_his_surfboard_on_the_pier._.png,0.016077131032943726
NewBench,2025,1,/shared/home/sarim.hashmi/usenix/benchmark/newbench_norm/fake/A_man_in_hipster_clothes_straddling_a_bicycle_on_the_sidewalk..png,0.0023103894200176
NewBench,2025,1,/shared/home/sarim.hashmi/usenix/benchmark/newbench_norm/fake/A_man_is_feeding_a_griaffe_off_of_the_stand.png,0.5257406830787659
NewBench,2025,1,/shared/home/sarim.hashmi/usenix/benchmark/newbench_norm/fake/A_man_is_sitting_in_a_beige_chair_in_a_living_room.png,0.0029329764656722546
NewBench,2025,1,/shared/home/sarim.hashmi/usenix/benchmark/newbench_norm/fake/A_man_is_sitting_on_a_bench_reading_a_book..png,0.004212576430290937
NewBench,2025,1,/shared/home/sarim.hashmi/usenix/benchmark/newbench_norm/fake/A_man_laying_on_the_ground_in_front_of_a_motorcycle..png,0.0002310037234565243
NewBench,2025,1,/shared/home/sarim.hashmi/usenix/benchmark/newbench_norm/fake/A_man_on_a_motorcycle_with_a_group_of_people_standing_around_it..png,0.00011449090379755944
NewBench,2025,1,/shared/home/sarim.hashmi/usenix/benchmark/newbench_norm/fake/A_man_on_a_motorcycle_with_a_woman_on_back.png,0.00026296364376321435
NewBench,2025,1,/shared/home/sarim.hashmi/usenix/benchmark/newbench_norm/fake/A_man_on_a_skateboard_riding_on_a_street..png,9.949578088708222e-05
NewBench,2025,1,/shared/home/sarim.hashmi/usenix/benchmark/newbench_norm/fake/A_man_on_bicycle_carrying_bunches_of_bananas_through_street..png,0.11726456880569458
NewBench,2025,1,/shared/home/sarim.hashmi/usenix/benchmark/newbench_norm/fake/A_man_preparing_food_in_a_restaurant_kitchen._.png,0.005558100063353777
NewBench,2025,1,/shared/home/sarim.hashmi/usenix/benchmark/newbench_norm/fake/A_man_races_a_motorcycle_on_a_track..png,0.0001242767903022468
NewBench,2025,1,/shared/home/sarim.hashmi/usenix/benchmark/newbench_norm/fake/A_man_riding_a_bike_down_a_dark_city_street..png,0.00018568141967989504
NewBench,2025,1,/shared/home/sarim.hashmi/usenix/benchmark/newbench_norm/fake/A_man_riding_a_bike_down_a_street..png,0.0003373299550730735
NewBench,2025,1,/shared/home/sarim.hashmi/usenix/benchmark/newbench_norm/fake/A_man_riding_a_bike_down_a_street_past_a_young_man..png,0.00020290569227654487
NewBench,2025,1,/shared/home/sarim.hashmi/usenix/benchmark/newbench_norm/fake/A_man_riding_a_bike_on_a_dirt_path_through_a_forest..png,0.0002136867551598698
NewBench,2025,1,/shared/home/sarim.hashmi/usenix/benchmark/newbench_norm/fake/A_man_riding_a_motorcycle_across_a_sandy_beach..png,6.75535193295218e-05
NewBench,2025,1,/shared/home/sarim.hashmi/usenix/benchmark/newbench_norm/fake/A_man_riding_a_motorcycle_next_to_a_red_stop_sign..png,0.014010758139193058
NewBench,2025,1,/shared/home/sarim.hashmi/usenix/benchmark/newbench_norm/fake/A_man_riding_a_motorcycle_with_a_helmet_on._.png,0.00018173544958699495
NewBench,2025,1,/shared/home/sarim.hashmi/usenix/benchmark/newbench_norm/fake/A_man_riding_on_the_back_of_another_mans_bike_in_the_street.png,0.0002833930775523186
NewBench,2025,1,/shared/home/sarim.hashmi/usenix/benchmark/newbench_norm/fake/A_man_sees_a_double_reflection_in_his_mirror..png,0.00013759256398770958
NewBench,2025,1,/shared/home/sarim.hashmi/usenix/benchmark/newbench_norm/fake/A_man_sitting_at_a_park_working_on_a_laptop_computer..png,0.0233316607773304
NewBench,2025,1,/shared/home/sarim.hashmi/usenix/benchmark/newbench_norm/fake/A_man_sitting_on_his_skateboard_in_a_field..png,0.0001159303865279071
NewBench,2025,1,/shared/home/sarim.hashmi/usenix/benchmark/newbench_norm/fake/A_man_sleeping_on_a_navy_blue_pillow_with_a_TV_monitor_in_place_of_his_head._.png,0.00011068671301472932
NewBench,2025,1,/shared/home/sarim.hashmi/usenix/benchmark/newbench_norm/fake/A_man_standing_in_front_of_a_mirror_above_a_counter..png,0.0002602757595013827
NewBench,2025,1,/shared/home/sarim.hashmi/usenix/benchmark/newbench_norm/fake/A_man_standing_next_to_a_car_in_the_snow..png,6.910937372595072e-05
NewBench,2025,1,/shared/home/sarim.hashmi/usenix/benchmark/newbench_norm/fake/A_man_standing_next_to_a_motorcycle_on_the_side_of_a_hill..png,0.007054587360471487
NewBench,2025,1,/shared/home/sarim.hashmi/usenix/benchmark/newbench_norm/fake/A_man_standing_next_to_a_parked_motorcycle..png,0.001479729195125401
NewBench,2025,1,/shared/home/sarim.hashmi/usenix/benchmark/newbench_norm/fake/A_man_standing_next_to_a_woman_in_a_room..png,0.0001549073203932494
NewBench,2025,1,/shared/home/sarim.hashmi/usenix/benchmark/newbench_norm/fake/A_man_standing_outdoors_next_to_a_dirt_bike_and_ATV..png,0.00018731635645963252
NewBench,2025,1,/shared/home/sarim.hashmi/usenix/benchmark/newbench_norm/fake/A_man_standing_outside_of_a_building_next_to_bicycles..png,0.0003012087836395949
NewBench,2025,1,/shared/home/sarim.hashmi/usenix/benchmark/newbench_norm/fake/A_man_taking_a_picture_of_his_reflection_in_the_bathroom.png,0.0020427831914275885
NewBench,2025,1,/shared/home/sarim.hashmi/usenix/benchmark/newbench_norm/fake/A_man_that_has_a_happy_new__year_hat_on..png,0.0002498811518307775
NewBench,2025,1,/shared/home/sarim.hashmi/usenix/benchmark/newbench_norm/fake/A_man_thinks_as_he_stands_in_front_of_a_sign..png,0.005754740908741951
NewBench,2025,1,/shared/home/sarim.hashmi/usenix/benchmark/newbench_norm/fake/A_man_walking_down_a_road_in_front_of_a_double_decker_bus..png,0.00017324884538538754
NewBench,2025,1,/shared/home/sarim.hashmi/usenix/benchmark/newbench_norm/fake/A_man_walking_down_a_road_with_a_horse_and_carriage_coming_at_him..png,0.00012226117542013526
NewBench,2025,1,/shared/home/sarim.hashmi/usenix/benchmark/newbench_norm/fake/A_man_walking_towards_a_stop_sign_on_the_sidewalk..png,0.00012527884973678738
NewBench,2025,1,/shared/home/sarim.hashmi/usenix/benchmark/newbench_norm/fake/A_man_walking_while_holding_an_umbrella_on_a_wet_sidewalk..png,0.0006982939084991813
NewBench,2025,1,/shared/home/sarim.hashmi/usenix/benchmark/newbench_norm/fake/A_man_walks_across_a_street_with_a_stop_sign_in_the_foreground..png,0.0001353096595266834
NewBench,2025,1,/shared/home/sarim.hashmi/usenix/benchmark/newbench_norm/fake/A_man_watching_a_single_engine_plane_make_an_approach_to_land..png,0.0020045596174895763
NewBench,2025,1,/shared/home/sarim.hashmi/usenix/benchmark/newbench_norm/fake/A_man_wearing_a_glove_with_a_bird_on_top_of_it..png,0.00045807112473994493
NewBench,2025,1,/shared/home/sarim.hashmi/usenix/benchmark/newbench_norm/fake/A_man_wearing_a_hat_riding_a_motorcycle..png,0.0005911863408982754
NewBench,2025,1,/shared/home/sarim.hashmi/usenix/benchmark/newbench_norm/fake/A_man_wearing_jeans_sitting_on_a_parked_motorcycle..png,0.00022325730242300779
NewBench,2025,1,/shared/home/sarim.hashmi/usenix/benchmark/newbench_norm/fake/A_man_with_camera_watching_a_group_of_giraffes.png,0.0013709637569263577
NewBench,2025,1,/shared/home/sarim.hashmi/usenix/benchmark/newbench_norm/fake/A_man_with_glasses_riding_in_a_car_with_an_adorable_dog_in_the_backseat..png,0.00258050998672843
NewBench,2025,1,/shared/home/sarim.hashmi/usenix/benchmark/newbench_norm/fake/A_marble_tiled_bathroom_with_double_sinks_and_wooden_cabinets.png,0.0001267445186385885
NewBench,2025,1,/shared/home/sarim.hashmi/usenix/benchmark/newbench_norm/fake/A_men's_public_washroom_with_a_blue_floor._.png,0.00022503624495584518
NewBench,2025,1,/shared/home/sarim.hashmi/usenix/benchmark/newbench_norm/fake/A_messy_desk_is_shown_with_a_laptop_computer..png,8.266544318757951e-05
NewBench,2025,1,/shared/home/sarim.hashmi/usenix/benchmark/newbench_norm/fake/A_metal_pole_with_four_different_street_signs_hanging_on_it's_side..png,6.879166176076978e-05
NewBench,2025,1,/shared/home/sarim.hashmi/usenix/benchmark/newbench_norm/fake/A_metal_sink_and_a_row_of_white_urinals.png,6.36937256786041e-05
NewBench,2025,1,/shared/home/sarim.hashmi/usenix/benchmark/newbench_norm/fake/A_military_air_craft_flies_in_the_sky_with_landing_gear_down._.png,8.294243889395148e-05
NewBench,2025,1,/shared/home/sarim.hashmi/usenix/benchmark/newbench_norm/fake/A_miniature_train_in_a_park_full_of_people..png,0.9826210141181946
NewBench,2025,1,/shared/home/sarim.hashmi/usenix/benchmark/newbench_norm/fake/A_modern_bathroom_is_shown_with_a_square_sink..png,0.0012840286362916231
NewBench,2025,1,/shared/home/sarim.hashmi/usenix/benchmark/newbench_norm/fake/A_modern_jet_airplane_coming_in_to_park_at_the_gate_of_an_airport.png,0.6132909059524536
NewBench,2025,1,/shared/home/sarim.hashmi/usenix/benchmark/newbench_norm/fake/A_modified_motorcycle_parked_with_other_motorcycles_on_the_pavement..png,0.00018642582290340215
NewBench,2025,1,/shared/home/sarim.hashmi/usenix/benchmark/newbench_norm/fake/A_monitor_showing_a_film_on_an_airplane..png,0.00012554624117910862
NewBench,2025,1,/shared/home/sarim.hashmi/usenix/benchmark/newbench_norm/fake/A_mother_bird_and_her_offspring_walk_in_a_meadow..png,6.052059688954614e-05
NewBench,2025,1,/shared/home/sarim.hashmi/usenix/benchmark/newbench_norm/fake/A_motorcycle_carrying_a_bicycle_is_parked_in_the_gravel._.png,6.207866681506857e-05
NewBench,2025,1,/shared/home/sarim.hashmi/usenix/benchmark/newbench_norm/fake/A_motorcycle_is_in_a_parking_lot_with_a_helmet_on_top..png,0.0013807807117700577
NewBench,2025,1,/shared/home/sarim.hashmi/usenix/benchmark/newbench_norm/fake/A_motorcycle_is_parked_in_the_gravel_alongside_a_street..png,0.0006207026890479028
NewBench,2025,1,/shared/home/sarim.hashmi/usenix/benchmark/newbench_norm/fake/A_motorcycle_parked_behind_a_truck_on_a_green_field..png,0.00043771706987172365
NewBench,2025,1,/shared/home/sarim.hashmi/usenix/benchmark/newbench_norm/fake/A_motorcycle_parked_next_to_a_few_bicycles..png,9.302396210841835e-05
NewBench,2025,1,/shared/home/sarim.hashmi/usenix/benchmark/newbench_norm/fake/A_motorcycle_parked_next_to_each_other_near_people...png,0.00015669835556764156
NewBench,2025,1,/shared/home/sarim.hashmi/usenix/benchmark/newbench_norm/fake/A_motorcycle_parked_on_top_of_a_tiled_floor..png,0.00013790413504466414
NewBench,2025,1,/shared/home/sarim.hashmi/usenix/benchmark/newbench_norm/fake/A_motorcycle_sits_parked_across_from_a_herd_of_livestock..png,0.0006123576313257217
NewBench,2025,1,/shared/home/sarim.hashmi/usenix/benchmark/newbench_norm/fake/A_nice_spacious_bathroom_with_light_brown_tile..png,9.984601638279855e-05
NewBench,2025,1,/shared/home/sarim.hashmi/usenix/benchmark/newbench_norm/fake/A_no_left_turn_sign_hanging_from_the_side_of_a_wooden_pole..png,6.314490019576624e-05
NewBench,2025,1,/shared/home/sarim.hashmi/usenix/benchmark/newbench_norm/fake/A_pair_of_remote_controlled_planes_flying_through_the_air..png,0.00016281090211123228
NewBench,2025,1,/shared/home/sarim.hashmi/usenix/benchmark/newbench_norm/fake/A_pair_of_sheep_looking_eagerly_at_something_through_a_fence..png,0.00010951746662613004
NewBench,2025,1,/shared/home/sarim.hashmi/usenix/benchmark/newbench_norm/fake/A_pair_of_sneakers_hang_in_the_background_at_this_street_corner..png,6.461494194809347e-05
NewBench,2025,1,/shared/home/sarim.hashmi/usenix/benchmark/newbench_norm/fake/A_pan_filled_with_veggies_and_a_block_of_butter..png,0.0013343074824661016
NewBench,2025,1,/shared/home/sarim.hashmi/usenix/benchmark/newbench_norm/fake/A_parked_motorcycle_sitting_next_to_a_white_brick_wall..png,0.0002523598959669471
NewBench,2025,1,/shared/home/sarim.hashmi/usenix/benchmark/newbench_norm/fake/A_parking_lot_filled_with_large_passenger_buses..png,0.0006871739751659334
NewBench,2025,1,/shared/home/sarim.hashmi/usenix/benchmark/newbench_norm/fake/A_parking_meter_lies_askew_on_a_street..png,0.00015192954742815346
NewBench,2025,1,/shared/home/sarim.hashmi/usenix/benchmark/newbench_norm/fake/A_parking_sign_is_displaying_spaces_available_on_a_city_street.png,0.0001228124601766467
NewBench,2025,1,/shared/home/sarim.hashmi/usenix/benchmark/newbench_norm/fake/A_passenger_jet_aircraft_flying_in_the_sky..png,8.196949056582525e-05
NewBench,2025,1,/shared/home/sarim.hashmi/usenix/benchmark/newbench_norm/fake/A_passenger_jet_that_is_pulled_in_next_to_the_terminal..png,0.010736174881458282
NewBench,2025,1,/shared/home/sarim.hashmi/usenix/benchmark/newbench_norm/fake/A_passenger_plane_that_is_parked_on_the_runway..png,9.965350182028487e-05
NewBench,2025,1,/shared/home/sarim.hashmi/usenix/benchmark/newbench_norm/fake/A_patch_of_grass_with_lots_of_bikes_parked_on_it..png,0.7023250460624695
NewBench,2025,1,/shared/home/sarim.hashmi/usenix/benchmark/newbench_norm/fake/A_person_drives_a_bus_on_a_busy_road._.png,0.001278863986954093
NewBench,2025,1,/shared/home/sarim.hashmi/usenix/benchmark/newbench_norm/fake/A_person_driving_a_car_towards_an_overpass..png,0.006258266977965832
NewBench,2025,1,/shared/home/sarim.hashmi/usenix/benchmark/newbench_norm/fake/A_person_feeding_a_giraffe_while_wearing_a_hat..png,0.004695037379860878
NewBench,2025,1,/shared/home/sarim.hashmi/usenix/benchmark/newbench_norm/fake/A_person_holding_a_black_cat_next_to_their_face..png,0.0002148336498066783
NewBench,2025,1,/shared/home/sarim.hashmi/usenix/benchmark/newbench_norm/fake/A_person_holding_up_a_piece_of_banana_to_the_camera..png,8.057389641180634e-05
NewBench,2025,1,/shared/home/sarim.hashmi/usenix/benchmark/newbench_norm/fake/A_person_is_driving_a_speedboat_quickly_through_the_water..png,0.0020214624237269163
NewBench,2025,1,/shared/home/sarim.hashmi/usenix/benchmark/newbench_norm/fake/A_person_is_on_a_bench_near_a_grassy_field..png,6.732611655024812e-05
NewBench,2025,1,/shared/home/sarim.hashmi/usenix/benchmark/newbench_norm/fake/A_person_laying_on_an_inflatable_mattress_with_two_sleeping_bags..png,0.002151763066649437
NewBench,2025,1,/shared/home/sarim.hashmi/usenix/benchmark/newbench_norm/fake/A_person_leading_a_herd_of_sheep_with_a_dog..png,0.00021355823264457285
NewBench,2025,1,/shared/home/sarim.hashmi/usenix/benchmark/newbench_norm/fake/A_person_on_a_street_next_to_a_motor_bike..png,0.0007217536331154406
NewBench,2025,1,/shared/home/sarim.hashmi/usenix/benchmark/newbench_norm/fake/A_person_riding_a_speed_motorcycle_on_a_track..png,9.804338333196938e-05
NewBench,2025,1,/shared/home/sarim.hashmi/usenix/benchmark/newbench_norm/fake/A_person_sitting_on_top_of_a_bench_with_their_arms_spread_out..png,0.0033279922790825367
NewBench,2025,1,/shared/home/sarim.hashmi/usenix/benchmark/newbench_norm/fake/A_person_standing_next_to_a_couple_of_motor_bikes..png,0.03198801726102829
NewBench,2025,1,/shared/home/sarim.hashmi/usenix/benchmark/newbench_norm/fake/A_person_walking_in_the_rain_on_the_sidewalk._.png,0.00018361833645030856
NewBench,2025,1,/shared/home/sarim.hashmi/usenix/benchmark/newbench_norm/fake/A_person_with_an_umbrella_is_standing_by_a_fountain..png,8.202680328395218e-05
NewBench,2025,1,/shared/home/sarim.hashmi/usenix/benchmark/newbench_norm/fake/A_photo_of_a_restroom_containing_two_toilets..png,0.00010989678412443027
NewBench,2025,1,/shared/home/sarim.hashmi/usenix/benchmark/newbench_norm/fake/A_picture_of_a_group_of_fighter_jets_flying_together..png,7.314915274037048e-05
NewBench,2025,1,/shared/home/sarim.hashmi/usenix/benchmark/newbench_norm/fake/A_picture_of_a_stone_bench_in_a_park..png,0.00019685289589688182
NewBench,2025,1,/shared/home/sarim.hashmi/usenix/benchmark/newbench_norm/fake/A_picture_of_a_train_coming_out_of_a_house..png,0.004983255639672279
NewBench,2025,1,/shared/home/sarim.hashmi/usenix/benchmark/newbench_norm/fake/A_picture_of_a_wooden_container_with_crosses_on_it..png,7.251996430568397e-05
NewBench,2025,1,/shared/home/sarim.hashmi/usenix/benchmark/newbench_norm/fake/A_picture_of_large_glass_door_trimmed_in_white_and_a_large_beige_structure_beside_it..png,0.00011073856148868799
NewBench,2025,1,/shared/home/sarim.hashmi/usenix/benchmark/newbench_norm/fake/A_picture_taken_from_the_driver_seat_of_car_at_a_stop_sign..png,0.0011730974074453115
NewBench,2025,1,/shared/home/sarim.hashmi/usenix/benchmark/newbench_norm/fake/A_pigeon_perched_on_a_ledge_with_a_street_behind_it..png,0.00010613637277856469
NewBench,2025,1,/shared/home/sarim.hashmi/usenix/benchmark/newbench_norm/fake/A_pile_of_toilet_paper_sitting_on_top_of_a_toilet..png,0.02774723805487156
NewBench,2025,1,/shared/home/sarim.hashmi/usenix/benchmark/newbench_norm/fake/A_pirstine_white_and_black_bathroom_with_a_tub_by_a_window.png,0.0362982377409935
NewBench,2025,1,/shared/home/sarim.hashmi/usenix/benchmark/newbench_norm/fake/A_plane_is_parked_near_the_pretty_blue_ocean._.png,0.003119103843346238
NewBench,2025,1,/shared/home/sarim.hashmi/usenix/benchmark/newbench_norm/fake/A_police_man_on_a_motorcycle_drives_down_the_road..png,0.0004441901983227581
NewBench,2025,1,/shared/home/sarim.hashmi/usenix/benchmark/newbench_norm/fake/A_police_officer_directing_traffic_in_front_of_a_yellow_double_deck_bus..png,0.0002013649936998263
NewBench,2025,1,/shared/home/sarim.hashmi/usenix/benchmark/newbench_norm/fake/A_pretty_bird_is_sitting_on_a_tree_branch..png,0.1924673318862915
NewBench,2025,1,/shared/home/sarim.hashmi/usenix/benchmark/newbench_norm/fake/A_professional_motorcycle_driver_riding_his_bike_on_the_track..png,0.00014771375572308898
NewBench,2025,1,"/shared/home/sarim.hashmi/usenix/benchmark/newbench_norm/fake/A_rear_view_mirror_on_a_bike_is_reflecting_a_poster_on_building.
.png",0.004239110741764307
NewBench,2025,1,"/shared/home/sarim.hashmi/usenix/benchmark/newbench_norm/fake/A_red,_white_and_blue_train_next_to_satellites..png",0.0007087734993547201
NewBench,2025,1,/shared/home/sarim.hashmi/usenix/benchmark/newbench_norm/fake/A_red_all_terrain_vehicle_next_to_a_man_with_a_green_dirt_bike..png,0.0015886675100773573
NewBench,2025,1,/shared/home/sarim.hashmi/usenix/benchmark/newbench_norm/fake/A_red_and_black_motorcycle_parked_near_another_bike..png,0.00021951486996840686
NewBench,2025,1,/shared/home/sarim.hashmi/usenix/benchmark/newbench_norm/fake/A_red_and_white_fire_hydrant_is_on_the_lawn..png,0.01667914353311062
NewBench,2025,1,/shared/home/sarim.hashmi/usenix/benchmark/newbench_norm/fake/A_red_and_white_fire_hydrant_on_a_sidewalk_at_the_park..png,0.0008090182673186064
NewBench,2025,1,"/shared/home/sarim.hashmi/usenix/benchmark/newbench_norm/fake/A_red_and_yellow_bus_sits_on_the_back_of_a_flatbed_truck,_driving_down_the_highway..png",6.652973388554528e-05
NewBench,2025,1,/shared/home/sarim.hashmi/usenix/benchmark/newbench_norm/fake/A_red_fire_hydrant_between_two_trees_in_front_of_a_building..png,0.0013890793779864907
NewBench,2025,1,/shared/home/sarim.hashmi/usenix/benchmark/newbench_norm/fake/A_red_fire_hydrant_on_the_side_of_a_street..png,0.00115818006452173
NewBench,2025,1,/shared/home/sarim.hashmi/usenix/benchmark/newbench_norm/fake/A_red_fire_hydrant_with_a_green_cap_with_a_bird_on_top_of_it..png,0.0007341530290432274
NewBench,2025,1,/shared/home/sarim.hashmi/usenix/benchmark/newbench_norm/fake/A_red_motorcycle_is_parked_in_between_white_lines..png,0.00015427169273607433
NewBench,2025,1,/shared/home/sarim.hashmi/usenix/benchmark/newbench_norm/fake/A_red_motorcycle_riding_down_one_side_of_the_street_and_a_cow_walking_down_the_other_side_of_the_str.png,0.010748159140348434
NewBench,2025,1,/shared/home/sarim.hashmi/usenix/benchmark/newbench_norm/fake/A_red_small_engine_plane_in_motion_on_a_field..png,0.005080121569335461
NewBench,2025,1,/shared/home/sarim.hashmi/usenix/benchmark/newbench_norm/fake/A_red_stop_sign_mounted_to_the_top_of_a_metal_pole..png,0.00010590223973849788
NewBench,2025,1,/shared/home/sarim.hashmi/usenix/benchmark/newbench_norm/fake/A_red_stop_sign_on_a_gate_next_to_a_grass_covered_field..png,0.9996805191040039
NewBench,2025,1,/shared/home/sarim.hashmi/usenix/benchmark/newbench_norm/fake/A_red_stop_sign_on_the_side_of_a_brick_road..png,0.007287632208317518
NewBench,2025,1,/shared/home/sarim.hashmi/usenix/benchmark/newbench_norm/fake/A_red_stop_sign_sitting_on_the_side_of_a_pole..png,0.0006167878746055067
NewBench,2025,1,/shared/home/sarim.hashmi/usenix/benchmark/newbench_norm/fake/A_red_stop_sign_sitting_on_the_side_of_a_road..png,0.000134298054035753
NewBench,2025,1,/shared/home/sarim.hashmi/usenix/benchmark/newbench_norm/fake/A_red_stop_sign_with_a_sticker_of_a_man_holding_up_a_sword..png,7.939345232443884e-05
NewBench,2025,1,/shared/home/sarim.hashmi/usenix/benchmark/newbench_norm/fake/A_red_traffic_with_a_mirror_hanging_off_the_side_of_it..png,0.00011886921129189432
NewBench,2025,1,/shared/home/sarim.hashmi/usenix/benchmark/newbench_norm/fake/A_red_train_driving_on_a_train_train_track_next_to_an_elevated_stone_sidewalk..png,0.674433171749115
NewBench,2025,1,/shared/home/sarim.hashmi/usenix/benchmark/newbench_norm/fake/A_red_train_traveling_under_a_bridge_on_train_tracks..png,0.004763930104672909
NewBench,2025,1,/shared/home/sarim.hashmi/usenix/benchmark/newbench_norm/fake/A_red_trolly_bus_driving_down_a_dirt_road..png,4.8138663260033354e-05
NewBench,2025,1,/shared/home/sarim.hashmi/usenix/benchmark/newbench_norm/fake/A_road_sign_on_the_side_of_a_road..png,0.000337944453349337
NewBench,2025,1,/shared/home/sarim.hashmi/usenix/benchmark/newbench_norm/fake/A_room_with_white_walls_and_bright_lights..png,0.00014145855675451458
NewBench,2025,1,/shared/home/sarim.hashmi/usenix/benchmark/newbench_norm/fake/A_row_of_birds_are_flying_against_a_blue_sky..png,0.00011123438889626414
NewBench,2025,1,/shared/home/sarim.hashmi/usenix/benchmark/newbench_norm/fake/A_row_of_motorcycles_sitting_on_top_of_a_parking_lot..png,0.00019658917153719813
NewBench,2025,1,/shared/home/sarim.hashmi/usenix/benchmark/newbench_norm/fake/A_row_of_red_and_white_umbrellas_stand_above_tables_in_an_outdoor_eating_area..png,0.10033567994832993
NewBench,2025,1,/shared/home/sarim.hashmi/usenix/benchmark/newbench_norm/fake/A_row_of_wall_mounted_urinals_under_aquariums..png,0.00017719077004585415
NewBench,2025,1,/shared/home/sarim.hashmi/usenix/benchmark/newbench_norm/fake/A_rusty_side_car_of_a_train_that_has_been_vandalized_with_artwork..png,0.00013435978326015174
NewBench,2025,1,/shared/home/sarim.hashmi/usenix/benchmark/newbench_norm/fake/A_scooter_is_parked_on_the_street_in_front_of_a_car._.png,8.641307795187458e-05
NewBench,2025,1,/shared/home/sarim.hashmi/usenix/benchmark/newbench_norm/fake/A_set_of_three_wall_mounted_urinals_with_pictures_of_men_on_top_of_them..png,0.00033902612631209195
NewBench,2025,1,/shared/home/sarim.hashmi/usenix/benchmark/newbench_norm/fake/A_shelf_of_various_cups_and_glasses_mounted_to_the_wall..png,0.00010004911746364087
NewBench,2025,1,/shared/home/sarim.hashmi/usenix/benchmark/newbench_norm/fake/A_shower_and_a_white_toilet_in_a_small_bathroom..png,7.449667464243248e-05
NewBench,2025,1,/shared/home/sarim.hashmi/usenix/benchmark/newbench_norm/fake/A_sidewalk_sitting_along_side_of_a_building_at_night..png,0.001277647097595036
NewBench,2025,1,/shared/home/sarim.hashmi/usenix/benchmark/newbench_norm/fake/A_sidewalk_sitting_along_side_of_a_street_under_a_billboard..png,9.491525997873396e-05
NewBench,2025,1,/shared/home/sarim.hashmi/usenix/benchmark/newbench_norm/fake/A_sign_near_a_wooden_fence_and_a_tree..png,0.0009293610928580165
NewBench,2025,1,/shared/home/sarim.hashmi/usenix/benchmark/newbench_norm/fake/A_sign_on_top_of_a_restaurant_next_to_a_traffic_light..png,0.16610489785671234
NewBench,2025,1,/shared/home/sarim.hashmi/usenix/benchmark/newbench_norm/fake/A_sign_says_fashion_district_near_some_buildings..png,0.00022212366457097232
NewBench,2025,1,/shared/home/sarim.hashmi/usenix/benchmark/newbench_norm/fake/A_sign_warning_drivers_that_there_are_children_at_play..png,0.0004507482808548957
NewBench,2025,1,/shared/home/sarim.hashmi/usenix/benchmark/newbench_norm/fake/A_silver_and_red_bus_in_parking_lot_next_to_cars..png,0.00040735211223363876
NewBench,2025,1,/shared/home/sarim.hashmi/usenix/benchmark/newbench_norm/fake/A_silver_train_passing_under_high_beams_and_trees..png,0.00013978754577692598
NewBench,2025,1,/shared/home/sarim.hashmi/usenix/benchmark/newbench_norm/fake/A_silver_train_that_is_sitting_on_a_track..png,0.0001256432442460209
NewBench,2025,1,/shared/home/sarim.hashmi/usenix/benchmark/newbench_norm/fake/A_simple_bathroom_has_various_classic_decorations_around_it..png,0.00012321656686253846
NewBench,2025,1,/shared/home/sarim.hashmi/usenix/benchmark/newbench_norm/fake/A_simple_white_residential_kitchen_with_breakfast_bar.png,0.0019338479032739997
NewBench,2025,1,/shared/home/sarim.hashmi/usenix/benchmark/newbench_norm/fake/A_simple_wooden_bench_is_in_the_woods..png,0.9932290315628052
NewBench,2025,1,/shared/home/sarim.hashmi/usenix/benchmark/newbench_norm/fake/A_skier_in_the_midst_of_a_jump.png,0.00039999460568651557
NewBench,2025,1,/shared/home/sarim.hashmi/usenix/benchmark/newbench_norm/fake/A_small_bathroom_with_a_shower_curtain_and_toilet.png,9.240940562449396e-05
NewBench,2025,1,/shared/home/sarim.hashmi/usenix/benchmark/newbench_norm/fake/A_small_bird_is_perched_on_an_empty_bird_feeder..png,9.514398698229343e-05
NewBench,2025,1,/shared/home/sarim.hashmi/usenix/benchmark/newbench_norm/fake/A_small_bird_perched_on_some_metal_bar_.png,0.0002508342731744051
NewBench,2025,1,/shared/home/sarim.hashmi/usenix/benchmark/newbench_norm/fake/A_small_bird_sitting_on_a_beach_next_to_the_ocean..png,9.735212370287627e-05
NewBench,2025,1,/shared/home/sarim.hashmi/usenix/benchmark/newbench_norm/fake/A_small_bird_sitting_on_the_handle_of_a_car_door..png,5.891600449103862e-05
NewBench,2025,1,/shared/home/sarim.hashmi/usenix/benchmark/newbench_norm/fake/A_small_bird_sitting_on_top_of_a_plastic_cup_of_water..png,8.924459689296782e-05
NewBench,2025,1,/shared/home/sarim.hashmi/usenix/benchmark/newbench_norm/fake/A_small_black_dog_sitting_in_front_of_a_TV..png,0.00032276156707666814
NewBench,2025,1,/shared/home/sarim.hashmi/usenix/benchmark/newbench_norm/fake/A_small_blue_car_on_a_city_road..png,0.0002559598069638014
NewBench,2025,1,/shared/home/sarim.hashmi/usenix/benchmark/newbench_norm/fake/A_small_calf_is_in_a_pen_with_bails_of_hay..png,0.00011539822298800573
NewBench,2025,1,/shared/home/sarim.hashmi/usenix/benchmark/newbench_norm/fake/A_small_car_is_parked_in_front_of_a_scooter.png,0.0005828358698636293
NewBench,2025,1,/shared/home/sarim.hashmi/usenix/benchmark/newbench_norm/fake/A_small_cat_is_standing_near_the_computer_keyboard._.png,0.000185104800038971
NewBench,2025,1,/shared/home/sarim.hashmi/usenix/benchmark/newbench_norm/fake/A_small_dog_laying_next_to_a_door..png,0.00019225702271796763
NewBench,2025,1,/shared/home/sarim.hashmi/usenix/benchmark/newbench_norm/fake/A_small_dog_walking_past_a_red_fire_hydrant..png,9.480147127760574e-05
NewBench,2025,1,/shared/home/sarim.hashmi/usenix/benchmark/newbench_norm/fake/A_small_green_car_has_a_plaque_with_writing_in_front_of_it._.png,0.0004312759847380221
NewBench,2025,1,/shared/home/sarim.hashmi/usenix/benchmark/newbench_norm/fake/A_small_plane_flying_through_a_cloudy_blue_sky..png,0.00013770372606813908
NewBench,2025,1,/shared/home/sarim.hashmi/usenix/benchmark/newbench_norm/fake/A_small_plane_landing_in__a_grassy_field.png,6.577263411600143e-05
NewBench,2025,1,/shared/home/sarim.hashmi/usenix/benchmark/newbench_norm/fake/A_small_sailboat_docked_at_a_local_shore..png,0.00021946465130895376
NewBench,2025,1,/shared/home/sarim.hashmi/usenix/benchmark/newbench_norm/fake/A_small_town_street_filled_with_traffic_beneath_a_mountain..png,0.00010357175779063255
NewBench,2025,1,/shared/home/sarim.hashmi/usenix/benchmark/newbench_norm/fake/A_small_white_airplane_high_up_in_the_sky..png,0.0001555376802571118
NewBench,2025,1,/shared/home/sarim.hashmi/usenix/benchmark/newbench_norm/fake/A_small_white_bird_standing_on_top_of_a_dirt_field..png,0.013642210513353348
NewBench,2025,1,/shared/home/sarim.hashmi/usenix/benchmark/newbench_norm/fake/A_small_white_dog_standing_next_to_a_red_fire_hydrant..png,0.00011088311293860897
NewBench,2025,1,/shared/home/sarim.hashmi/usenix/benchmark/newbench_norm/fake/A_small_woman_standing_in_front_of_a_baby_elephant..png,0.0014538192190229893
NewBench,2025,1,/shared/home/sarim.hashmi/usenix/benchmark/newbench_norm/fake/A_smiling_man_in_a_nice_hat_in_a_car..png,0.0004285418544895947
NewBench,2025,1,/shared/home/sarim.hashmi/usenix/benchmark/newbench_norm/fake/A_snowy_scene_of_trees_and_a_road..png,0.0050488668493926525
NewBench,2025,1,/shared/home/sarim.hashmi/usenix/benchmark/newbench_norm/fake/A_spring_form_bird_feeder_filled_with_corn_to_eat..png,6.779067916795611e-05
NewBench,2025,1,/shared/home/sarim.hashmi/usenix/benchmark/newbench_norm/fake/A_square_white_sink_beneath_an_elegant_mirror.png,0.00027839382528327405
NewBench,2025,1,/shared/home/sarim.hashmi/usenix/benchmark/newbench_norm/fake/A_stop_light_with_green_arrows_on_Woodbine_Ave._.png,0.0006780069670639932
NewBench,2025,1,/shared/home/sarim.hashmi/usenix/benchmark/newbench_norm/fake/A_stop_sign_and_a_fire_hydrant_on_the_corner_of_a_grassy_sidewalk..png,0.0005887995357625186
NewBench,2025,1,"/shared/home/sarim.hashmi/usenix/benchmark/newbench_norm/fake/A_store_room_holds_sinks,_bathtubs_and_toilets.png",0.00038683024467900395
NewBench,2025,1,/shared/home/sarim.hashmi/usenix/benchmark/newbench_norm/fake/A_stove_top_oven_sitting_next_to_a_tiled_wall..png,0.0003906306519638747
NewBench,2025,1,/shared/home/sarim.hashmi/usenix/benchmark/newbench_norm/fake/A_stove_top_with_a_tea_kettle_sitting_on_top_of_it..png,7.905794336693361e-05
NewBench,2025,1,/shared/home/sarim.hashmi/usenix/benchmark/newbench_norm/fake/A_stove_top_with_lots_of_pots_and_pans..png,0.00027439213590696454
NewBench,2025,1,/shared/home/sarim.hashmi/usenix/benchmark/newbench_norm/fake/A_street_light_and_other_road_signs._.png,0.00042991439113393426
NewBench,2025,1,/shared/home/sarim.hashmi/usenix/benchmark/newbench_norm/fake/A_street_scene_looking_down_at_cars_and_motorcycles_parked..png,0.16938218474388123
NewBench,2025,1,/shared/home/sarim.hashmi/usenix/benchmark/newbench_norm/fake/A_street_sign_is_filled_with_various_stickers.__.png,0.00013681725249625742
NewBench,2025,1,/shared/home/sarim.hashmi/usenix/benchmark/newbench_norm/fake/A_street_sign_next_to_a_bend_in_the_road..png,0.0002204288903158158
NewBench,2025,1,/shared/home/sarim.hashmi/usenix/benchmark/newbench_norm/fake/A_street_sign_saying_S._Gay_st_while_a_traffic_light_is_yellow..png,6.448825297411531e-05
NewBench,2025,1,/shared/home/sarim.hashmi/usenix/benchmark/newbench_norm/fake/A_street_sign_showing_a_person_walking_with_a_child_and_a_bike_sits_on_the_sit_of_the_road._.png,0.01660528965294361
NewBench,2025,1,/shared/home/sarim.hashmi/usenix/benchmark/newbench_norm/fake/A_street_sign_showing_they_are_making_improvements.png,0.004364855587482452
NewBench,2025,1,/shared/home/sarim.hashmi/usenix/benchmark/newbench_norm/fake/A_street_sign_showing_what_roads_go_which_ways..png,0.00011747665848815814
NewBench,2025,1,/shared/home/sarim.hashmi/usenix/benchmark/newbench_norm/fake/A_street_sign_sitting_along_side_of_train_tracks..png,0.0003862491576001048
NewBench,2025,1,"/shared/home/sarim.hashmi/usenix/benchmark/newbench_norm/fake/A_street_sign_with_the_name_of_two_streets_and_a_stop_sign,_and_parked_cars_and_buildings_in_the_dis.png",0.00010473425209056586
NewBench,2025,1,/shared/home/sarim.hashmi/usenix/benchmark/newbench_norm/fake/A_stuffed_bear_is_sitting_next_to_a_computer_monitor..png,0.025548849254846573
NewBench,2025,1,/shared/home/sarim.hashmi/usenix/benchmark/newbench_norm/fake/A_subway_train_with_a_row_of_orange_and_white_seats..png,8.198809518944472e-05
NewBench,2025,1,/shared/home/sarim.hashmi/usenix/benchmark/newbench_norm/fake/A_sun_spot_is_the_only_mark_in_a_clear_sky_with_a_plane_traveling_over_a_snowy_expanse_with_a_bunch_.png,6.636328180320561e-05
NewBench,2025,1,/shared/home/sarim.hashmi/usenix/benchmark/newbench_norm/fake/A_table_full_of_items_and_on_a_sunny_day._.png,5.644919292535633e-05
NewBench,2025,1,/shared/home/sarim.hashmi/usenix/benchmark/newbench_norm/fake/A_tall_giraffe_in_a_green_grassy_field..png,0.00011690897372318432
NewBench,2025,1,/shared/home/sarim.hashmi/usenix/benchmark/newbench_norm/fake/A_tall_giraffe_standing_next_to_a_herd_of_deer..png,0.9977697134017944
NewBench,2025,1,/shared/home/sarim.hashmi/usenix/benchmark/newbench_norm/fake/A_taxi_cab_parked_next_to_a_fire_hydrant..png,0.17627257108688354
NewBench,2025,1,/shared/home/sarim.hashmi/usenix/benchmark/newbench_norm/fake/A_television_sits_on_a_cabinet_in_a_room..png,5.873167174286209e-05
NewBench,2025,1,/shared/home/sarim.hashmi/usenix/benchmark/newbench_norm/fake/A_tie-dyed_cyclist_stands_beside_his_bicycle_in_front_of_fellow_cyclists..png,0.0008833938627503812
NewBench,2025,1,"/shared/home/sarim.hashmi/usenix/benchmark/newbench_norm/fake/A_tiled_bathroom_with_a_single_vanity,_toilet_and_shower..png",0.00013208354357630014
NewBench,2025,1,/shared/home/sarim.hashmi/usenix/benchmark/newbench_norm/fake/A_toilet_in_a_stall_with_remote_control_buttons..png,0.0003284192061983049
NewBench,2025,1,/shared/home/sarim.hashmi/usenix/benchmark/newbench_norm/fake/A_toilet_seat_sits_on_top_of_a_hole_in_the_ground..png,0.00025008732336573303
NewBench,2025,1,/shared/home/sarim.hashmi/usenix/benchmark/newbench_norm/fake/A_toilet_sitting_outside_a_building_in_an_alley..png,7.588695734739304e-05
NewBench,2025,1,/shared/home/sarim.hashmi/usenix/benchmark/newbench_norm/fake/A_toilet_that_is_very_clean_in_a_bathroom..png,9.067701466847211e-05
NewBench,2025,1,/shared/home/sarim.hashmi/usenix/benchmark/newbench_norm/fake/A_tow_truck_driving_past_a_very_old_stop_sign..png,0.00012100600724807009
NewBench,2025,1,/shared/home/sarim.hashmi/usenix/benchmark/newbench_norm/fake/A_towel_hangs_beneath_a_sink_in_a_bathroom..png,0.0004269430646672845
NewBench,2025,1,/shared/home/sarim.hashmi/usenix/benchmark/newbench_norm/fake/A_traffic_light_and_cars_on_a_street..png,0.0024965533521026373
NewBench,2025,1,/shared/home/sarim.hashmi/usenix/benchmark/newbench_norm/fake/A_traffic_light_glows_red_on_a_cloudy_day.png,0.00021540632587857544
NewBench,2025,1,/shared/home/sarim.hashmi/usenix/benchmark/newbench_norm/fake/A_traffic_light_on_a_street_with_some_people..png,0.0011575905373319983
NewBench,2025,1,/shared/home/sarim.hashmi/usenix/benchmark/newbench_norm/fake/A_traffic_light_sitting_next_to_a_cluster_of_traffic_cones..png,0.00021280797955114394
NewBench,2025,1,/shared/home/sarim.hashmi/usenix/benchmark/newbench_norm/fake/A_traffic_light_sitting_on_the_side_of_a_road..png,6.0530699556693435e-05
NewBench,2025,1,/shared/home/sarim.hashmi/usenix/benchmark/newbench_norm/fake/A_traffic_sign_hung_upside_down_on_a_pole._.png,7.93008366599679e-05
NewBench,2025,1,/shared/home/sarim.hashmi/usenix/benchmark/newbench_norm/fake/A_train_coming_up_to_a_railroad_crossing..png,0.0001909196435008198
NewBench,2025,1,/shared/home/sarim.hashmi/usenix/benchmark/newbench_norm/fake/A_train_covered_in_graffiti_sitting_on_top_of__train_tracks..png,8.897277439245954e-05
NewBench,2025,1,/shared/home/sarim.hashmi/usenix/benchmark/newbench_norm/fake/A_train_covered_in_graffiti_traveling_down_railroad_tracks..png,0.9053929448127747
NewBench,2025,1,/shared/home/sarim.hashmi/usenix/benchmark/newbench_norm/fake/A_train_going_down_the_tracks_that_has_just_gone_under_a_bridge..png,0.0008156539406627417
NewBench,2025,1,/shared/home/sarim.hashmi/usenix/benchmark/newbench_norm/fake/A_train_is_moving_along_train_tracks_through_the_woods..png,7.146350253606215e-05
NewBench,2025,1,/shared/home/sarim.hashmi/usenix/benchmark/newbench_norm/fake/A_train_is_stopped_in_front_of_an_industrial_area..png,9.354337089462206e-05
NewBench,2025,1,/shared/home/sarim.hashmi/usenix/benchmark/newbench_norm/fake/A_train_making_its_way_through_a_rail_yard..png,0.00011983031436102465
NewBench,2025,1,/shared/home/sarim.hashmi/usenix/benchmark/newbench_norm/fake/A_train_sitting_in_front_of_a_tin_building_and_a_dry_grass_field..png,0.0002341199724469334
NewBench,2025,1,/shared/home/sarim.hashmi/usenix/benchmark/newbench_norm/fake/A_train_sitting_inside_of_a_train_station_near_a_skylight..png,0.0010369863593950868
NewBench,2025,1,/shared/home/sarim.hashmi/usenix/benchmark/newbench_norm/fake/A_train_traveling_along_a_rocky_mountain_side..png,0.6959385871887207
NewBench,2025,1,/shared/home/sarim.hashmi/usenix/benchmark/newbench_norm/fake/A_train_traveling_down_train_tracks_next_to_a_building..png,0.8682059049606323
NewBench,2025,1,/shared/home/sarim.hashmi/usenix/benchmark/newbench_norm/fake/A_train_traveling_through_rural_countryside_under_power_lines..png,0.00032873841701075435
NewBench,2025,1,/shared/home/sarim.hashmi/usenix/benchmark/newbench_norm/fake/A_train_with_a_green_and_orange_stripe_is_sitting_on_the_tracks..png,7.822075713193044e-05
NewBench,2025,1,/shared/home/sarim.hashmi/usenix/benchmark/newbench_norm/fake/A_trash_can_made_to_look_like_a_soup_can..png,8.014667400857434e-05
NewBench,2025,1,/shared/home/sarim.hashmi/usenix/benchmark/newbench_norm/fake/A_travel_guide_taking_a_photo_as_the_tour_bus_arrives.png,0.009531493298709393
NewBench,2025,1,/shared/home/sarim.hashmi/usenix/benchmark/newbench_norm/fake/A_tree_sitting_next_to_a_bench_near_a_lake..png,0.42519986629486084
NewBench,2025,1,/shared/home/sarim.hashmi/usenix/benchmark/newbench_norm/fake/A_tree_sitting_on_top_of_a_hillside_near_a_bench..png,9.509481606073678e-05
NewBench,2025,1,/shared/home/sarim.hashmi/usenix/benchmark/newbench_norm/fake/A_very_skinny_red_fire_hydrant_with_silver_top_and_sides._.png,0.3578552007675171
NewBench,2025,1,/shared/home/sarim.hashmi/usenix/benchmark/newbench_norm/fake/A_very_tall_building_sitting_on_the_side_of_a_road..png,0.00013846227375324816
NewBench,2025,1,/shared/home/sarim.hashmi/usenix/benchmark/newbench_norm/fake/A_very_tall_building_with_a_clock_mounted_to_it's_side..png,0.0008150863577611744
NewBench,2025,1,/shared/home/sarim.hashmi/usenix/benchmark/newbench_norm/fake/A_very_tall_building_with_lots_of_windows..png,0.9993759989738464
NewBench,2025,1,/shared/home/sarim.hashmi/usenix/benchmark/newbench_norm/fake/A_very_upscale_looking_hotel_room_with_large_bed_and_a_bathroom_in_the_next_room..png,0.0034941518679261208
NewBench,2025,1,/shared/home/sarim.hashmi/usenix/benchmark/newbench_norm/fake/A_view_from_the_street_of_two_traffic_lights_and_a_building._.png,0.23595000803470612
NewBench,2025,1,"/shared/home/sarim.hashmi/usenix/benchmark/newbench_norm/fake/A_view_of_a_kitchen_sink,_knives,_hanging_cups,_and_wine_glasses..png",0.5946988463401794
NewBench,2025,1,/shared/home/sarim.hashmi/usenix/benchmark/newbench_norm/fake/A_vintage_STOP_sign_in_black_&_white.png,7.312886009458452e-05
NewBench,2025,1,/shared/home/sarim.hashmi/usenix/benchmark/newbench_norm/fake/A_walk_in_shower_next_to_a_tub_in_a_bathroom..png,0.00035506809945218265
NewBench,2025,1,/shared/home/sarim.hashmi/usenix/benchmark/newbench_norm/fake/A_wall_mounted_oven_inside_of_a_kitchen_with_a_large_entrance..png,0.0003257686039432883
NewBench,2025,1,/shared/home/sarim.hashmi/usenix/benchmark/newbench_norm/fake/A_water-stained_cathedral_clock-tower_enveloped_by_various_green_vines..png,0.0006238801288418472
NewBench,2025,1,/shared/home/sarim.hashmi/usenix/benchmark/newbench_norm/fake/A_water_foul_near_the_shore_in_a_body_of_water_with_an_island_in_the_middle_of_it..png,0.00023110859910957515
NewBench,2025,1,/shared/home/sarim.hashmi/usenix/benchmark/newbench_norm/fake/A_white_and_black_bird_perched_on_a_wooden_fence_rail..png,0.5580190420150757
NewBench,2025,1,/shared/home/sarim.hashmi/usenix/benchmark/newbench_norm/fake/A_white_and_black_checkered_floor_in_a_kitchen..png,0.00023289125238079578
NewBench,2025,1,/shared/home/sarim.hashmi/usenix/benchmark/newbench_norm/fake/A_white_and_blue_bus_parked_on_the_side_of_a_road..png,0.0017131493659690022
NewBench,2025,1,/shared/home/sarim.hashmi/usenix/benchmark/newbench_norm/fake/A_white_and_orange_cat_sitting_on_top_of_a_sidewalk..png,0.8663601279258728
NewBench,2025,1,/shared/home/sarim.hashmi/usenix/benchmark/newbench_norm/fake/A_white_bath_tub_sitting_under_a_window_next_to_a_toilet..png,0.00011481725960038602
NewBench,2025,1,/shared/home/sarim.hashmi/usenix/benchmark/newbench_norm/fake/A_white_bathroom_mirror_mounted_to_it's_wall..png,0.00028964426019228995
NewBench,2025,1,/shared/home/sarim.hashmi/usenix/benchmark/newbench_norm/fake/A_white_bathroom_sink_sitting_next_to_a_toilet..png,0.0001005997764877975
NewBench,2025,1,/shared/home/sarim.hashmi/usenix/benchmark/newbench_norm/fake/A_white_cake_topped_with_coconut_on_a_counter..png,9.007710468722507e-05
NewBench,2025,1,/shared/home/sarim.hashmi/usenix/benchmark/newbench_norm/fake/A_white_car_with_chrome_rims_parked_next_to_an_older_lady..png,0.03103259578347206
NewBench,2025,1,/shared/home/sarim.hashmi/usenix/benchmark/newbench_norm/fake/A_white_church_sitting_at_the_bottom_of_a_hillside..png,0.00036040638224221766
NewBench,2025,1,/shared/home/sarim.hashmi/usenix/benchmark/newbench_norm/fake/A_white_city_bus_pulling_onto_a_street_near_a_cross_walk..png,0.0001319436851190403
NewBench,2025,1,/shared/home/sarim.hashmi/usenix/benchmark/newbench_norm/fake/A_white_compact_car_parked_on_a_sandy_dirt_road..png,0.0005823927349410951
NewBench,2025,1,/shared/home/sarim.hashmi/usenix/benchmark/newbench_norm/fake/A_white_kitchen_with_marble_countertops_and_stone_floors..png,0.000808335084002465
NewBench,2025,1,/shared/home/sarim.hashmi/usenix/benchmark/newbench_norm/fake/A_white_park_bench_sitting_in_the_middle_of_a_forest..png,0.00015281554078683257
NewBench,2025,1,/shared/home/sarim.hashmi/usenix/benchmark/newbench_norm/fake/A_white_sink_under_a_mirror_in_a_bathroom_next_to_a_light_switch..png,0.00017054333875421435
NewBench,2025,1,/shared/home/sarim.hashmi/usenix/benchmark/newbench_norm/fake/A_white_stove_top_oven_sitting_inside_of_a_kitchen..png,0.000505696574691683
NewBench,2025,1,/shared/home/sarim.hashmi/usenix/benchmark/newbench_norm/fake/A_white_stove_with_two_metal_pots_on_its_back_burners._.png,6.900217704242095e-05
NewBench,2025,1,/shared/home/sarim.hashmi/usenix/benchmark/newbench_norm/fake/A_white_toilet_in_a_bathroom_next_to_toilet_paper..png,0.00011869942682096735
NewBench,2025,1,/shared/home/sarim.hashmi/usenix/benchmark/newbench_norm/fake/A_white_toilet_sitting_in_a_bathroom_next_to_a_counter..png,0.0838434174656868
NewBench,2025,1,/shared/home/sarim.hashmi/usenix/benchmark/newbench_norm/fake/A_white_toilet_sitting_inside_of_a_bathroom..png,0.00012937150313518941
NewBench,2025,1,/shared/home/sarim.hashmi/usenix/benchmark/newbench_norm/fake/A_white_toilet_sitting_on_top_of_a_bathroom_floor..png,0.00016507378313690424
NewBench,2025,1,/shared/home/sarim.hashmi/usenix/benchmark/newbench_norm/fake/A_white_toilet_sitting_underneath_a_window_next_to_a_sink..png,0.00014126957103144377
NewBench,2025,1,/shared/home/sarim.hashmi/usenix/benchmark/newbench_norm/fake/A_white_toilet_with_a_black_lid_and_red_painting_on_it._.png,0.00013245799345895648
NewBench,2025,1,/shared/home/sarim.hashmi/usenix/benchmark/newbench_norm/fake/A_white_trunk_parked_next_to_a_stop_sign..png,0.0001016251917462796
NewBench,2025,1,/shared/home/sarim.hashmi/usenix/benchmark/newbench_norm/fake/A_white_tub_sitting_underneath_a_couple_of_windows..png,0.0005115752574056387
NewBench,2025,1,/shared/home/sarim.hashmi/usenix/benchmark/newbench_norm/fake/A_whole_bunch_of_traffic_stop_signs_huddled_together..png,0.9776515364646912
NewBench,2025,1,/shared/home/sarim.hashmi/usenix/benchmark/newbench_norm/fake/A_window_shot_of_a_plane_in_the_air_with_another_plane_present._.png,0.00022025260841473937
NewBench,2025,1,/shared/home/sarim.hashmi/usenix/benchmark/newbench_norm/fake/A_woman_and_two_men_sitting_on_a_bench_in_front_of_a_store..png,0.0005677646840922534
NewBench,2025,1,/shared/home/sarim.hashmi/usenix/benchmark/newbench_norm/fake/A_woman_eating_vegetables_in_front_of_a_stove..png,0.00031214678892865777
NewBench,2025,1,/shared/home/sarim.hashmi/usenix/benchmark/newbench_norm/fake/A_woman_holding_up_measuring_cups_and_a_cat_watching_on_the_counter..png,0.0020463443361222744
NewBench,2025,1,/shared/home/sarim.hashmi/usenix/benchmark/newbench_norm/fake/A_woman_is_kneeling_down_next_to_a_toilet..png,0.00013382786710280925
NewBench,2025,1,/shared/home/sarim.hashmi/usenix/benchmark/newbench_norm/fake/A_woman_is_riding_an_orange_sports_motorcycle..png,0.0004392644914332777
NewBench,2025,1,/shared/home/sarim.hashmi/usenix/benchmark/newbench_norm/fake/A_woman_is_standing_on_a_kitchen_floor..png,0.00300149479880929
NewBench,2025,1,/shared/home/sarim.hashmi/usenix/benchmark/newbench_norm/fake/A_woman_is_unloading_a_bag_in_a_large_kitchen..png,0.0003061651368625462
NewBench,2025,1,/shared/home/sarim.hashmi/usenix/benchmark/newbench_norm/fake/A_woman_is_walking_a_dog_in_the_city..png,0.9381546974182129
NewBench,2025,1,/shared/home/sarim.hashmi/usenix/benchmark/newbench_norm/fake/A_woman_preparing_food_inside_of_a_kitchen..png,0.0001239094854099676
NewBench,2025,1,/shared/home/sarim.hashmi/usenix/benchmark/newbench_norm/fake/A_woman_riding_a_green_bike_with_a_small_white_dog_on_the_back..png,0.0028242142871022224
NewBench,2025,1,/shared/home/sarim.hashmi/usenix/benchmark/newbench_norm/fake/A_woman_sitting_on_a_bench_in_a_field_in_front_of_a_pond..png,9.474778198637068e-05
NewBench,2025,1,/shared/home/sarim.hashmi/usenix/benchmark/newbench_norm/fake/A_woman_sitting_on_a_motorcycle_while_talking_to_a_child_with_a_man_laying_in_a_hammock_behind_them..png,0.00023079832317307591
NewBench,2025,1,/shared/home/sarim.hashmi/usenix/benchmark/newbench_norm/fake/A_woman_standing_in_a_kitchen_holding_a_jug_of_milk..png,0.0013311691582202911
NewBench,2025,1,/shared/home/sarim.hashmi/usenix/benchmark/newbench_norm/fake/A_woman_standing_in_a_kitchen_next_to_a_sink..png,0.00031749546178616583
NewBench,2025,1,/shared/home/sarim.hashmi/usenix/benchmark/newbench_norm/fake/A_woman_standing_in_front_of_a_bathroom_mirror_next_to_a_sink..png,0.00018800327961798757
NewBench,2025,1,/shared/home/sarim.hashmi/usenix/benchmark/newbench_norm/fake/A_woman_standing_in_front_of_a_table_with_lots_of_salad..png,0.6637176275253296
NewBench,2025,1,/shared/home/sarim.hashmi/usenix/benchmark/newbench_norm/fake/A_woman_standing_next_to_a_standing_toilet..png,0.001937969820573926
NewBench,2025,1,/shared/home/sarim.hashmi/usenix/benchmark/newbench_norm/fake/A_woman_standing_next_to_a_traffic_signal_on_a_street_corner..png,0.00022962161165196449
NewBench,2025,1,/shared/home/sarim.hashmi/usenix/benchmark/newbench_norm/fake/A_woman_standing_with_a_bi-wing_airplane_on_a_runway..png,0.00022001523757353425
NewBench,2025,1,/shared/home/sarim.hashmi/usenix/benchmark/newbench_norm/fake/A_woman_walking_a_dog_down_a_street..png,6.491578096756712e-05
NewBench,2025,1,/shared/home/sarim.hashmi/usenix/benchmark/newbench_norm/fake/A_wooden_bench_near_tall_vegetation_in_front_of_a_house..png,0.0005154329701326787
NewBench,2025,1,/shared/home/sarim.hashmi/usenix/benchmark/newbench_norm/fake/A_wooden_bench_sitting_on_a_lush_green_park..png,0.9772329926490784
NewBench,2025,1,/shared/home/sarim.hashmi/usenix/benchmark/newbench_norm/fake/A_wooden_bench_that_is_next_to_a_meter..png,6.941492029000074e-05
NewBench,2025,1,/shared/home/sarim.hashmi/usenix/benchmark/newbench_norm/fake/A_wooden_bench_with_snow_in_a__forest..png,0.00034596867044456303
NewBench,2025,1,/shared/home/sarim.hashmi/usenix/benchmark/newbench_norm/fake/A_wooden_park_bench_with_a_remote_control_on_top_of_it..png,0.14596711099147797
NewBench,2025,1,/shared/home/sarim.hashmi/usenix/benchmark/newbench_norm/fake/A_yellow_and_blue_bus_driving_down_a_curvy_road..png,0.01617610827088356
NewBench,2025,1,/shared/home/sarim.hashmi/usenix/benchmark/newbench_norm/fake/A_yellow_and_green_train_pulling_out_of_a_tunnel_next_to_a_red_car..png,0.0008411938324570656
NewBench,2025,1,/shared/home/sarim.hashmi/usenix/benchmark/newbench_norm/fake/A_yellow_bus_carrying_passengers_riding_along_the_road..png,5.6058390327962115e-05
NewBench,2025,1,/shared/home/sarim.hashmi/usenix/benchmark/newbench_norm/fake/A_yellow_dune_buggy_on_display_amongst_other_automobiles..png,0.0001116101848310791
NewBench,2025,1,/shared/home/sarim.hashmi/usenix/benchmark/newbench_norm/fake/A_yellow_fire_hydrant_in_front_of_a_bike_leaning_against_four_poles.png,0.0002455714566167444
NewBench,2025,1,/shared/home/sarim.hashmi/usenix/benchmark/newbench_norm/fake/A_yellow_motorcycle_in_front_of_a_street_with_several_people._.png,0.00030289802816696465
NewBench,2025,1,/shared/home/sarim.hashmi/usenix/benchmark/newbench_norm/fake/A_yellow_sign_sitting_on_the_side_of_a_road..png,0.0012389448238536716
NewBench,2025,1,/shared/home/sarim.hashmi/usenix/benchmark/newbench_norm/fake/A_yellow_stripped_cat_sitting_in_a_bathroom_sink..png,9.48396191233769e-05
NewBench,2025,1,/shared/home/sarim.hashmi/usenix/benchmark/newbench_norm/fake/A_young_boy_seems_to_be_trying_to_feed_a_giraffe._.png,0.0003202347725164145
NewBench,2025,1,/shared/home/sarim.hashmi/usenix/benchmark/newbench_norm/fake/A_young_cat_with_a_beautiful_coat_standing_alone._.png,7.667159661650658e-05
NewBench,2025,1,/shared/home/sarim.hashmi/usenix/benchmark/newbench_norm/fake/A_young_girl_standing_on_a_field_with_a_flock_of_birds..png,0.002675462979823351
NewBench,2025,1,/shared/home/sarim.hashmi/usenix/benchmark/newbench_norm/fake/A_young_woman_lays_a_hand_on_the_neck_of_the_horse_she_is_riding..png,0.00010559063957771286
NewBench,2025,1,/shared/home/sarim.hashmi/usenix/benchmark/newbench_norm/fake/A_zebra_and_giraffe_that_is_in_the_dirt..png,0.0008279138128273189
NewBench,2025,1,/shared/home/sarim.hashmi/usenix/benchmark/newbench_norm/fake/Adult_lying_obscurely_on_park_bench_in_wide_open_area..png,0.9314757585525513
NewBench,2025,1,/shared/home/sarim.hashmi/usenix/benchmark/newbench_norm/fake/Aerial_tricks_performed_on_red_bike_over_stacked_skateboards_with_photographer_in_background..png,0.02329670451581478
NewBench,2025,1,/shared/home/sarim.hashmi/usenix/benchmark/newbench_norm/fake/All_of_the_bunches_of_bananas_are_yellow_and_ripe..png,0.00013185763964429498
NewBench,2025,1,/shared/home/sarim.hashmi/usenix/benchmark/newbench_norm/fake/An_All_Nippon_Airways_777_sitting_at_a_gate_on_the_tarmac..png,0.00014519468822982162
NewBench,2025,1,/shared/home/sarim.hashmi/usenix/benchmark/newbench_norm/fake/An_airplane_flying_in_the_sky_with_smoke_coming_out_of_it._.png,9.688186401035637e-05
NewBench,2025,1,/shared/home/sarim.hashmi/usenix/benchmark/newbench_norm/fake/An_airplane_is_flying_against_a_partly_cloudy_sky..png,0.00014068091695662588
NewBench,2025,1,/shared/home/sarim.hashmi/usenix/benchmark/newbench_norm/fake/An_airplane_nose_sits_in_a_hangar._.png,0.00010353758989367634
NewBench,2025,1,/shared/home/sarim.hashmi/usenix/benchmark/newbench_norm/fake/An_airplane_on_a_runway_with_snow_on_it..png,0.6704792380332947
NewBench,2025,1,/shared/home/sarim.hashmi/usenix/benchmark/newbench_norm/fake/An_animal_surrounded_by_a_flock_of_birds.png,0.0008489353349432349
NewBench,2025,1,/shared/home/sarim.hashmi/usenix/benchmark/newbench_norm/fake/An_assortment_of_flying_objects_including_kites_and_airplanes_hung_inside_a_building..png,0.00010453949653310701
NewBench,2025,1,/shared/home/sarim.hashmi/usenix/benchmark/newbench_norm/fake/An_empty_bathroom_with_a_shower_next_to_a_toilet..png,0.00022173709294293076
NewBench,2025,1,/shared/home/sarim.hashmi/usenix/benchmark/newbench_norm/fake/An_empty_kitchen_with_lots_of_tile_blue_counter_top_space..png,0.00028778158593922853
NewBench,2025,1,/shared/home/sarim.hashmi/usenix/benchmark/newbench_norm/fake/An_intersection_features_a_directional_sign_to_local_towns._.png,0.00015819331747479737
NewBench,2025,1,/shared/home/sarim.hashmi/usenix/benchmark/newbench_norm/fake/An_intersection_of_wires_and_cables_stretching_over_a_traffic_light..png,0.7592309713363647
NewBench,2025,1,/shared/home/sarim.hashmi/usenix/benchmark/newbench_norm/fake/An_odd_couple_of_formal_woman_in_black_dress_and_pearls_with_casual_boy_in_a_cap_and_untidy_clothes_.png,0.00012885197065770626
NewBench,2025,1,/shared/home/sarim.hashmi/usenix/benchmark/newbench_norm/fake/An_office_cubicle_with_clutter_on_the_desk.png,0.005203524604439735
NewBench,2025,1,"/shared/home/sarim.hashmi/usenix/benchmark/newbench_norm/fake/An_old,_rusty_fire_hydrant,_in_front_of_the_pole._.png",0.0007274955278262496
NewBench,2025,1,/shared/home/sarim.hashmi/usenix/benchmark/newbench_norm/fake/An_old_black_and_white_picture_of_a_bus_and_homes_in_the_background._.png,0.0013594537740573287
NewBench,2025,1,/shared/home/sarim.hashmi/usenix/benchmark/newbench_norm/fake/An_old_bus_makes_its_way_down_a_city_street..png,6.0390248108888045e-05
NewBench,2025,1,/shared/home/sarim.hashmi/usenix/benchmark/newbench_norm/fake/An_old_clock_bordered_by_a_tire_in_front_of_a_rusted_door..png,0.00015255057951435447
NewBench,2025,1,/shared/home/sarim.hashmi/usenix/benchmark/newbench_norm/fake/An_old_fashioned_biplane_with_its_propeller_spinning..png,0.00024400399706792086
NewBench,2025,1,/shared/home/sarim.hashmi/usenix/benchmark/newbench_norm/fake/An_old_fire_hydrant_in_the_middle_of_the_woods..png,0.0002565205213613808
NewBench,2025,1,/shared/home/sarim.hashmi/usenix/benchmark/newbench_norm/fake/An_old_lady_smiling_in_a_pink_kitchen..png,0.00023828029225114733
NewBench,2025,1,/shared/home/sarim.hashmi/usenix/benchmark/newbench_norm/fake/An_old_toilet_outside_against_an_old_painted_wall..png,0.02507159486413002
NewBench,2025,1,/shared/home/sarim.hashmi/usenix/benchmark/newbench_norm/fake/An_old_train_moving_on_a_train_track..png,0.0003652776940725744
NewBench,2025,1,/shared/home/sarim.hashmi/usenix/benchmark/newbench_norm/fake/An_older_model_passenger_bus_in_a_city..png,0.00011960929987253621
NewBench,2025,1,"/shared/home/sarim.hashmi/usenix/benchmark/newbench_norm/fake/An_open_door_leading_to_a_bathroom_toilet,_with_a_shower_rack_and_bureau_visible..png",4.260681816958822e-05
NewBench,2025,1,/shared/home/sarim.hashmi/usenix/benchmark/newbench_norm/fake/An_open_toilet_with_a_sign_posted_on_it..png,0.00014756804739590734
NewBench,2025,1,/shared/home/sarim.hashmi/usenix/benchmark/newbench_norm/fake/An_orange_fire_hydrant_sitting_next_to_a_stone_wall..png,0.08365609496831894
NewBench,2025,1,/shared/home/sarim.hashmi/usenix/benchmark/newbench_norm/fake/An_orange_sign_that_has_a_picture_of_a_man_holding_a_flag..png,0.0004227925091981888
NewBench,2025,1,/shared/home/sarim.hashmi/usenix/benchmark/newbench_norm/fake/An_worn_out_rainbow_colored_park_bench_seat.png,0.005502224434167147
NewBench,2025,1,/shared/home/sarim.hashmi/usenix/benchmark/newbench_norm/fake/Bench_and_window_with_shutters_with_bricked_wall.png,0.0007558923680335283
NewBench,2025,1,/shared/home/sarim.hashmi/usenix/benchmark/newbench_norm/fake/Birds_perched_up_on_a_tree_branch_next_to_a_window..png,0.0002513734216336161
NewBench,2025,1,/shared/home/sarim.hashmi/usenix/benchmark/newbench_norm/fake/Black_and_white_photo_of_a_clocktower_and_a_bird..png,0.0012055994011461735
NewBench,2025,1,/shared/home/sarim.hashmi/usenix/benchmark/newbench_norm/fake/Car_parked_in_the_parking_lot_next_to_the_pier.png,7.044008816592395e-05
NewBench,2025,1,/shared/home/sarim.hashmi/usenix/benchmark/newbench_norm/fake/Cars_parked_and_driving_in_front_of_a_school..png,0.0001282765151700005
NewBench,2025,1,/shared/home/sarim.hashmi/usenix/benchmark/newbench_norm/fake/City_bus_loading_on_a_busy_metropolitan_street._.png,0.011254473589360714
NewBench,2025,1,/shared/home/sarim.hashmi/usenix/benchmark/newbench_norm/fake/City_bus_on_an_empty_city_street_near_a_STOP_sign._.png,7.528208516305313e-05
NewBench,2025,1,/shared/home/sarim.hashmi/usenix/benchmark/newbench_norm/fake/Cliffs_rise_on_the_edge_of_a_placid_lake..png,6.825024320278317e-05
NewBench,2025,1,/shared/home/sarim.hashmi/usenix/benchmark/newbench_norm/fake/Closeup_of_view_of_the_cabin_and_wing_of_a_large_commercial_airliner..png,8.342353976331651e-05
NewBench,2025,1,/shared/home/sarim.hashmi/usenix/benchmark/newbench_norm/fake/Colorful_passenger_cars_are_parked_at_an_empty_station..png,0.00018398866814095527
NewBench,2025,1,/shared/home/sarim.hashmi/usenix/benchmark/newbench_norm/fake/Construction_worker_holding_a_stop_sign_on_the_side_of_a_road_on_a_sunny_day..png,0.0002222287585027516
NewBench,2025,1,/shared/home/sarim.hashmi/usenix/benchmark/newbench_norm/fake/Cute_multi_colored_kitten_sitting_in_woman's_lap.png,0.8863831758499146
NewBench,2025,1,/shared/home/sarim.hashmi/usenix/benchmark/newbench_norm/fake/Double_decker_city_bus_passing_under_an_overpass._.png,0.0010434923460707068
NewBench,2025,1,/shared/home/sarim.hashmi/usenix/benchmark/newbench_norm/fake/Emergency_vehicles_are_on_the_scene_of_the_accident..png,0.03919044882059097
NewBench,2025,1,/shared/home/sarim.hashmi/usenix/benchmark/newbench_norm/fake/Fruit_in_a_jar_filled_with_liquid_sitting_on_a_wooden_table..png,0.00013486668467521667
NewBench,2025,1,/shared/home/sarim.hashmi/usenix/benchmark/newbench_norm/fake/Full_grown_cat_laying_down_and_sleeping_on_top_of_a_car._.png,6.262163515202701e-05
NewBench,2025,1,/shared/home/sarim.hashmi/usenix/benchmark/newbench_norm/fake/Giraffe_walking_through_a_field_next_to_a_forest..png,0.0001522956445114687
NewBench,2025,1,/shared/home/sarim.hashmi/usenix/benchmark/newbench_norm/fake/Giraffe_with_large_trees_grazing_in_gray_sky.png,0.0002640912716742605
NewBench,2025,1,/shared/home/sarim.hashmi/usenix/benchmark/newbench_norm/fake/Group_of_giraffes_standing_near_a_puddle_on_the_savannah..png,0.0005939166876487434
NewBench,2025,1,/shared/home/sarim.hashmi/usenix/benchmark/newbench_norm/fake/Jet_liner_flying_off_into_the_distance_on_an_overcast_day.png,0.0010860105976462364
NewBench,2025,1,/shared/home/sarim.hashmi/usenix/benchmark/newbench_norm/fake/Large_commuter_train_parked_on_the_track_with_no_people_around..png,0.01046036183834076
NewBench,2025,1,/shared/home/sarim.hashmi/usenix/benchmark/newbench_norm/fake/Lots_of_fruit_sits_on_bowls_on_the_counter_of_this_kitchen._.png,0.00010791961540235206
NewBench,2025,1,/shared/home/sarim.hashmi/usenix/benchmark/newbench_norm/fake/Man_on_bike_on_street_corner_with_buildings_and_stoplight.png,0.00014132224896457046
NewBench,2025,1,/shared/home/sarim.hashmi/usenix/benchmark/newbench_norm/fake/Man_on_blue_and_white_motorcycle_riding_on_one_wheel._.png,0.00013223450514487922
NewBench,2025,1,/shared/home/sarim.hashmi/usenix/benchmark/newbench_norm/fake/Many_motorcycles_are_parked_around_a_crowd_of_people..png,0.0006207482074387372
NewBench,2025,1,/shared/home/sarim.hashmi/usenix/benchmark/newbench_norm/fake/Many_people_bike_through_the_streets_at_night..png,0.00029516330687329173
NewBench,2025,1,/shared/home/sarim.hashmi/usenix/benchmark/newbench_norm/fake/Many_planes_are_arranged_in_a_large_building..png,0.00010826015204656869
NewBench,2025,1,/shared/home/sarim.hashmi/usenix/benchmark/newbench_norm/fake/Many_plates_and_dishes_line_a_kitchen_cabinet._.png,0.00011027479922631755
NewBench,2025,1,/shared/home/sarim.hashmi/usenix/benchmark/newbench_norm/fake/Men_and_women_are_riding_on_motorcycles_on_the_street.png,0.0004297576961107552
NewBench,2025,1,/shared/home/sarim.hashmi/usenix/benchmark/newbench_norm/fake/Multiple_lane_road_in_large_city_on_sunny_day..png,0.000780170492362231
NewBench,2025,1,"/shared/home/sarim.hashmi/usenix/benchmark/newbench_norm/fake/Non_passenger_train,_slowly_coming_down_the_tracks.png",0.00030150756356306374
NewBench,2025,1,/shared/home/sarim.hashmi/usenix/benchmark/newbench_norm/fake/One_giraffe_in_the_foreground_with_two_giraffes_in_the_background..png,0.0003378387773409486
NewBench,2025,1,/shared/home/sarim.hashmi/usenix/benchmark/newbench_norm/fake/People_are_sitting_and_standing_outside_between_train_cars..png,0.0008289013640023768
NewBench,2025,1,/shared/home/sarim.hashmi/usenix/benchmark/newbench_norm/fake/People_are_waiting_for_the_bus_near_a_bus_stop..png,0.22750285267829895
NewBench,2025,1,/shared/home/sarim.hashmi/usenix/benchmark/newbench_norm/fake/People_are_waiting_for_the_train_to_arrive.png,0.0013836161233484745
NewBench,2025,1,/shared/home/sarim.hashmi/usenix/benchmark/newbench_norm/fake/People_at_a_bus_stop_waiting_on_a_bus..png,0.24446627497673035
NewBench,2025,1,/shared/home/sarim.hashmi/usenix/benchmark/newbench_norm/fake/People_crossing_the_street_at_a_busy_intersection.png,0.002769295359030366
NewBench,2025,1,/shared/home/sarim.hashmi/usenix/benchmark/newbench_norm/fake/People_sitting_on_benches_next_to_each_other..png,0.005666261073201895
NewBench,2025,1,/shared/home/sarim.hashmi/usenix/benchmark/newbench_norm/fake/People_standing_around_looking_at_a_small_train_on_a_track.png,0.002620727987959981
NewBench,2025,1,/shared/home/sarim.hashmi/usenix/benchmark/newbench_norm/fake/People_standing_on_a_sidewalk_near_a_parked_bus_at_night..png,8.998198609333485e-05
NewBench,2025,1,/shared/home/sarim.hashmi/usenix/benchmark/newbench_norm/fake/People_walking_around_downtown_and_a_man_riding_his_bike..png,0.00012093032273696736
NewBench,2025,1,/shared/home/sarim.hashmi/usenix/benchmark/newbench_norm/fake/Red_and_white_plane_sitting_in_a_green_field..png,0.05795619264245033
NewBench,2025,1,/shared/home/sarim.hashmi/usenix/benchmark/newbench_norm/fake/Red_brick_building_with_fire_hydrant_and_car_with_cloudy_sky.png,0.07522951066493988
NewBench,2025,1,/shared/home/sarim.hashmi/usenix/benchmark/newbench_norm/fake/Red_bus_passing_by_a_famous_clock_tower._.png,0.26718777418136597
NewBench,2025,1,/shared/home/sarim.hashmi/usenix/benchmark/newbench_norm/fake/Red_train_at_a_stop_and_a_man_that_is_waiting._.png,0.8481459617614746
NewBench,2025,1,/shared/home/sarim.hashmi/usenix/benchmark/newbench_norm/fake/Red_wrong_way_sign_in_front_of_a_church.png,0.0004329988732933998
NewBench,2025,1,/shared/home/sarim.hashmi/usenix/benchmark/newbench_norm/fake/Row_of_motorcycles_parked_at_curb_in_outdoor_area..png,0.09728743135929108
NewBench,2025,1,/shared/home/sarim.hashmi/usenix/benchmark/newbench_norm/fake/Rows_of_gray_and_black_keyboards_make_up_several_different_pictures..png,0.00026339420583099127
NewBench,2025,1,/shared/home/sarim.hashmi/usenix/benchmark/newbench_norm/fake/Separate_men_sitting_on_park_benches_playing_on_phone_and_reading..png,0.0031853271648287773
NewBench,2025,1,/shared/home/sarim.hashmi/usenix/benchmark/newbench_norm/fake/Seven_giraffe_are_standing_around_a_bush_in_a_field..png,0.00010382906475570053
NewBench,2025,1,/shared/home/sarim.hashmi/usenix/benchmark/newbench_norm/fake/Several_bicycles_lined_up_against_a_brick_building..png,0.9456512928009033
NewBench,2025,1,/shared/home/sarim.hashmi/usenix/benchmark/newbench_norm/fake/Several_buses_stopped_on_a_night_time_street..png,9.142466296907514e-05
NewBench,2025,1,/shared/home/sarim.hashmi/usenix/benchmark/newbench_norm/fake/Several_different_pots_place_on_a_stone_floor..png,0.00010724776075221598
NewBench,2025,1,/shared/home/sarim.hashmi/usenix/benchmark/newbench_norm/fake/Several_motorcycles_and_cars_parked_on_a_city_street..png,0.012772155925631523
NewBench,2025,1,/shared/home/sarim.hashmi/usenix/benchmark/newbench_norm/fake/Several_people_are_seen_sitting_around_and_smoking..png,0.0016945329261943698
NewBench,2025,1,/shared/home/sarim.hashmi/usenix/benchmark/newbench_norm/fake/Several_people_stand_on_a_sidewalk_by_a_train_next_to_a_cart_stacked_with_materials..png,0.000790631864219904
NewBench,2025,1,/shared/home/sarim.hashmi/usenix/benchmark/newbench_norm/fake/Several_sheep_are_in_a_grassy_field_with_trees..png,0.9996160268783569
NewBench,2025,1,/shared/home/sarim.hashmi/usenix/benchmark/newbench_norm/fake/Sign_over_city_street_above_traffic_lights_by_a_building..png,0.002144749742001295
NewBench,2025,1,/shared/home/sarim.hashmi/usenix/benchmark/newbench_norm/fake/Signs_with_red_men_for_go_and_stop.png,0.0991041511297226
NewBench,2025,1,/shared/home/sarim.hashmi/usenix/benchmark/newbench_norm/fake/Small_bathroom_with_toilet_and_sink_connected_to_each_other._.png,7.860576442908496e-05
NewBench,2025,1,/shared/home/sarim.hashmi/usenix/benchmark/newbench_norm/fake/Small_black_bird_standing_on_a_wooden_table_or_deck..png,7.989829464349896e-05
NewBench,2025,1,/shared/home/sarim.hashmi/usenix/benchmark/newbench_norm/fake/Small_kitchen_with_white_cabinets_and_white_appliances_with_a_city_view._.png,0.0005647890502586961
NewBench,2025,1,/shared/home/sarim.hashmi/usenix/benchmark/newbench_norm/fake/Some_cars_are_traveling_on_the_streets_on_a_cloudy_day._.png,0.0003003943129442632
NewBench,2025,1,/shared/home/sarim.hashmi/usenix/benchmark/newbench_norm/fake/Street_sign_in_front_of_a_large_building_and_clear_skies..png,0.0004768389626406133
NewBench,2025,1,/shared/home/sarim.hashmi/usenix/benchmark/newbench_norm/fake/Street_signs_are_advising_people_to_proceed_while_being_aware_of_their_surroundings..png,0.00017192658560816199
NewBench,2025,1,"/shared/home/sarim.hashmi/usenix/benchmark/newbench_norm/fake/Street_signs_at_an_intersection,_silhouetted_against_trees_and_a_blue_sky.png",0.010262062773108482
NewBench,2025,1,/shared/home/sarim.hashmi/usenix/benchmark/newbench_norm/fake/THERE_IS_A_PARK_BENCH_FACING_A_SNOW_COVERED_MOUNTAIN_.png,0.0024234773591160774
NewBench,2025,1,/shared/home/sarim.hashmi/usenix/benchmark/newbench_norm/fake/TWO_PEOPLE_IN_A_VERY_SMALL_APARTMENT_SIZE_KITCHEN.png,0.00012540744501166046
NewBench,2025,1,/shared/home/sarim.hashmi/usenix/benchmark/newbench_norm/fake/That_looks_like_a_wall_mural_in_the_background_of_this_photo_with_a_lot_of_sheet..png,0.4254254996776581
NewBench,2025,1,/shared/home/sarim.hashmi/usenix/benchmark/newbench_norm/fake/The_airplane_flies_low_to_the_ground_during_sunset..png,0.00031834410037845373
NewBench,2025,1,/shared/home/sarim.hashmi/usenix/benchmark/newbench_norm/fake/The_airplane_is_majestic_as_it_takes_off_into_the_air..png,0.00012830931518692523
NewBench,2025,1,/shared/home/sarim.hashmi/usenix/benchmark/newbench_norm/fake/The_back_door_with_a_window_in_the_kitchen..png,0.0011172173544764519
NewBench,2025,1,/shared/home/sarim.hashmi/usenix/benchmark/newbench_norm/fake/The_baseball_player_is_prominent_in_all_the_featured_pictures..png,0.011346962302923203
NewBench,2025,1,/shared/home/sarim.hashmi/usenix/benchmark/newbench_norm/fake/The_bathroom_has_two_large_windows_with_a_ledge..png,0.0001927176781464368
NewBench,2025,1,/shared/home/sarim.hashmi/usenix/benchmark/newbench_norm/fake/The_bathroom_is_clean_for_the_guests_to_use._.png,0.00019646924920380116
NewBench,2025,1,"/shared/home/sarim.hashmi/usenix/benchmark/newbench_norm/fake/The_bathroom_is_small_but_clean_and_neat_looking,_with_an_immaculate_black_and_white_tub___shower..png",8.927242743084207e-05
NewBench,2025,1,/shared/home/sarim.hashmi/usenix/benchmark/newbench_norm/fake/The_bird_is_perched_alone_on_the_bannister._.png,6.60496880300343e-05
NewBench,2025,1,/shared/home/sarim.hashmi/usenix/benchmark/newbench_norm/fake/The_black_cat_is_laying_on_top_of_books_on_the_shelf._.png,0.002540155313909054
NewBench,2025,1,/shared/home/sarim.hashmi/usenix/benchmark/newbench_norm/fake/The_car_is_traveling_down_the_road_while_the_dog_watches..png,0.00043776421807706356
NewBench,2025,1,/shared/home/sarim.hashmi/usenix/benchmark/newbench_norm/fake/The_clock_on_the_side_of_the_metal_building_is_gold_and_black._.png,0.00014452807954512537
NewBench,2025,1,/shared/home/sarim.hashmi/usenix/benchmark/newbench_norm/fake/The_couple_is_riding_the_motorcycle_together._.png,0.00025888581876643
NewBench,2025,1,/shared/home/sarim.hashmi/usenix/benchmark/newbench_norm/fake/The_fire_hydrant_is_sitting_on_the_side_of_the_road.png,9.534560376778245e-05
NewBench,2025,1,/shared/home/sarim.hashmi/usenix/benchmark/newbench_norm/fake/The_four_urinals_have_a_very_modern_design..png,0.0001664277515374124
NewBench,2025,1,/shared/home/sarim.hashmi/usenix/benchmark/newbench_norm/fake/The_freight_train_is_speeding_through_the_crossing..png,0.011360814794898033
NewBench,2025,1,"/shared/home/sarim.hashmi/usenix/benchmark/newbench_norm/fake/The_german_shepherd_is_guarding_the_front_of_the_barred_door,.png",0.0011371537111699581
NewBench,2025,1,/shared/home/sarim.hashmi/usenix/benchmark/newbench_norm/fake/The_giraffe_eats_from_a_reachable_limb_of_the_tree..png,0.00022279671975411475
NewBench,2025,1,/shared/home/sarim.hashmi/usenix/benchmark/newbench_norm/fake/The_infamous_Big_Ben_clock_tower_towering_over_the_city_of_London..png,0.00867776945233345
NewBench,2025,1,/shared/home/sarim.hashmi/usenix/benchmark/newbench_norm/fake/The_kitchen_sits_empty_and_unused_during_the_day..png,0.0031154719181358814
NewBench,2025,1,/shared/home/sarim.hashmi/usenix/benchmark/newbench_norm/fake/The_large_green_city_bus_is_driving_on_a_road..png,0.8590079545974731
NewBench,2025,1,/shared/home/sarim.hashmi/usenix/benchmark/newbench_norm/fake/The_lights_are_on_above_the_mirror_of_the_bathroom_sink..png,0.0003958092420361936
NewBench,2025,1,/shared/home/sarim.hashmi/usenix/benchmark/newbench_norm/fake/The_little_girl_is_standing_between_the_low_shrub_and_the_fire_plug.png,0.00026533196796663105
NewBench,2025,1,/shared/home/sarim.hashmi/usenix/benchmark/newbench_norm/fake/The_motorcycle_has_a_large_cargo_box_attached_to_the_seat..png,0.0014581151772290468
NewBench,2025,1,/shared/home/sarim.hashmi/usenix/benchmark/newbench_norm/fake/The_officer_is_riding_a_horse_threw_the_streets._.png,0.000170798011822626
NewBench,2025,1,/shared/home/sarim.hashmi/usenix/benchmark/newbench_norm/fake/The_person_stands_in_a_field_flying_a_yellow_kite._.png,0.10404049605131149
NewBench,2025,1,/shared/home/sarim.hashmi/usenix/benchmark/newbench_norm/fake/The_red_bus_has_an_anime_girl_on_it._.png,0.33894363045692444
NewBench,2025,1,/shared/home/sarim.hashmi/usenix/benchmark/newbench_norm/fake/The_shoreline_of_a_beach_on_a_cloudy_day._.png,0.0002776225155685097
NewBench,2025,1,/shared/home/sarim.hashmi/usenix/benchmark/newbench_norm/fake/The_skilled_skier_is_taking_the_downhill_route..png,0.009096699766814709
NewBench,2025,1,/shared/home/sarim.hashmi/usenix/benchmark/newbench_norm/fake/The_sleek_fighter_jet_is_flying_sideways_through_the_air._.png,0.000463462492916733
NewBench,2025,1,/shared/home/sarim.hashmi/usenix/benchmark/newbench_norm/fake/The_small_bathroom_has_an_old_bathtub_in_it..png,0.0002611967793200165
NewBench,2025,1,/shared/home/sarim.hashmi/usenix/benchmark/newbench_norm/fake/The_small_street_is_crowded_with_small_shops..png,0.0001039123599184677
NewBench,2025,1,/shared/home/sarim.hashmi/usenix/benchmark/newbench_norm/fake/The_snow_covered_mountain_looks_over_the_small_city..png,0.00012377792154438794
NewBench,2025,1,/shared/home/sarim.hashmi/usenix/benchmark/newbench_norm/fake/The_stop_sign_with_an_apartment_building_in_the_backgroundis_shot_from_below..png,0.0008816570043563843
NewBench,2025,1,/shared/home/sarim.hashmi/usenix/benchmark/newbench_norm/fake/The_street_sign_is_across_from_an_electronic_sign_of_a_restaurant..png,0.00022538323537446558
NewBench,2025,1,/shared/home/sarim.hashmi/usenix/benchmark/newbench_norm/fake/The_three_giraffe_stand_next_to_a_pile_of_logs..png,0.9698073863983154
NewBench,2025,1,/shared/home/sarim.hashmi/usenix/benchmark/newbench_norm/fake/The_train_could_be_going_as_fast_as_lightning.png,0.00020570297783706337
NewBench,2025,1,/shared/home/sarim.hashmi/usenix/benchmark/newbench_norm/fake/The_train_is_passing_by_the_open_field..png,0.0006048376671969891
NewBench,2025,1,/shared/home/sarim.hashmi/usenix/benchmark/newbench_norm/fake/The_view_from_the_airplane_shows_a_mountain_range..png,7.429731340380386e-05
NewBench,2025,1,/shared/home/sarim.hashmi/usenix/benchmark/newbench_norm/fake/The_windows_of_a_railroad_train_photographed_against_a_cloudy_background..png,9.647915430832654e-05
NewBench,2025,1,/shared/home/sarim.hashmi/usenix/benchmark/newbench_norm/fake/The_woman_smiles_while_posing_with_a_big_cat_in_her_arms..png,0.0029284521006047726
NewBench,2025,1,/shared/home/sarim.hashmi/usenix/benchmark/newbench_norm/fake/The_woman_stands_near_the_stove_near_a_baby_chair_on_the_ground._.png,8.609271753812209e-05
NewBench,2025,1,/shared/home/sarim.hashmi/usenix/benchmark/newbench_norm/fake/There's_an_outdoor_dining_area_featuring_a_fountain._.png,0.0002012112527154386
NewBench,2025,1,/shared/home/sarim.hashmi/usenix/benchmark/newbench_norm/fake/There_are_billboards_on_the_side_of_the_road..png,0.053689830005168915
NewBench,2025,1,/shared/home/sarim.hashmi/usenix/benchmark/newbench_norm/fake/There_are_many_cars_parked_next_to_the_ship..png,0.910759449005127
NewBench,2025,1,/shared/home/sarim.hashmi/usenix/benchmark/newbench_norm/fake/There_are_stop_signs_and_one_way_signs_at_this_intersection..png,0.9425259232521057
NewBench,2025,1,/shared/home/sarim.hashmi/usenix/benchmark/newbench_norm/fake/There_are_two_men_sitting_on_a_park_bench.png,0.028434889391064644
NewBench,2025,1,/shared/home/sarim.hashmi/usenix/benchmark/newbench_norm/fake/There_are_two_sinks_next_to_two_mirrors..png,0.0001291101216338575
NewBench,2025,1,/shared/home/sarim.hashmi/usenix/benchmark/newbench_norm/fake/There_is_a_blue_and_yellow_train_stopped_at_a_train_stop.png,7.663395081181079e-05
NewBench,2025,1,/shared/home/sarim.hashmi/usenix/benchmark/newbench_norm/fake/There_is_a_man_picking_bananas_next_to_a_street..png,5.718780812458135e-05
NewBench,2025,1,/shared/home/sarim.hashmi/usenix/benchmark/newbench_norm/fake/This_hazy_picture_depicts_traffic_on_a_busy_street..png,0.00019161647651344538
NewBench,2025,1,/shared/home/sarim.hashmi/usenix/benchmark/newbench_norm/fake/This_is_an_image_of_an_elevated_train_in_the_city..png,0.00011403384996810928
NewBench,2025,1,/shared/home/sarim.hashmi/usenix/benchmark/newbench_norm/fake/This_is_an_open_box_containing_four_cucumbers..png,0.00016576258349232376
NewBench,2025,1,/shared/home/sarim.hashmi/usenix/benchmark/newbench_norm/fake/This_quaint_backyard_has_a_shed_and_a_bench.png,0.0009770129108801484
NewBench,2025,1,/shared/home/sarim.hashmi/usenix/benchmark/newbench_norm/fake/Thomas_the_tank_traveling_down_train_tracks_next_to_a__bush..png,0.0002880607789848
NewBench,2025,1,/shared/home/sarim.hashmi/usenix/benchmark/newbench_norm/fake/Three_airliners_are_preparing_to_load_passengers_onto_a_plane..png,7.662583811907098e-05
NewBench,2025,1,/shared/home/sarim.hashmi/usenix/benchmark/newbench_norm/fake/Three_giraffe_eating_greens_in_a_field_next_to_lots_of_trees..png,0.0001354957203147933
NewBench,2025,1,/shared/home/sarim.hashmi/usenix/benchmark/newbench_norm/fake/Three_giraffe_standing_near_trees_and_one_eating_on_a_tree.__.png,0.9269881844520569
NewBench,2025,1,/shared/home/sarim.hashmi/usenix/benchmark/newbench_norm/fake/Three_light_sheep_are_grazing_on_grass_in_a_ring_and_a_dark_sheep_is_eating_by_himself..png,6.168088293634355e-05
NewBench,2025,1,"/shared/home/sarim.hashmi/usenix/benchmark/newbench_norm/fake/Three_men_in_military_suits_are_sitting_on_a_bench,.png",0.00016646394215058535
NewBench,2025,1,/shared/home/sarim.hashmi/usenix/benchmark/newbench_norm/fake/Three_monitors_sitting_on_a_table_one_with_a_view_of_a_baseball_game..png,0.00027162968763150275
NewBench,2025,1,/shared/home/sarim.hashmi/usenix/benchmark/newbench_norm/fake/Three_people_on_a_motorcycle_in_the_middle_of_a_city..png,0.001791308168321848
NewBench,2025,1,/shared/home/sarim.hashmi/usenix/benchmark/newbench_norm/fake/Three_people_riding_horses_on_a_beach_next_to_the_ocean...png,8.899152453523129e-05
NewBench,2025,1,/shared/home/sarim.hashmi/usenix/benchmark/newbench_norm/fake/Three_sheep_in_the_process_of_running_on_grass_outside..png,8.815122419036925e-05
NewBench,2025,1,/shared/home/sarim.hashmi/usenix/benchmark/newbench_norm/fake/Three_white_storks_with_black_legs_and_beaks_wading_in_some_water..png,0.00018568940868135542
NewBench,2025,1,/shared/home/sarim.hashmi/usenix/benchmark/newbench_norm/fake/Traffic_lights_next_to_traffic_signs_on_a_bridge..png,0.0002730234118644148
NewBench,2025,1,/shared/home/sarim.hashmi/usenix/benchmark/newbench_norm/fake/Train_track_running_alongside_a_mountain_with_an_orange_train_car_in_distance..png,0.0002300601190654561
NewBench,2025,1,/shared/home/sarim.hashmi/usenix/benchmark/newbench_norm/fake/Train_with_four_cars_traveling_through_the_wooded_area..png,8.540788985555992e-05
NewBench,2025,1,/shared/home/sarim.hashmi/usenix/benchmark/newbench_norm/fake/Twin_baby_girls_wearing_hats_eat_ice_cream..png,0.0007097864290699363
NewBench,2025,1,/shared/home/sarim.hashmi/usenix/benchmark/newbench_norm/fake/Two_No_Parking_Signs_emphasize_the_law_on_this_street..png,0.06264719367027283
NewBench,2025,1,/shared/home/sarim.hashmi/usenix/benchmark/newbench_norm/fake/Two_airplanes_flying_through_a_blue_sky_with_smoke_pouring_out_of_their_rear_ends..png,0.00024224093067459762
NewBench,2025,1,/shared/home/sarim.hashmi/usenix/benchmark/newbench_norm/fake/Two_bathroom_sinks_under_two_mirrors_next_to_paper_towel_dispenser..png,0.0001044978343998082
NewBench,2025,1,/shared/home/sarim.hashmi/usenix/benchmark/newbench_norm/fake/Two_black_horses_standing_next_to_each_other..png,6.467004277510568e-05
NewBench,2025,1,/shared/home/sarim.hashmi/usenix/benchmark/newbench_norm/fake/Two_buses_passing_each_other_by_while_traveling_under_a_bridge..png,0.0002780768263619393
NewBench,2025,1,/shared/home/sarim.hashmi/usenix/benchmark/newbench_norm/fake/Two_busses_on_street_next_to_cars_with_buildings_in_the_background..png,0.001744300127029419
NewBench,2025,1,/shared/home/sarim.hashmi/usenix/benchmark/newbench_norm/fake/Two_cats_sitting_on_a__sill_looking_out_the_window.png,0.00015951429668348283
NewBench,2025,1,/shared/home/sarim.hashmi/usenix/benchmark/newbench_norm/fake/Two_giraffe_standing_next_to_each_other_around_a_tree..png,0.00015000866551417857
NewBench,2025,1,/shared/home/sarim.hashmi/usenix/benchmark/newbench_norm/fake/Two_giraffe_standing_next_to_each_other_on_a_field..png,0.00043503279448486865
NewBench,2025,1,/shared/home/sarim.hashmi/usenix/benchmark/newbench_norm/fake/Two_giraffe_standing_next_to_each_other_on_a_lush_green_field..png,0.058798257261514664
NewBench,2025,1,/shared/home/sarim.hashmi/usenix/benchmark/newbench_norm/fake/Two_giraffes_are_walking_and_standing_in_the_open_field.png,0.00023956873337738216
NewBench,2025,1,/shared/home/sarim.hashmi/usenix/benchmark/newbench_norm/fake/Two_giraffes_in_a_outdoor_shelter_under_a_net..png,0.9312766790390015
NewBench,2025,1,/shared/home/sarim.hashmi/usenix/benchmark/newbench_norm/fake/Two_giraffes_in_a_room_with_people_looking_at_them..png,0.0004989021690562367
NewBench,2025,1,/shared/home/sarim.hashmi/usenix/benchmark/newbench_norm/fake/Two_giraffes_near_a_tree_in_the_wild..png,0.9975269436836243
NewBench,2025,1,/shared/home/sarim.hashmi/usenix/benchmark/newbench_norm/fake/Two_giraffes_stand_in_a_dirt_yard_next_to_a_wooden_structure..png,0.000840146851260215
NewBench,2025,1,/shared/home/sarim.hashmi/usenix/benchmark/newbench_norm/fake/Two_giraffes_standing_next_to_each_other_looking_over_a_fence..png,0.00047711061779409647
NewBench,2025,1,/shared/home/sarim.hashmi/usenix/benchmark/newbench_norm/fake/Two_goat_kids_and_one_young_lamb_are_in_a_field.__.png,0.0014497675001621246
NewBench,2025,1,/shared/home/sarim.hashmi/usenix/benchmark/newbench_norm/fake/Two_large_colorful_birds_touch_their_beaks_together..png,0.0015021739527583122
NewBench,2025,1,/shared/home/sarim.hashmi/usenix/benchmark/newbench_norm/fake/Two_large_passenger_jets_flying_over_a_beach_filled_with_birds..png,0.058895841240882874
NewBench,2025,1,/shared/home/sarim.hashmi/usenix/benchmark/newbench_norm/fake/Two_men_riding_on_a_motorcycle_with_a_young_girl..png,0.0004863038193434477
NewBench,2025,1,/shared/home/sarim.hashmi/usenix/benchmark/newbench_norm/fake/Two_mountain_goats_standing_on_the_side_of_a_mountain..png,7.159897359088063e-05
NewBench,2025,1,/shared/home/sarim.hashmi/usenix/benchmark/newbench_norm/fake/Two_people_are_looking_at_a_truck_while_a_dog_is_being_walked..png,0.0006589379045180976
NewBench,2025,1,/shared/home/sarim.hashmi/usenix/benchmark/newbench_norm/fake/Two_people_are_sitting_at_a_picnic_table_by_a_lake..png,0.10618218034505844
NewBench,2025,1,/shared/home/sarim.hashmi/usenix/benchmark/newbench_norm/fake/Two_people_ride_on_a_motorcycle_on_a_street._.png,0.0035787259694188833
NewBench,2025,1,/shared/home/sarim.hashmi/usenix/benchmark/newbench_norm/fake/Two_people_sit_in_the_sand_with_their_surf_boards._.png,6.790415500290692e-05
NewBench,2025,1,/shared/home/sarim.hashmi/usenix/benchmark/newbench_norm/fake/Two_people_standing_in_the_grass_flying_a_kite..png,0.001887176651507616
NewBench,2025,1,/shared/home/sarim.hashmi/usenix/benchmark/newbench_norm/fake/Two_photos_of_an_airplane_in_the_air..png,0.00019741490541491657
NewBench,2025,1,/shared/home/sarim.hashmi/usenix/benchmark/newbench_norm/fake/Two_sheep_are_looking_over_a_cement_wall..png,0.005043181125074625
NewBench,2025,1,/shared/home/sarim.hashmi/usenix/benchmark/newbench_norm/fake/Two_sheep_graze_in_a_valley_near_a_small_town..png,0.00033763176179490983
NewBench,2025,1,/shared/home/sarim.hashmi/usenix/benchmark/newbench_norm/fake/Two_sheep_one_with_a_bell_tied_to_its_neck_walking_in_a_green_field..png,0.0011649521766230464
NewBench,2025,1,/shared/home/sarim.hashmi/usenix/benchmark/newbench_norm/fake/Two_sheep_that_are_standing_in_the_grass..png,0.00010293394007021561
NewBench,2025,1,/shared/home/sarim.hashmi/usenix/benchmark/newbench_norm/fake/Two_signs_in_front_of_a_red_brick_building_that_say_Tow_Away_No_Stopping_from_4pm_to_6pm_and_No_Park.png,0.005456460639834404
NewBench,2025,1,/shared/home/sarim.hashmi/usenix/benchmark/newbench_norm/fake/Two_stuffed_animals_are_cutting_bread_and_spreading_jelly_on_it..png,0.00015580873878207058
NewBench,2025,1,/shared/home/sarim.hashmi/usenix/benchmark/newbench_norm/fake/Two_tall_giraffe_standing_next_to_a_green_leaf_filled_tree.png,0.003373111132532358
NewBench,2025,1,/shared/home/sarim.hashmi/usenix/benchmark/newbench_norm/fake/Two_toilets_sit_near_each_other_in_the_same_room..png,0.0004322752938605845
NewBench,2025,1,/shared/home/sarim.hashmi/usenix/benchmark/newbench_norm/fake/Two_urinals_in_wall_with_a_white_divider..png,6.329416646622121e-05
NewBench,2025,1,/shared/home/sarim.hashmi/usenix/benchmark/newbench_norm/fake/Vet_supplies_laying_on_the_floor_of_a_room..png,7.056547474348918e-05
NewBench,2025,1,/shared/home/sarim.hashmi/usenix/benchmark/newbench_norm/fake/Water_is_spewing_form_the_ground_while_people_watch_on..png,0.00017434771871194243
NewBench,2025,1,/shared/home/sarim.hashmi/usenix/benchmark/newbench_norm/fake/We_are_looking_at_a_model_train_coming_down_the_track..png,0.0002894698118325323
NewBench,2025,1,/shared/home/sarim.hashmi/usenix/benchmark/newbench_norm/fake/White_and_gray_cat_looking_past_spoked_wheel..png,0.0010024307994171977
NewBench,2025,1,/shared/home/sarim.hashmi/usenix/benchmark/newbench_norm/fake/Woman_interacting_with_giraffe_at_fence_in_zoo..png,0.00039349700091406703
NewBench,2025,1,/shared/home/sarim.hashmi/usenix/benchmark/newbench_norm/fake/Woman_riding_her_bike_down_a_small_side_path..png,0.0013603890547528863
NewBench,2025,1,/shared/home/sarim.hashmi/usenix/benchmark/newbench_norm/fake/Women_taking_picture_of_themselves_while_brushing_their_teeth..png,0.003748975694179535
NewBench,2025,1,/shared/home/sarim.hashmi/usenix/benchmark/newbench_norm/fake/Woodpeckers_on_the_side_of_trees_during_the_day..png,0.00011480368993943557
NewBench,2025,1,"/shared/home/sarim.hashmi/usenix/benchmark/newbench_norm/fake/_A_bathroom_with_a_toilet,_sink,_counter_and_large_mirror.png",8.188324136426672e-05
NewBench,2025,1,/shared/home/sarim.hashmi/usenix/benchmark/newbench_norm/fake/_A_sidewalk_with_street_sings_next_to_a_road..png,0.025338253006339073
NewBench,2025,1,/shared/home/sarim.hashmi/usenix/benchmark/newbench_norm/fake/_a_street_sign_with_the_red_light_glowing_brightly_on_it_.png,6.0134465456940234e-05
NewBench,2025,1,/shared/home/sarim.hashmi/usenix/benchmark/newbench_norm/fake/a_bath_room_with_a_toilet_a_sink_and_a_bath_tub.png,0.00039027261664159596
NewBench,2025,1,/shared/home/sarim.hashmi/usenix/benchmark/newbench_norm/fake/a_bath_room_with_a_toilet_a_stool_and_handle_bars.png,0.0005474626086652279
NewBench,2025,1,/shared/home/sarim.hashmi/usenix/benchmark/newbench_norm/fake/a_bath_room_with_two_sinks_a_large_mirror_a_bath_tub.png,0.002109343418851495
NewBench,2025,1,/shared/home/sarim.hashmi/usenix/benchmark/newbench_norm/fake/a_bathroom_counter_with_two_sinks_on_it_.png,0.00017770683916751295
NewBench,2025,1,/shared/home/sarim.hashmi/usenix/benchmark/newbench_norm/fake/a_bathroom_with_a_bath_tub_a_toilet_and_a_sink.png,0.00013496239262167364
NewBench,2025,1,/shared/home/sarim.hashmi/usenix/benchmark/newbench_norm/fake/a_bathroom_with_a_sink_a_mirror_and_a_toilet.png,0.001952942693606019
NewBench,2025,1,/shared/home/sarim.hashmi/usenix/benchmark/newbench_norm/fake/a_bathroom_with_a_white_sink_next_to_a_white_bath_tub..png,0.00013478864275384694
NewBench,2025,1,/shared/home/sarim.hashmi/usenix/benchmark/newbench_norm/fake/a_bathroom_with_bright_lights_and_white_carpet_.png,7.686779281357303e-05
NewBench,2025,1,/shared/home/sarim.hashmi/usenix/benchmark/newbench_norm/fake/a_beautiful_lady_with_a_very_nice_motor_bike.png,0.20016998052597046
NewBench,2025,1,/shared/home/sarim.hashmi/usenix/benchmark/newbench_norm/fake/a_bench_in_the_woods_covered_in_snow_.png,0.04538782313466072
NewBench,2025,1,/shared/home/sarim.hashmi/usenix/benchmark/newbench_norm/fake/a_big_red_fire_hydrant_on_the_side_of_a_building..png,0.00014117261162027717
NewBench,2025,1,/shared/home/sarim.hashmi/usenix/benchmark/newbench_norm/fake/a_black_and_white_photo_of_a_long_bench_for_sitting_near_a_building.png,0.0001615719957044348
NewBench,2025,1,/shared/home/sarim.hashmi/usenix/benchmark/newbench_norm/fake/a_blue_sign_in_the_sidewalk_of_a_walking_trail.png,0.00011854254262289032
NewBench,2025,1,/shared/home/sarim.hashmi/usenix/benchmark/newbench_norm/fake/a_bluish_motorcycle_parked_on_sidewalk_in_park.png,0.00011334748705849051
NewBench,2025,1,/shared/home/sarim.hashmi/usenix/benchmark/newbench_norm/fake/a_brown_and_white_dog_is_sitting_in_some_grass_and_a_red_and_white_fire_hydrant.png,9.368101746076718e-05
NewBench,2025,1,/shared/home/sarim.hashmi/usenix/benchmark/newbench_norm/fake/a_cat_is_sitting_on_a_wooden_bench_outside.png,0.0007762666791677475
NewBench,2025,1,/shared/home/sarim.hashmi/usenix/benchmark/newbench_norm/fake/a_close_up_of_a_cat_on_a_desk_near_a_sandwich_.png,0.00016508574481122196
NewBench,2025,1,/shared/home/sarim.hashmi/usenix/benchmark/newbench_norm/fake/a_close_up_of_a_pot_with_a_cell_phone_.png,0.00025183017714880407
NewBench,2025,1,/shared/home/sarim.hashmi/usenix/benchmark/newbench_norm/fake/a_close_up_of_two_giraffes_with_a_rock_background.png,0.0006877839914523065
NewBench,2025,1,/shared/home/sarim.hashmi/usenix/benchmark/newbench_norm/fake/a_colofrul_biplane_flying_above_some_trees_.png,0.026952773332595825
NewBench,2025,1,/shared/home/sarim.hashmi/usenix/benchmark/newbench_norm/fake/a_commercial_plane_is_on_the_airport_runway.png,0.00398090248927474
NewBench,2025,1,/shared/home/sarim.hashmi/usenix/benchmark/newbench_norm/fake/a_counter_with_cleaning_supplies_ice_cube_trays_and_racks_from_a_fridge_and_a_drawer_missing.png,0.9465287327766418
NewBench,2025,1,/shared/home/sarim.hashmi/usenix/benchmark/newbench_norm/fake/a_couple_of_anmails_standing_next_to_a_truck.png,0.0015084672486409545
NewBench,2025,1,/shared/home/sarim.hashmi/usenix/benchmark/newbench_norm/fake/a_couple_of_buildings_grouped_together_next_to_some_power_lines_.png,0.0015063752653077245
NewBench,2025,1,/shared/home/sarim.hashmi/usenix/benchmark/newbench_norm/fake/a_couple_of_cats_sit_in_front_of_a_tub_full_of_water_.png,0.00011053262278437614
NewBench,2025,1,/shared/home/sarim.hashmi/usenix/benchmark/newbench_norm/fake/a_couple_of_fire_trucks_that_are_by_a_motorcycle.png,0.0001791582617443055
NewBench,2025,1,/shared/home/sarim.hashmi/usenix/benchmark/newbench_norm/fake/a_couple_of_people_in_uniforms_are_sitting_together.png,0.007460996508598328
NewBench,2025,1,/shared/home/sarim.hashmi/usenix/benchmark/newbench_norm/fake/a_couple_of_planes_are_out_on_a_runway.png,0.00169367587659508
NewBench,2025,1,/shared/home/sarim.hashmi/usenix/benchmark/newbench_norm/fake/a_couple_of_sgns_are_on_poles_in_the_ground.png,0.0012103422777727246
NewBench,2025,1,/shared/home/sarim.hashmi/usenix/benchmark/newbench_norm/fake/a_couple_of_sheep_walking_across_a_grass_covered_field..png,0.00010196958464803174
NewBench,2025,1,/shared/home/sarim.hashmi/usenix/benchmark/newbench_norm/fake/a_cyclist_with_a_motorbike_moving_very_fast.png,0.0027172251138836145
NewBench,2025,1,/shared/home/sarim.hashmi/usenix/benchmark/newbench_norm/fake/a_desk_with_a_banana_a_keyboard_and_a_mouse.png,8.983202860690653e-05
NewBench,2025,1,/shared/home/sarim.hashmi/usenix/benchmark/newbench_norm/fake/a_dog_walking_beside_a_man_carrying_a_surf_board.png,0.0003766382287722081
NewBench,2025,1,/shared/home/sarim.hashmi/usenix/benchmark/newbench_norm/fake/a_double_decker_red_bus_stopped_outside_of_a_brick_building.png,0.2541157007217407
NewBench,2025,1,/shared/home/sarim.hashmi/usenix/benchmark/newbench_norm/fake/a_fancy_white_train_parked_by_the_platform_.png,0.06465968489646912
NewBench,2025,1,/shared/home/sarim.hashmi/usenix/benchmark/newbench_norm/fake/a_female_in_a_gray_top_is_holding_a_cellphone.png,0.0007738139829598367
NewBench,2025,1,/shared/home/sarim.hashmi/usenix/benchmark/newbench_norm/fake/a_giraffe_in_a_field_with_another_in_the_background.png,0.0005762603832408786
NewBench,2025,1,/shared/home/sarim.hashmi/usenix/benchmark/newbench_norm/fake/a_giraffe_reaching_up_to_eat_some_grass_from_a_cage_.png,0.679933488368988
NewBench,2025,1,/shared/home/sarim.hashmi/usenix/benchmark/newbench_norm/fake/a_giraffe_walking_on_a_street_with_trees.png,0.00022066925885155797
NewBench,2025,1,/shared/home/sarim.hashmi/usenix/benchmark/newbench_norm/fake/a_girl_wearing_a_cowboy_hat_while_holding_a_dog_.png,0.0004934443859383464
NewBench,2025,1,/shared/home/sarim.hashmi/usenix/benchmark/newbench_norm/fake/a_green_double_Decker_bus_stopped_on_the_street.png,0.0004386038053780794
NewBench,2025,1,/shared/home/sarim.hashmi/usenix/benchmark/newbench_norm/fake/a_green_train_engine_sitting_at_the_end_of_the_train_and_next_to_the_buidling.png,0.9996993541717529
NewBench,2025,1,/shared/home/sarim.hashmi/usenix/benchmark/newbench_norm/fake/a_group_of_light_resting_on_a_post_with_a_street_sign_on_it.png,6.96040951879695e-05
NewBench,2025,1,/shared/home/sarim.hashmi/usenix/benchmark/newbench_norm/fake/a_group_of_people_on_motorcycles_drive_down_the_road.png,0.004347668960690498
NewBench,2025,1,/shared/home/sarim.hashmi/usenix/benchmark/newbench_norm/fake/a_group_of_people_that_are_taking_a_picture.png,0.0001905608078232035
NewBench,2025,1,/shared/home/sarim.hashmi/usenix/benchmark/newbench_norm/fake/a_group_of_urinals_is_near_the_trees.png,8.584660827182233e-05
NewBench,2025,1,/shared/home/sarim.hashmi/usenix/benchmark/newbench_norm/fake/a_group_of_vehicles_parked_next_to_a_firehydrant.png,0.00025533195002935827
NewBench,2025,1,/shared/home/sarim.hashmi/usenix/benchmark/newbench_norm/fake/a_herd_of_sheep_standing_around_in_a_big_grassy_field_.png,0.9993917942047119
NewBench,2025,1,/shared/home/sarim.hashmi/usenix/benchmark/newbench_norm/fake/a_home_made_stop_sign_in_the_middle_of_nowhere.png,9.681296069175005e-05
NewBench,2025,1,/shared/home/sarim.hashmi/usenix/benchmark/newbench_norm/fake/a_kitchen_that_makes_food_has_pots_and_pans..png,0.001054459484294057
NewBench,2025,1,/shared/home/sarim.hashmi/usenix/benchmark/newbench_norm/fake/a_kitchen_with_a__sink_surrounded_by_a_bunch_of_cluttered_items.png,0.00011949518375331536
NewBench,2025,1,/shared/home/sarim.hashmi/usenix/benchmark/newbench_norm/fake/a_kitchen_with_a_nasty_dirty_kitchen_with_a_light_beam_through_the_window.png,9.371496707899496e-05
NewBench,2025,1,/shared/home/sarim.hashmi/usenix/benchmark/newbench_norm/fake/a_large_air_plane_flying_in_the_air.png,0.00016141046944539994
NewBench,2025,1,/shared/home/sarim.hashmi/usenix/benchmark/newbench_norm/fake/a_large_body_of_water_with_trees_in_the_background.png,0.005461667198687792
NewBench,2025,1,/shared/home/sarim.hashmi/usenix/benchmark/newbench_norm/fake/a_line_of_cars_with_a_motorcycle_in_front.png,0.010772589594125748
NewBench,2025,1,/shared/home/sarim.hashmi/usenix/benchmark/newbench_norm/fake/a_lit_up_counter_with_two_fancy_sinks_on_it.png,5.76726597500965e-05
NewBench,2025,1,/shared/home/sarim.hashmi/usenix/benchmark/newbench_norm/fake/a_little_giraffe_sitting_on_the_ground_next_to_a_somewhat_bigger_one_.png,0.00010509512503631413
NewBench,2025,1,/shared/home/sarim.hashmi/usenix/benchmark/newbench_norm/fake/a_living_room_with_some_fancy_curtains_behind_a_couch_.png,0.02888837829232216
NewBench,2025,1,/shared/home/sarim.hashmi/usenix/benchmark/newbench_norm/fake/a_man_assisting_a_woman_shearing_a_sheep_with_several_children_watching.png,8.031415200093761e-05
NewBench,2025,1,/shared/home/sarim.hashmi/usenix/benchmark/newbench_norm/fake/a_man_on_skis_holds_onto_the_hands_of_a_small_girl_on_skis.png,0.0002554147213231772
NewBench,2025,1,/shared/home/sarim.hashmi/usenix/benchmark/newbench_norm/fake/a_man_riding_a_small_motorcycle_in_the_bustling_streets.png,0.00011989329505013302
NewBench,2025,1,/shared/home/sarim.hashmi/usenix/benchmark/newbench_norm/fake/a_man_sits_by_himself_on_a_bench_in_a_stone-paved_square_in_front_of_a_large_bed_of_flowers.png,0.0003887138736899942
NewBench,2025,1,/shared/home/sarim.hashmi/usenix/benchmark/newbench_norm/fake/a_man_standing_next_to_a_red_train_near_a_train_track_.png,0.00017250228847842664
NewBench,2025,1,/shared/home/sarim.hashmi/usenix/benchmark/newbench_norm/fake/a_man_standing_on_the_side_walk_while_holding_a_sign_.png,0.03740730136632919
NewBench,2025,1,/shared/home/sarim.hashmi/usenix/benchmark/newbench_norm/fake/a_man_taking_a_nap_on_the_bench_in_the_middle_of_a_park.png,0.00011217718565603718
NewBench,2025,1,/shared/home/sarim.hashmi/usenix/benchmark/newbench_norm/fake/a_modern_flush_toilet_in_a_bathroom_with_tile._.png,0.00039591017412021756
NewBench,2025,1,"/shared/home/sarim.hashmi/usenix/benchmark/newbench_norm/fake/a_modern_kitchen_with_an_oven,_stove,_and_a_fridge_.png",0.00017564723384566605
NewBench,2025,1,/shared/home/sarim.hashmi/usenix/benchmark/newbench_norm/fake/a_motorcycle_is_parked_near_a_building_by_the_curb.png,0.00012746920401696116
NewBench,2025,1,/shared/home/sarim.hashmi/usenix/benchmark/newbench_norm/fake/a_motorcycle_parked_in_a_field_with_a_sky_background_.png,0.19201673567295074
NewBench,2025,1,/shared/home/sarim.hashmi/usenix/benchmark/newbench_norm/fake/a_number_of_birds_flying_near_a_nest_.png,0.06427183747291565
NewBench,2025,1,/shared/home/sarim.hashmi/usenix/benchmark/newbench_norm/fake/a_person_driving_a_motorcycle_on_a_closed_course.png,0.0001498036872362718
NewBench,2025,1,/shared/home/sarim.hashmi/usenix/benchmark/newbench_norm/fake/a_person_in_an_office_setting_sitting_in_a_chair.png,0.060816727578639984
NewBench,2025,1,/shared/home/sarim.hashmi/usenix/benchmark/newbench_norm/fake/a_person_on_the_back_of_a_parked_truck.png,0.010384338907897472
NewBench,2025,1,/shared/home/sarim.hashmi/usenix/benchmark/newbench_norm/fake/a_person_riding_a_dirt_bike_in_the_air_with_a_sky_background.png,7.766042836010456e-05
NewBench,2025,1,/shared/home/sarim.hashmi/usenix/benchmark/newbench_norm/fake/a_person_riding_a_motorcycle_on_a_road_.png,0.004893934819847345
NewBench,2025,1,/shared/home/sarim.hashmi/usenix/benchmark/newbench_norm/fake/a_person_riding_a_motorcycle_on_a_road_with_a_hill_in_the_background.png,0.000355422351276502
NewBench,2025,1,/shared/home/sarim.hashmi/usenix/benchmark/newbench_norm/fake/a_person_sitting_on_a_bike_near_many_other_parked_bikes_.png,0.000164888784638606
NewBench,2025,1,/shared/home/sarim.hashmi/usenix/benchmark/newbench_norm/fake/a_person_that_is_riding_a_bike_next_to_some_seats.png,7.518651545979083e-05
NewBench,2025,1,/shared/home/sarim.hashmi/usenix/benchmark/newbench_norm/fake/a_picture_of_a_water_hydrant_with_many_snow._.png,0.00016015699657145888
NewBench,2025,1,/shared/home/sarim.hashmi/usenix/benchmark/newbench_norm/fake/a_pole_that_has_a_sign_attached_to_it.png,0.00013972411397844553
NewBench,2025,1,/shared/home/sarim.hashmi/usenix/benchmark/newbench_norm/fake/a_policeman_on_a_motorcycling_driving_on_the_road_smiling.png,0.00010249718616250902
NewBench,2025,1,/shared/home/sarim.hashmi/usenix/benchmark/newbench_norm/fake/a_public_bathroom_with_a_toilet_and_hand_rail.png,8.518315007677302e-05
NewBench,2025,1,/shared/home/sarim.hashmi/usenix/benchmark/newbench_norm/fake/a_public_transit_train_on_a_train_track_with_trees_in_the_background.png,0.000710841384716332
NewBench,2025,1,/shared/home/sarim.hashmi/usenix/benchmark/newbench_norm/fake/a_red_bus_that_has_stuff_wrote_on_the_outside.png,0.0005548259359784424
NewBench,2025,1,/shared/home/sarim.hashmi/usenix/benchmark/newbench_norm/fake/a_red_fire_hydrogen_next_to_a_road_in_front_of_a_bus.png,0.0002731640124693513
NewBench,2025,1,/shared/home/sarim.hashmi/usenix/benchmark/newbench_norm/fake/a_sculpture_made_of_spoons_and_an_old_toaster.png,0.00013793476682621986
NewBench,2025,1,/shared/home/sarim.hashmi/usenix/benchmark/newbench_norm/fake/a_sign_hanging_up_that_says_waterman_ave.png,0.006716718897223473
NewBench,2025,1,/shared/home/sarim.hashmi/usenix/benchmark/newbench_norm/fake/a_small_air_plane_on_an_air_plane_run_way.png,7.465426460839808e-05
NewBench,2025,1,/shared/home/sarim.hashmi/usenix/benchmark/newbench_norm/fake/a_small_bathroom_with_a_mirror_and_sink.png,0.000787452794611454
NewBench,2025,1,/shared/home/sarim.hashmi/usenix/benchmark/newbench_norm/fake/a_steam_locomotive_on_a_narrow_gauge_track_in_the_snow.png,0.0033069264609366655
NewBench,2025,1,/shared/home/sarim.hashmi/usenix/benchmark/newbench_norm/fake/a_stop_sign_and_railway_crossing_sign_on_a_pole.png,0.00041128386510536075
NewBench,2025,1,/shared/home/sarim.hashmi/usenix/benchmark/newbench_norm/fake/a_store_sits_in_front_of_a_fire_hydrant_.png,0.001020780298858881
NewBench,2025,1,/shared/home/sarim.hashmi/usenix/benchmark/newbench_norm/fake/a_street_light_hanging_fron_one_of_many_wires_connected_to_a_power_pole.png,0.00330160791054368
NewBench,2025,1,/shared/home/sarim.hashmi/usenix/benchmark/newbench_norm/fake/a_street_with_people_and_vehicles_in_the_middle_of_it.png,0.00021380862744990736
NewBench,2025,1,/shared/home/sarim.hashmi/usenix/benchmark/newbench_norm/fake/a_stuffed_animal_and_a_figurine_are_sitting_on_a_bench_and_water.png,0.011430606245994568
NewBench,2025,1,/shared/home/sarim.hashmi/usenix/benchmark/newbench_norm/fake/a_table_top_with_some_laptops_on_it_.png,0.0012179831974208355
NewBench,2025,1,/shared/home/sarim.hashmi/usenix/benchmark/newbench_norm/fake/a_toilet_sits_in_front_of_a_bath_tub.png,0.00011229115625610575
NewBench,2025,1,/shared/home/sarim.hashmi/usenix/benchmark/newbench_norm/fake/a_toilet_sits_next_to_a_bath_tub_as_a_bunch_of_tiles_sit_piled_up_.png,9.002326987683773e-05
NewBench,2025,1,/shared/home/sarim.hashmi/usenix/benchmark/newbench_norm/fake/a_traffic_light_above_a_road_with_a_building_in_the_background.png,0.021176373586058617
NewBench,2025,1,/shared/home/sarim.hashmi/usenix/benchmark/newbench_norm/fake/a_train_getting_ready_to_go_into_a_tunnel_.png,0.0001730733347358182
NewBench,2025,1,/shared/home/sarim.hashmi/usenix/benchmark/newbench_norm/fake/a_train_on_a_train_track_at_a_station_.png,0.7407507300376892
NewBench,2025,1,/shared/home/sarim.hashmi/usenix/benchmark/newbench_norm/fake/a_train_that_is_on_a_train_track.png,0.0013709388440474868
NewBench,2025,1,/shared/home/sarim.hashmi/usenix/benchmark/newbench_norm/fake/a_tree_surrounded_by_a_little_bench_with_someone_sitting_on_it.png,0.015227342024445534
NewBench,2025,1,/shared/home/sarim.hashmi/usenix/benchmark/newbench_norm/fake/a_very_big_boat_that_is_in_some_water.png,0.00016945888637565076
NewBench,2025,1,/shared/home/sarim.hashmi/usenix/benchmark/newbench_norm/fake/a_very_big_bus_moving_on_the_street_with_no_people.png,6.478738214354962e-05
NewBench,2025,1,/shared/home/sarim.hashmi/usenix/benchmark/newbench_norm/fake/a_view_of_a_bathroom_area_with_a_white_long_flusher_and_window_behind_it_.png,0.00011642771278275177
NewBench,2025,1,/shared/home/sarim.hashmi/usenix/benchmark/newbench_norm/fake/a_white_and_black_sea_bird_standing_in_very_shallow_water.png,5.428221993497573e-05
NewBench,2025,1,/shared/home/sarim.hashmi/usenix/benchmark/newbench_norm/fake/a_white_bus_is_on_a_busy_street.png,0.00036237528547644615
NewBench,2025,1,/shared/home/sarim.hashmi/usenix/benchmark/newbench_norm/fake/a_woman_in_kitchen_cooking_chips_in_fry.png,0.00012946677452418953
NewBench,2025,1,/shared/home/sarim.hashmi/usenix/benchmark/newbench_norm/fake/a_woman_is_out_in_a_field_with_sheep_.png,0.8545328378677368
NewBench,2025,1,/shared/home/sarim.hashmi/usenix/benchmark/newbench_norm/fake/a_woman_is_standing_next_to_an_oven.png,7.317426934605464e-05
NewBench,2025,1,/shared/home/sarim.hashmi/usenix/benchmark/newbench_norm/fake/a_woman_posing_on_a_wooden_bench_in_the_woods.png,0.7200911641120911
NewBench,2025,1,/shared/home/sarim.hashmi/usenix/benchmark/newbench_norm/fake/a_woman_riding_a_horse_while_holding_a_flag.png,0.001334817847236991
NewBench,2025,1,/shared/home/sarim.hashmi/usenix/benchmark/newbench_norm/fake/a_wooden_and_metal_bench_near_a_over_grown_bush.png,0.9766715168952942
NewBench,2025,1,/shared/home/sarim.hashmi/usenix/benchmark/newbench_norm/fake/a_young_female_siting_on_a_bench_near_a_small_stagnant_lake.png,0.0001272684457944706
NewBench,2025,1,/shared/home/sarim.hashmi/usenix/benchmark/newbench_norm/fake/an_image_of_a_a_plane_that_is_flying_in_the_air.png,0.0020985163282603025
NewBench,2025,1,/shared/home/sarim.hashmi/usenix/benchmark/newbench_norm/fake/an_image_of_a_cat_in_a_toilet_with_the_water.png,0.0013318939600139856
NewBench,2025,1,/shared/home/sarim.hashmi/usenix/benchmark/newbench_norm/fake/an_image_of_a_tourbus_stopping_on_a_route.png,0.00012638561020139605
NewBench,2025,1,/shared/home/sarim.hashmi/usenix/benchmark/newbench_norm/fake/an_up_close_picture_of_mechanic_of_a_bike_.png,0.00021586193179246038
NewBench,2025,1,/shared/home/sarim.hashmi/usenix/benchmark/newbench_norm/fake/cars_wait_at_red_light_at_an_intersection_by_mountains.png,6.239030335564166e-05
NewBench,2025,1,"/shared/home/sarim.hashmi/usenix/benchmark/newbench_norm/fake/group_of_giraffes_mingling_in_a_stand_of_trees
.png",0.042529016733169556
NewBench,2025,1,/shared/home/sarim.hashmi/usenix/benchmark/newbench_norm/fake/many_bikes_parked_in_a_parking_lot_very_close_to_each_other.png,0.7945138812065125
NewBench,2025,1,"/shared/home/sarim.hashmi/usenix/benchmark/newbench_norm/fake/older_women_sit_on_a_bench,_with_one_of_the_women_holding_crutches.png",0.2556082606315613
NewBench,2025,1,/shared/home/sarim.hashmi/usenix/benchmark/newbench_norm/fake/people_at_costume_party_dressed_up_in_costumes.png,0.00012402699212543666
NewBench,2025,1,/shared/home/sarim.hashmi/usenix/benchmark/newbench_norm/fake/people_riding_bikes_near_a_beach_and_others_swimming.png,0.00010013731662184
NewBench,2025,1,/shared/home/sarim.hashmi/usenix/benchmark/newbench_norm/fake/people_standing_outside_a_building_with_clocks_built_into_the_side_of_it.png,7.761163578834385e-05
NewBench,2025,1,/shared/home/sarim.hashmi/usenix/benchmark/newbench_norm/fake/several_motorcycles_are_parked_next_to_each_other.png,0.0005879816599190235
NewBench,2025,1,/shared/home/sarim.hashmi/usenix/benchmark/newbench_norm/fake/some_blurred_sheep_are_running_and_some_green_grass.png,0.00024928670609369874
NewBench,2025,1,/shared/home/sarim.hashmi/usenix/benchmark/newbench_norm/fake/some_people_on_a_park_bench_in_a_field.png,0.06940652430057526
NewBench,2025,1,/shared/home/sarim.hashmi/usenix/benchmark/newbench_norm/fake/there_are_blue_lights_shining_threw_palm_trees_.png,0.00012553141277749091
NewBench,2025,1,/shared/home/sarim.hashmi/usenix/benchmark/newbench_norm/fake/there_are_many_rocks_on_the_side_of_this_road.png,0.0009825320448726416
NewBench,2025,1,/shared/home/sarim.hashmi/usenix/benchmark/newbench_norm/fake/there_are_several_stop_signs_along_side_the_grass.png,0.010801072232425213
NewBench,2025,1,/shared/home/sarim.hashmi/usenix/benchmark/newbench_norm/fake/there_are_two_very_tall_giraffes_in_this_zoo_by_the_water.png,0.0032940201926976442
NewBench,2025,1,/shared/home/sarim.hashmi/usenix/benchmark/newbench_norm/fake/there_is_a_one_way_street_sign_under_a_street_name_sign.png,0.00043536402517929673
NewBench,2025,1,/shared/home/sarim.hashmi/usenix/benchmark/newbench_norm/fake/there_is_a_sheep_behind_a_fence_standing_in_the_snow.png,0.0004427908861543983
NewBench,2025,1,/shared/home/sarim.hashmi/usenix/benchmark/newbench_norm/fake/there_is_a_stop_sign_at_the_end_of_this_cross_walk.png,0.00023015117039903998
NewBench,2025,1,/shared/home/sarim.hashmi/usenix/benchmark/newbench_norm/fake/this_fire_hydrant_has_a_painting_on_it.png,0.0001331231469521299
NewBench,2025,1,/shared/home/sarim.hashmi/usenix/benchmark/newbench_norm/fake/this_is_a_bus_with_an_ad_for_a_casino.png,0.021149426698684692
NewBench,2025,1,/shared/home/sarim.hashmi/usenix/benchmark/newbench_norm/fake/this_is_a_close_up_picture_of_a_roosters_neck.png,0.9421755075454712
NewBench,2025,1,/shared/home/sarim.hashmi/usenix/benchmark/newbench_norm/fake/this_man_is_riding_a_board_near_a_field.png,0.0001522162347100675
NewBench,2025,1,/shared/home/sarim.hashmi/usenix/benchmark/newbench_norm/fake/three_children_sitting_on_a_bench_near_one_another.png,0.5257640480995178
NewBench,2025,1,/shared/home/sarim.hashmi/usenix/benchmark/newbench_norm/fake/train_pulling_up_the_track_while_people_wait_on_the_sidewalk.png,0.1519845724105835
NewBench,2025,1,/shared/home/sarim.hashmi/usenix/benchmark/newbench_norm/fake/two_birds_flying_over_some_water_and_their_reflection.png,0.00020835953182540834
NewBench,2025,1,/shared/home/sarim.hashmi/usenix/benchmark/newbench_norm/fake/two_large_air_planes_on_a_run_way.png,0.0014786348911002278
NewBench,2025,1,/shared/home/sarim.hashmi/usenix/benchmark/newbench_norm/fake/two_people_riding_on_a_motorcycle_on_a_road.png,0.00022253088536672294
