generator,gen_year,label,path,score
NewBench,2025,0,/shared/home/sarim.hashmi/usenix/benchmark/newbench_norm/real/1_military_jet_fighter_flying_in_formation_alongside_a_1_military_propeller_pilot._.png,8.463030826533213e-05
NewBench,2025,0,/shared/home/sarim.hashmi/usenix/benchmark/newbench_norm/real/A_CGI_man_sitting_on_top_of_a_CGI_hospital_bed..png,0.02377053163945675
NewBench,2025,0,/shared/home/sarim.hashmi/usenix/benchmark/newbench_norm/real/A_CLEAN_AND_COLORFUL_BATHROOM_WITH_A_LARGE_MIRROR.png,0.002727133221924305
NewBench,2025,0,/shared/home/sarim.hashmi/usenix/benchmark/newbench_norm/real/A_LOT_OF_SHEEP_IS_IN_THE_GRASS_WITH_A_SHEEP_DOG.png,0.004998787306249142
NewBench,2025,0,/shared/home/sarim.hashmi/usenix/benchmark/newbench_norm/real/A_banana_that_is_sitting_in_a_bowl_on_the_table..png,0.0028290259651839733
NewBench,2025,0,/shared/home/sarim.hashmi/usenix/benchmark/newbench_norm/real/A_basket_filled_with_ripe_bananas_on_top_of_a_table..png,0.005147707182914019
NewBench,2025,0,/shared/home/sarim.hashmi/usenix/benchmark/newbench_norm/real/A_bathroom_filled_with_a_white_toilet_next_to_a_sink..png,0.0029980922117829323
NewBench,2025,0,/shared/home/sarim.hashmi/usenix/benchmark/newbench_norm/real/A_bathroom_has_a_self_standing_sink_on_the_wall..png,0.006510284263640642
NewBench,2025,0,"/shared/home/sarim.hashmi/usenix/benchmark/newbench_norm/real/A_bathroom_has_a_toilet,_sink,_mirror_and_bidet..png",0.004526128061115742
NewBench,2025,0,/shared/home/sarim.hashmi/usenix/benchmark/newbench_norm/real/A_bathroom_is_photographed_with_a_fisheye_filter..png,0.002637463854625821
NewBench,2025,0,"/shared/home/sarim.hashmi/usenix/benchmark/newbench_norm/real/A_bathroom_is_shown_with_a_toilet,_sink,_and_shower..png",0.0023105917498469353
NewBench,2025,0,"/shared/home/sarim.hashmi/usenix/benchmark/newbench_norm/real/A_bathroom_scene_with_a_toilet,_sink_and_a_mirror..png",0.00015663515659980476
NewBench,2025,0,/shared/home/sarim.hashmi/usenix/benchmark/newbench_norm/real/A_bathroom_showing_a_necklace_rack_and_toiletries_grouped_on_the_sink_.png,0.0013205046998336911
NewBench,2025,0,/shared/home/sarim.hashmi/usenix/benchmark/newbench_norm/real/A_bathroom_sink_sitting_under_a_large_mirror..png,0.01062266156077385
NewBench,2025,0,/shared/home/sarim.hashmi/usenix/benchmark/newbench_norm/real/A_bathroom_sink_under_a_mirror_in_a_bathroom..png,0.00938228890299797
NewBench,2025,0,"/shared/home/sarim.hashmi/usenix/benchmark/newbench_norm/real/A_bathroom_sink_with_a_toothbrush,_soap_dispenser_and_mirror..png",0.004652079660445452
NewBench,2025,0,/shared/home/sarim.hashmi/usenix/benchmark/newbench_norm/real/A_bathroom_sink_with_wood_finish_cabinets._.png,0.006210055202245712
NewBench,2025,0,/shared/home/sarim.hashmi/usenix/benchmark/newbench_norm/real/A_bathroom_that_has_a_special_shelf_for_towels._.png,0.01855616271495819
NewBench,2025,0,/shared/home/sarim.hashmi/usenix/benchmark/newbench_norm/real/A_bathroom_toilet_with_yellow_liquid_inside_and_a_dirty_tub..png,0.00521397590637207
NewBench,2025,0,"/shared/home/sarim.hashmi/usenix/benchmark/newbench_norm/real/A_bathroom_with_a_shower_curtain,_a_toilet,_a_sink_and_cabinets..png",0.027132205665111542
NewBench,2025,0,"/shared/home/sarim.hashmi/usenix/benchmark/newbench_norm/real/A_bathroom_with_a_sink,_counter,_toilet_and_shower_curtain..png",0.02663424052298069
NewBench,2025,0,/shared/home/sarim.hashmi/usenix/benchmark/newbench_norm/real/A_bathroom_with_a_standing_shower_next_to_a_sink_and_mirror..png,0.029576459899544716
NewBench,2025,0,"/shared/home/sarim.hashmi/usenix/benchmark/newbench_norm/real/A_bathroom_with_a_toilet,_tub,_mirror_and_shower_curtain._.png",0.0023937250953167677
NewBench,2025,0,/shared/home/sarim.hashmi/usenix/benchmark/newbench_norm/real/A_bathroom_with_a_toilet_bowl_and_shower..png,0.006649585906416178
NewBench,2025,0,/shared/home/sarim.hashmi/usenix/benchmark/newbench_norm/real/A_bathroom_with_a_vanity_mirror_toilette_and_kitchen_sink_next_to_a_shower..png,0.0007189520983956754
NewBench,2025,0,/shared/home/sarim.hashmi/usenix/benchmark/newbench_norm/real/A_bathroom_with_a_white_bath_tub_and_two_sinks..png,0.0028978222981095314
NewBench,2025,0,/shared/home/sarim.hashmi/usenix/benchmark/newbench_norm/real/A_bathroom_with_a_white_sink_next_to_a_toilet_paper_roller..png,0.018588442355394363
NewBench,2025,0,/shared/home/sarim.hashmi/usenix/benchmark/newbench_norm/real/A_bathroom_with_a_white_toilet_next_to_a_shower..png,0.0012593846768140793
NewBench,2025,0,/shared/home/sarim.hashmi/usenix/benchmark/newbench_norm/real/A_bathroom_with_two_toilets_look_in_very_bad_shape..png,0.0055043334141373634
NewBench,2025,0,/shared/home/sarim.hashmi/usenix/benchmark/newbench_norm/real/A_bathroom_with_white_colored_cabinets_and_toilet.png,0.00012055683328071609
NewBench,2025,0,/shared/home/sarim.hashmi/usenix/benchmark/newbench_norm/real/A_bathroom_with_white_urinals_amd_sinks_and_brown_stall_doors..png,0.0040459055453538895
NewBench,2025,0,/shared/home/sarim.hashmi/usenix/benchmark/newbench_norm/real/A_bathtub_with_candles_lit_up_around_it_and_a_stool_next_to_it..png,0.0024339326191693544
NewBench,2025,0,/shared/home/sarim.hashmi/usenix/benchmark/newbench_norm/real/A_beautiful_kitchen_with_lots_of_windows_and_wooden_cabinets._.png,0.9997487664222717
NewBench,2025,0,/shared/home/sarim.hashmi/usenix/benchmark/newbench_norm/real/A_beige_bathroom_with_a_phone_beside_the_toilet..png,0.009312004782259464
NewBench,2025,0,/shared/home/sarim.hashmi/usenix/benchmark/newbench_norm/real/A_bench_partially_buried_in_sand_on_a_beach_near_the_ocean..png,0.02892477624118328
NewBench,2025,0,/shared/home/sarim.hashmi/usenix/benchmark/newbench_norm/real/A_bench_that_looks_like_a_round_hut..png,0.008168675005435944
NewBench,2025,0,/shared/home/sarim.hashmi/usenix/benchmark/newbench_norm/real/A_bicycle_resting_outside_of_a_building_door.png,0.0004372343828435987
NewBench,2025,0,/shared/home/sarim.hashmi/usenix/benchmark/newbench_norm/real/A_bicyclist_is_riding_across_the_street_next_to_someone_on_a_motorcycle._.png,0.0016407609218731523
NewBench,2025,0,/shared/home/sarim.hashmi/usenix/benchmark/newbench_norm/real/A_big_commercial_plane_flying_in_cloudy_skies..png,0.001555596711114049
NewBench,2025,0,/shared/home/sarim.hashmi/usenix/benchmark/newbench_norm/real/A_big_locomotive_stopped_in_a_train_station.png,0.012132628820836544
NewBench,2025,0,/shared/home/sarim.hashmi/usenix/benchmark/newbench_norm/real/A_bike_is_parked_alongside_the_lake_shore..png,0.0021819998510181904
NewBench,2025,0,/shared/home/sarim.hashmi/usenix/benchmark/newbench_norm/real/A_bike_is_shown_attached_to_a_rack..png,0.00010668289178283885
NewBench,2025,0,/shared/home/sarim.hashmi/usenix/benchmark/newbench_norm/real/A_bike_parked_in_front_of_a_store_with_a_basket..png,0.0009473834652453661
NewBench,2025,0,/shared/home/sarim.hashmi/usenix/benchmark/newbench_norm/real/A_bike_sitting_In_a_glass_window_in_a_building.png,0.02305716462433338
NewBench,2025,0,/shared/home/sarim.hashmi/usenix/benchmark/newbench_norm/real/A_bird_flying_through_the_air_while_flapping_it's_wings..png,0.7415918111801147
NewBench,2025,0,/shared/home/sarim.hashmi/usenix/benchmark/newbench_norm/real/A_bird_is_standing_upright_in_the_water_and_leaves..png,0.009877174161374569
NewBench,2025,0,/shared/home/sarim.hashmi/usenix/benchmark/newbench_norm/real/A_bird_perched_on_the_back_of_a_white_bench..png,0.17351408302783966
NewBench,2025,0,/shared/home/sarim.hashmi/usenix/benchmark/newbench_norm/real/A_bird_perched_on_top_of_a_wooden_power_pole..png,0.03255905210971832
NewBench,2025,0,/shared/home/sarim.hashmi/usenix/benchmark/newbench_norm/real/A_bird_stands_on_the_ground_among_dried_leaves..png,0.014842305332422256
NewBench,2025,0,/shared/home/sarim.hashmi/usenix/benchmark/newbench_norm/real/A_bird_that_is_on_a_tree_limb..png,0.0021008842159062624
NewBench,2025,0,/shared/home/sarim.hashmi/usenix/benchmark/newbench_norm/real/A_bird_with_a_fish_in_its_hand_on_a_beach..png,0.002773488638922572
NewBench,2025,0,/shared/home/sarim.hashmi/usenix/benchmark/newbench_norm/real/A_birthday_cake_is_decorated_like_a_fire_engine..png,0.02114875614643097
NewBench,2025,0,/shared/home/sarim.hashmi/usenix/benchmark/newbench_norm/real/A_black_and_white_dog_on_a_brown_tile_floor_next_to_counter..png,0.002408074215054512
NewBench,2025,0,/shared/home/sarim.hashmi/usenix/benchmark/newbench_norm/real/A_black_and_white_photo_of_an_old_locomotive..png,0.08234789222478867
NewBench,2025,0,/shared/home/sarim.hashmi/usenix/benchmark/newbench_norm/real/A_black_and_white_photo_of_four_young_children..png,0.0034880603197962046
NewBench,2025,0,/shared/home/sarim.hashmi/usenix/benchmark/newbench_norm/real/A_black_and_white_toilet_with_a_plunger..png,0.006251002661883831
NewBench,2025,0,/shared/home/sarim.hashmi/usenix/benchmark/newbench_norm/real/A_black_and_yellow_fire_hydrant_on_a_city_sidewalk..png,0.005130616948008537
NewBench,2025,0,/shared/home/sarim.hashmi/usenix/benchmark/newbench_norm/real/A_black_cat_half-submerged_in_a_toilet_while_drinking_out_of_it..png,0.0031375354155898094
NewBench,2025,0,/shared/home/sarim.hashmi/usenix/benchmark/newbench_norm/real/A_black_cat_wearing_a_black_beanie_while_laying_on_a_red_couch...png,0.0014325474621728063
NewBench,2025,0,/shared/home/sarim.hashmi/usenix/benchmark/newbench_norm/real/A_black_lab_waits_at_a_picnic_table_for_it's_master..png,0.0010987879941239953
NewBench,2025,0,/shared/home/sarim.hashmi/usenix/benchmark/newbench_norm/real/A_blonde_woman_standing_in_front_of_a_red_double_decker_bus..png,0.001301205949857831
NewBench,2025,0,/shared/home/sarim.hashmi/usenix/benchmark/newbench_norm/real/A_blue_bike_parked_next_to_a_tree_in_a_planter..png,0.0017902537947520614
NewBench,2025,0,/shared/home/sarim.hashmi/usenix/benchmark/newbench_norm/real/A_blue_bowl_sitting_on_a_table_with_a_banana_in_it._.png,0.003246747190132737
NewBench,2025,0,/shared/home/sarim.hashmi/usenix/benchmark/newbench_norm/real/A_blue_bus_driving_down_a_street_next_to_trees..png,0.003710733028128743
NewBench,2025,0,/shared/home/sarim.hashmi/usenix/benchmark/newbench_norm/real/A_blue_bus_is_crossing_the_intersection_with_various_vehicles_behind_it..png,9.16213757591322e-05
NewBench,2025,0,/shared/home/sarim.hashmi/usenix/benchmark/newbench_norm/real/A_blue_motor_scooter_parked_in_a_parking_lot..png,0.002000393345952034
NewBench,2025,0,/shared/home/sarim.hashmi/usenix/benchmark/newbench_norm/real/A_blue_motor_scooter_with_a_cat_sitting_on_it..png,0.0009956943104043603
NewBench,2025,0,/shared/home/sarim.hashmi/usenix/benchmark/newbench_norm/real/A_boat_sitting_next_to_a_beach_in_the_ocean_covered_with_birds..png,0.0036414533387869596
NewBench,2025,0,/shared/home/sarim.hashmi/usenix/benchmark/newbench_norm/real/A_boat_that_is_on_the_sand_and_people_nearby._.png,0.03339342027902603
NewBench,2025,0,/shared/home/sarim.hashmi/usenix/benchmark/newbench_norm/real/A_bowl_in_a_sink_and_window_in_a_room..png,0.04125475138425827
NewBench,2025,0,"/shared/home/sarim.hashmi/usenix/benchmark/newbench_norm/real/A_bowl_of_cereal_with_milk,_bananas,_raspberries_and_blueberries..png",0.0015944024780765176
NewBench,2025,0,/shared/home/sarim.hashmi/usenix/benchmark/newbench_norm/real/A_boy_carrying_a_surfboard_on_a_busy_sidewalk..png,0.0004246843745931983
NewBench,2025,0,/shared/home/sarim.hashmi/usenix/benchmark/newbench_norm/real/A_boy_in_blue_hat_riding_on_a_carousel..png,0.004566913470625877
NewBench,2025,0,/shared/home/sarim.hashmi/usenix/benchmark/newbench_norm/real/A_bright_blue_and_white_AMX_jet_is_in_the_clear_sky..png,0.019384946674108505
NewBench,2025,0,/shared/home/sarim.hashmi/usenix/benchmark/newbench_norm/real/A_brown_duck_floats_by_itself_on_the_water.png,0.0001501029619248584
NewBench,2025,0,/shared/home/sarim.hashmi/usenix/benchmark/newbench_norm/real/A_brown_plane_is_parked_at_air_port.png,0.05918585881590843
NewBench,2025,0,/shared/home/sarim.hashmi/usenix/benchmark/newbench_norm/real/A_brown_songbird_perched_on_the_handlebars_of_a_bicycle..png,0.0040808445774018764
NewBench,2025,0,/shared/home/sarim.hashmi/usenix/benchmark/newbench_norm/real/A_building_in_the_sky_that_has_the_lights_on..png,0.0013922242214903235
NewBench,2025,0,/shared/home/sarim.hashmi/usenix/benchmark/newbench_norm/real/A_bunch_of_airplanes_are_parked_on_the_runway._.png,0.012889901176095009
NewBench,2025,0,/shared/home/sarim.hashmi/usenix/benchmark/newbench_norm/real/A_bunch_of_antelopes_are_seen_roaming_the_plains..png,0.8830330967903137
NewBench,2025,0,/shared/home/sarim.hashmi/usenix/benchmark/newbench_norm/real/A_bunch_of_bananas_hanging_from_a_green_tree..png,0.0018599445465952158
NewBench,2025,0,/shared/home/sarim.hashmi/usenix/benchmark/newbench_norm/real/A_bunch_of_bicycles_parked_on_the_street_with_items_sitting_around_them_.png,0.021479619666934013
NewBench,2025,0,/shared/home/sarim.hashmi/usenix/benchmark/newbench_norm/real/A_bunch_of_giraffes_that_are_standing_in_the_dirt..png,0.01659715548157692
NewBench,2025,0,/shared/home/sarim.hashmi/usenix/benchmark/newbench_norm/real/A_bunch_of_goats_are_eating_out_of_a_box.png,0.0024171520490199327
NewBench,2025,0,/shared/home/sarim.hashmi/usenix/benchmark/newbench_norm/real/A_bunch_of_sheep_smile_are_they_walk_by..png,0.6973577737808228
NewBench,2025,0,/shared/home/sarim.hashmi/usenix/benchmark/newbench_norm/real/A_bunk_bed_sits_next_to_an_open_window._.png,0.0010198617819696665
NewBench,2025,0,/shared/home/sarim.hashmi/usenix/benchmark/newbench_norm/real/A_bus_all_lite_up_inside_and_out_with_diffrent_colors_._.png,0.0128070879727602
NewBench,2025,0,/shared/home/sarim.hashmi/usenix/benchmark/newbench_norm/real/A_bus_driving_down_a_city_street_during_the_day..png,0.0011878048535436392
NewBench,2025,0,/shared/home/sarim.hashmi/usenix/benchmark/newbench_norm/real/A_bus_is_parked_in_front_of_a_building..png,0.006511669605970383
NewBench,2025,0,/shared/home/sarim.hashmi/usenix/benchmark/newbench_norm/real/A_bus_is_parked_on_the_street_away_from_some_cars..png,0.005817289464175701
NewBench,2025,0,/shared/home/sarim.hashmi/usenix/benchmark/newbench_norm/real/A_bus_on_a_divided_street_near_a_stop_light..png,0.001114946324378252
NewBench,2025,0,/shared/home/sarim.hashmi/usenix/benchmark/newbench_norm/real/A_bus_pulled_up_to_the_curb_along_a_road..png,0.03482740744948387
NewBench,2025,0,/shared/home/sarim.hashmi/usenix/benchmark/newbench_norm/real/A_bus_stop_next_to_a_curvy_road_surrounded_by_traffic_lights..png,0.0025178049691021442
NewBench,2025,0,/shared/home/sarim.hashmi/usenix/benchmark/newbench_norm/real/A_bus_stop_sign_on_a_city_street..png,0.005122518632560968
NewBench,2025,0,/shared/home/sarim.hashmi/usenix/benchmark/newbench_norm/real/A_bus_stops_next_to_a_street_sign..png,0.022176435217261314
NewBench,2025,0,/shared/home/sarim.hashmi/usenix/benchmark/newbench_norm/real/A_bus_traveling_down_a_road_next_to_a_bus_stop..png,0.0015429292107000947
NewBench,2025,0,/shared/home/sarim.hashmi/usenix/benchmark/newbench_norm/real/A_bus_travels_on_a_road_near_buildings_and_parked_vehicles.png,0.0042866915464401245
NewBench,2025,0,/shared/home/sarim.hashmi/usenix/benchmark/newbench_norm/real/A_bus_window_with_finger_writing_on_it..png,0.001346504664979875
NewBench,2025,0,/shared/home/sarim.hashmi/usenix/benchmark/newbench_norm/real/A_bus_with_a_mural_on_the_side_and_front..png,0.00020027413847856224
NewBench,2025,0,/shared/home/sarim.hashmi/usenix/benchmark/newbench_norm/real/A_busy_city_street_filled_with_people_walling_and_street_signs..png,0.00026403184165246785
NewBench,2025,0,/shared/home/sarim.hashmi/usenix/benchmark/newbench_norm/real/A_busy_city_street_with_dimly_lit_trees_at_night..png,0.0008735478622838855
NewBench,2025,0,/shared/home/sarim.hashmi/usenix/benchmark/newbench_norm/real/A_cage_packed_full_of_yellow_parakeets._.png,0.0016471148701384664
NewBench,2025,0,/shared/home/sarim.hashmi/usenix/benchmark/newbench_norm/real/A_cake_cover_is_made_to_look_like_a_wire_birdcage._.png,0.0028005647473037243
NewBench,2025,0,/shared/home/sarim.hashmi/usenix/benchmark/newbench_norm/real/A_calico_cat_drinking_water_from_a_running_tap_in_a_bathroom..png,0.0009897570125758648
NewBench,2025,0,/shared/home/sarim.hashmi/usenix/benchmark/newbench_norm/real/A_car_is_parked_on_the_street_by_some_signs..png,0.0326855294406414
NewBench,2025,0,/shared/home/sarim.hashmi/usenix/benchmark/newbench_norm/real/A_car_is_waiting_beside_people_standing_on_the_sidewalk..png,0.0009216899634338915
NewBench,2025,0,/shared/home/sarim.hashmi/usenix/benchmark/newbench_norm/real/A_cat_in_a_birthday_hat_is_lying_on_a_couch..png,0.00039873499190434813
NewBench,2025,0,/shared/home/sarim.hashmi/usenix/benchmark/newbench_norm/real/A_cat_is_drinking_water_from_the_toilet_bowl.png,0.0047750044614076614
NewBench,2025,0,/shared/home/sarim.hashmi/usenix/benchmark/newbench_norm/real/A_cat_laying_next_to_a_stainless_steel_bowl..png,0.0008825032855384052
NewBench,2025,0,/shared/home/sarim.hashmi/usenix/benchmark/newbench_norm/real/A_cat_laying_on_a_cushion_on_top_of_a_table..png,0.00206273072399199
NewBench,2025,0,/shared/home/sarim.hashmi/usenix/benchmark/newbench_norm/real/A_cat_looking_out_of_a_vehicle_window_during_rain..png,0.009474366903305054
NewBench,2025,0,/shared/home/sarim.hashmi/usenix/benchmark/newbench_norm/real/A_cat_lying_in_a_white_sink_in_the_bathroom._.png,0.009074787609279156
NewBench,2025,0,/shared/home/sarim.hashmi/usenix/benchmark/newbench_norm/real/A_cat_sits_on_the_edge_of_a_bathroom_sink..png,0.0014747213572263718
NewBench,2025,0,/shared/home/sarim.hashmi/usenix/benchmark/newbench_norm/real/A_cat_sitting_on_top_of_a_green_car..png,0.0021021822467446327
NewBench,2025,0,/shared/home/sarim.hashmi/usenix/benchmark/newbench_norm/real/A_cat_sitting_on_top_of_a_window_sill_over_a_sink..png,0.0005054592038504779
NewBench,2025,0,/shared/home/sarim.hashmi/usenix/benchmark/newbench_norm/real/A_cat_sitting_outside_on_a_bench_on_a_sunny_day..png,0.0012636014726012945
NewBench,2025,0,/shared/home/sarim.hashmi/usenix/benchmark/newbench_norm/real/A_cat_sitting_outside_on_some_cobble_stone..png,0.0003384409938007593
NewBench,2025,0,/shared/home/sarim.hashmi/usenix/benchmark/newbench_norm/real/A_cat_standing_on_top_of_a_toilet_seat_next_to_a_sink..png,0.002110020024701953
NewBench,2025,0,/shared/home/sarim.hashmi/usenix/benchmark/newbench_norm/real/A_cat_standing_on_top_of_a_wooden_bench..png,0.0001895414898172021
NewBench,2025,0,/shared/home/sarim.hashmi/usenix/benchmark/newbench_norm/real/A_center_island_in_a_kitchen_covered_in_a_fan..png,0.0012201960198581219
NewBench,2025,0,/shared/home/sarim.hashmi/usenix/benchmark/newbench_norm/real/A_chair_and_a_table_in_a_small_room..png,0.005555443465709686
NewBench,2025,0,/shared/home/sarim.hashmi/usenix/benchmark/newbench_norm/real/A_cheesy_pastry_sitting_on_top_of_a_plate..png,0.0087854890152812
NewBench,2025,0,/shared/home/sarim.hashmi/usenix/benchmark/newbench_norm/real/A_church_with_a_massively_tall_tower_covered_in_a_clock..png,0.0006205509416759014
NewBench,2025,0,/shared/home/sarim.hashmi/usenix/benchmark/newbench_norm/real/A_city_street_filled_with_lots_of_traffic..png,0.0008560022106394172
NewBench,2025,0,/shared/home/sarim.hashmi/usenix/benchmark/newbench_norm/real/A_city_street_filled_with_traffic_and_parking_lights..png,0.00036275238380767405
NewBench,2025,0,/shared/home/sarim.hashmi/usenix/benchmark/newbench_norm/real/A_city_traffic_light_is_red_with_a_large_billow_of_smoke_in_the_background..png,0.0029009582940489054
NewBench,2025,0,/shared/home/sarim.hashmi/usenix/benchmark/newbench_norm/real/A_classic_car_waiting_at_a_3-way_stop_sign..png,0.0035776172298938036
NewBench,2025,0,/shared/home/sarim.hashmi/usenix/benchmark/newbench_norm/real/A_clock_mounted_on_a_wall_over_the_doorway_of_a_kitchen..png,0.005582481622695923
NewBench,2025,0,/shared/home/sarim.hashmi/usenix/benchmark/newbench_norm/real/A_close-up_of_a_tropical_bird_with_a_mirror_behind_it..png,0.0059940568171441555
NewBench,2025,0,/shared/home/sarim.hashmi/usenix/benchmark/newbench_norm/real/A_close-up_shot_of_a_metal_squat_toilet..png,0.002137780888006091
NewBench,2025,0,/shared/home/sarim.hashmi/usenix/benchmark/newbench_norm/real/A_close-up_view_of_a_green_and_yellow_fire_hydrant..png,0.0034940901678055525
NewBench,2025,0,/shared/home/sarim.hashmi/usenix/benchmark/newbench_norm/real/A_close_up_of_a_peacock_who_is_behind_an_enclosure._.png,0.7962009906768799
NewBench,2025,0,/shared/home/sarim.hashmi/usenix/benchmark/newbench_norm/real/A_colorful_bus_is_parked_on_the_street..png,0.024563880637288094
NewBench,2025,0,/shared/home/sarim.hashmi/usenix/benchmark/newbench_norm/real/A_commercial_airplane_either_landing_or_preparing_for_take_off..png,0.015279678627848625
NewBench,2025,0,/shared/home/sarim.hashmi/usenix/benchmark/newbench_norm/real/A_corner_of_street_with_a_building_showing_a_bowling_pin..png,0.004335172474384308
NewBench,2025,0,/shared/home/sarim.hashmi/usenix/benchmark/newbench_norm/real/A_couch_on_the_side_of_the_street_with_a_television_on_it..png,0.012847548350691795
NewBench,2025,0,/shared/home/sarim.hashmi/usenix/benchmark/newbench_norm/real/A_couple_of_baby_sheep_standing_next_to_each_other..png,0.0009865636238828301
NewBench,2025,0,/shared/home/sarim.hashmi/usenix/benchmark/newbench_norm/real/A_couple_of_bathrooms_one_with_a_standing_toilet_next_to_one_with_a_sitting_toilet..png,0.003062173491343856
NewBench,2025,0,/shared/home/sarim.hashmi/usenix/benchmark/newbench_norm/real/A_couple_of_bicycles_sitting_in_a_large_garden..png,0.0008261907496489584
NewBench,2025,0,/shared/home/sarim.hashmi/usenix/benchmark/newbench_norm/real/A_couple_of_birds_fly_through_a_blue_cloudy_sky..png,0.002211035927757621
NewBench,2025,0,/shared/home/sarim.hashmi/usenix/benchmark/newbench_norm/real/A_couple_of_birds_standing_on_top_of__a_wooden_bench..png,0.0016569738509133458
NewBench,2025,0,/shared/home/sarim.hashmi/usenix/benchmark/newbench_norm/real/A_couple_of_captive_giraffes_look_around_the_ground_in_the_zoo._.png,0.0035975605715066195
NewBench,2025,0,/shared/home/sarim.hashmi/usenix/benchmark/newbench_norm/real/A_couple_of_giraffe_in_a_field_near_some_trees..png,0.0036363720428198576
NewBench,2025,0,/shared/home/sarim.hashmi/usenix/benchmark/newbench_norm/real/A_couple_of_giraffe_standing_next_to_a_doorway..png,0.001679001608863473
NewBench,2025,0,/shared/home/sarim.hashmi/usenix/benchmark/newbench_norm/real/A_couple_of_giraffe_standing_next_to_each_other..png,0.00028250800096429884
NewBench,2025,0,/shared/home/sarim.hashmi/usenix/benchmark/newbench_norm/real/A_couple_of_older_men_sitting_on_top_of_a_bench..png,0.008414520882070065
NewBench,2025,0,/shared/home/sarim.hashmi/usenix/benchmark/newbench_norm/real/A_couple_of_people_flying_kites_on_top_of_a_beach..png,0.0012821985874325037
NewBench,2025,0,/shared/home/sarim.hashmi/usenix/benchmark/newbench_norm/real/A_couple_of_people_standing_in_a_field_flying_a_giant_kite..png,0.0005025019054301083
NewBench,2025,0,/shared/home/sarim.hashmi/usenix/benchmark/newbench_norm/real/A_couple_of_people_standing_next_to_a_food_cart_filled_with_smoke..png,0.0002372608141740784
NewBench,2025,0,/shared/home/sarim.hashmi/usenix/benchmark/newbench_norm/real/A_couple_of_people_that_are_holding_an_umbrellas..png,0.0013961343793198466
NewBench,2025,0,/shared/home/sarim.hashmi/usenix/benchmark/newbench_norm/real/A_couple_of_red_motorcycles_parked_in_front_of_a_building..png,0.08102670311927795
NewBench,2025,0,/shared/home/sarim.hashmi/usenix/benchmark/newbench_norm/real/A_couple_of_red_trains_parked_in_a_train_station..png,0.0014301873743534088
NewBench,2025,0,/shared/home/sarim.hashmi/usenix/benchmark/newbench_norm/real/A_couple_of_wooden_benches_sitting_across_from_each_other..png,0.004376182798296213
NewBench,2025,0,/shared/home/sarim.hashmi/usenix/benchmark/newbench_norm/real/A_couple_of_zebra_walking_next_to_a_giraffe_on_a_lush_green_field..png,0.016340235248208046
NewBench,2025,0,/shared/home/sarim.hashmi/usenix/benchmark/newbench_norm/real/A_crowded_city_street_filled_with_traffic_at_night..png,7.091186853358522e-05
NewBench,2025,0,/shared/home/sarim.hashmi/usenix/benchmark/newbench_norm/real/A_crystal_bowl_filled_with_oranges_on_top_of_a_table..png,0.00038592671626247466
NewBench,2025,0,/shared/home/sarim.hashmi/usenix/benchmark/newbench_norm/real/A_custom_cake_featuring_a_fisherman_for_a_man's_65th_birthday._.png,0.013168126344680786
NewBench,2025,0,/shared/home/sarim.hashmi/usenix/benchmark/newbench_norm/real/A_desktop_computer_in_a_kitchen_with_a_lamp_next_to_it..png,0.19315695762634277
NewBench,2025,0,/shared/home/sarim.hashmi/usenix/benchmark/newbench_norm/real/A_dinning_room_table_sitting_next_to_a_small_fireplace..png,0.000385030813049525
NewBench,2025,0,/shared/home/sarim.hashmi/usenix/benchmark/newbench_norm/real/A_dirty_toilet_that_is_in_a_bathroom..png,0.010046686045825481
NewBench,2025,0,/shared/home/sarim.hashmi/usenix/benchmark/newbench_norm/real/A_distant_airplane_flying_between_two_large_buildings..png,0.0037363411393016577
NewBench,2025,0,/shared/home/sarim.hashmi/usenix/benchmark/newbench_norm/real/A_distant_shot_with_people_approaching_the_bus._.png,0.001154947211034596
NewBench,2025,0,/shared/home/sarim.hashmi/usenix/benchmark/newbench_norm/real/A_dog_and_a_goat_with_their_noses_touching_at_fence..png,0.014385061338543892
NewBench,2025,0,/shared/home/sarim.hashmi/usenix/benchmark/newbench_norm/real/A_dog_is_posing_on_top_of_a_motorcycle._.png,0.45919352769851685
NewBench,2025,0,/shared/home/sarim.hashmi/usenix/benchmark/newbench_norm/real/A_dog_laying_on_the_dashboard_of_a_vehicle..png,0.0035625717137008905
NewBench,2025,0,/shared/home/sarim.hashmi/usenix/benchmark/newbench_norm/real/A_dog_sitting_in_the_passenger_seat_of_a_car..png,0.0005287721287459135
NewBench,2025,0,/shared/home/sarim.hashmi/usenix/benchmark/newbench_norm/real/A_dog_wearing_a_Santa_Claus_hat._.png,0.004117164760828018
NewBench,2025,0,/shared/home/sarim.hashmi/usenix/benchmark/newbench_norm/real/A_donkey_leads_a_herd_of_sheep_down_a_busy_street..png,0.0004022702341899276
NewBench,2025,0,"/shared/home/sarim.hashmi/usenix/benchmark/newbench_norm/real/A_doorway_view_with_a_toilet,_shower_and_a_sink..png",0.0027923150919377804
NewBench,2025,0,/shared/home/sarim.hashmi/usenix/benchmark/newbench_norm/real/A_double_decker_bus_driving_down_a_street..png,0.1630019247531891
NewBench,2025,0,/shared/home/sarim.hashmi/usenix/benchmark/newbench_norm/real/A_double_decker_bus_driving_down_a_street_past_a_tall_building..png,0.08509668707847595
NewBench,2025,0,/shared/home/sarim.hashmi/usenix/benchmark/newbench_norm/real/A_duck_and_baby_ducks_are_in_the_blue_water..png,0.0013716683024540544
NewBench,2025,0,/shared/home/sarim.hashmi/usenix/benchmark/newbench_norm/real/A_faded_red_fire_hydrant_sitting_on_the_side_of_a_street..png,0.010183394886553288
NewBench,2025,0,/shared/home/sarim.hashmi/usenix/benchmark/newbench_norm/real/A_family_of_giraffes_standing_next_to_a_pile_of_logs..png,0.0026082650292664766
NewBench,2025,0,/shared/home/sarim.hashmi/usenix/benchmark/newbench_norm/real/A_fancy_motorcycle_parked_on_a_red_carpet.png,0.005623008590191603
NewBench,2025,0,/shared/home/sarim.hashmi/usenix/benchmark/newbench_norm/real/A_field_full_of_lots_of_yellow_flowers_with_a_train_passing_it_by..png,0.00764779606834054
NewBench,2025,0,/shared/home/sarim.hashmi/usenix/benchmark/newbench_norm/real/A_fire_burns_while_a_person_rides_a_green_motorcycle_and_several_motorcycles_are_flipping_in_the_air.png,0.006137673277407885
NewBench,2025,0,/shared/home/sarim.hashmi/usenix/benchmark/newbench_norm/real/A_fire_hydrant_covered_up_halfway_with_snow..png,0.002182433847337961
NewBench,2025,0,/shared/home/sarim.hashmi/usenix/benchmark/newbench_norm/real/A_fire_hydrant_in_the_grass_near_the_curb_with_the_remnants_of_melting_snow.png,0.09947293251752853
NewBench,2025,0,"/shared/home/sarim.hashmi/usenix/benchmark/newbench_norm/real/A_fire_hydrant_on_the_side_of_the_road,_it_looks_old..png",0.0012629335978999734
NewBench,2025,0,/shared/home/sarim.hashmi/usenix/benchmark/newbench_norm/real/A_fire_hydrant_sitting_next_to_a_tree_in_a_forest..png,0.25394895672798157
NewBench,2025,0,/shared/home/sarim.hashmi/usenix/benchmark/newbench_norm/real/A_fire_hydrant_that_is_red_on_top_and_says_to_open..png,0.000266713002929464
NewBench,2025,0,/shared/home/sarim.hashmi/usenix/benchmark/newbench_norm/real/A_fire_hydrant_that_is_spewing_water_in_the_middle_of_a_city..png,0.00024857113021425903
NewBench,2025,0,/shared/home/sarim.hashmi/usenix/benchmark/newbench_norm/real/A_flock_of_birds_are_flying_above_the_spire_of_a_building_tower..png,0.002324553206562996
NewBench,2025,0,/shared/home/sarim.hashmi/usenix/benchmark/newbench_norm/real/A_flock_of_sheep_graze_on_a_hillside..png,0.008921761997044086
NewBench,2025,0,/shared/home/sarim.hashmi/usenix/benchmark/newbench_norm/real/A_flock_of_sheep_grazing_in_a_field_of_grass..png,0.00527450954541564
NewBench,2025,0,/shared/home/sarim.hashmi/usenix/benchmark/newbench_norm/real/A_folk_of_birds_flying_over_a_military_ship..png,0.11699654161930084
NewBench,2025,0,/shared/home/sarim.hashmi/usenix/benchmark/newbench_norm/real/A_formation_of_birds_in_a_sky_at_sunset..png,0.0037989914417266846
NewBench,2025,0,/shared/home/sarim.hashmi/usenix/benchmark/newbench_norm/real/A_four_engine_Air_Algerie_prop_plane_with_landing_gear_out.png,0.006088846828788519
NewBench,2025,0,/shared/home/sarim.hashmi/usenix/benchmark/newbench_norm/real/A_frozen_fire_hydrant_spewing_ice_out_into_a_street..png,0.0033019103575497866
NewBench,2025,0,"/shared/home/sarim.hashmi/usenix/benchmark/newbench_norm/real/A_full_perspective_of_a_restroom_view_with_a_few_things._
.png",0.0037199659273028374
NewBench,2025,0,/shared/home/sarim.hashmi/usenix/benchmark/newbench_norm/real/A_full_view_of_a_nice_and_comfortable_bed_with_pillows._.png,0.0011043751146644354
NewBench,2025,0,/shared/home/sarim.hashmi/usenix/benchmark/newbench_norm/real/A_gang_of_bikers_riding_down_a_street_next_to_tall_buildings..png,0.0001533674803795293
NewBench,2025,0,/shared/home/sarim.hashmi/usenix/benchmark/newbench_norm/real/A_garden_is_surrounded_by_a_train_and_phone_booth._.png,0.002217576140537858
NewBench,2025,0,/shared/home/sarim.hashmi/usenix/benchmark/newbench_norm/real/A_giraffe_grazing_from_a_tree_with_rock_wall_in_background..png,0.006813495419919491
NewBench,2025,0,/shared/home/sarim.hashmi/usenix/benchmark/newbench_norm/real/A_giraffe_in_a_grassy_field_near_a_hill..png,0.0060232593677937984
NewBench,2025,0,/shared/home/sarim.hashmi/usenix/benchmark/newbench_norm/real/A_giraffe_laying_on_the_ground_near_a_fence..png,0.009300144389271736
NewBench,2025,0,/shared/home/sarim.hashmi/usenix/benchmark/newbench_norm/real/A_giraffe_stand_in_front_of_large_rocks_and_looks_at_a_tree..png,0.0003521544858813286
NewBench,2025,0,/shared/home/sarim.hashmi/usenix/benchmark/newbench_norm/real/A_giraffe_standing_next_to_a_tall_tree..png,0.028734765946865082
NewBench,2025,0,/shared/home/sarim.hashmi/usenix/benchmark/newbench_norm/real/A_giraffe_standing_on_a_dirt_road_next_to_plants..png,0.0019725647289305925
NewBench,2025,0,/shared/home/sarim.hashmi/usenix/benchmark/newbench_norm/real/A_giraffe_standing_on_top_of_a_lush_green_field..png,0.0010054076556116343
NewBench,2025,0,/shared/home/sarim.hashmi/usenix/benchmark/newbench_norm/real/A_giraffe_stands_with_several_birds_resting_on_it's_neck._.png,0.9918993711471558
NewBench,2025,0,/shared/home/sarim.hashmi/usenix/benchmark/newbench_norm/real/A_giraffe_walking_across_a_dirt_and_grass_field..png,0.226371631026268
NewBench,2025,0,/shared/home/sarim.hashmi/usenix/benchmark/newbench_norm/real/A_giraffe_walking_across_a_lush_green_field..png,0.0010556943016126752
NewBench,2025,0,/shared/home/sarim.hashmi/usenix/benchmark/newbench_norm/real/A_giraffe_walking_in_a_field_with_gazelle's_looking_on._.png,0.005792543757706881
NewBench,2025,0,/shared/home/sarim.hashmi/usenix/benchmark/newbench_norm/real/A_giraffe_walking_in_a_sandy_enclosure_.png,0.0002856429200619459
NewBench,2025,0,/shared/home/sarim.hashmi/usenix/benchmark/newbench_norm/real/A_girl_holding_a_skewer_with_a_banana_on_the_end.__.png,0.008707921952009201
NewBench,2025,0,/shared/home/sarim.hashmi/usenix/benchmark/newbench_norm/real/A_girl_in_white_shirt_painting_a_black_umbrella..png,0.008098877035081387
NewBench,2025,0,/shared/home/sarim.hashmi/usenix/benchmark/newbench_norm/real/A_girl_takes_a_picture_of_herself_in_the_mirror..png,0.04190650209784508
NewBench,2025,0,/shared/home/sarim.hashmi/usenix/benchmark/newbench_norm/real/A_goat_standing_next_to_a_tree_in_the_open..png,0.0017293550772592425
NewBench,2025,0,/shared/home/sarim.hashmi/usenix/benchmark/newbench_norm/real/A_goat_with_very_long_horns_standing_in_front_of_a_tree..png,0.6692796349525452
NewBench,2025,0,/shared/home/sarim.hashmi/usenix/benchmark/newbench_norm/real/A_gray_and_black_bird_sitting_next_to_the_ocean..png,0.0008698786841705441
NewBench,2025,0,/shared/home/sarim.hashmi/usenix/benchmark/newbench_norm/real/A_gray_and_white_cat_sitting_in_blue_bowl..png,0.0013750349171459675
NewBench,2025,0,/shared/home/sarim.hashmi/usenix/benchmark/newbench_norm/real/A_gray_and_yellow_train_traveling_along_the_tracks.png,0.0002444387355353683
NewBench,2025,0,/shared/home/sarim.hashmi/usenix/benchmark/newbench_norm/real/A_gray_motorcycle_parked_in_a_parking_lot..png,0.006633252836763859
NewBench,2025,0,/shared/home/sarim.hashmi/usenix/benchmark/newbench_norm/real/A_green_and_blue_bus_stopped_to_discharge_passengers..png,0.0031297854147851467
NewBench,2025,0,/shared/home/sarim.hashmi/usenix/benchmark/newbench_norm/real/A_green_and_white_bus_driving_down_a__city_street..png,0.00044844060903415084
NewBench,2025,0,/shared/home/sarim.hashmi/usenix/benchmark/newbench_norm/real/A_green_mailbox_with_graffiti_on_the_side.png,0.0015051879454404116
NewBench,2025,0,/shared/home/sarim.hashmi/usenix/benchmark/newbench_norm/real/A_green_mountain_bike_sitting_next_to_a_bridge_as_a_train_passes_by..png,0.00031609588768333197
NewBench,2025,0,/shared/home/sarim.hashmi/usenix/benchmark/newbench_norm/real/A_green_street_sign_sitting_below_a_large_tree..png,0.003529646899551153
NewBench,2025,0,/shared/home/sarim.hashmi/usenix/benchmark/newbench_norm/real/A_green_train_traveling_down_train_tracks_next_to_another_train..png,0.0026500506792217493
NewBench,2025,0,/shared/home/sarim.hashmi/usenix/benchmark/newbench_norm/real/A_green_truck_parked_in_the_middle_of_a_garage..png,0.0004626589361578226
NewBench,2025,0,/shared/home/sarim.hashmi/usenix/benchmark/newbench_norm/real/A_grey_and_white_cat_outside_looking_into_a_window..png,0.012570830062031746
NewBench,2025,0,/shared/home/sarim.hashmi/usenix/benchmark/newbench_norm/real/A_group_of_bikers_parked_in_the_middle_of_a_street..png,0.0019931355491280556
NewBench,2025,0,/shared/home/sarim.hashmi/usenix/benchmark/newbench_norm/real/A_group_of_birds_eating_at_a_bird_feeder.png,0.004663778934627771
NewBench,2025,0,/shared/home/sarim.hashmi/usenix/benchmark/newbench_norm/real/A_group_of_elephants_are_standing_under_a_roof_cover..png,0.30227386951446533
NewBench,2025,0,/shared/home/sarim.hashmi/usenix/benchmark/newbench_norm/real/A_group_of_giraffe_standing_next_to_each_other_on_a_field..png,0.005179521162062883
NewBench,2025,0,/shared/home/sarim.hashmi/usenix/benchmark/newbench_norm/real/A_group_of_giraffe_standing_on_top_of_a_dirt_field..png,0.001556685077957809
NewBench,2025,0,/shared/home/sarim.hashmi/usenix/benchmark/newbench_norm/real/A_group_of_giraffes_next_to_a_fence..png,0.001020952477119863
NewBench,2025,0,/shared/home/sarim.hashmi/usenix/benchmark/newbench_norm/real/A_group_of_knives_mounted_to_a_kitchen_wall..png,0.025671876966953278
NewBench,2025,0,/shared/home/sarim.hashmi/usenix/benchmark/newbench_norm/real/A_group_of_men_standing_around_a_luggage_cart..png,0.014309987425804138
NewBench,2025,0,/shared/home/sarim.hashmi/usenix/benchmark/newbench_norm/real/A_group_of_men_standing_in_front_of_a_bar_having_a_conversation..png,0.002808746648952365
NewBench,2025,0,/shared/home/sarim.hashmi/usenix/benchmark/newbench_norm/real/A_group_of_motorcycles_parked_in_front_of_a_building..png,0.002225819043815136
NewBench,2025,0,/shared/home/sarim.hashmi/usenix/benchmark/newbench_norm/real/A_group_of_people_are_playing_some_musical_instruments..png,0.006198139861226082
NewBench,2025,0,/shared/home/sarim.hashmi/usenix/benchmark/newbench_norm/real/A_group_of_people_eating_at_tables_under_umbrellas_in_front_of_a_restaurant..png,0.0016242145793512464
NewBench,2025,0,/shared/home/sarim.hashmi/usenix/benchmark/newbench_norm/real/A_group_of_people_in_suits_standing_in_a_kitchen..png,0.0017523966962471604
NewBench,2025,0,/shared/home/sarim.hashmi/usenix/benchmark/newbench_norm/real/A_group_of_people_on_a_city_street..png,0.020378541201353073
NewBench,2025,0,/shared/home/sarim.hashmi/usenix/benchmark/newbench_norm/real/A_group_of_people_on_motorbikes_ride_on_a_path..png,0.006066868547350168
NewBench,2025,0,/shared/home/sarim.hashmi/usenix/benchmark/newbench_norm/real/A_group_of_people_sitting_and_laying_next_to_each_other..png,0.0001461447827750817
NewBench,2025,0,/shared/home/sarim.hashmi/usenix/benchmark/newbench_norm/real/A_group_of_people_sitting_on_motor_bikes_on_a_street..png,0.007365375757217407
NewBench,2025,0,/shared/home/sarim.hashmi/usenix/benchmark/newbench_norm/real/A_group_of_people_sitting_on_strange_looking_benches._.png,0.0687652975320816
NewBench,2025,0,/shared/home/sarim.hashmi/usenix/benchmark/newbench_norm/real/A_group_of_people_standing_outside_of_a_small_airplane..png,0.01630486361682415
NewBench,2025,0,/shared/home/sarim.hashmi/usenix/benchmark/newbench_norm/real/A_group_of_police_officer_standing_in_front_of_a_red_bus..png,0.021562015637755394
NewBench,2025,0,/shared/home/sarim.hashmi/usenix/benchmark/newbench_norm/real/A_group_of_sheep_being_herded_by_a_black_dog..png,0.00421205023303628
NewBench,2025,0,/shared/home/sarim.hashmi/usenix/benchmark/newbench_norm/real/A_group_of_sheep_is_standing_in_a_grassy_field..png,0.0006690756417810917
NewBench,2025,0,/shared/home/sarim.hashmi/usenix/benchmark/newbench_norm/real/A_group_of_sheep_sitting_next_to_a_tree..png,0.0002810709411278367
NewBench,2025,0,/shared/home/sarim.hashmi/usenix/benchmark/newbench_norm/real/A_group_of_small_exotic_birds_standing_on_a_large_bamboo_stick..png,0.004043911583721638
NewBench,2025,0,/shared/home/sarim.hashmi/usenix/benchmark/newbench_norm/real/A_group_of_three_women_sitting_at_a_table_sharing_a_cup_of_tea..png,0.006049752235412598
NewBench,2025,0,/shared/home/sarim.hashmi/usenix/benchmark/newbench_norm/real/A_group_of_women_standing_next_to_each_other_in_an_office..png,0.005462882574647665
NewBench,2025,0,/shared/home/sarim.hashmi/usenix/benchmark/newbench_norm/real/A_guy_rides_a_bike_in_a_race_and_has_fun.png,0.0011323716025799513
NewBench,2025,0,/shared/home/sarim.hashmi/usenix/benchmark/newbench_norm/real/A_herd_of_animals_laying_down_in_a_lush_green_field..png,0.0007774101104587317
NewBench,2025,0,/shared/home/sarim.hashmi/usenix/benchmark/newbench_norm/real/A_herd_of_sheep_standing_on_a_grass_covered_hillside..png,0.0007692398503422737
NewBench,2025,0,/shared/home/sarim.hashmi/usenix/benchmark/newbench_norm/real/A_highway_scene_with_focus_on_an_exit_sign..png,0.0068569909781217575
NewBench,2025,0,/shared/home/sarim.hashmi/usenix/benchmark/newbench_norm/real/A_jet_is_flying_through_the_air_leaving_smoke_behind_it..png,0.0002414762566331774
NewBench,2025,0,"/shared/home/sarim.hashmi/usenix/benchmark/newbench_norm/real/A_kitchen_area_with_shelves,_counter_and_bar_stools..png",0.00087021104991436
NewBench,2025,0,/shared/home/sarim.hashmi/usenix/benchmark/newbench_norm/real/A_kitchen_filled_with_appliances_and_track_lighting..png,0.009641745127737522
NewBench,2025,0,/shared/home/sarim.hashmi/usenix/benchmark/newbench_norm/real/A_kitchen_filled_with_clutter_all_over_it's_counter..png,0.002760072937235236
NewBench,2025,0,/shared/home/sarim.hashmi/usenix/benchmark/newbench_norm/real/A_kitchen_filled_with_wooden_cabinets_and_a_table..png,0.0014286251971498132
NewBench,2025,0,"/shared/home/sarim.hashmi/usenix/benchmark/newbench_norm/real/A_kitchen_is_displayed,_showing_wooden_cabinets_and_a_blue_tiled_counter_top..png",0.012875578366219997
NewBench,2025,0,/shared/home/sarim.hashmi/usenix/benchmark/newbench_norm/real/A_kitchen_scene_with_focus_on_a_sink_and_oven..png,0.0063901315443217754
NewBench,2025,0,/shared/home/sarim.hashmi/usenix/benchmark/newbench_norm/real/A_kitchen_that_has_a_sink_and_cabinets_in_it..png,0.0011970065534114838
NewBench,2025,0,"/shared/home/sarim.hashmi/usenix/benchmark/newbench_norm/real/A_kitchen_that_has_different_types_of_pots,_and_pans_on_a_stove..png",0.0001000101983663626
NewBench,2025,0,"/shared/home/sarim.hashmi/usenix/benchmark/newbench_norm/real/A_kitchen_that_includes_a_stove,_ovens_and_refrigerator..png",0.03395821899175644
NewBench,2025,0,/shared/home/sarim.hashmi/usenix/benchmark/newbench_norm/real/A_kitchen_that_is_ready_to_have_appliances_put_into_it..png,0.0009947489015758038
NewBench,2025,0,"/shared/home/sarim.hashmi/usenix/benchmark/newbench_norm/real/A_kitchen_with_a_refrigerator,_sink,_drawers_and_cabinets._.png",0.0021029736381024122
NewBench,2025,0,/shared/home/sarim.hashmi/usenix/benchmark/newbench_norm/real/A_kitchen_with_a_stove_and_a_microwave..png,0.003236680058762431
NewBench,2025,0,/shared/home/sarim.hashmi/usenix/benchmark/newbench_norm/real/A_kitchen_with_a_wooden_table__with_a_cat_sleeping_on_top_of_it..png,0.0012978232698515058
NewBench,2025,0,"/shared/home/sarim.hashmi/usenix/benchmark/newbench_norm/real/A_kitchen_with_an_oven,_stove_,_sink,_microwave_and_refrigerator..png",0.006057292688637972
NewBench,2025,0,/shared/home/sarim.hashmi/usenix/benchmark/newbench_norm/real/A_kitchen_with_granite_counter_tops_and_a_large_oven..png,0.0010241921991109848
NewBench,2025,0,/shared/home/sarim.hashmi/usenix/benchmark/newbench_norm/real/A_kitchen_with_lots_of_black_counter_top_space..png,0.00994770135730505
NewBench,2025,0,/shared/home/sarim.hashmi/usenix/benchmark/newbench_norm/real/A_kitchen_with_lots_of_clutter_a_door_with_a_large_window..png,0.0015061651356518269
NewBench,2025,0,/shared/home/sarim.hashmi/usenix/benchmark/newbench_norm/real/A_kitchen_with_wooden_cabinets_and_a_fridge.png,7.96749081928283e-05
NewBench,2025,0,/shared/home/sarim.hashmi/usenix/benchmark/newbench_norm/real/A_kitchen_with_wooden_counter_tops_and_a_stove_top_oven..png,0.005358320195227861
NewBench,2025,0,/shared/home/sarim.hashmi/usenix/benchmark/newbench_norm/real/A_kitchen_with_wooden_walls_and_cabinets_with_lighting..png,0.00041851948481053114
NewBench,2025,0,/shared/home/sarim.hashmi/usenix/benchmark/newbench_norm/real/A_kitten_eating_food_out_of_a_dish_on_the_kitchen_floor..png,0.002426732797175646
NewBench,2025,0,/shared/home/sarim.hashmi/usenix/benchmark/newbench_norm/real/A_lady_in_bed_with_oxygen_tube_and_a_dog..png,0.0049908580258488655
NewBench,2025,0,/shared/home/sarim.hashmi/usenix/benchmark/newbench_norm/real/A_lady_with_a_flower_in_her_hair_taking_of_picture_of_herself_in_a_mirror..png,0.008463642559945583
NewBench,2025,0,/shared/home/sarim.hashmi/usenix/benchmark/newbench_norm/real/A_laptop_computer_on_a_table_in_the_passenger_cabin_of_an_airplane..png,0.0019137657945975661
NewBench,2025,0,/shared/home/sarim.hashmi/usenix/benchmark/newbench_norm/real/A_laptop_computer_sitting_on_top_of_a_computer_desk..png,0.002167442347854376
NewBench,2025,0,/shared/home/sarim.hashmi/usenix/benchmark/newbench_norm/real/A_large_air_plane_smoking_and_parked_in_the_snow_._.png,0.012561115436255932
NewBench,2025,0,/shared/home/sarim.hashmi/usenix/benchmark/newbench_norm/real/A_large_airplane_flies_overhead_through_the_sky..png,0.0026093977503478527
NewBench,2025,0,/shared/home/sarim.hashmi/usenix/benchmark/newbench_norm/real/A_large_airplane_flying_over_a_lush_green_hillside..png,0.006527516059577465
NewBench,2025,0,/shared/home/sarim.hashmi/usenix/benchmark/newbench_norm/real/A_large_bird_sitting_on_top_of_a_tree..png,0.022133633494377136
NewBench,2025,0,/shared/home/sarim.hashmi/usenix/benchmark/newbench_norm/real/A_large_blue_train_on_a_steel_track..png,0.001214821357280016
NewBench,2025,0,/shared/home/sarim.hashmi/usenix/benchmark/newbench_norm/real/A_large_body_of_water_in_front_of_a_shoreline_with_a_long_train_bridge..png,0.0016444517532363534
NewBench,2025,0,/shared/home/sarim.hashmi/usenix/benchmark/newbench_norm/real/A_large_collection_of_cooking_utensils_hanging_on_a_wall..png,0.00014469864254351705
NewBench,2025,0,/shared/home/sarim.hashmi/usenix/benchmark/newbench_norm/real/A_large_exit_street_sign_laying_on_the_ground..png,0.01718304678797722
NewBench,2025,0,"/shared/home/sarim.hashmi/usenix/benchmark/newbench_norm/real/A_large_filled_with_lots_of_purple_flowers_behind_a_blue_sign
.png",0.00785417202860117
NewBench,2025,0,/shared/home/sarim.hashmi/usenix/benchmark/newbench_norm/real/A_large_giraffe_standing_behind_a_wire_fence..png,0.0016158190555870533
NewBench,2025,0,/shared/home/sarim.hashmi/usenix/benchmark/newbench_norm/real/A_large_group_of_tall_giraffe_in_a_room..png,0.6701852083206177
NewBench,2025,0,/shared/home/sarim.hashmi/usenix/benchmark/newbench_norm/real/A_large_jet_flying_through_a_cloudy_blue_sky..png,0.00021971607930026948
NewBench,2025,0,/shared/home/sarim.hashmi/usenix/benchmark/newbench_norm/real/A_large_jet_sitting_on_top_of_an_airport_tarmac..png,0.00286485836841166
NewBench,2025,0,/shared/home/sarim.hashmi/usenix/benchmark/newbench_norm/real/A_large_jetliner_flying_over_a_tall_building_in_the_sky..png,0.004088044632226229
NewBench,2025,0,/shared/home/sarim.hashmi/usenix/benchmark/newbench_norm/real/A_large_jetliner_flying_through_a_cloudy_blue_sky..png,0.000734903325792402
NewBench,2025,0,/shared/home/sarim.hashmi/usenix/benchmark/newbench_norm/real/A_large_jetliner_sitting_on_top_of_an_airport_runway..png,0.017842285335063934
NewBench,2025,0,/shared/home/sarim.hashmi/usenix/benchmark/newbench_norm/real/A_large_jetliner_sitting_on_top_of_an_airport_tarmac..png,0.01790478825569153
NewBench,2025,0,/shared/home/sarim.hashmi/usenix/benchmark/newbench_norm/real/A_large_long_train_on_a_steel_track..png,0.03602853789925575
NewBench,2025,0,/shared/home/sarim.hashmi/usenix/benchmark/newbench_norm/real/A_large_modern_bathroom_features_an_oversize_tub_and_walk-in_shower..png,0.00022240597172640264
NewBench,2025,0,/shared/home/sarim.hashmi/usenix/benchmark/newbench_norm/real/A_large_open_room_with_a_long_white_staircase..png,0.07460436224937439
NewBench,2025,0,/shared/home/sarim.hashmi/usenix/benchmark/newbench_norm/real/A_large_passenger_jet_flying_over_the_top_of_a_forest..png,0.13155204057693481
NewBench,2025,0,/shared/home/sarim.hashmi/usenix/benchmark/newbench_norm/real/A_large_white_airplane_with_blue_tail_parked..png,0.002921867184340954
NewBench,2025,0,/shared/home/sarim.hashmi/usenix/benchmark/newbench_norm/real/A_large_white_bush_driving_down_a_city_street..png,0.0006763119017705321
NewBench,2025,0,/shared/home/sarim.hashmi/usenix/benchmark/newbench_norm/real/A_large_white_castle_like_building_with_a_statue_in_front._.png,0.00036811086465604603
NewBench,2025,0,/shared/home/sarim.hashmi/usenix/benchmark/newbench_norm/real/A_large_white_dog_statue_sitting_next_to_a_clock..png,0.002255250234156847
NewBench,2025,0,/shared/home/sarim.hashmi/usenix/benchmark/newbench_norm/real/A_larger_passenger_jet_flying_through_a_blue_sky..png,0.002863022731617093
NewBench,2025,0,"/shared/home/sarim.hashmi/usenix/benchmark/newbench_norm/real/A_left_turn_signal,_stoplight_and_street_sign_are_hanging_on_a_pole..png",0.0008517822134308517
NewBench,2025,0,/shared/home/sarim.hashmi/usenix/benchmark/newbench_norm/real/A_little_boy_in_the_airport_watching_an_airplane..png,0.00022880229516886175
NewBench,2025,0,/shared/home/sarim.hashmi/usenix/benchmark/newbench_norm/real/A_little_boy_wearing_a_hat_and_leather_boots..png,0.0011651291279122233
NewBench,2025,0,/shared/home/sarim.hashmi/usenix/benchmark/newbench_norm/real/A_little_girl_climbing_up_steps_to_touch_a_giraffe..png,0.017370300367474556
NewBench,2025,0,"/shared/home/sarim.hashmi/usenix/benchmark/newbench_norm/real/A_little_girl_lies_on_a_wooden_bench,_eating_snacks_from_a_bag..png",0.0019909152761101723
NewBench,2025,0,/shared/home/sarim.hashmi/usenix/benchmark/newbench_norm/real/A_lone_woman_stands_at_an_empty_train_station..png,0.007551581598818302
NewBench,2025,0,/shared/home/sarim.hashmi/usenix/benchmark/newbench_norm/real/A_long_bench_sitting_next_to_a_large_fence..png,0.0014700117753818631
NewBench,2025,0,/shared/home/sarim.hashmi/usenix/benchmark/newbench_norm/real/A_lot_of_birds_flying_around_on_a_beach..png,0.0035810444969683886
NewBench,2025,0,/shared/home/sarim.hashmi/usenix/benchmark/newbench_norm/real/A_lot_of_thought_went_into_decorating_this_rustic_bathroom..png,0.0010907914256677032
NewBench,2025,0,/shared/home/sarim.hashmi/usenix/benchmark/newbench_norm/real/A_man's_reflection_is_in_a_mirror_of_a_bathroom..png,0.002504645846784115
NewBench,2025,0,"/shared/home/sarim.hashmi/usenix/benchmark/newbench_norm/real/A_man,_woman_and_child_in_an_advertisement_vehicle_for_a_seafood_restaurant..png",0.0014472502516582608
NewBench,2025,0,/shared/home/sarim.hashmi/usenix/benchmark/newbench_norm/real/A_man_admiring_a_dog_on_a_bench_made_of_books..png,0.00030986752244643867
NewBench,2025,0,/shared/home/sarim.hashmi/usenix/benchmark/newbench_norm/real/A_man_and_two_women_are_standing_beside_an_airplane..png,0.0008214414119720459
NewBench,2025,0,/shared/home/sarim.hashmi/usenix/benchmark/newbench_norm/real/A_man_and_two_women_walking_their_dogs_and_hiking_in_the_woods..png,0.0090023223310709
NewBench,2025,0,/shared/home/sarim.hashmi/usenix/benchmark/newbench_norm/real/A_man_cycling_and_a_Stop_sign_at_the_front.png,0.00011081693082815036
NewBench,2025,0,/shared/home/sarim.hashmi/usenix/benchmark/newbench_norm/real/A_man_drives_fast_in_a_motorcycle_with_kids_in_the_sidecar.png,0.0004974621115252376
NewBench,2025,0,/shared/home/sarim.hashmi/usenix/benchmark/newbench_norm/real/A_man_fixing_a_traffic_light_while_on_a_cherry_picker..png,0.0019894985016435385
NewBench,2025,0,/shared/home/sarim.hashmi/usenix/benchmark/newbench_norm/real/A_man_flying_through_the_air_while_riding_a_snowboard..png,0.001902203424833715
NewBench,2025,0,/shared/home/sarim.hashmi/usenix/benchmark/newbench_norm/real/A_man_flying_through_the_air_while_riding_a_surfboard..png,0.0015598135069012642
NewBench,2025,0,/shared/home/sarim.hashmi/usenix/benchmark/newbench_norm/real/A_man_in_a_dress_riding_a_tiger_motorcycle..png,0.024426648393273354
NewBench,2025,0,/shared/home/sarim.hashmi/usenix/benchmark/newbench_norm/real/A_man_in_a_gray_jacket_standing_in_a_kitchen_next_to_a_black_dog..png,0.006036304868757725
NewBench,2025,0,/shared/home/sarim.hashmi/usenix/benchmark/newbench_norm/real/A_man_in_a_wetsuit_is_holding_his_surfboard_on_the_pier._.png,0.0009067333303391933
NewBench,2025,0,/shared/home/sarim.hashmi/usenix/benchmark/newbench_norm/real/A_man_in_hipster_clothes_straddling_a_bicycle_on_the_sidewalk..png,0.017698904499411583
NewBench,2025,0,/shared/home/sarim.hashmi/usenix/benchmark/newbench_norm/real/A_man_is_feeding_a_griaffe_off_of_the_stand.png,0.0015204339288175106
NewBench,2025,0,/shared/home/sarim.hashmi/usenix/benchmark/newbench_norm/real/A_man_is_sitting_in_a_beige_chair_in_a_living_room.png,0.014104625210165977
NewBench,2025,0,/shared/home/sarim.hashmi/usenix/benchmark/newbench_norm/real/A_man_is_sitting_on_a_bench_reading_a_book..png,0.0004439520707819611
NewBench,2025,0,/shared/home/sarim.hashmi/usenix/benchmark/newbench_norm/real/A_man_laying_on_the_ground_in_front_of_a_motorcycle..png,0.0003207394911441952
NewBench,2025,0,/shared/home/sarim.hashmi/usenix/benchmark/newbench_norm/real/A_man_on_a_motorcycle_with_a_group_of_people_standing_around_it..png,0.0016144986730068922
NewBench,2025,0,/shared/home/sarim.hashmi/usenix/benchmark/newbench_norm/real/A_man_on_a_motorcycle_with_a_woman_on_back.png,0.23884861171245575
NewBench,2025,0,/shared/home/sarim.hashmi/usenix/benchmark/newbench_norm/real/A_man_on_a_skateboard_riding_on_a_street..png,0.008558694273233414
NewBench,2025,0,/shared/home/sarim.hashmi/usenix/benchmark/newbench_norm/real/A_man_on_bicycle_carrying_bunches_of_bananas_through_street..png,0.0002123958693118766
NewBench,2025,0,/shared/home/sarim.hashmi/usenix/benchmark/newbench_norm/real/A_man_preparing_food_in_a_restaurant_kitchen._.png,0.00178626854903996
NewBench,2025,0,/shared/home/sarim.hashmi/usenix/benchmark/newbench_norm/real/A_man_races_a_motorcycle_on_a_track..png,0.002317400649189949
NewBench,2025,0,/shared/home/sarim.hashmi/usenix/benchmark/newbench_norm/real/A_man_riding_a_bike_down_a_dark_city_street..png,0.002243787981569767
NewBench,2025,0,/shared/home/sarim.hashmi/usenix/benchmark/newbench_norm/real/A_man_riding_a_bike_down_a_street..png,0.012969616800546646
NewBench,2025,0,/shared/home/sarim.hashmi/usenix/benchmark/newbench_norm/real/A_man_riding_a_bike_down_a_street_past_a_young_man..png,0.004128372762352228
NewBench,2025,0,/shared/home/sarim.hashmi/usenix/benchmark/newbench_norm/real/A_man_riding_a_bike_on_a_dirt_path_through_a_forest..png,0.015216492116451263
NewBench,2025,0,/shared/home/sarim.hashmi/usenix/benchmark/newbench_norm/real/A_man_riding_a_motorcycle_across_a_sandy_beach..png,0.07471142709255219
NewBench,2025,0,/shared/home/sarim.hashmi/usenix/benchmark/newbench_norm/real/A_man_riding_a_motorcycle_next_to_a_red_stop_sign..png,0.01339714601635933
NewBench,2025,0,/shared/home/sarim.hashmi/usenix/benchmark/newbench_norm/real/A_man_riding_a_motorcycle_with_a_helmet_on._.png,0.0034598573110997677
NewBench,2025,0,/shared/home/sarim.hashmi/usenix/benchmark/newbench_norm/real/A_man_riding_on_the_back_of_another_mans_bike_in_the_street.png,0.0022276369854807854
NewBench,2025,0,/shared/home/sarim.hashmi/usenix/benchmark/newbench_norm/real/A_man_sees_a_double_reflection_in_his_mirror..png,0.010137630626559258
NewBench,2025,0,/shared/home/sarim.hashmi/usenix/benchmark/newbench_norm/real/A_man_sitting_at_a_park_working_on_a_laptop_computer..png,0.0007758285501040518
NewBench,2025,0,/shared/home/sarim.hashmi/usenix/benchmark/newbench_norm/real/A_man_sitting_on_his_skateboard_in_a_field..png,0.0010632473276928067
NewBench,2025,0,/shared/home/sarim.hashmi/usenix/benchmark/newbench_norm/real/A_man_sleeping_on_a_navy_blue_pillow_with_a_TV_monitor_in_place_of_his_head._.png,0.18703241646289825
NewBench,2025,0,/shared/home/sarim.hashmi/usenix/benchmark/newbench_norm/real/A_man_standing_in_front_of_a_mirror_above_a_counter..png,0.0019102176884189248
NewBench,2025,0,/shared/home/sarim.hashmi/usenix/benchmark/newbench_norm/real/A_man_standing_next_to_a_car_in_the_snow..png,0.002323345048353076
NewBench,2025,0,/shared/home/sarim.hashmi/usenix/benchmark/newbench_norm/real/A_man_standing_next_to_a_motorcycle_on_the_side_of_a_hill..png,0.0009459686698392034
NewBench,2025,0,/shared/home/sarim.hashmi/usenix/benchmark/newbench_norm/real/A_man_standing_next_to_a_parked_motorcycle..png,0.004613831639289856
NewBench,2025,0,/shared/home/sarim.hashmi/usenix/benchmark/newbench_norm/real/A_man_standing_next_to_a_woman_in_a_room..png,0.04170938581228256
NewBench,2025,0,/shared/home/sarim.hashmi/usenix/benchmark/newbench_norm/real/A_man_standing_outdoors_next_to_a_dirt_bike_and_ATV..png,0.01026944536715746
NewBench,2025,0,/shared/home/sarim.hashmi/usenix/benchmark/newbench_norm/real/A_man_standing_outside_of_a_building_next_to_bicycles..png,0.00529485521838069
NewBench,2025,0,/shared/home/sarim.hashmi/usenix/benchmark/newbench_norm/real/A_man_taking_a_picture_of_his_reflection_in_the_bathroom.png,0.05823838710784912
NewBench,2025,0,/shared/home/sarim.hashmi/usenix/benchmark/newbench_norm/real/A_man_that_has_a_happy_new__year_hat_on..png,0.01875491812825203
NewBench,2025,0,/shared/home/sarim.hashmi/usenix/benchmark/newbench_norm/real/A_man_thinks_as_he_stands_in_front_of_a_sign..png,0.001695230952464044
NewBench,2025,0,/shared/home/sarim.hashmi/usenix/benchmark/newbench_norm/real/A_man_walking_down_a_road_in_front_of_a_double_decker_bus..png,0.0006105711217969656
NewBench,2025,0,/shared/home/sarim.hashmi/usenix/benchmark/newbench_norm/real/A_man_walking_down_a_road_with_a_horse_and_carriage_coming_at_him..png,0.00011955616355407983
NewBench,2025,0,/shared/home/sarim.hashmi/usenix/benchmark/newbench_norm/real/A_man_walking_towards_a_stop_sign_on_the_sidewalk..png,0.0018232613801956177
NewBench,2025,0,/shared/home/sarim.hashmi/usenix/benchmark/newbench_norm/real/A_man_walking_while_holding_an_umbrella_on_a_wet_sidewalk..png,0.011535471305251122
NewBench,2025,0,/shared/home/sarim.hashmi/usenix/benchmark/newbench_norm/real/A_man_walks_across_a_street_with_a_stop_sign_in_the_foreground..png,0.0009971120161935687
NewBench,2025,0,/shared/home/sarim.hashmi/usenix/benchmark/newbench_norm/real/A_man_watching_a_single_engine_plane_make_an_approach_to_land..png,0.0038366825319826603
NewBench,2025,0,/shared/home/sarim.hashmi/usenix/benchmark/newbench_norm/real/A_man_wearing_a_glove_with_a_bird_on_top_of_it..png,0.014629356563091278
NewBench,2025,0,/shared/home/sarim.hashmi/usenix/benchmark/newbench_norm/real/A_man_wearing_a_hat_riding_a_motorcycle..png,0.001103293034248054
NewBench,2025,0,/shared/home/sarim.hashmi/usenix/benchmark/newbench_norm/real/A_man_wearing_jeans_sitting_on_a_parked_motorcycle..png,0.0028732698410749435
NewBench,2025,0,/shared/home/sarim.hashmi/usenix/benchmark/newbench_norm/real/A_man_with_camera_watching_a_group_of_giraffes.png,0.007826189510524273
NewBench,2025,0,/shared/home/sarim.hashmi/usenix/benchmark/newbench_norm/real/A_man_with_glasses_riding_in_a_car_with_an_adorable_dog_in_the_backseat..png,4.935454126098193e-05
NewBench,2025,0,/shared/home/sarim.hashmi/usenix/benchmark/newbench_norm/real/A_marble_tiled_bathroom_with_double_sinks_and_wooden_cabinets.png,0.0004597467777784914
NewBench,2025,0,/shared/home/sarim.hashmi/usenix/benchmark/newbench_norm/real/A_men's_public_washroom_with_a_blue_floor._.png,0.44956114888191223
NewBench,2025,0,/shared/home/sarim.hashmi/usenix/benchmark/newbench_norm/real/A_messy_desk_is_shown_with_a_laptop_computer..png,0.0006762690609320998
NewBench,2025,0,/shared/home/sarim.hashmi/usenix/benchmark/newbench_norm/real/A_metal_pole_with_four_different_street_signs_hanging_on_it's_side..png,0.0006151886191219091
NewBench,2025,0,/shared/home/sarim.hashmi/usenix/benchmark/newbench_norm/real/A_metal_sink_and_a_row_of_white_urinals.png,0.00017098116222769022
NewBench,2025,0,/shared/home/sarim.hashmi/usenix/benchmark/newbench_norm/real/A_military_air_craft_flies_in_the_sky_with_landing_gear_down._.png,0.035083405673503876
NewBench,2025,0,/shared/home/sarim.hashmi/usenix/benchmark/newbench_norm/real/A_miniature_train_in_a_park_full_of_people..png,0.000309961469611153
NewBench,2025,0,/shared/home/sarim.hashmi/usenix/benchmark/newbench_norm/real/A_modern_bathroom_is_shown_with_a_square_sink..png,0.00079909194028005
NewBench,2025,0,/shared/home/sarim.hashmi/usenix/benchmark/newbench_norm/real/A_modern_jet_airplane_coming_in_to_park_at_the_gate_of_an_airport.png,0.005490977317094803
NewBench,2025,0,/shared/home/sarim.hashmi/usenix/benchmark/newbench_norm/real/A_modified_motorcycle_parked_with_other_motorcycles_on_the_pavement..png,0.008212174288928509
NewBench,2025,0,/shared/home/sarim.hashmi/usenix/benchmark/newbench_norm/real/A_monitor_showing_a_film_on_an_airplane..png,0.010980240069329739
NewBench,2025,0,/shared/home/sarim.hashmi/usenix/benchmark/newbench_norm/real/A_mother_bird_and_her_offspring_walk_in_a_meadow..png,0.01089689414948225
NewBench,2025,0,/shared/home/sarim.hashmi/usenix/benchmark/newbench_norm/real/A_motorcycle_carrying_a_bicycle_is_parked_in_the_gravel._.png,0.005260872188955545
NewBench,2025,0,/shared/home/sarim.hashmi/usenix/benchmark/newbench_norm/real/A_motorcycle_is_in_a_parking_lot_with_a_helmet_on_top..png,0.000326780165778473
NewBench,2025,0,/shared/home/sarim.hashmi/usenix/benchmark/newbench_norm/real/A_motorcycle_is_parked_in_the_gravel_alongside_a_street..png,0.17895248532295227
NewBench,2025,0,/shared/home/sarim.hashmi/usenix/benchmark/newbench_norm/real/A_motorcycle_parked_behind_a_truck_on_a_green_field..png,0.004072682000696659
NewBench,2025,0,/shared/home/sarim.hashmi/usenix/benchmark/newbench_norm/real/A_motorcycle_parked_next_to_a_few_bicycles..png,0.006136762909591198
NewBench,2025,0,/shared/home/sarim.hashmi/usenix/benchmark/newbench_norm/real/A_motorcycle_parked_next_to_each_other_near_people...png,0.011442731134593487
NewBench,2025,0,/shared/home/sarim.hashmi/usenix/benchmark/newbench_norm/real/A_motorcycle_parked_on_top_of_a_tiled_floor..png,0.003311560023576021
NewBench,2025,0,/shared/home/sarim.hashmi/usenix/benchmark/newbench_norm/real/A_motorcycle_sits_parked_across_from_a_herd_of_livestock..png,0.0009094384731724858
NewBench,2025,0,/shared/home/sarim.hashmi/usenix/benchmark/newbench_norm/real/A_nice_spacious_bathroom_with_light_brown_tile..png,0.003750824835151434
NewBench,2025,0,/shared/home/sarim.hashmi/usenix/benchmark/newbench_norm/real/A_no_left_turn_sign_hanging_from_the_side_of_a_wooden_pole..png,0.002813482191413641
NewBench,2025,0,/shared/home/sarim.hashmi/usenix/benchmark/newbench_norm/real/A_pair_of_remote_controlled_planes_flying_through_the_air..png,0.019975876435637474
NewBench,2025,0,/shared/home/sarim.hashmi/usenix/benchmark/newbench_norm/real/A_pair_of_sheep_looking_eagerly_at_something_through_a_fence..png,0.003021485172212124
NewBench,2025,0,/shared/home/sarim.hashmi/usenix/benchmark/newbench_norm/real/A_pair_of_sneakers_hang_in_the_background_at_this_street_corner..png,0.0006825500167906284
NewBench,2025,0,/shared/home/sarim.hashmi/usenix/benchmark/newbench_norm/real/A_pan_filled_with_veggies_and_a_block_of_butter..png,0.0086967209354043
NewBench,2025,0,/shared/home/sarim.hashmi/usenix/benchmark/newbench_norm/real/A_parked_motorcycle_sitting_next_to_a_white_brick_wall..png,0.0003105939249508083
NewBench,2025,0,/shared/home/sarim.hashmi/usenix/benchmark/newbench_norm/real/A_parking_lot_filled_with_large_passenger_buses..png,0.0027309642173349857
NewBench,2025,0,/shared/home/sarim.hashmi/usenix/benchmark/newbench_norm/real/A_parking_meter_lies_askew_on_a_street..png,0.010522807948291302
NewBench,2025,0,/shared/home/sarim.hashmi/usenix/benchmark/newbench_norm/real/A_parking_sign_is_displaying_spaces_available_on_a_city_street.png,0.01644996553659439
NewBench,2025,0,/shared/home/sarim.hashmi/usenix/benchmark/newbench_norm/real/A_passenger_jet_aircraft_flying_in_the_sky..png,0.004192236810922623
NewBench,2025,0,/shared/home/sarim.hashmi/usenix/benchmark/newbench_norm/real/A_passenger_jet_that_is_pulled_in_next_to_the_terminal..png,0.27466529607772827
NewBench,2025,0,/shared/home/sarim.hashmi/usenix/benchmark/newbench_norm/real/A_passenger_plane_that_is_parked_on_the_runway..png,0.011603080667555332
NewBench,2025,0,/shared/home/sarim.hashmi/usenix/benchmark/newbench_norm/real/A_patch_of_grass_with_lots_of_bikes_parked_on_it..png,0.0011321272468194366
NewBench,2025,0,/shared/home/sarim.hashmi/usenix/benchmark/newbench_norm/real/A_person_drives_a_bus_on_a_busy_road._.png,0.004540259018540382
NewBench,2025,0,/shared/home/sarim.hashmi/usenix/benchmark/newbench_norm/real/A_person_driving_a_car_towards_an_overpass..png,0.0012298005167394876
NewBench,2025,0,/shared/home/sarim.hashmi/usenix/benchmark/newbench_norm/real/A_person_feeding_a_giraffe_while_wearing_a_hat..png,0.0007181710680015385
NewBench,2025,0,/shared/home/sarim.hashmi/usenix/benchmark/newbench_norm/real/A_person_holding_a_black_cat_next_to_their_face..png,0.0025325948372483253
NewBench,2025,0,/shared/home/sarim.hashmi/usenix/benchmark/newbench_norm/real/A_person_holding_up_a_piece_of_banana_to_the_camera..png,0.032217398285865784
NewBench,2025,0,/shared/home/sarim.hashmi/usenix/benchmark/newbench_norm/real/A_person_is_driving_a_speedboat_quickly_through_the_water..png,0.0003477405698504299
NewBench,2025,0,/shared/home/sarim.hashmi/usenix/benchmark/newbench_norm/real/A_person_is_on_a_bench_near_a_grassy_field..png,0.0002367393026361242
NewBench,2025,0,/shared/home/sarim.hashmi/usenix/benchmark/newbench_norm/real/A_person_laying_on_an_inflatable_mattress_with_two_sleeping_bags..png,0.0003859171411022544
NewBench,2025,0,/shared/home/sarim.hashmi/usenix/benchmark/newbench_norm/real/A_person_leading_a_herd_of_sheep_with_a_dog..png,0.0007412221748381853
NewBench,2025,0,/shared/home/sarim.hashmi/usenix/benchmark/newbench_norm/real/A_person_on_a_street_next_to_a_motor_bike..png,0.002324518980458379
NewBench,2025,0,/shared/home/sarim.hashmi/usenix/benchmark/newbench_norm/real/A_person_riding_a_speed_motorcycle_on_a_track..png,0.026995627209544182
NewBench,2025,0,/shared/home/sarim.hashmi/usenix/benchmark/newbench_norm/real/A_person_sitting_on_top_of_a_bench_with_their_arms_spread_out..png,0.0021209679543972015
NewBench,2025,0,/shared/home/sarim.hashmi/usenix/benchmark/newbench_norm/real/A_person_standing_next_to_a_couple_of_motor_bikes..png,0.003963939845561981
NewBench,2025,0,/shared/home/sarim.hashmi/usenix/benchmark/newbench_norm/real/A_person_walking_in_the_rain_on_the_sidewalk._.png,0.009575982578098774
NewBench,2025,0,/shared/home/sarim.hashmi/usenix/benchmark/newbench_norm/real/A_person_with_an_umbrella_is_standing_by_a_fountain..png,0.0062717534601688385
NewBench,2025,0,/shared/home/sarim.hashmi/usenix/benchmark/newbench_norm/real/A_photo_of_a_restroom_containing_two_toilets..png,0.011554702185094357
NewBench,2025,0,/shared/home/sarim.hashmi/usenix/benchmark/newbench_norm/real/A_picture_of_a_group_of_fighter_jets_flying_together..png,0.0017946468433365226
NewBench,2025,0,/shared/home/sarim.hashmi/usenix/benchmark/newbench_norm/real/A_picture_of_a_stone_bench_in_a_park..png,0.001569251762703061
NewBench,2025,0,/shared/home/sarim.hashmi/usenix/benchmark/newbench_norm/real/A_picture_of_a_train_coming_out_of_a_house..png,0.006625600624829531
NewBench,2025,0,/shared/home/sarim.hashmi/usenix/benchmark/newbench_norm/real/A_picture_of_a_wooden_container_with_crosses_on_it..png,0.001334727625362575
NewBench,2025,0,/shared/home/sarim.hashmi/usenix/benchmark/newbench_norm/real/A_picture_of_large_glass_door_trimmed_in_white_and_a_large_beige_structure_beside_it..png,0.010811490006744862
NewBench,2025,0,/shared/home/sarim.hashmi/usenix/benchmark/newbench_norm/real/A_picture_taken_from_the_driver_seat_of_car_at_a_stop_sign..png,0.014948946423828602
NewBench,2025,0,/shared/home/sarim.hashmi/usenix/benchmark/newbench_norm/real/A_pigeon_perched_on_a_ledge_with_a_street_behind_it..png,0.0016664998838678002
NewBench,2025,0,/shared/home/sarim.hashmi/usenix/benchmark/newbench_norm/real/A_pile_of_toilet_paper_sitting_on_top_of_a_toilet..png,0.013627936132252216
NewBench,2025,0,/shared/home/sarim.hashmi/usenix/benchmark/newbench_norm/real/A_pirstine_white_and_black_bathroom_with_a_tub_by_a_window.png,3.913807813660242e-05
NewBench,2025,0,/shared/home/sarim.hashmi/usenix/benchmark/newbench_norm/real/A_plane_is_parked_near_the_pretty_blue_ocean._.png,0.0001628110621822998
NewBench,2025,0,/shared/home/sarim.hashmi/usenix/benchmark/newbench_norm/real/A_police_man_on_a_motorcycle_drives_down_the_road..png,0.641440749168396
NewBench,2025,0,/shared/home/sarim.hashmi/usenix/benchmark/newbench_norm/real/A_police_officer_directing_traffic_in_front_of_a_yellow_double_deck_bus..png,0.0008983355364762247
NewBench,2025,0,/shared/home/sarim.hashmi/usenix/benchmark/newbench_norm/real/A_pretty_bird_is_sitting_on_a_tree_branch..png,0.00255446950905025
NewBench,2025,0,/shared/home/sarim.hashmi/usenix/benchmark/newbench_norm/real/A_professional_motorcycle_driver_riding_his_bike_on_the_track..png,0.0002533910737838596
NewBench,2025,0,"/shared/home/sarim.hashmi/usenix/benchmark/newbench_norm/real/A_rear_view_mirror_on_a_bike_is_reflecting_a_poster_on_building.
.png",0.002971450798213482
NewBench,2025,0,"/shared/home/sarim.hashmi/usenix/benchmark/newbench_norm/real/A_red,_white_and_blue_train_next_to_satellites..png",0.0016202450497075915
NewBench,2025,0,/shared/home/sarim.hashmi/usenix/benchmark/newbench_norm/real/A_red_all_terrain_vehicle_next_to_a_man_with_a_green_dirt_bike..png,4.055642421008088e-05
NewBench,2025,0,/shared/home/sarim.hashmi/usenix/benchmark/newbench_norm/real/A_red_and_black_motorcycle_parked_near_another_bike..png,0.010058045387268066
NewBench,2025,0,/shared/home/sarim.hashmi/usenix/benchmark/newbench_norm/real/A_red_and_white_fire_hydrant_is_on_the_lawn..png,0.024443577975034714
NewBench,2025,0,/shared/home/sarim.hashmi/usenix/benchmark/newbench_norm/real/A_red_and_white_fire_hydrant_on_a_sidewalk_at_the_park..png,0.01776609756052494
NewBench,2025,0,"/shared/home/sarim.hashmi/usenix/benchmark/newbench_norm/real/A_red_and_yellow_bus_sits_on_the_back_of_a_flatbed_truck,_driving_down_the_highway..png",0.022034253925085068
NewBench,2025,0,/shared/home/sarim.hashmi/usenix/benchmark/newbench_norm/real/A_red_fire_hydrant_between_two_trees_in_front_of_a_building..png,0.8385756015777588
NewBench,2025,0,/shared/home/sarim.hashmi/usenix/benchmark/newbench_norm/real/A_red_fire_hydrant_on_the_side_of_a_street..png,0.09112593531608582
NewBench,2025,0,/shared/home/sarim.hashmi/usenix/benchmark/newbench_norm/real/A_red_fire_hydrant_with_a_green_cap_with_a_bird_on_top_of_it..png,0.00020181151921860874
NewBench,2025,0,/shared/home/sarim.hashmi/usenix/benchmark/newbench_norm/real/A_red_motorcycle_is_parked_in_between_white_lines..png,0.007498006336390972
NewBench,2025,0,/shared/home/sarim.hashmi/usenix/benchmark/newbench_norm/real/A_red_motorcycle_riding_down_one_side_of_the_street_and_a_cow_walking_down_the_other_side_of_the_str.png,0.0022090140264481306
NewBench,2025,0,/shared/home/sarim.hashmi/usenix/benchmark/newbench_norm/real/A_red_small_engine_plane_in_motion_on_a_field..png,0.012946782633662224
NewBench,2025,0,/shared/home/sarim.hashmi/usenix/benchmark/newbench_norm/real/A_red_stop_sign_mounted_to_the_top_of_a_metal_pole..png,0.002408131491392851
NewBench,2025,0,/shared/home/sarim.hashmi/usenix/benchmark/newbench_norm/real/A_red_stop_sign_on_a_gate_next_to_a_grass_covered_field..png,0.006119227968156338
NewBench,2025,0,/shared/home/sarim.hashmi/usenix/benchmark/newbench_norm/real/A_red_stop_sign_on_the_side_of_a_brick_road..png,0.004663265310227871
NewBench,2025,0,/shared/home/sarim.hashmi/usenix/benchmark/newbench_norm/real/A_red_stop_sign_sitting_on_the_side_of_a_pole..png,0.004680209327489138
NewBench,2025,0,/shared/home/sarim.hashmi/usenix/benchmark/newbench_norm/real/A_red_stop_sign_sitting_on_the_side_of_a_road..png,5.2638966735685244e-05
NewBench,2025,0,/shared/home/sarim.hashmi/usenix/benchmark/newbench_norm/real/A_red_stop_sign_with_a_sticker_of_a_man_holding_up_a_sword..png,7.692469807807356e-05
NewBench,2025,0,/shared/home/sarim.hashmi/usenix/benchmark/newbench_norm/real/A_red_traffic_with_a_mirror_hanging_off_the_side_of_it..png,0.0026268349029123783
NewBench,2025,0,/shared/home/sarim.hashmi/usenix/benchmark/newbench_norm/real/A_red_train_driving_on_a_train_train_track_next_to_an_elevated_stone_sidewalk..png,0.0013219719985499978
NewBench,2025,0,/shared/home/sarim.hashmi/usenix/benchmark/newbench_norm/real/A_red_train_traveling_under_a_bridge_on_train_tracks..png,0.0012462118174880743
NewBench,2025,0,/shared/home/sarim.hashmi/usenix/benchmark/newbench_norm/real/A_red_trolly_bus_driving_down_a_dirt_road..png,0.0005189867224544287
NewBench,2025,0,/shared/home/sarim.hashmi/usenix/benchmark/newbench_norm/real/A_road_sign_on_the_side_of_a_road..png,0.005522658582776785
NewBench,2025,0,/shared/home/sarim.hashmi/usenix/benchmark/newbench_norm/real/A_room_with_white_walls_and_bright_lights..png,0.005671623628586531
NewBench,2025,0,/shared/home/sarim.hashmi/usenix/benchmark/newbench_norm/real/A_row_of_birds_are_flying_against_a_blue_sky..png,0.0036192326806485653
NewBench,2025,0,/shared/home/sarim.hashmi/usenix/benchmark/newbench_norm/real/A_row_of_motorcycles_sitting_on_top_of_a_parking_lot..png,0.005868394859135151
NewBench,2025,0,/shared/home/sarim.hashmi/usenix/benchmark/newbench_norm/real/A_row_of_red_and_white_umbrellas_stand_above_tables_in_an_outdoor_eating_area..png,0.0003071193350479007
NewBench,2025,0,/shared/home/sarim.hashmi/usenix/benchmark/newbench_norm/real/A_row_of_wall_mounted_urinals_under_aquariums..png,0.06319305300712585
NewBench,2025,0,/shared/home/sarim.hashmi/usenix/benchmark/newbench_norm/real/A_rusty_side_car_of_a_train_that_has_been_vandalized_with_artwork..png,0.007009073626250029
NewBench,2025,0,/shared/home/sarim.hashmi/usenix/benchmark/newbench_norm/real/A_scooter_is_parked_on_the_street_in_front_of_a_car._.png,0.03459881246089935
NewBench,2025,0,/shared/home/sarim.hashmi/usenix/benchmark/newbench_norm/real/A_set_of_three_wall_mounted_urinals_with_pictures_of_men_on_top_of_them..png,0.020969374105334282
NewBench,2025,0,/shared/home/sarim.hashmi/usenix/benchmark/newbench_norm/real/A_shelf_of_various_cups_and_glasses_mounted_to_the_wall..png,3.6450368497753516e-05
NewBench,2025,0,/shared/home/sarim.hashmi/usenix/benchmark/newbench_norm/real/A_shower_and_a_white_toilet_in_a_small_bathroom..png,0.005292731337249279
NewBench,2025,0,/shared/home/sarim.hashmi/usenix/benchmark/newbench_norm/real/A_sidewalk_sitting_along_side_of_a_building_at_night..png,0.001607478247024119
NewBench,2025,0,/shared/home/sarim.hashmi/usenix/benchmark/newbench_norm/real/A_sidewalk_sitting_along_side_of_a_street_under_a_billboard..png,0.0013334519462659955
NewBench,2025,0,/shared/home/sarim.hashmi/usenix/benchmark/newbench_norm/real/A_sign_near_a_wooden_fence_and_a_tree..png,0.00048019242240116
NewBench,2025,0,/shared/home/sarim.hashmi/usenix/benchmark/newbench_norm/real/A_sign_on_top_of_a_restaurant_next_to_a_traffic_light..png,0.002397633856162429
NewBench,2025,0,/shared/home/sarim.hashmi/usenix/benchmark/newbench_norm/real/A_sign_says_fashion_district_near_some_buildings..png,0.0037994629237800837
NewBench,2025,0,/shared/home/sarim.hashmi/usenix/benchmark/newbench_norm/real/A_sign_warning_drivers_that_there_are_children_at_play..png,0.0005932324565947056
NewBench,2025,0,/shared/home/sarim.hashmi/usenix/benchmark/newbench_norm/real/A_silver_and_red_bus_in_parking_lot_next_to_cars..png,0.0010312756057828665
NewBench,2025,0,/shared/home/sarim.hashmi/usenix/benchmark/newbench_norm/real/A_silver_train_passing_under_high_beams_and_trees..png,0.00494147976860404
NewBench,2025,0,/shared/home/sarim.hashmi/usenix/benchmark/newbench_norm/real/A_silver_train_that_is_sitting_on_a_track..png,0.004122983198612928
NewBench,2025,0,/shared/home/sarim.hashmi/usenix/benchmark/newbench_norm/real/A_simple_bathroom_has_various_classic_decorations_around_it..png,0.0035300427116453648
NewBench,2025,0,/shared/home/sarim.hashmi/usenix/benchmark/newbench_norm/real/A_simple_white_residential_kitchen_with_breakfast_bar.png,0.006863748654723167
NewBench,2025,0,/shared/home/sarim.hashmi/usenix/benchmark/newbench_norm/real/A_simple_wooden_bench_is_in_the_woods..png,0.001372384955175221
NewBench,2025,0,/shared/home/sarim.hashmi/usenix/benchmark/newbench_norm/real/A_skier_in_the_midst_of_a_jump.png,0.009913202375173569
NewBench,2025,0,/shared/home/sarim.hashmi/usenix/benchmark/newbench_norm/real/A_small_bathroom_with_a_shower_curtain_and_toilet.png,0.031384725123643875
NewBench,2025,0,/shared/home/sarim.hashmi/usenix/benchmark/newbench_norm/real/A_small_bird_is_perched_on_an_empty_bird_feeder..png,0.0007058413466438651
NewBench,2025,0,/shared/home/sarim.hashmi/usenix/benchmark/newbench_norm/real/A_small_bird_perched_on_some_metal_bar_.png,0.007167313247919083
NewBench,2025,0,/shared/home/sarim.hashmi/usenix/benchmark/newbench_norm/real/A_small_bird_sitting_on_a_beach_next_to_the_ocean..png,0.004188392776995897
NewBench,2025,0,/shared/home/sarim.hashmi/usenix/benchmark/newbench_norm/real/A_small_bird_sitting_on_the_handle_of_a_car_door..png,0.006064769811928272
NewBench,2025,0,/shared/home/sarim.hashmi/usenix/benchmark/newbench_norm/real/A_small_bird_sitting_on_top_of_a_plastic_cup_of_water..png,0.019522981718182564
NewBench,2025,0,/shared/home/sarim.hashmi/usenix/benchmark/newbench_norm/real/A_small_black_dog_sitting_in_front_of_a_TV..png,0.008421008475124836
NewBench,2025,0,/shared/home/sarim.hashmi/usenix/benchmark/newbench_norm/real/A_small_blue_car_on_a_city_road..png,0.0007612216868437827
NewBench,2025,0,/shared/home/sarim.hashmi/usenix/benchmark/newbench_norm/real/A_small_calf_is_in_a_pen_with_bails_of_hay..png,0.00012067655916325748
NewBench,2025,0,/shared/home/sarim.hashmi/usenix/benchmark/newbench_norm/real/A_small_car_is_parked_in_front_of_a_scooter.png,0.0021903461311012506
NewBench,2025,0,/shared/home/sarim.hashmi/usenix/benchmark/newbench_norm/real/A_small_cat_is_standing_near_the_computer_keyboard._.png,6.555922300321981e-05
NewBench,2025,0,/shared/home/sarim.hashmi/usenix/benchmark/newbench_norm/real/A_small_dog_laying_next_to_a_door..png,0.0016615291824564338
NewBench,2025,0,/shared/home/sarim.hashmi/usenix/benchmark/newbench_norm/real/A_small_dog_walking_past_a_red_fire_hydrant..png,4.5525328459916636e-05
NewBench,2025,0,/shared/home/sarim.hashmi/usenix/benchmark/newbench_norm/real/A_small_green_car_has_a_plaque_with_writing_in_front_of_it._.png,0.0019030446419492364
NewBench,2025,0,/shared/home/sarim.hashmi/usenix/benchmark/newbench_norm/real/A_small_plane_flying_through_a_cloudy_blue_sky..png,0.003259620862081647
NewBench,2025,0,/shared/home/sarim.hashmi/usenix/benchmark/newbench_norm/real/A_small_plane_landing_in__a_grassy_field.png,0.6040105223655701
NewBench,2025,0,/shared/home/sarim.hashmi/usenix/benchmark/newbench_norm/real/A_small_sailboat_docked_at_a_local_shore..png,0.009841215796768665
NewBench,2025,0,/shared/home/sarim.hashmi/usenix/benchmark/newbench_norm/real/A_small_town_street_filled_with_traffic_beneath_a_mountain..png,0.00031312709324993193
NewBench,2025,0,/shared/home/sarim.hashmi/usenix/benchmark/newbench_norm/real/A_small_white_airplane_high_up_in_the_sky..png,0.055580269545316696
NewBench,2025,0,/shared/home/sarim.hashmi/usenix/benchmark/newbench_norm/real/A_small_white_bird_standing_on_top_of_a_dirt_field..png,0.10397592931985855
NewBench,2025,0,/shared/home/sarim.hashmi/usenix/benchmark/newbench_norm/real/A_small_white_dog_standing_next_to_a_red_fire_hydrant..png,0.0005871044122613966
NewBench,2025,0,/shared/home/sarim.hashmi/usenix/benchmark/newbench_norm/real/A_small_woman_standing_in_front_of_a_baby_elephant..png,0.03391394764184952
NewBench,2025,0,/shared/home/sarim.hashmi/usenix/benchmark/newbench_norm/real/A_smiling_man_in_a_nice_hat_in_a_car..png,0.7215551733970642
NewBench,2025,0,/shared/home/sarim.hashmi/usenix/benchmark/newbench_norm/real/A_snowy_scene_of_trees_and_a_road..png,0.002317457925528288
NewBench,2025,0,/shared/home/sarim.hashmi/usenix/benchmark/newbench_norm/real/A_spring_form_bird_feeder_filled_with_corn_to_eat..png,0.01863924227654934
NewBench,2025,0,/shared/home/sarim.hashmi/usenix/benchmark/newbench_norm/real/A_square_white_sink_beneath_an_elegant_mirror.png,0.002333669923245907
NewBench,2025,0,/shared/home/sarim.hashmi/usenix/benchmark/newbench_norm/real/A_stop_light_with_green_arrows_on_Woodbine_Ave._.png,0.007426836062222719
NewBench,2025,0,/shared/home/sarim.hashmi/usenix/benchmark/newbench_norm/real/A_stop_sign_and_a_fire_hydrant_on_the_corner_of_a_grassy_sidewalk..png,0.022927116602659225
NewBench,2025,0,"/shared/home/sarim.hashmi/usenix/benchmark/newbench_norm/real/A_store_room_holds_sinks,_bathtubs_and_toilets.png",0.7754640579223633
NewBench,2025,0,/shared/home/sarim.hashmi/usenix/benchmark/newbench_norm/real/A_stove_top_oven_sitting_next_to_a_tiled_wall..png,0.008845092728734016
NewBench,2025,0,/shared/home/sarim.hashmi/usenix/benchmark/newbench_norm/real/A_stove_top_with_a_tea_kettle_sitting_on_top_of_it..png,0.003936298657208681
NewBench,2025,0,/shared/home/sarim.hashmi/usenix/benchmark/newbench_norm/real/A_stove_top_with_lots_of_pots_and_pans..png,0.0007486711838282645
NewBench,2025,0,/shared/home/sarim.hashmi/usenix/benchmark/newbench_norm/real/A_street_light_and_other_road_signs._.png,0.008830398321151733
NewBench,2025,0,/shared/home/sarim.hashmi/usenix/benchmark/newbench_norm/real/A_street_scene_looking_down_at_cars_and_motorcycles_parked..png,0.0007830077665857971
NewBench,2025,0,/shared/home/sarim.hashmi/usenix/benchmark/newbench_norm/real/A_street_sign_is_filled_with_various_stickers.__.png,0.020840534940361977
NewBench,2025,0,/shared/home/sarim.hashmi/usenix/benchmark/newbench_norm/real/A_street_sign_next_to_a_bend_in_the_road..png,0.02414909191429615
NewBench,2025,0,/shared/home/sarim.hashmi/usenix/benchmark/newbench_norm/real/A_street_sign_saying_S._Gay_st_while_a_traffic_light_is_yellow..png,0.03356508910655975
NewBench,2025,0,/shared/home/sarim.hashmi/usenix/benchmark/newbench_norm/real/A_street_sign_showing_a_person_walking_with_a_child_and_a_bike_sits_on_the_sit_of_the_road._.png,0.00011616255505941808
NewBench,2025,0,/shared/home/sarim.hashmi/usenix/benchmark/newbench_norm/real/A_street_sign_showing_they_are_making_improvements.png,0.0037644265685230494
NewBench,2025,0,/shared/home/sarim.hashmi/usenix/benchmark/newbench_norm/real/A_street_sign_showing_what_roads_go_which_ways..png,0.00017572178330738097
NewBench,2025,0,/shared/home/sarim.hashmi/usenix/benchmark/newbench_norm/real/A_street_sign_sitting_along_side_of_train_tracks..png,0.004905759356915951
NewBench,2025,0,"/shared/home/sarim.hashmi/usenix/benchmark/newbench_norm/real/A_street_sign_with_the_name_of_two_streets_and_a_stop_sign,_and_parked_cars_and_buildings_in_the_dis.png",0.0002888728922698647
NewBench,2025,0,/shared/home/sarim.hashmi/usenix/benchmark/newbench_norm/real/A_stuffed_bear_is_sitting_next_to_a_computer_monitor..png,0.001460839412175119
NewBench,2025,0,/shared/home/sarim.hashmi/usenix/benchmark/newbench_norm/real/A_subway_train_with_a_row_of_orange_and_white_seats..png,0.0012152506969869137
NewBench,2025,0,/shared/home/sarim.hashmi/usenix/benchmark/newbench_norm/real/A_sun_spot_is_the_only_mark_in_a_clear_sky_with_a_plane_traveling_over_a_snowy_expanse_with_a_bunch_.png,0.0002261590416310355
NewBench,2025,0,/shared/home/sarim.hashmi/usenix/benchmark/newbench_norm/real/A_table_full_of_items_and_on_a_sunny_day._.png,0.00482942396774888
NewBench,2025,0,/shared/home/sarim.hashmi/usenix/benchmark/newbench_norm/real/A_tall_giraffe_in_a_green_grassy_field..png,0.2664230763912201
NewBench,2025,0,/shared/home/sarim.hashmi/usenix/benchmark/newbench_norm/real/A_tall_giraffe_standing_next_to_a_herd_of_deer..png,0.0009824931621551514
NewBench,2025,0,/shared/home/sarim.hashmi/usenix/benchmark/newbench_norm/real/A_taxi_cab_parked_next_to_a_fire_hydrant..png,9.351001062896103e-05
NewBench,2025,0,/shared/home/sarim.hashmi/usenix/benchmark/newbench_norm/real/A_television_sits_on_a_cabinet_in_a_room..png,0.0030706424731761217
NewBench,2025,0,/shared/home/sarim.hashmi/usenix/benchmark/newbench_norm/real/A_tie-dyed_cyclist_stands_beside_his_bicycle_in_front_of_fellow_cyclists..png,0.06306691467761993
NewBench,2025,0,"/shared/home/sarim.hashmi/usenix/benchmark/newbench_norm/real/A_tiled_bathroom_with_a_single_vanity,_toilet_and_shower..png",0.034727733582258224
NewBench,2025,0,/shared/home/sarim.hashmi/usenix/benchmark/newbench_norm/real/A_toilet_in_a_stall_with_remote_control_buttons..png,0.009034172631800175
NewBench,2025,0,/shared/home/sarim.hashmi/usenix/benchmark/newbench_norm/real/A_toilet_seat_sits_on_top_of_a_hole_in_the_ground..png,0.008529865182936192
NewBench,2025,0,/shared/home/sarim.hashmi/usenix/benchmark/newbench_norm/real/A_toilet_sitting_outside_a_building_in_an_alley..png,0.02162434533238411
NewBench,2025,0,/shared/home/sarim.hashmi/usenix/benchmark/newbench_norm/real/A_toilet_that_is_very_clean_in_a_bathroom..png,0.005303625017404556
NewBench,2025,0,/shared/home/sarim.hashmi/usenix/benchmark/newbench_norm/real/A_tow_truck_driving_past_a_very_old_stop_sign..png,0.0019595676567405462
NewBench,2025,0,/shared/home/sarim.hashmi/usenix/benchmark/newbench_norm/real/A_towel_hangs_beneath_a_sink_in_a_bathroom..png,0.00030417507514357567
NewBench,2025,0,/shared/home/sarim.hashmi/usenix/benchmark/newbench_norm/real/A_traffic_light_and_cars_on_a_street..png,0.0001135745769715868
NewBench,2025,0,/shared/home/sarim.hashmi/usenix/benchmark/newbench_norm/real/A_traffic_light_glows_red_on_a_cloudy_day.png,0.0021745129488408566
NewBench,2025,0,/shared/home/sarim.hashmi/usenix/benchmark/newbench_norm/real/A_traffic_light_on_a_street_with_some_people..png,0.0003190356364939362
NewBench,2025,0,/shared/home/sarim.hashmi/usenix/benchmark/newbench_norm/real/A_traffic_light_sitting_next_to_a_cluster_of_traffic_cones..png,0.001135712256655097
NewBench,2025,0,/shared/home/sarim.hashmi/usenix/benchmark/newbench_norm/real/A_traffic_light_sitting_on_the_side_of_a_road..png,0.016752272844314575
NewBench,2025,0,/shared/home/sarim.hashmi/usenix/benchmark/newbench_norm/real/A_traffic_sign_hung_upside_down_on_a_pole._.png,0.021347474306821823
NewBench,2025,0,/shared/home/sarim.hashmi/usenix/benchmark/newbench_norm/real/A_train_coming_up_to_a_railroad_crossing..png,0.09921520948410034
NewBench,2025,0,/shared/home/sarim.hashmi/usenix/benchmark/newbench_norm/real/A_train_covered_in_graffiti_sitting_on_top_of__train_tracks..png,0.010563414543867111
NewBench,2025,0,/shared/home/sarim.hashmi/usenix/benchmark/newbench_norm/real/A_train_covered_in_graffiti_traveling_down_railroad_tracks..png,0.0012452939990907907
NewBench,2025,0,/shared/home/sarim.hashmi/usenix/benchmark/newbench_norm/real/A_train_going_down_the_tracks_that_has_just_gone_under_a_bridge..png,0.006306380964815617
NewBench,2025,0,/shared/home/sarim.hashmi/usenix/benchmark/newbench_norm/real/A_train_is_moving_along_train_tracks_through_the_woods..png,0.0029942237306386232
NewBench,2025,0,/shared/home/sarim.hashmi/usenix/benchmark/newbench_norm/real/A_train_is_stopped_in_front_of_an_industrial_area..png,0.001490987604483962
NewBench,2025,0,/shared/home/sarim.hashmi/usenix/benchmark/newbench_norm/real/A_train_making_its_way_through_a_rail_yard..png,0.0005789510905742645
NewBench,2025,0,/shared/home/sarim.hashmi/usenix/benchmark/newbench_norm/real/A_train_sitting_in_front_of_a_tin_building_and_a_dry_grass_field..png,0.0030773135367780924
NewBench,2025,0,/shared/home/sarim.hashmi/usenix/benchmark/newbench_norm/real/A_train_sitting_inside_of_a_train_station_near_a_skylight..png,0.003382723545655608
NewBench,2025,0,/shared/home/sarim.hashmi/usenix/benchmark/newbench_norm/real/A_train_traveling_along_a_rocky_mountain_side..png,0.00010399017628515139
NewBench,2025,0,/shared/home/sarim.hashmi/usenix/benchmark/newbench_norm/real/A_train_traveling_down_train_tracks_next_to_a_building..png,0.04889640584588051
NewBench,2025,0,/shared/home/sarim.hashmi/usenix/benchmark/newbench_norm/real/A_train_traveling_through_rural_countryside_under_power_lines..png,0.0019823501352220774
NewBench,2025,0,/shared/home/sarim.hashmi/usenix/benchmark/newbench_norm/real/A_train_with_a_green_and_orange_stripe_is_sitting_on_the_tracks..png,0.08246257901191711
NewBench,2025,0,/shared/home/sarim.hashmi/usenix/benchmark/newbench_norm/real/A_trash_can_made_to_look_like_a_soup_can..png,0.005971056409180164
NewBench,2025,0,/shared/home/sarim.hashmi/usenix/benchmark/newbench_norm/real/A_travel_guide_taking_a_photo_as_the_tour_bus_arrives.png,0.0005261196638457477
NewBench,2025,0,/shared/home/sarim.hashmi/usenix/benchmark/newbench_norm/real/A_tree_sitting_next_to_a_bench_near_a_lake..png,0.00020403304370120168
NewBench,2025,0,/shared/home/sarim.hashmi/usenix/benchmark/newbench_norm/real/A_tree_sitting_on_top_of_a_hillside_near_a_bench..png,0.010106779634952545
NewBench,2025,0,/shared/home/sarim.hashmi/usenix/benchmark/newbench_norm/real/A_very_skinny_red_fire_hydrant_with_silver_top_and_sides._.png,0.00039349362486973405
NewBench,2025,0,/shared/home/sarim.hashmi/usenix/benchmark/newbench_norm/real/A_very_tall_building_sitting_on_the_side_of_a_road..png,0.006034348625689745
NewBench,2025,0,/shared/home/sarim.hashmi/usenix/benchmark/newbench_norm/real/A_very_tall_building_with_a_clock_mounted_to_it's_side..png,0.0023751435801386833
NewBench,2025,0,/shared/home/sarim.hashmi/usenix/benchmark/newbench_norm/real/A_very_tall_building_with_lots_of_windows..png,0.010627960786223412
NewBench,2025,0,/shared/home/sarim.hashmi/usenix/benchmark/newbench_norm/real/A_very_upscale_looking_hotel_room_with_large_bed_and_a_bathroom_in_the_next_room..png,0.011928143911063671
NewBench,2025,0,/shared/home/sarim.hashmi/usenix/benchmark/newbench_norm/real/A_view_from_the_street_of_two_traffic_lights_and_a_building._.png,0.00024265445244964212
NewBench,2025,0,"/shared/home/sarim.hashmi/usenix/benchmark/newbench_norm/real/A_view_of_a_kitchen_sink,_knives,_hanging_cups,_and_wine_glasses..png",0.04000631719827652
NewBench,2025,0,/shared/home/sarim.hashmi/usenix/benchmark/newbench_norm/real/A_vintage_STOP_sign_in_black_&_white.png,0.047484736889600754
NewBench,2025,0,/shared/home/sarim.hashmi/usenix/benchmark/newbench_norm/real/A_walk_in_shower_next_to_a_tub_in_a_bathroom..png,0.00047669827472418547
NewBench,2025,0,/shared/home/sarim.hashmi/usenix/benchmark/newbench_norm/real/A_wall_mounted_oven_inside_of_a_kitchen_with_a_large_entrance..png,0.00010892246064031497
NewBench,2025,0,/shared/home/sarim.hashmi/usenix/benchmark/newbench_norm/real/A_water-stained_cathedral_clock-tower_enveloped_by_various_green_vines..png,0.09749361127614975
NewBench,2025,0,/shared/home/sarim.hashmi/usenix/benchmark/newbench_norm/real/A_water_foul_near_the_shore_in_a_body_of_water_with_an_island_in_the_middle_of_it..png,0.00031328771729022264
NewBench,2025,0,/shared/home/sarim.hashmi/usenix/benchmark/newbench_norm/real/A_white_and_black_bird_perched_on_a_wooden_fence_rail..png,0.8945381045341492
NewBench,2025,0,/shared/home/sarim.hashmi/usenix/benchmark/newbench_norm/real/A_white_and_black_checkered_floor_in_a_kitchen..png,0.003034502500668168
NewBench,2025,0,/shared/home/sarim.hashmi/usenix/benchmark/newbench_norm/real/A_white_and_blue_bus_parked_on_the_side_of_a_road..png,0.010611752048134804
NewBench,2025,0,/shared/home/sarim.hashmi/usenix/benchmark/newbench_norm/real/A_white_and_orange_cat_sitting_on_top_of_a_sidewalk..png,0.004407637286931276
NewBench,2025,0,/shared/home/sarim.hashmi/usenix/benchmark/newbench_norm/real/A_white_bath_tub_sitting_under_a_window_next_to_a_toilet..png,0.00899946503341198
NewBench,2025,0,/shared/home/sarim.hashmi/usenix/benchmark/newbench_norm/real/A_white_bathroom_mirror_mounted_to_it's_wall..png,0.006431097164750099
NewBench,2025,0,/shared/home/sarim.hashmi/usenix/benchmark/newbench_norm/real/A_white_bathroom_sink_sitting_next_to_a_toilet..png,0.0040630497969686985
NewBench,2025,0,/shared/home/sarim.hashmi/usenix/benchmark/newbench_norm/real/A_white_cake_topped_with_coconut_on_a_counter..png,8.358326886082068e-05
NewBench,2025,0,/shared/home/sarim.hashmi/usenix/benchmark/newbench_norm/real/A_white_car_with_chrome_rims_parked_next_to_an_older_lady..png,0.005656345747411251
NewBench,2025,0,/shared/home/sarim.hashmi/usenix/benchmark/newbench_norm/real/A_white_church_sitting_at_the_bottom_of_a_hillside..png,0.040151067078113556
NewBench,2025,0,/shared/home/sarim.hashmi/usenix/benchmark/newbench_norm/real/A_white_city_bus_pulling_onto_a_street_near_a_cross_walk..png,0.0010822543408721685
NewBench,2025,0,/shared/home/sarim.hashmi/usenix/benchmark/newbench_norm/real/A_white_compact_car_parked_on_a_sandy_dirt_road..png,0.010975249111652374
NewBench,2025,0,/shared/home/sarim.hashmi/usenix/benchmark/newbench_norm/real/A_white_kitchen_with_marble_countertops_and_stone_floors..png,0.0021125327330082655
NewBench,2025,0,/shared/home/sarim.hashmi/usenix/benchmark/newbench_norm/real/A_white_park_bench_sitting_in_the_middle_of_a_forest..png,6.415084499167278e-05
NewBench,2025,0,/shared/home/sarim.hashmi/usenix/benchmark/newbench_norm/real/A_white_sink_under_a_mirror_in_a_bathroom_next_to_a_light_switch..png,0.004075127653777599
NewBench,2025,0,/shared/home/sarim.hashmi/usenix/benchmark/newbench_norm/real/A_white_stove_top_oven_sitting_inside_of_a_kitchen..png,0.00013233048957772553
NewBench,2025,0,/shared/home/sarim.hashmi/usenix/benchmark/newbench_norm/real/A_white_stove_with_two_metal_pots_on_its_back_burners._.png,0.003401705529540777
NewBench,2025,0,/shared/home/sarim.hashmi/usenix/benchmark/newbench_norm/real/A_white_toilet_in_a_bathroom_next_to_toilet_paper..png,0.008184344507753849
NewBench,2025,0,/shared/home/sarim.hashmi/usenix/benchmark/newbench_norm/real/A_white_toilet_sitting_in_a_bathroom_next_to_a_counter..png,0.0035871744621545076
NewBench,2025,0,/shared/home/sarim.hashmi/usenix/benchmark/newbench_norm/real/A_white_toilet_sitting_inside_of_a_bathroom..png,0.00016427658556494862
NewBench,2025,0,/shared/home/sarim.hashmi/usenix/benchmark/newbench_norm/real/A_white_toilet_sitting_on_top_of_a_bathroom_floor..png,0.09068213403224945
NewBench,2025,0,/shared/home/sarim.hashmi/usenix/benchmark/newbench_norm/real/A_white_toilet_sitting_underneath_a_window_next_to_a_sink..png,0.00019141525262966752
NewBench,2025,0,/shared/home/sarim.hashmi/usenix/benchmark/newbench_norm/real/A_white_toilet_with_a_black_lid_and_red_painting_on_it._.png,0.0016926213866099715
NewBench,2025,0,/shared/home/sarim.hashmi/usenix/benchmark/newbench_norm/real/A_white_trunk_parked_next_to_a_stop_sign..png,0.0027346964925527573
NewBench,2025,0,/shared/home/sarim.hashmi/usenix/benchmark/newbench_norm/real/A_white_tub_sitting_underneath_a_couple_of_windows..png,0.010448664426803589
NewBench,2025,0,/shared/home/sarim.hashmi/usenix/benchmark/newbench_norm/real/A_whole_bunch_of_traffic_stop_signs_huddled_together..png,0.0003497819125186652
NewBench,2025,0,/shared/home/sarim.hashmi/usenix/benchmark/newbench_norm/real/A_window_shot_of_a_plane_in_the_air_with_another_plane_present._.png,0.0015048619825392962
NewBench,2025,0,/shared/home/sarim.hashmi/usenix/benchmark/newbench_norm/real/A_woman_and_two_men_sitting_on_a_bench_in_front_of_a_store..png,0.00015862018335610628
NewBench,2025,0,/shared/home/sarim.hashmi/usenix/benchmark/newbench_norm/real/A_woman_eating_vegetables_in_front_of_a_stove..png,0.0004613419296219945
NewBench,2025,0,/shared/home/sarim.hashmi/usenix/benchmark/newbench_norm/real/A_woman_holding_up_measuring_cups_and_a_cat_watching_on_the_counter..png,0.0025403376203030348
NewBench,2025,0,/shared/home/sarim.hashmi/usenix/benchmark/newbench_norm/real/A_woman_is_kneeling_down_next_to_a_toilet..png,0.0009171228739432991
NewBench,2025,0,/shared/home/sarim.hashmi/usenix/benchmark/newbench_norm/real/A_woman_is_riding_an_orange_sports_motorcycle..png,0.001107585383579135
NewBench,2025,0,/shared/home/sarim.hashmi/usenix/benchmark/newbench_norm/real/A_woman_is_standing_on_a_kitchen_floor..png,0.007054042536765337
NewBench,2025,0,/shared/home/sarim.hashmi/usenix/benchmark/newbench_norm/real/A_woman_is_unloading_a_bag_in_a_large_kitchen..png,0.0013126775156706572
NewBench,2025,0,/shared/home/sarim.hashmi/usenix/benchmark/newbench_norm/real/A_woman_is_walking_a_dog_in_the_city..png,0.0009460183209739625
NewBench,2025,0,/shared/home/sarim.hashmi/usenix/benchmark/newbench_norm/real/A_woman_preparing_food_inside_of_a_kitchen..png,0.002954282099381089
NewBench,2025,0,/shared/home/sarim.hashmi/usenix/benchmark/newbench_norm/real/A_woman_riding_a_green_bike_with_a_small_white_dog_on_the_back..png,0.0007724888855591416
NewBench,2025,0,/shared/home/sarim.hashmi/usenix/benchmark/newbench_norm/real/A_woman_sitting_on_a_bench_in_a_field_in_front_of_a_pond..png,0.00041490778676234186
NewBench,2025,0,/shared/home/sarim.hashmi/usenix/benchmark/newbench_norm/real/A_woman_sitting_on_a_motorcycle_while_talking_to_a_child_with_a_man_laying_in_a_hammock_behind_them..png,0.0004902245127595961
NewBench,2025,0,/shared/home/sarim.hashmi/usenix/benchmark/newbench_norm/real/A_woman_standing_in_a_kitchen_holding_a_jug_of_milk..png,0.012419621460139751
NewBench,2025,0,/shared/home/sarim.hashmi/usenix/benchmark/newbench_norm/real/A_woman_standing_in_a_kitchen_next_to_a_sink..png,0.006038809660822153
NewBench,2025,0,/shared/home/sarim.hashmi/usenix/benchmark/newbench_norm/real/A_woman_standing_in_front_of_a_bathroom_mirror_next_to_a_sink..png,0.002792558167129755
NewBench,2025,0,/shared/home/sarim.hashmi/usenix/benchmark/newbench_norm/real/A_woman_standing_in_front_of_a_table_with_lots_of_salad..png,0.01508412230759859
NewBench,2025,0,/shared/home/sarim.hashmi/usenix/benchmark/newbench_norm/real/A_woman_standing_next_to_a_standing_toilet..png,0.01762434095144272
NewBench,2025,0,/shared/home/sarim.hashmi/usenix/benchmark/newbench_norm/real/A_woman_standing_next_to_a_traffic_signal_on_a_street_corner..png,0.00039634955464862287
NewBench,2025,0,/shared/home/sarim.hashmi/usenix/benchmark/newbench_norm/real/A_woman_standing_with_a_bi-wing_airplane_on_a_runway..png,0.0037486583460122347
NewBench,2025,0,/shared/home/sarim.hashmi/usenix/benchmark/newbench_norm/real/A_woman_walking_a_dog_down_a_street..png,0.00454324297606945
NewBench,2025,0,/shared/home/sarim.hashmi/usenix/benchmark/newbench_norm/real/A_wooden_bench_near_tall_vegetation_in_front_of_a_house..png,0.0005219692829996347
NewBench,2025,0,/shared/home/sarim.hashmi/usenix/benchmark/newbench_norm/real/A_wooden_bench_sitting_on_a_lush_green_park..png,0.0003302940749563277
NewBench,2025,0,/shared/home/sarim.hashmi/usenix/benchmark/newbench_norm/real/A_wooden_bench_that_is_next_to_a_meter..png,0.0004123536928091198
NewBench,2025,0,/shared/home/sarim.hashmi/usenix/benchmark/newbench_norm/real/A_wooden_bench_with_snow_in_a__forest..png,0.00014477800868917257
NewBench,2025,0,/shared/home/sarim.hashmi/usenix/benchmark/newbench_norm/real/A_wooden_park_bench_with_a_remote_control_on_top_of_it..png,0.0004959541838616133
NewBench,2025,0,/shared/home/sarim.hashmi/usenix/benchmark/newbench_norm/real/A_yellow_and_blue_bus_driving_down_a_curvy_road..png,0.0002313791192136705
NewBench,2025,0,/shared/home/sarim.hashmi/usenix/benchmark/newbench_norm/real/A_yellow_and_green_train_pulling_out_of_a_tunnel_next_to_a_red_car..png,0.2624262869358063
NewBench,2025,0,/shared/home/sarim.hashmi/usenix/benchmark/newbench_norm/real/A_yellow_bus_carrying_passengers_riding_along_the_road..png,0.009509626775979996
NewBench,2025,0,/shared/home/sarim.hashmi/usenix/benchmark/newbench_norm/real/A_yellow_dune_buggy_on_display_amongst_other_automobiles..png,0.008088896051049232
NewBench,2025,0,/shared/home/sarim.hashmi/usenix/benchmark/newbench_norm/real/A_yellow_fire_hydrant_in_front_of_a_bike_leaning_against_four_poles.png,9.723243420012295e-05
NewBench,2025,0,/shared/home/sarim.hashmi/usenix/benchmark/newbench_norm/real/A_yellow_motorcycle_in_front_of_a_street_with_several_people._.png,0.0008027285803109407
NewBench,2025,0,/shared/home/sarim.hashmi/usenix/benchmark/newbench_norm/real/A_yellow_sign_sitting_on_the_side_of_a_road..png,0.0006259593646973372
NewBench,2025,0,/shared/home/sarim.hashmi/usenix/benchmark/newbench_norm/real/A_yellow_stripped_cat_sitting_in_a_bathroom_sink..png,0.0013600703096017241
NewBench,2025,0,/shared/home/sarim.hashmi/usenix/benchmark/newbench_norm/real/A_young_boy_seems_to_be_trying_to_feed_a_giraffe._.png,0.05536411702632904
NewBench,2025,0,/shared/home/sarim.hashmi/usenix/benchmark/newbench_norm/real/A_young_cat_with_a_beautiful_coat_standing_alone._.png,0.0004001418419647962
NewBench,2025,0,/shared/home/sarim.hashmi/usenix/benchmark/newbench_norm/real/A_young_girl_standing_on_a_field_with_a_flock_of_birds..png,0.0025285028386861086
NewBench,2025,0,/shared/home/sarim.hashmi/usenix/benchmark/newbench_norm/real/A_young_woman_lays_a_hand_on_the_neck_of_the_horse_she_is_riding..png,0.0032547630835324526
NewBench,2025,0,/shared/home/sarim.hashmi/usenix/benchmark/newbench_norm/real/A_zebra_and_giraffe_that_is_in_the_dirt..png,0.0023322072811424732
NewBench,2025,0,/shared/home/sarim.hashmi/usenix/benchmark/newbench_norm/real/Adult_lying_obscurely_on_park_bench_in_wide_open_area..png,0.22666174173355103
NewBench,2025,0,/shared/home/sarim.hashmi/usenix/benchmark/newbench_norm/real/Aerial_tricks_performed_on_red_bike_over_stacked_skateboards_with_photographer_in_background..png,0.014241242781281471
NewBench,2025,0,/shared/home/sarim.hashmi/usenix/benchmark/newbench_norm/real/All_of_the_bunches_of_bananas_are_yellow_and_ripe..png,0.37988579273223877
NewBench,2025,0,/shared/home/sarim.hashmi/usenix/benchmark/newbench_norm/real/An_All_Nippon_Airways_777_sitting_at_a_gate_on_the_tarmac..png,0.03796184062957764
NewBench,2025,0,/shared/home/sarim.hashmi/usenix/benchmark/newbench_norm/real/An_airplane_flying_in_the_sky_with_smoke_coming_out_of_it._.png,0.003548380918800831
NewBench,2025,0,/shared/home/sarim.hashmi/usenix/benchmark/newbench_norm/real/An_airplane_is_flying_against_a_partly_cloudy_sky..png,0.005061632953584194
NewBench,2025,0,/shared/home/sarim.hashmi/usenix/benchmark/newbench_norm/real/An_airplane_nose_sits_in_a_hangar._.png,0.008399121463298798
NewBench,2025,0,/shared/home/sarim.hashmi/usenix/benchmark/newbench_norm/real/An_airplane_on_a_runway_with_snow_on_it..png,0.004633474629372358
NewBench,2025,0,/shared/home/sarim.hashmi/usenix/benchmark/newbench_norm/real/An_animal_surrounded_by_a_flock_of_birds.png,0.003379028057679534
NewBench,2025,0,/shared/home/sarim.hashmi/usenix/benchmark/newbench_norm/real/An_assortment_of_flying_objects_including_kites_and_airplanes_hung_inside_a_building..png,0.008718905970454216
NewBench,2025,0,/shared/home/sarim.hashmi/usenix/benchmark/newbench_norm/real/An_empty_bathroom_with_a_shower_next_to_a_toilet..png,0.007602505385875702
NewBench,2025,0,/shared/home/sarim.hashmi/usenix/benchmark/newbench_norm/real/An_empty_kitchen_with_lots_of_tile_blue_counter_top_space..png,0.004317722748965025
NewBench,2025,0,/shared/home/sarim.hashmi/usenix/benchmark/newbench_norm/real/An_intersection_features_a_directional_sign_to_local_towns._.png,0.01624283194541931
NewBench,2025,0,/shared/home/sarim.hashmi/usenix/benchmark/newbench_norm/real/An_intersection_of_wires_and_cables_stretching_over_a_traffic_light..png,0.0010077010374516249
NewBench,2025,0,/shared/home/sarim.hashmi/usenix/benchmark/newbench_norm/real/An_odd_couple_of_formal_woman_in_black_dress_and_pearls_with_casual_boy_in_a_cap_and_untidy_clothes_.png,0.00923334900289774
NewBench,2025,0,/shared/home/sarim.hashmi/usenix/benchmark/newbench_norm/real/An_office_cubicle_with_clutter_on_the_desk.png,0.0004954556352458894
NewBench,2025,0,"/shared/home/sarim.hashmi/usenix/benchmark/newbench_norm/real/An_old,_rusty_fire_hydrant,_in_front_of_the_pole._.png",0.003679028246551752
NewBench,2025,0,/shared/home/sarim.hashmi/usenix/benchmark/newbench_norm/real/An_old_black_and_white_picture_of_a_bus_and_homes_in_the_background._.png,0.004008198622614145
NewBench,2025,0,/shared/home/sarim.hashmi/usenix/benchmark/newbench_norm/real/An_old_bus_makes_its_way_down_a_city_street..png,0.00014204448962118477
NewBench,2025,0,/shared/home/sarim.hashmi/usenix/benchmark/newbench_norm/real/An_old_clock_bordered_by_a_tire_in_front_of_a_rusted_door..png,0.00048365560360252857
NewBench,2025,0,/shared/home/sarim.hashmi/usenix/benchmark/newbench_norm/real/An_old_fashioned_biplane_with_its_propeller_spinning..png,0.0036826198920607567
NewBench,2025,0,/shared/home/sarim.hashmi/usenix/benchmark/newbench_norm/real/An_old_fire_hydrant_in_the_middle_of_the_woods..png,0.011282275430858135
NewBench,2025,0,/shared/home/sarim.hashmi/usenix/benchmark/newbench_norm/real/An_old_lady_smiling_in_a_pink_kitchen..png,0.06371631473302841
NewBench,2025,0,/shared/home/sarim.hashmi/usenix/benchmark/newbench_norm/real/An_old_toilet_outside_against_an_old_painted_wall..png,0.0013115247711539268
NewBench,2025,0,/shared/home/sarim.hashmi/usenix/benchmark/newbench_norm/real/An_old_train_moving_on_a_train_track..png,0.0013307190965861082
NewBench,2025,0,/shared/home/sarim.hashmi/usenix/benchmark/newbench_norm/real/An_older_model_passenger_bus_in_a_city..png,0.8411117792129517
NewBench,2025,0,"/shared/home/sarim.hashmi/usenix/benchmark/newbench_norm/real/An_open_door_leading_to_a_bathroom_toilet,_with_a_shower_rack_and_bureau_visible..png",0.004369972739368677
NewBench,2025,0,/shared/home/sarim.hashmi/usenix/benchmark/newbench_norm/real/An_open_toilet_with_a_sign_posted_on_it..png,0.006879023276269436
NewBench,2025,0,/shared/home/sarim.hashmi/usenix/benchmark/newbench_norm/real/An_orange_fire_hydrant_sitting_next_to_a_stone_wall..png,0.005261274054646492
NewBench,2025,0,/shared/home/sarim.hashmi/usenix/benchmark/newbench_norm/real/An_orange_sign_that_has_a_picture_of_a_man_holding_a_flag..png,0.0005782272783108056
NewBench,2025,0,/shared/home/sarim.hashmi/usenix/benchmark/newbench_norm/real/An_worn_out_rainbow_colored_park_bench_seat.png,0.0008066034642979503
NewBench,2025,0,/shared/home/sarim.hashmi/usenix/benchmark/newbench_norm/real/Bench_and_window_with_shutters_with_bricked_wall.png,0.0023738197050988674
NewBench,2025,0,/shared/home/sarim.hashmi/usenix/benchmark/newbench_norm/real/Birds_perched_up_on_a_tree_branch_next_to_a_window..png,0.0009831552160903811
NewBench,2025,0,/shared/home/sarim.hashmi/usenix/benchmark/newbench_norm/real/Black_and_white_photo_of_a_clocktower_and_a_bird..png,0.9472026824951172
NewBench,2025,0,/shared/home/sarim.hashmi/usenix/benchmark/newbench_norm/real/Car_parked_in_the_parking_lot_next_to_the_pier.png,0.0027931956574320793
NewBench,2025,0,/shared/home/sarim.hashmi/usenix/benchmark/newbench_norm/real/Cars_parked_and_driving_in_front_of_a_school..png,0.0020640140864998102
NewBench,2025,0,/shared/home/sarim.hashmi/usenix/benchmark/newbench_norm/real/City_bus_loading_on_a_busy_metropolitan_street._.png,0.0007285293540917337
NewBench,2025,0,/shared/home/sarim.hashmi/usenix/benchmark/newbench_norm/real/City_bus_on_an_empty_city_street_near_a_STOP_sign._.png,0.0012728482251986861
NewBench,2025,0,/shared/home/sarim.hashmi/usenix/benchmark/newbench_norm/real/Cliffs_rise_on_the_edge_of_a_placid_lake..png,0.013127452693879604
NewBench,2025,0,/shared/home/sarim.hashmi/usenix/benchmark/newbench_norm/real/Closeup_of_view_of_the_cabin_and_wing_of_a_large_commercial_airliner..png,0.0020420183427631855
NewBench,2025,0,/shared/home/sarim.hashmi/usenix/benchmark/newbench_norm/real/Colorful_passenger_cars_are_parked_at_an_empty_station..png,0.04669562727212906
NewBench,2025,0,/shared/home/sarim.hashmi/usenix/benchmark/newbench_norm/real/Construction_worker_holding_a_stop_sign_on_the_side_of_a_road_on_a_sunny_day..png,0.0015939190052449703
NewBench,2025,0,/shared/home/sarim.hashmi/usenix/benchmark/newbench_norm/real/Cute_multi_colored_kitten_sitting_in_woman's_lap.png,0.0017681884346529841
NewBench,2025,0,/shared/home/sarim.hashmi/usenix/benchmark/newbench_norm/real/Double_decker_city_bus_passing_under_an_overpass._.png,0.00023082121333573014
NewBench,2025,0,/shared/home/sarim.hashmi/usenix/benchmark/newbench_norm/real/Emergency_vehicles_are_on_the_scene_of_the_accident..png,0.07150556147098541
NewBench,2025,0,/shared/home/sarim.hashmi/usenix/benchmark/newbench_norm/real/Fruit_in_a_jar_filled_with_liquid_sitting_on_a_wooden_table..png,0.023874225094914436
NewBench,2025,0,/shared/home/sarim.hashmi/usenix/benchmark/newbench_norm/real/Full_grown_cat_laying_down_and_sleeping_on_top_of_a_car._.png,0.0009770678589120507
NewBench,2025,0,/shared/home/sarim.hashmi/usenix/benchmark/newbench_norm/real/Giraffe_walking_through_a_field_next_to_a_forest..png,0.002698388649150729
NewBench,2025,0,/shared/home/sarim.hashmi/usenix/benchmark/newbench_norm/real/Giraffe_with_large_trees_grazing_in_gray_sky.png,0.005351371597498655
NewBench,2025,0,/shared/home/sarim.hashmi/usenix/benchmark/newbench_norm/real/Group_of_giraffes_standing_near_a_puddle_on_the_savannah..png,0.00048678641906008124
NewBench,2025,0,/shared/home/sarim.hashmi/usenix/benchmark/newbench_norm/real/Jet_liner_flying_off_into_the_distance_on_an_overcast_day.png,0.004232254344969988
NewBench,2025,0,/shared/home/sarim.hashmi/usenix/benchmark/newbench_norm/real/Large_commuter_train_parked_on_the_track_with_no_people_around..png,0.003384570823982358
NewBench,2025,0,/shared/home/sarim.hashmi/usenix/benchmark/newbench_norm/real/Lots_of_fruit_sits_on_bowls_on_the_counter_of_this_kitchen._.png,0.02076837047934532
NewBench,2025,0,/shared/home/sarim.hashmi/usenix/benchmark/newbench_norm/real/Man_on_bike_on_street_corner_with_buildings_and_stoplight.png,0.0007411928381770849
NewBench,2025,0,/shared/home/sarim.hashmi/usenix/benchmark/newbench_norm/real/Man_on_blue_and_white_motorcycle_riding_on_one_wheel._.png,0.027889544144272804
NewBench,2025,0,/shared/home/sarim.hashmi/usenix/benchmark/newbench_norm/real/Many_motorcycles_are_parked_around_a_crowd_of_people..png,0.0006869258359074593
NewBench,2025,0,/shared/home/sarim.hashmi/usenix/benchmark/newbench_norm/real/Many_people_bike_through_the_streets_at_night..png,0.003083692165091634
NewBench,2025,0,/shared/home/sarim.hashmi/usenix/benchmark/newbench_norm/real/Many_planes_are_arranged_in_a_large_building..png,0.8158517479896545
NewBench,2025,0,/shared/home/sarim.hashmi/usenix/benchmark/newbench_norm/real/Many_plates_and_dishes_line_a_kitchen_cabinet._.png,0.0017038161167874932
NewBench,2025,0,/shared/home/sarim.hashmi/usenix/benchmark/newbench_norm/real/Men_and_women_are_riding_on_motorcycles_on_the_street.png,0.0006978504825383425
NewBench,2025,0,/shared/home/sarim.hashmi/usenix/benchmark/newbench_norm/real/Multiple_lane_road_in_large_city_on_sunny_day..png,0.0009944973280653358
NewBench,2025,0,"/shared/home/sarim.hashmi/usenix/benchmark/newbench_norm/real/Non_passenger_train,_slowly_coming_down_the_tracks.png",0.00024281484365928918
NewBench,2025,0,/shared/home/sarim.hashmi/usenix/benchmark/newbench_norm/real/One_giraffe_in_the_foreground_with_two_giraffes_in_the_background..png,0.0027131603565067053
NewBench,2025,0,/shared/home/sarim.hashmi/usenix/benchmark/newbench_norm/real/People_are_sitting_and_standing_outside_between_train_cars..png,0.0021887877956032753
NewBench,2025,0,/shared/home/sarim.hashmi/usenix/benchmark/newbench_norm/real/People_are_waiting_for_the_bus_near_a_bus_stop..png,0.007920974865555763
NewBench,2025,0,/shared/home/sarim.hashmi/usenix/benchmark/newbench_norm/real/People_are_waiting_for_the_train_to_arrive.png,0.0024395682848989964
NewBench,2025,0,/shared/home/sarim.hashmi/usenix/benchmark/newbench_norm/real/People_at_a_bus_stop_waiting_on_a_bus..png,0.023864328861236572
NewBench,2025,0,/shared/home/sarim.hashmi/usenix/benchmark/newbench_norm/real/People_crossing_the_street_at_a_busy_intersection.png,0.0031592475716024637
NewBench,2025,0,/shared/home/sarim.hashmi/usenix/benchmark/newbench_norm/real/People_sitting_on_benches_next_to_each_other..png,0.001036043744534254
NewBench,2025,0,/shared/home/sarim.hashmi/usenix/benchmark/newbench_norm/real/People_standing_around_looking_at_a_small_train_on_a_track.png,0.0035629153717309237
NewBench,2025,0,/shared/home/sarim.hashmi/usenix/benchmark/newbench_norm/real/People_standing_on_a_sidewalk_near_a_parked_bus_at_night..png,0.004197407979518175
NewBench,2025,0,/shared/home/sarim.hashmi/usenix/benchmark/newbench_norm/real/People_walking_around_downtown_and_a_man_riding_his_bike..png,0.0004596983490046114
NewBench,2025,0,/shared/home/sarim.hashmi/usenix/benchmark/newbench_norm/real/Red_and_white_plane_sitting_in_a_green_field..png,0.0018228542758151889
NewBench,2025,0,/shared/home/sarim.hashmi/usenix/benchmark/newbench_norm/real/Red_brick_building_with_fire_hydrant_and_car_with_cloudy_sky.png,0.004583022091537714
NewBench,2025,0,/shared/home/sarim.hashmi/usenix/benchmark/newbench_norm/real/Red_bus_passing_by_a_famous_clock_tower._.png,0.003574982052668929
NewBench,2025,0,/shared/home/sarim.hashmi/usenix/benchmark/newbench_norm/real/Red_train_at_a_stop_and_a_man_that_is_waiting._.png,0.004748745821416378
NewBench,2025,0,/shared/home/sarim.hashmi/usenix/benchmark/newbench_norm/real/Red_wrong_way_sign_in_front_of_a_church.png,0.0012513435212895274
NewBench,2025,0,/shared/home/sarim.hashmi/usenix/benchmark/newbench_norm/real/Row_of_motorcycles_parked_at_curb_in_outdoor_area..png,0.004853350576013327
NewBench,2025,0,/shared/home/sarim.hashmi/usenix/benchmark/newbench_norm/real/Rows_of_gray_and_black_keyboards_make_up_several_different_pictures..png,0.0004961664672009647
NewBench,2025,0,/shared/home/sarim.hashmi/usenix/benchmark/newbench_norm/real/Separate_men_sitting_on_park_benches_playing_on_phone_and_reading..png,0.01298007182776928
NewBench,2025,0,/shared/home/sarim.hashmi/usenix/benchmark/newbench_norm/real/Seven_giraffe_are_standing_around_a_bush_in_a_field..png,0.004902087617665529
NewBench,2025,0,/shared/home/sarim.hashmi/usenix/benchmark/newbench_norm/real/Several_bicycles_lined_up_against_a_brick_building..png,3.990723780589178e-05
NewBench,2025,0,/shared/home/sarim.hashmi/usenix/benchmark/newbench_norm/real/Several_buses_stopped_on_a_night_time_street..png,0.0016107185510918498
NewBench,2025,0,/shared/home/sarim.hashmi/usenix/benchmark/newbench_norm/real/Several_different_pots_place_on_a_stone_floor..png,0.0036250667180866003
NewBench,2025,0,/shared/home/sarim.hashmi/usenix/benchmark/newbench_norm/real/Several_motorcycles_and_cars_parked_on_a_city_street..png,0.024118594825267792
NewBench,2025,0,/shared/home/sarim.hashmi/usenix/benchmark/newbench_norm/real/Several_people_are_seen_sitting_around_and_smoking..png,0.0007299219141714275
NewBench,2025,0,/shared/home/sarim.hashmi/usenix/benchmark/newbench_norm/real/Several_people_stand_on_a_sidewalk_by_a_train_next_to_a_cart_stacked_with_materials..png,0.008905628696084023
NewBench,2025,0,/shared/home/sarim.hashmi/usenix/benchmark/newbench_norm/real/Several_sheep_are_in_a_grassy_field_with_trees..png,0.015739385038614273
NewBench,2025,0,/shared/home/sarim.hashmi/usenix/benchmark/newbench_norm/real/Sign_over_city_street_above_traffic_lights_by_a_building..png,0.016794614493846893
NewBench,2025,0,/shared/home/sarim.hashmi/usenix/benchmark/newbench_norm/real/Signs_with_red_men_for_go_and_stop.png,0.011632910929620266
NewBench,2025,0,/shared/home/sarim.hashmi/usenix/benchmark/newbench_norm/real/Small_bathroom_with_toilet_and_sink_connected_to_each_other._.png,0.003157861763611436
NewBench,2025,0,/shared/home/sarim.hashmi/usenix/benchmark/newbench_norm/real/Small_black_bird_standing_on_a_wooden_table_or_deck..png,0.005997872911393642
NewBench,2025,0,/shared/home/sarim.hashmi/usenix/benchmark/newbench_norm/real/Small_kitchen_with_white_cabinets_and_white_appliances_with_a_city_view._.png,0.01038820669054985
NewBench,2025,0,/shared/home/sarim.hashmi/usenix/benchmark/newbench_norm/real/Some_cars_are_traveling_on_the_streets_on_a_cloudy_day._.png,0.011943088844418526
NewBench,2025,0,/shared/home/sarim.hashmi/usenix/benchmark/newbench_norm/real/Street_sign_in_front_of_a_large_building_and_clear_skies..png,0.006396504584699869
NewBench,2025,0,/shared/home/sarim.hashmi/usenix/benchmark/newbench_norm/real/Street_signs_are_advising_people_to_proceed_while_being_aware_of_their_surroundings..png,0.0009701326489448547
NewBench,2025,0,"/shared/home/sarim.hashmi/usenix/benchmark/newbench_norm/real/Street_signs_at_an_intersection,_silhouetted_against_trees_and_a_blue_sky.png",0.0056932903826236725
NewBench,2025,0,/shared/home/sarim.hashmi/usenix/benchmark/newbench_norm/real/THERE_IS_A_PARK_BENCH_FACING_A_SNOW_COVERED_MOUNTAIN_.png,0.004838612861931324
NewBench,2025,0,/shared/home/sarim.hashmi/usenix/benchmark/newbench_norm/real/TWO_PEOPLE_IN_A_VERY_SMALL_APARTMENT_SIZE_KITCHEN.png,0.004633551463484764
NewBench,2025,0,/shared/home/sarim.hashmi/usenix/benchmark/newbench_norm/real/That_looks_like_a_wall_mural_in_the_background_of_this_photo_with_a_lot_of_sheet..png,0.00031994760502129793
NewBench,2025,0,/shared/home/sarim.hashmi/usenix/benchmark/newbench_norm/real/The_airplane_flies_low_to_the_ground_during_sunset..png,0.000830660224892199
NewBench,2025,0,/shared/home/sarim.hashmi/usenix/benchmark/newbench_norm/real/The_airplane_is_majestic_as_it_takes_off_into_the_air..png,0.004322645720094442
NewBench,2025,0,/shared/home/sarim.hashmi/usenix/benchmark/newbench_norm/real/The_back_door_with_a_window_in_the_kitchen..png,0.0007739717839285731
NewBench,2025,0,/shared/home/sarim.hashmi/usenix/benchmark/newbench_norm/real/The_baseball_player_is_prominent_in_all_the_featured_pictures..png,0.013558514416217804
NewBench,2025,0,/shared/home/sarim.hashmi/usenix/benchmark/newbench_norm/real/The_bathroom_has_two_large_windows_with_a_ledge..png,0.002384986961260438
NewBench,2025,0,/shared/home/sarim.hashmi/usenix/benchmark/newbench_norm/real/The_bathroom_is_clean_for_the_guests_to_use._.png,0.001861611264757812
NewBench,2025,0,"/shared/home/sarim.hashmi/usenix/benchmark/newbench_norm/real/The_bathroom_is_small_but_clean_and_neat_looking,_with_an_immaculate_black_and_white_tub___shower..png",0.01917867362499237
NewBench,2025,0,/shared/home/sarim.hashmi/usenix/benchmark/newbench_norm/real/The_bird_is_perched_alone_on_the_bannister._.png,0.003950124140828848
NewBench,2025,0,/shared/home/sarim.hashmi/usenix/benchmark/newbench_norm/real/The_black_cat_is_laying_on_top_of_books_on_the_shelf._.png,0.0005290605477057397
NewBench,2025,0,/shared/home/sarim.hashmi/usenix/benchmark/newbench_norm/real/The_car_is_traveling_down_the_road_while_the_dog_watches..png,8.155890100169927e-05
NewBench,2025,0,/shared/home/sarim.hashmi/usenix/benchmark/newbench_norm/real/The_clock_on_the_side_of_the_metal_building_is_gold_and_black._.png,0.0002006717404583469
NewBench,2025,0,/shared/home/sarim.hashmi/usenix/benchmark/newbench_norm/real/The_couple_is_riding_the_motorcycle_together._.png,0.00015351525507867336
NewBench,2025,0,/shared/home/sarim.hashmi/usenix/benchmark/newbench_norm/real/The_fire_hydrant_is_sitting_on_the_side_of_the_road.png,0.006007837131619453
NewBench,2025,0,/shared/home/sarim.hashmi/usenix/benchmark/newbench_norm/real/The_four_urinals_have_a_very_modern_design..png,0.002099436242133379
NewBench,2025,0,/shared/home/sarim.hashmi/usenix/benchmark/newbench_norm/real/The_freight_train_is_speeding_through_the_crossing..png,0.09231983870267868
NewBench,2025,0,"/shared/home/sarim.hashmi/usenix/benchmark/newbench_norm/real/The_german_shepherd_is_guarding_the_front_of_the_barred_door,.png",8.311924466397613e-05
NewBench,2025,0,/shared/home/sarim.hashmi/usenix/benchmark/newbench_norm/real/The_giraffe_eats_from_a_reachable_limb_of_the_tree..png,0.00020101433619856834
NewBench,2025,0,/shared/home/sarim.hashmi/usenix/benchmark/newbench_norm/real/The_infamous_Big_Ben_clock_tower_towering_over_the_city_of_London..png,0.0014107426395639777
NewBench,2025,0,/shared/home/sarim.hashmi/usenix/benchmark/newbench_norm/real/The_kitchen_sits_empty_and_unused_during_the_day..png,0.0008944515720941126
NewBench,2025,0,/shared/home/sarim.hashmi/usenix/benchmark/newbench_norm/real/The_large_green_city_bus_is_driving_on_a_road..png,0.0060804556123912334
NewBench,2025,0,/shared/home/sarim.hashmi/usenix/benchmark/newbench_norm/real/The_lights_are_on_above_the_mirror_of_the_bathroom_sink..png,0.00537002831697464
NewBench,2025,0,/shared/home/sarim.hashmi/usenix/benchmark/newbench_norm/real/The_little_girl_is_standing_between_the_low_shrub_and_the_fire_plug.png,0.002932943170890212
NewBench,2025,0,/shared/home/sarim.hashmi/usenix/benchmark/newbench_norm/real/The_motorcycle_has_a_large_cargo_box_attached_to_the_seat..png,0.017790494486689568
NewBench,2025,0,/shared/home/sarim.hashmi/usenix/benchmark/newbench_norm/real/The_officer_is_riding_a_horse_threw_the_streets._.png,0.0005887717707082629
NewBench,2025,0,/shared/home/sarim.hashmi/usenix/benchmark/newbench_norm/real/The_person_stands_in_a_field_flying_a_yellow_kite._.png,0.001606525620445609
NewBench,2025,0,/shared/home/sarim.hashmi/usenix/benchmark/newbench_norm/real/The_red_bus_has_an_anime_girl_on_it._.png,0.025606000795960426
NewBench,2025,0,/shared/home/sarim.hashmi/usenix/benchmark/newbench_norm/real/The_shoreline_of_a_beach_on_a_cloudy_day._.png,0.017444299533963203
NewBench,2025,0,/shared/home/sarim.hashmi/usenix/benchmark/newbench_norm/real/The_skilled_skier_is_taking_the_downhill_route..png,0.0007317857234738767
NewBench,2025,0,/shared/home/sarim.hashmi/usenix/benchmark/newbench_norm/real/The_sleek_fighter_jet_is_flying_sideways_through_the_air._.png,0.10769420862197876
NewBench,2025,0,/shared/home/sarim.hashmi/usenix/benchmark/newbench_norm/real/The_small_bathroom_has_an_old_bathtub_in_it..png,0.09708063304424286
NewBench,2025,0,/shared/home/sarim.hashmi/usenix/benchmark/newbench_norm/real/The_small_street_is_crowded_with_small_shops..png,0.00040535657899454236
NewBench,2025,0,/shared/home/sarim.hashmi/usenix/benchmark/newbench_norm/real/The_snow_covered_mountain_looks_over_the_small_city..png,0.002862706780433655
NewBench,2025,0,/shared/home/sarim.hashmi/usenix/benchmark/newbench_norm/real/The_stop_sign_with_an_apartment_building_in_the_backgroundis_shot_from_below..png,0.007088664453476667
NewBench,2025,0,/shared/home/sarim.hashmi/usenix/benchmark/newbench_norm/real/The_street_sign_is_across_from_an_electronic_sign_of_a_restaurant..png,0.015423603355884552
NewBench,2025,0,/shared/home/sarim.hashmi/usenix/benchmark/newbench_norm/real/The_three_giraffe_stand_next_to_a_pile_of_logs..png,0.010354236699640751
NewBench,2025,0,/shared/home/sarim.hashmi/usenix/benchmark/newbench_norm/real/The_train_could_be_going_as_fast_as_lightning.png,0.004232513718307018
NewBench,2025,0,/shared/home/sarim.hashmi/usenix/benchmark/newbench_norm/real/The_train_is_passing_by_the_open_field..png,0.0010667762253433466
NewBench,2025,0,/shared/home/sarim.hashmi/usenix/benchmark/newbench_norm/real/The_view_from_the_airplane_shows_a_mountain_range..png,0.0018785694846883416
NewBench,2025,0,/shared/home/sarim.hashmi/usenix/benchmark/newbench_norm/real/The_windows_of_a_railroad_train_photographed_against_a_cloudy_background..png,0.018598927184939384
NewBench,2025,0,/shared/home/sarim.hashmi/usenix/benchmark/newbench_norm/real/The_woman_smiles_while_posing_with_a_big_cat_in_her_arms..png,0.003371104598045349
NewBench,2025,0,/shared/home/sarim.hashmi/usenix/benchmark/newbench_norm/real/The_woman_stands_near_the_stove_near_a_baby_chair_on_the_ground._.png,0.0022395539563149214
NewBench,2025,0,/shared/home/sarim.hashmi/usenix/benchmark/newbench_norm/real/There's_an_outdoor_dining_area_featuring_a_fountain._.png,0.02584177628159523
NewBench,2025,0,/shared/home/sarim.hashmi/usenix/benchmark/newbench_norm/real/There_are_billboards_on_the_side_of_the_road..png,0.08816038817167282
NewBench,2025,0,/shared/home/sarim.hashmi/usenix/benchmark/newbench_norm/real/There_are_many_cars_parked_next_to_the_ship..png,0.007980728521943092
NewBench,2025,0,/shared/home/sarim.hashmi/usenix/benchmark/newbench_norm/real/There_are_stop_signs_and_one_way_signs_at_this_intersection..png,0.0003000505384989083
NewBench,2025,0,/shared/home/sarim.hashmi/usenix/benchmark/newbench_norm/real/There_are_two_men_sitting_on_a_park_bench.png,5.783060260000639e-05
NewBench,2025,0,/shared/home/sarim.hashmi/usenix/benchmark/newbench_norm/real/There_are_two_sinks_next_to_two_mirrors..png,0.0016578094800934196
NewBench,2025,0,/shared/home/sarim.hashmi/usenix/benchmark/newbench_norm/real/There_is_a_blue_and_yellow_train_stopped_at_a_train_stop.png,0.0005249474779702723
NewBench,2025,0,/shared/home/sarim.hashmi/usenix/benchmark/newbench_norm/real/There_is_a_man_picking_bananas_next_to_a_street..png,0.0012146633816882968
NewBench,2025,0,/shared/home/sarim.hashmi/usenix/benchmark/newbench_norm/real/This_hazy_picture_depicts_traffic_on_a_busy_street..png,0.059371065348386765
NewBench,2025,0,/shared/home/sarim.hashmi/usenix/benchmark/newbench_norm/real/This_is_an_image_of_an_elevated_train_in_the_city..png,0.052457451820373535
NewBench,2025,0,/shared/home/sarim.hashmi/usenix/benchmark/newbench_norm/real/This_is_an_open_box_containing_four_cucumbers..png,0.035071391612291336
NewBench,2025,0,/shared/home/sarim.hashmi/usenix/benchmark/newbench_norm/real/This_quaint_backyard_has_a_shed_and_a_bench.png,0.0032449704594910145
NewBench,2025,0,/shared/home/sarim.hashmi/usenix/benchmark/newbench_norm/real/Thomas_the_tank_traveling_down_train_tracks_next_to_a__bush..png,0.008986915461719036
NewBench,2025,0,/shared/home/sarim.hashmi/usenix/benchmark/newbench_norm/real/Three_airliners_are_preparing_to_load_passengers_onto_a_plane..png,0.02264256402850151
NewBench,2025,0,/shared/home/sarim.hashmi/usenix/benchmark/newbench_norm/real/Three_giraffe_eating_greens_in_a_field_next_to_lots_of_trees..png,0.0022415760904550552
NewBench,2025,0,/shared/home/sarim.hashmi/usenix/benchmark/newbench_norm/real/Three_giraffe_standing_near_trees_and_one_eating_on_a_tree.__.png,0.0022887405939400196
NewBench,2025,0,/shared/home/sarim.hashmi/usenix/benchmark/newbench_norm/real/Three_light_sheep_are_grazing_on_grass_in_a_ring_and_a_dark_sheep_is_eating_by_himself..png,0.00019751170475501567
NewBench,2025,0,"/shared/home/sarim.hashmi/usenix/benchmark/newbench_norm/real/Three_men_in_military_suits_are_sitting_on_a_bench,.png",0.022545430809259415
NewBench,2025,0,/shared/home/sarim.hashmi/usenix/benchmark/newbench_norm/real/Three_monitors_sitting_on_a_table_one_with_a_view_of_a_baseball_game..png,0.03897472098469734
NewBench,2025,0,/shared/home/sarim.hashmi/usenix/benchmark/newbench_norm/real/Three_people_on_a_motorcycle_in_the_middle_of_a_city..png,0.0008805248653516173
NewBench,2025,0,/shared/home/sarim.hashmi/usenix/benchmark/newbench_norm/real/Three_people_riding_horses_on_a_beach_next_to_the_ocean...png,0.0011158797424286604
NewBench,2025,0,/shared/home/sarim.hashmi/usenix/benchmark/newbench_norm/real/Three_sheep_in_the_process_of_running_on_grass_outside..png,0.0019929572008550167
NewBench,2025,0,/shared/home/sarim.hashmi/usenix/benchmark/newbench_norm/real/Three_white_storks_with_black_legs_and_beaks_wading_in_some_water..png,0.05213219299912453
NewBench,2025,0,/shared/home/sarim.hashmi/usenix/benchmark/newbench_norm/real/Traffic_lights_next_to_traffic_signs_on_a_bridge..png,0.0042189061641693115
NewBench,2025,0,/shared/home/sarim.hashmi/usenix/benchmark/newbench_norm/real/Train_track_running_alongside_a_mountain_with_an_orange_train_car_in_distance..png,0.00043625556281767786
NewBench,2025,0,/shared/home/sarim.hashmi/usenix/benchmark/newbench_norm/real/Train_with_four_cars_traveling_through_the_wooded_area..png,0.011220993474125862
NewBench,2025,0,/shared/home/sarim.hashmi/usenix/benchmark/newbench_norm/real/Twin_baby_girls_wearing_hats_eat_ice_cream..png,0.0037455970887094736
NewBench,2025,0,/shared/home/sarim.hashmi/usenix/benchmark/newbench_norm/real/Two_No_Parking_Signs_emphasize_the_law_on_this_street..png,0.0013116153422743082
NewBench,2025,0,/shared/home/sarim.hashmi/usenix/benchmark/newbench_norm/real/Two_airplanes_flying_through_a_blue_sky_with_smoke_pouring_out_of_their_rear_ends..png,0.0026252984534949064
NewBench,2025,0,/shared/home/sarim.hashmi/usenix/benchmark/newbench_norm/real/Two_bathroom_sinks_under_two_mirrors_next_to_paper_towel_dispenser..png,0.004922655411064625
NewBench,2025,0,/shared/home/sarim.hashmi/usenix/benchmark/newbench_norm/real/Two_black_horses_standing_next_to_each_other..png,0.0035838496405631304
NewBench,2025,0,/shared/home/sarim.hashmi/usenix/benchmark/newbench_norm/real/Two_buses_passing_each_other_by_while_traveling_under_a_bridge..png,0.003655415028333664
NewBench,2025,0,/shared/home/sarim.hashmi/usenix/benchmark/newbench_norm/real/Two_busses_on_street_next_to_cars_with_buildings_in_the_background..png,0.0011506880400702357
NewBench,2025,0,/shared/home/sarim.hashmi/usenix/benchmark/newbench_norm/real/Two_cats_sitting_on_a__sill_looking_out_the_window.png,0.0024165634531527758
NewBench,2025,0,/shared/home/sarim.hashmi/usenix/benchmark/newbench_norm/real/Two_giraffe_standing_next_to_each_other_around_a_tree..png,0.0011703160125762224
NewBench,2025,0,/shared/home/sarim.hashmi/usenix/benchmark/newbench_norm/real/Two_giraffe_standing_next_to_each_other_on_a_field..png,0.0004419407341629267
NewBench,2025,0,/shared/home/sarim.hashmi/usenix/benchmark/newbench_norm/real/Two_giraffe_standing_next_to_each_other_on_a_lush_green_field..png,0.00041463159141130745
NewBench,2025,0,/shared/home/sarim.hashmi/usenix/benchmark/newbench_norm/real/Two_giraffes_are_walking_and_standing_in_the_open_field.png,0.0033135199919342995
NewBench,2025,0,/shared/home/sarim.hashmi/usenix/benchmark/newbench_norm/real/Two_giraffes_in_a_outdoor_shelter_under_a_net..png,0.0059046619571745396
NewBench,2025,0,/shared/home/sarim.hashmi/usenix/benchmark/newbench_norm/real/Two_giraffes_in_a_room_with_people_looking_at_them..png,0.0006868318887427449
NewBench,2025,0,/shared/home/sarim.hashmi/usenix/benchmark/newbench_norm/real/Two_giraffes_near_a_tree_in_the_wild..png,0.0013571834424510598
NewBench,2025,0,/shared/home/sarim.hashmi/usenix/benchmark/newbench_norm/real/Two_giraffes_stand_in_a_dirt_yard_next_to_a_wooden_structure..png,8.719180914340541e-05
NewBench,2025,0,/shared/home/sarim.hashmi/usenix/benchmark/newbench_norm/real/Two_giraffes_standing_next_to_each_other_looking_over_a_fence..png,0.001931142876856029
NewBench,2025,0,/shared/home/sarim.hashmi/usenix/benchmark/newbench_norm/real/Two_goat_kids_and_one_young_lamb_are_in_a_field.__.png,0.00112715398427099
NewBench,2025,0,/shared/home/sarim.hashmi/usenix/benchmark/newbench_norm/real/Two_large_colorful_birds_touch_their_beaks_together..png,0.005513052921742201
NewBench,2025,0,/shared/home/sarim.hashmi/usenix/benchmark/newbench_norm/real/Two_large_passenger_jets_flying_over_a_beach_filled_with_birds..png,0.11302590370178223
NewBench,2025,0,/shared/home/sarim.hashmi/usenix/benchmark/newbench_norm/real/Two_men_riding_on_a_motorcycle_with_a_young_girl..png,0.025932779535651207
NewBench,2025,0,/shared/home/sarim.hashmi/usenix/benchmark/newbench_norm/real/Two_mountain_goats_standing_on_the_side_of_a_mountain..png,0.00047136214561760426
NewBench,2025,0,/shared/home/sarim.hashmi/usenix/benchmark/newbench_norm/real/Two_people_are_looking_at_a_truck_while_a_dog_is_being_walked..png,0.0029042386449873447
NewBench,2025,0,/shared/home/sarim.hashmi/usenix/benchmark/newbench_norm/real/Two_people_are_sitting_at_a_picnic_table_by_a_lake..png,0.00018977078434545547
NewBench,2025,0,/shared/home/sarim.hashmi/usenix/benchmark/newbench_norm/real/Two_people_ride_on_a_motorcycle_on_a_street._.png,0.0015811079647392035
NewBench,2025,0,/shared/home/sarim.hashmi/usenix/benchmark/newbench_norm/real/Two_people_sit_in_the_sand_with_their_surf_boards._.png,0.2360638976097107
NewBench,2025,0,/shared/home/sarim.hashmi/usenix/benchmark/newbench_norm/real/Two_people_standing_in_the_grass_flying_a_kite..png,0.028268110007047653
NewBench,2025,0,/shared/home/sarim.hashmi/usenix/benchmark/newbench_norm/real/Two_photos_of_an_airplane_in_the_air..png,0.16910463571548462
NewBench,2025,0,/shared/home/sarim.hashmi/usenix/benchmark/newbench_norm/real/Two_sheep_are_looking_over_a_cement_wall..png,0.004329433664679527
NewBench,2025,0,/shared/home/sarim.hashmi/usenix/benchmark/newbench_norm/real/Two_sheep_graze_in_a_valley_near_a_small_town..png,0.002346301218494773
NewBench,2025,0,/shared/home/sarim.hashmi/usenix/benchmark/newbench_norm/real/Two_sheep_one_with_a_bell_tied_to_its_neck_walking_in_a_green_field..png,0.0017715843860059977
NewBench,2025,0,/shared/home/sarim.hashmi/usenix/benchmark/newbench_norm/real/Two_sheep_that_are_standing_in_the_grass..png,0.00023936668003443629
NewBench,2025,0,/shared/home/sarim.hashmi/usenix/benchmark/newbench_norm/real/Two_signs_in_front_of_a_red_brick_building_that_say_Tow_Away_No_Stopping_from_4pm_to_6pm_and_No_Park.png,0.0015997827285900712
NewBench,2025,0,/shared/home/sarim.hashmi/usenix/benchmark/newbench_norm/real/Two_stuffed_animals_are_cutting_bread_and_spreading_jelly_on_it..png,0.010587482713162899
NewBench,2025,0,/shared/home/sarim.hashmi/usenix/benchmark/newbench_norm/real/Two_tall_giraffe_standing_next_to_a_green_leaf_filled_tree.png,0.041277121752500534
NewBench,2025,0,/shared/home/sarim.hashmi/usenix/benchmark/newbench_norm/real/Two_toilets_sit_near_each_other_in_the_same_room..png,0.005347230937331915
NewBench,2025,0,/shared/home/sarim.hashmi/usenix/benchmark/newbench_norm/real/Two_urinals_in_wall_with_a_white_divider..png,0.007815178483724594
NewBench,2025,0,/shared/home/sarim.hashmi/usenix/benchmark/newbench_norm/real/Vet_supplies_laying_on_the_floor_of_a_room..png,0.001220452832058072
NewBench,2025,0,/shared/home/sarim.hashmi/usenix/benchmark/newbench_norm/real/Water_is_spewing_form_the_ground_while_people_watch_on..png,0.015690676867961884
NewBench,2025,0,/shared/home/sarim.hashmi/usenix/benchmark/newbench_norm/real/We_are_looking_at_a_model_train_coming_down_the_track..png,0.7264876961708069
NewBench,2025,0,/shared/home/sarim.hashmi/usenix/benchmark/newbench_norm/real/White_and_gray_cat_looking_past_spoked_wheel..png,0.006943200249224901
NewBench,2025,0,/shared/home/sarim.hashmi/usenix/benchmark/newbench_norm/real/Woman_interacting_with_giraffe_at_fence_in_zoo..png,0.0010052429279312491
NewBench,2025,0,/shared/home/sarim.hashmi/usenix/benchmark/newbench_norm/real/Woman_riding_her_bike_down_a_small_side_path..png,0.0444328598678112
NewBench,2025,0,/shared/home/sarim.hashmi/usenix/benchmark/newbench_norm/real/Women_taking_picture_of_themselves_while_brushing_their_teeth..png,0.008482459001243114
NewBench,2025,0,/shared/home/sarim.hashmi/usenix/benchmark/newbench_norm/real/Woodpeckers_on_the_side_of_trees_during_the_day..png,0.03519917652010918
NewBench,2025,0,"/shared/home/sarim.hashmi/usenix/benchmark/newbench_norm/real/_A_bathroom_with_a_toilet,_sink,_counter_and_large_mirror.png",0.0007677064277231693
NewBench,2025,0,/shared/home/sarim.hashmi/usenix/benchmark/newbench_norm/real/_A_sidewalk_with_street_sings_next_to_a_road..png,0.015093284659087658
NewBench,2025,0,/shared/home/sarim.hashmi/usenix/benchmark/newbench_norm/real/_a_street_sign_with_the_red_light_glowing_brightly_on_it_.png,0.01742827147245407
NewBench,2025,0,/shared/home/sarim.hashmi/usenix/benchmark/newbench_norm/real/a_bath_room_with_a_toilet_a_sink_and_a_bath_tub.png,4.927332338411361e-05
NewBench,2025,0,/shared/home/sarim.hashmi/usenix/benchmark/newbench_norm/real/a_bath_room_with_a_toilet_a_stool_and_handle_bars.png,0.9959476590156555
NewBench,2025,0,/shared/home/sarim.hashmi/usenix/benchmark/newbench_norm/real/a_bath_room_with_two_sinks_a_large_mirror_a_bath_tub.png,0.8293715715408325
NewBench,2025,0,/shared/home/sarim.hashmi/usenix/benchmark/newbench_norm/real/a_bathroom_counter_with_two_sinks_on_it_.png,0.001450037700124085
NewBench,2025,0,/shared/home/sarim.hashmi/usenix/benchmark/newbench_norm/real/a_bathroom_with_a_bath_tub_a_toilet_and_a_sink.png,0.00232771597802639
NewBench,2025,0,/shared/home/sarim.hashmi/usenix/benchmark/newbench_norm/real/a_bathroom_with_a_sink_a_mirror_and_a_toilet.png,0.0019147980492562056
NewBench,2025,0,/shared/home/sarim.hashmi/usenix/benchmark/newbench_norm/real/a_bathroom_with_a_white_sink_next_to_a_white_bath_tub..png,0.004644653759896755
NewBench,2025,0,/shared/home/sarim.hashmi/usenix/benchmark/newbench_norm/real/a_bathroom_with_bright_lights_and_white_carpet_.png,0.0006574543658643961
NewBench,2025,0,/shared/home/sarim.hashmi/usenix/benchmark/newbench_norm/real/a_beautiful_lady_with_a_very_nice_motor_bike.png,0.06855295598506927
NewBench,2025,0,/shared/home/sarim.hashmi/usenix/benchmark/newbench_norm/real/a_bench_in_the_woods_covered_in_snow_.png,0.0059595853090286255
NewBench,2025,0,/shared/home/sarim.hashmi/usenix/benchmark/newbench_norm/real/a_big_red_fire_hydrant_on_the_side_of_a_building..png,0.058974649757146835
NewBench,2025,0,/shared/home/sarim.hashmi/usenix/benchmark/newbench_norm/real/a_black_and_white_photo_of_a_long_bench_for_sitting_near_a_building.png,0.0009110299870371819
NewBench,2025,0,/shared/home/sarim.hashmi/usenix/benchmark/newbench_norm/real/a_blue_sign_in_the_sidewalk_of_a_walking_trail.png,0.0017783120274543762
NewBench,2025,0,/shared/home/sarim.hashmi/usenix/benchmark/newbench_norm/real/a_bluish_motorcycle_parked_on_sidewalk_in_park.png,0.002493723761290312
NewBench,2025,0,/shared/home/sarim.hashmi/usenix/benchmark/newbench_norm/real/a_brown_and_white_dog_is_sitting_in_some_grass_and_a_red_and_white_fire_hydrant.png,0.00021920011204201728
NewBench,2025,0,/shared/home/sarim.hashmi/usenix/benchmark/newbench_norm/real/a_cat_is_sitting_on_a_wooden_bench_outside.png,0.0022727814503014088
NewBench,2025,0,/shared/home/sarim.hashmi/usenix/benchmark/newbench_norm/real/a_close_up_of_a_cat_on_a_desk_near_a_sandwich_.png,0.008069384843111038
NewBench,2025,0,/shared/home/sarim.hashmi/usenix/benchmark/newbench_norm/real/a_close_up_of_a_pot_with_a_cell_phone_.png,0.0016815843991935253
NewBench,2025,0,/shared/home/sarim.hashmi/usenix/benchmark/newbench_norm/real/a_close_up_of_two_giraffes_with_a_rock_background.png,0.00047460675705224276
NewBench,2025,0,/shared/home/sarim.hashmi/usenix/benchmark/newbench_norm/real/a_colofrul_biplane_flying_above_some_trees_.png,0.0028111247811466455
NewBench,2025,0,/shared/home/sarim.hashmi/usenix/benchmark/newbench_norm/real/a_commercial_plane_is_on_the_airport_runway.png,0.010800247080624104
NewBench,2025,0,/shared/home/sarim.hashmi/usenix/benchmark/newbench_norm/real/a_counter_with_cleaning_supplies_ice_cube_trays_and_racks_from_a_fridge_and_a_drawer_missing.png,0.0014441023813560605
NewBench,2025,0,/shared/home/sarim.hashmi/usenix/benchmark/newbench_norm/real/a_couple_of_anmails_standing_next_to_a_truck.png,0.0001872167194960639
NewBench,2025,0,/shared/home/sarim.hashmi/usenix/benchmark/newbench_norm/real/a_couple_of_buildings_grouped_together_next_to_some_power_lines_.png,0.0017755108419805765
NewBench,2025,0,/shared/home/sarim.hashmi/usenix/benchmark/newbench_norm/real/a_couple_of_cats_sit_in_front_of_a_tub_full_of_water_.png,0.000720165844541043
NewBench,2025,0,/shared/home/sarim.hashmi/usenix/benchmark/newbench_norm/real/a_couple_of_fire_trucks_that_are_by_a_motorcycle.png,0.0009781729895621538
NewBench,2025,0,/shared/home/sarim.hashmi/usenix/benchmark/newbench_norm/real/a_couple_of_people_in_uniforms_are_sitting_together.png,0.0006133415154181421
NewBench,2025,0,/shared/home/sarim.hashmi/usenix/benchmark/newbench_norm/real/a_couple_of_planes_are_out_on_a_runway.png,0.12199888378381729
NewBench,2025,0,/shared/home/sarim.hashmi/usenix/benchmark/newbench_norm/real/a_couple_of_sgns_are_on_poles_in_the_ground.png,0.0008373201126232743
NewBench,2025,0,/shared/home/sarim.hashmi/usenix/benchmark/newbench_norm/real/a_couple_of_sheep_walking_across_a_grass_covered_field..png,0.0034711938351392746
NewBench,2025,0,/shared/home/sarim.hashmi/usenix/benchmark/newbench_norm/real/a_cyclist_with_a_motorbike_moving_very_fast.png,0.0001760991581249982
NewBench,2025,0,/shared/home/sarim.hashmi/usenix/benchmark/newbench_norm/real/a_desk_with_a_banana_a_keyboard_and_a_mouse.png,0.002001387532800436
NewBench,2025,0,/shared/home/sarim.hashmi/usenix/benchmark/newbench_norm/real/a_dog_walking_beside_a_man_carrying_a_surf_board.png,0.0016823369078338146
NewBench,2025,0,/shared/home/sarim.hashmi/usenix/benchmark/newbench_norm/real/a_double_decker_red_bus_stopped_outside_of_a_brick_building.png,0.0050857956521213055
NewBench,2025,0,/shared/home/sarim.hashmi/usenix/benchmark/newbench_norm/real/a_fancy_white_train_parked_by_the_platform_.png,4.35721012763679e-05
NewBench,2025,0,/shared/home/sarim.hashmi/usenix/benchmark/newbench_norm/real/a_female_in_a_gray_top_is_holding_a_cellphone.png,0.006377597339451313
NewBench,2025,0,/shared/home/sarim.hashmi/usenix/benchmark/newbench_norm/real/a_giraffe_in_a_field_with_another_in_the_background.png,0.0031279842369258404
NewBench,2025,0,/shared/home/sarim.hashmi/usenix/benchmark/newbench_norm/real/a_giraffe_reaching_up_to_eat_some_grass_from_a_cage_.png,0.0022321012802422047
NewBench,2025,0,/shared/home/sarim.hashmi/usenix/benchmark/newbench_norm/real/a_giraffe_walking_on_a_street_with_trees.png,0.1423397958278656
NewBench,2025,0,/shared/home/sarim.hashmi/usenix/benchmark/newbench_norm/real/a_girl_wearing_a_cowboy_hat_while_holding_a_dog_.png,0.0006914182449690998
NewBench,2025,0,/shared/home/sarim.hashmi/usenix/benchmark/newbench_norm/real/a_green_double_Decker_bus_stopped_on_the_street.png,0.003326263977214694
NewBench,2025,0,/shared/home/sarim.hashmi/usenix/benchmark/newbench_norm/real/a_green_train_engine_sitting_at_the_end_of_the_train_and_next_to_the_buidling.png,0.0019422024488449097
NewBench,2025,0,/shared/home/sarim.hashmi/usenix/benchmark/newbench_norm/real/a_group_of_light_resting_on_a_post_with_a_street_sign_on_it.png,0.0010344672482460737
NewBench,2025,0,/shared/home/sarim.hashmi/usenix/benchmark/newbench_norm/real/a_group_of_people_on_motorcycles_drive_down_the_road.png,0.0026460408698767424
NewBench,2025,0,/shared/home/sarim.hashmi/usenix/benchmark/newbench_norm/real/a_group_of_people_that_are_taking_a_picture.png,0.0020215183030813932
NewBench,2025,0,/shared/home/sarim.hashmi/usenix/benchmark/newbench_norm/real/a_group_of_urinals_is_near_the_trees.png,0.0028852715622633696
NewBench,2025,0,/shared/home/sarim.hashmi/usenix/benchmark/newbench_norm/real/a_group_of_vehicles_parked_next_to_a_firehydrant.png,0.003363893600180745
NewBench,2025,0,/shared/home/sarim.hashmi/usenix/benchmark/newbench_norm/real/a_herd_of_sheep_standing_around_in_a_big_grassy_field_.png,0.0026679590810090303
NewBench,2025,0,/shared/home/sarim.hashmi/usenix/benchmark/newbench_norm/real/a_home_made_stop_sign_in_the_middle_of_nowhere.png,0.0026406454853713512
NewBench,2025,0,/shared/home/sarim.hashmi/usenix/benchmark/newbench_norm/real/a_kitchen_that_makes_food_has_pots_and_pans..png,0.0008474550559185445
NewBench,2025,0,/shared/home/sarim.hashmi/usenix/benchmark/newbench_norm/real/a_kitchen_with_a__sink_surrounded_by_a_bunch_of_cluttered_items.png,0.005865936167538166
NewBench,2025,0,/shared/home/sarim.hashmi/usenix/benchmark/newbench_norm/real/a_kitchen_with_a_nasty_dirty_kitchen_with_a_light_beam_through_the_window.png,0.002240776317194104
NewBench,2025,0,/shared/home/sarim.hashmi/usenix/benchmark/newbench_norm/real/a_large_air_plane_flying_in_the_air.png,0.02665955387055874
NewBench,2025,0,/shared/home/sarim.hashmi/usenix/benchmark/newbench_norm/real/a_large_body_of_water_with_trees_in_the_background.png,0.00047699056449346244
NewBench,2025,0,/shared/home/sarim.hashmi/usenix/benchmark/newbench_norm/real/a_line_of_cars_with_a_motorcycle_in_front.png,0.005491422489285469
NewBench,2025,0,/shared/home/sarim.hashmi/usenix/benchmark/newbench_norm/real/a_lit_up_counter_with_two_fancy_sinks_on_it.png,0.0036913796793669462
NewBench,2025,0,/shared/home/sarim.hashmi/usenix/benchmark/newbench_norm/real/a_little_giraffe_sitting_on_the_ground_next_to_a_somewhat_bigger_one_.png,0.0007059129420667887
NewBench,2025,0,/shared/home/sarim.hashmi/usenix/benchmark/newbench_norm/real/a_living_room_with_some_fancy_curtains_behind_a_couch_.png,0.0004008383839391172
NewBench,2025,0,/shared/home/sarim.hashmi/usenix/benchmark/newbench_norm/real/a_man_assisting_a_woman_shearing_a_sheep_with_several_children_watching.png,0.008288881741464138
NewBench,2025,0,/shared/home/sarim.hashmi/usenix/benchmark/newbench_norm/real/a_man_on_skis_holds_onto_the_hands_of_a_small_girl_on_skis.png,0.00504599092528224
NewBench,2025,0,/shared/home/sarim.hashmi/usenix/benchmark/newbench_norm/real/a_man_riding_a_small_motorcycle_in_the_bustling_streets.png,0.01662737876176834
NewBench,2025,0,/shared/home/sarim.hashmi/usenix/benchmark/newbench_norm/real/a_man_sits_by_himself_on_a_bench_in_a_stone-paved_square_in_front_of_a_large_bed_of_flowers.png,0.00022891380649525672
NewBench,2025,0,/shared/home/sarim.hashmi/usenix/benchmark/newbench_norm/real/a_man_standing_next_to_a_red_train_near_a_train_track_.png,0.01695517636835575
NewBench,2025,0,/shared/home/sarim.hashmi/usenix/benchmark/newbench_norm/real/a_man_standing_on_the_side_walk_while_holding_a_sign_.png,0.002204587683081627
NewBench,2025,0,/shared/home/sarim.hashmi/usenix/benchmark/newbench_norm/real/a_man_taking_a_nap_on_the_bench_in_the_middle_of_a_park.png,0.0023815620224922895
NewBench,2025,0,/shared/home/sarim.hashmi/usenix/benchmark/newbench_norm/real/a_modern_flush_toilet_in_a_bathroom_with_tile._.png,0.007802462205290794
NewBench,2025,0,"/shared/home/sarim.hashmi/usenix/benchmark/newbench_norm/real/a_modern_kitchen_with_an_oven,_stove,_and_a_fridge_.png",0.001399597036652267
NewBench,2025,0,/shared/home/sarim.hashmi/usenix/benchmark/newbench_norm/real/a_motorcycle_is_parked_near_a_building_by_the_curb.png,0.014505276456475258
NewBench,2025,0,/shared/home/sarim.hashmi/usenix/benchmark/newbench_norm/real/a_motorcycle_parked_in_a_field_with_a_sky_background_.png,0.07674265652894974
NewBench,2025,0,/shared/home/sarim.hashmi/usenix/benchmark/newbench_norm/real/a_number_of_birds_flying_near_a_nest_.png,0.0034258137457072735
NewBench,2025,0,/shared/home/sarim.hashmi/usenix/benchmark/newbench_norm/real/a_person_driving_a_motorcycle_on_a_closed_course.png,0.00027454548398964107
NewBench,2025,0,/shared/home/sarim.hashmi/usenix/benchmark/newbench_norm/real/a_person_in_an_office_setting_sitting_in_a_chair.png,0.0009413859806954861
NewBench,2025,0,/shared/home/sarim.hashmi/usenix/benchmark/newbench_norm/real/a_person_on_the_back_of_a_parked_truck.png,0.005427537951618433
NewBench,2025,0,/shared/home/sarim.hashmi/usenix/benchmark/newbench_norm/real/a_person_riding_a_dirt_bike_in_the_air_with_a_sky_background.png,0.0025461739860475063
NewBench,2025,0,/shared/home/sarim.hashmi/usenix/benchmark/newbench_norm/real/a_person_riding_a_motorcycle_on_a_road_.png,0.006571298930794001
NewBench,2025,0,/shared/home/sarim.hashmi/usenix/benchmark/newbench_norm/real/a_person_riding_a_motorcycle_on_a_road_with_a_hill_in_the_background.png,0.0007741673034615815
NewBench,2025,0,/shared/home/sarim.hashmi/usenix/benchmark/newbench_norm/real/a_person_sitting_on_a_bike_near_many_other_parked_bikes_.png,0.058713577687740326
NewBench,2025,0,/shared/home/sarim.hashmi/usenix/benchmark/newbench_norm/real/a_person_that_is_riding_a_bike_next_to_some_seats.png,0.0005438230582512915
NewBench,2025,0,/shared/home/sarim.hashmi/usenix/benchmark/newbench_norm/real/a_picture_of_a_water_hydrant_with_many_snow._.png,0.00022951567370910197
NewBench,2025,0,/shared/home/sarim.hashmi/usenix/benchmark/newbench_norm/real/a_pole_that_has_a_sign_attached_to_it.png,0.004189890343695879
NewBench,2025,0,/shared/home/sarim.hashmi/usenix/benchmark/newbench_norm/real/a_policeman_on_a_motorcycling_driving_on_the_road_smiling.png,0.0023232819512486458
NewBench,2025,0,/shared/home/sarim.hashmi/usenix/benchmark/newbench_norm/real/a_public_bathroom_with_a_toilet_and_hand_rail.png,0.0010219733230769634
NewBench,2025,0,/shared/home/sarim.hashmi/usenix/benchmark/newbench_norm/real/a_public_transit_train_on_a_train_track_with_trees_in_the_background.png,0.0027452607173472643
NewBench,2025,0,/shared/home/sarim.hashmi/usenix/benchmark/newbench_norm/real/a_red_bus_that_has_stuff_wrote_on_the_outside.png,0.0026955364737659693
NewBench,2025,0,/shared/home/sarim.hashmi/usenix/benchmark/newbench_norm/real/a_red_fire_hydrogen_next_to_a_road_in_front_of_a_bus.png,0.0004960544174537063
NewBench,2025,0,/shared/home/sarim.hashmi/usenix/benchmark/newbench_norm/real/a_sculpture_made_of_spoons_and_an_old_toaster.png,9.096028952626511e-05
NewBench,2025,0,/shared/home/sarim.hashmi/usenix/benchmark/newbench_norm/real/a_sign_hanging_up_that_says_waterman_ave.png,0.015033772215247154
NewBench,2025,0,/shared/home/sarim.hashmi/usenix/benchmark/newbench_norm/real/a_small_air_plane_on_an_air_plane_run_way.png,0.006456741131842136
NewBench,2025,0,/shared/home/sarim.hashmi/usenix/benchmark/newbench_norm/real/a_small_bathroom_with_a_mirror_and_sink.png,0.00556065421551466
NewBench,2025,0,/shared/home/sarim.hashmi/usenix/benchmark/newbench_norm/real/a_steam_locomotive_on_a_narrow_gauge_track_in_the_snow.png,0.006964266765862703
NewBench,2025,0,/shared/home/sarim.hashmi/usenix/benchmark/newbench_norm/real/a_stop_sign_and_railway_crossing_sign_on_a_pole.png,0.01008243951946497
NewBench,2025,0,/shared/home/sarim.hashmi/usenix/benchmark/newbench_norm/real/a_store_sits_in_front_of_a_fire_hydrant_.png,0.010070226155221462
NewBench,2025,0,/shared/home/sarim.hashmi/usenix/benchmark/newbench_norm/real/a_street_light_hanging_fron_one_of_many_wires_connected_to_a_power_pole.png,0.000546518131159246
NewBench,2025,0,/shared/home/sarim.hashmi/usenix/benchmark/newbench_norm/real/a_street_with_people_and_vehicles_in_the_middle_of_it.png,0.00034451522515155375
NewBench,2025,0,/shared/home/sarim.hashmi/usenix/benchmark/newbench_norm/real/a_stuffed_animal_and_a_figurine_are_sitting_on_a_bench_and_water.png,0.0017788877012208104
NewBench,2025,0,/shared/home/sarim.hashmi/usenix/benchmark/newbench_norm/real/a_table_top_with_some_laptops_on_it_.png,0.027318798005580902
NewBench,2025,0,/shared/home/sarim.hashmi/usenix/benchmark/newbench_norm/real/a_toilet_sits_in_front_of_a_bath_tub.png,0.013703578151762486
NewBench,2025,0,/shared/home/sarim.hashmi/usenix/benchmark/newbench_norm/real/a_toilet_sits_next_to_a_bath_tub_as_a_bunch_of_tiles_sit_piled_up_.png,0.002286141738295555
NewBench,2025,0,/shared/home/sarim.hashmi/usenix/benchmark/newbench_norm/real/a_traffic_light_above_a_road_with_a_building_in_the_background.png,0.03701711446046829
NewBench,2025,0,/shared/home/sarim.hashmi/usenix/benchmark/newbench_norm/real/a_train_getting_ready_to_go_into_a_tunnel_.png,0.013984296470880508
NewBench,2025,0,/shared/home/sarim.hashmi/usenix/benchmark/newbench_norm/real/a_train_on_a_train_track_at_a_station_.png,0.0005005486309528351
NewBench,2025,0,/shared/home/sarim.hashmi/usenix/benchmark/newbench_norm/real/a_train_that_is_on_a_train_track.png,0.03889063373208046
NewBench,2025,0,/shared/home/sarim.hashmi/usenix/benchmark/newbench_norm/real/a_tree_surrounded_by_a_little_bench_with_someone_sitting_on_it.png,0.002533087506890297
NewBench,2025,0,/shared/home/sarim.hashmi/usenix/benchmark/newbench_norm/real/a_very_big_boat_that_is_in_some_water.png,0.0023166234605014324
NewBench,2025,0,/shared/home/sarim.hashmi/usenix/benchmark/newbench_norm/real/a_very_big_bus_moving_on_the_street_with_no_people.png,0.01635327748954296
NewBench,2025,0,/shared/home/sarim.hashmi/usenix/benchmark/newbench_norm/real/a_view_of_a_bathroom_area_with_a_white_long_flusher_and_window_behind_it_.png,0.0005698842578567564
NewBench,2025,0,/shared/home/sarim.hashmi/usenix/benchmark/newbench_norm/real/a_white_and_black_sea_bird_standing_in_very_shallow_water.png,0.0002200276212533936
NewBench,2025,0,/shared/home/sarim.hashmi/usenix/benchmark/newbench_norm/real/a_white_bus_is_on_a_busy_street.png,0.0014826151309534907
NewBench,2025,0,/shared/home/sarim.hashmi/usenix/benchmark/newbench_norm/real/a_woman_in_kitchen_cooking_chips_in_fry.png,0.0008525393786840141
NewBench,2025,0,/shared/home/sarim.hashmi/usenix/benchmark/newbench_norm/real/a_woman_is_out_in_a_field_with_sheep_.png,0.022779129445552826
NewBench,2025,0,/shared/home/sarim.hashmi/usenix/benchmark/newbench_norm/real/a_woman_is_standing_next_to_an_oven.png,0.0015867913607507944
NewBench,2025,0,/shared/home/sarim.hashmi/usenix/benchmark/newbench_norm/real/a_woman_posing_on_a_wooden_bench_in_the_woods.png,0.020792074501514435
NewBench,2025,0,/shared/home/sarim.hashmi/usenix/benchmark/newbench_norm/real/a_woman_riding_a_horse_while_holding_a_flag.png,0.013734238222241402
NewBench,2025,0,/shared/home/sarim.hashmi/usenix/benchmark/newbench_norm/real/a_wooden_and_metal_bench_near_a_over_grown_bush.png,0.0007582175894640386
NewBench,2025,0,/shared/home/sarim.hashmi/usenix/benchmark/newbench_norm/real/a_young_female_siting_on_a_bench_near_a_small_stagnant_lake.png,0.001474121119827032
NewBench,2025,0,/shared/home/sarim.hashmi/usenix/benchmark/newbench_norm/real/an_image_of_a_a_plane_that_is_flying_in_the_air.png,0.00638214685022831
NewBench,2025,0,/shared/home/sarim.hashmi/usenix/benchmark/newbench_norm/real/an_image_of_a_cat_in_a_toilet_with_the_water.png,0.0021199409384280443
NewBench,2025,0,/shared/home/sarim.hashmi/usenix/benchmark/newbench_norm/real/an_image_of_a_tourbus_stopping_on_a_route.png,0.008459165692329407
NewBench,2025,0,/shared/home/sarim.hashmi/usenix/benchmark/newbench_norm/real/an_up_close_picture_of_mechanic_of_a_bike_.png,0.024401165544986725
NewBench,2025,0,/shared/home/sarim.hashmi/usenix/benchmark/newbench_norm/real/cars_wait_at_red_light_at_an_intersection_by_mountains.png,0.0012899835128337145
NewBench,2025,0,"/shared/home/sarim.hashmi/usenix/benchmark/newbench_norm/real/group_of_giraffes_mingling_in_a_stand_of_trees
.png",0.00029428242123685777
NewBench,2025,0,/shared/home/sarim.hashmi/usenix/benchmark/newbench_norm/real/many_bikes_parked_in_a_parking_lot_very_close_to_each_other.png,0.00019944080850109458
NewBench,2025,0,"/shared/home/sarim.hashmi/usenix/benchmark/newbench_norm/real/older_women_sit_on_a_bench,_with_one_of_the_women_holding_crutches.png",0.0010724927997216582
NewBench,2025,0,/shared/home/sarim.hashmi/usenix/benchmark/newbench_norm/real/people_at_costume_party_dressed_up_in_costumes.png,0.0070346142165362835
NewBench,2025,0,/shared/home/sarim.hashmi/usenix/benchmark/newbench_norm/real/people_riding_bikes_near_a_beach_and_others_swimming.png,0.005936868954449892
NewBench,2025,0,/shared/home/sarim.hashmi/usenix/benchmark/newbench_norm/real/people_standing_outside_a_building_with_clocks_built_into_the_side_of_it.png,0.005552507471293211
NewBench,2025,0,/shared/home/sarim.hashmi/usenix/benchmark/newbench_norm/real/several_motorcycles_are_parked_next_to_each_other.png,0.00013860611943528056
NewBench,2025,0,/shared/home/sarim.hashmi/usenix/benchmark/newbench_norm/real/some_blurred_sheep_are_running_and_some_green_grass.png,0.026783186942338943
NewBench,2025,0,/shared/home/sarim.hashmi/usenix/benchmark/newbench_norm/real/some_people_on_a_park_bench_in_a_field.png,0.007221128325909376
NewBench,2025,0,/shared/home/sarim.hashmi/usenix/benchmark/newbench_norm/real/there_are_blue_lights_shining_threw_palm_trees_.png,0.11108051985502243
NewBench,2025,0,/shared/home/sarim.hashmi/usenix/benchmark/newbench_norm/real/there_are_many_rocks_on_the_side_of_this_road.png,0.004493264015763998
NewBench,2025,0,/shared/home/sarim.hashmi/usenix/benchmark/newbench_norm/real/there_are_several_stop_signs_along_side_the_grass.png,0.004799824673682451
NewBench,2025,0,/shared/home/sarim.hashmi/usenix/benchmark/newbench_norm/real/there_are_two_very_tall_giraffes_in_this_zoo_by_the_water.png,0.001248435233719647
NewBench,2025,0,/shared/home/sarim.hashmi/usenix/benchmark/newbench_norm/real/there_is_a_one_way_street_sign_under_a_street_name_sign.png,0.0021407450549304485
NewBench,2025,0,/shared/home/sarim.hashmi/usenix/benchmark/newbench_norm/real/there_is_a_sheep_behind_a_fence_standing_in_the_snow.png,0.013771221041679382
NewBench,2025,0,/shared/home/sarim.hashmi/usenix/benchmark/newbench_norm/real/there_is_a_stop_sign_at_the_end_of_this_cross_walk.png,0.00544575322419405
NewBench,2025,0,/shared/home/sarim.hashmi/usenix/benchmark/newbench_norm/real/this_fire_hydrant_has_a_painting_on_it.png,0.00020418738131411374
NewBench,2025,0,/shared/home/sarim.hashmi/usenix/benchmark/newbench_norm/real/this_is_a_bus_with_an_ad_for_a_casino.png,0.01356707513332367
NewBench,2025,0,/shared/home/sarim.hashmi/usenix/benchmark/newbench_norm/real/this_is_a_close_up_picture_of_a_roosters_neck.png,0.0015296725323423743
NewBench,2025,0,/shared/home/sarim.hashmi/usenix/benchmark/newbench_norm/real/this_man_is_riding_a_board_near_a_field.png,0.00028691726038232446
NewBench,2025,0,/shared/home/sarim.hashmi/usenix/benchmark/newbench_norm/real/three_children_sitting_on_a_bench_near_one_another.png,0.0002869432501029223
NewBench,2025,0,/shared/home/sarim.hashmi/usenix/benchmark/newbench_norm/real/train_pulling_up_the_track_while_people_wait_on_the_sidewalk.png,0.0062407804653048515
NewBench,2025,0,/shared/home/sarim.hashmi/usenix/benchmark/newbench_norm/real/two_birds_flying_over_some_water_and_their_reflection.png,0.01944647915661335
NewBench,2025,0,/shared/home/sarim.hashmi/usenix/benchmark/newbench_norm/real/two_large_air_planes_on_a_run_way.png,0.044685523957014084
NewBench,2025,0,/shared/home/sarim.hashmi/usenix/benchmark/newbench_norm/real/two_people_riding_on_a_motorcycle_on_a_road.png,0.0038714592810720205
NewBench,2025,1,/shared/home/sarim.hashmi/usenix/benchmark/newbench_norm/fake/1_military_jet_fighter_flying_in_formation_alongside_a_1_military_propeller_pilot._.png,0.0005929401959292591
NewBench,2025,1,/shared/home/sarim.hashmi/usenix/benchmark/newbench_norm/fake/A_CGI_man_sitting_on_top_of_a_CGI_hospital_bed..png,7.278587145265192e-05
NewBench,2025,1,/shared/home/sarim.hashmi/usenix/benchmark/newbench_norm/fake/A_CLEAN_AND_COLORFUL_BATHROOM_WITH_A_LARGE_MIRROR.png,0.0007641768897883594
NewBench,2025,1,/shared/home/sarim.hashmi/usenix/benchmark/newbench_norm/fake/A_LOT_OF_SHEEP_IS_IN_THE_GRASS_WITH_A_SHEEP_DOG.png,0.00014968618052080274
NewBench,2025,1,/shared/home/sarim.hashmi/usenix/benchmark/newbench_norm/fake/A_banana_that_is_sitting_in_a_bowl_on_the_table..png,0.0005690809339284897
NewBench,2025,1,/shared/home/sarim.hashmi/usenix/benchmark/newbench_norm/fake/A_basket_filled_with_ripe_bananas_on_top_of_a_table..png,0.00039694225415587425
NewBench,2025,1,/shared/home/sarim.hashmi/usenix/benchmark/newbench_norm/fake/A_bathroom_filled_with_a_white_toilet_next_to_a_sink..png,0.003642328782007098
NewBench,2025,1,/shared/home/sarim.hashmi/usenix/benchmark/newbench_norm/fake/A_bathroom_has_a_self_standing_sink_on_the_wall..png,0.0027810572646558285
NewBench,2025,1,"/shared/home/sarim.hashmi/usenix/benchmark/newbench_norm/fake/A_bathroom_has_a_toilet,_sink,_mirror_and_bidet..png",0.002851041266694665
NewBench,2025,1,/shared/home/sarim.hashmi/usenix/benchmark/newbench_norm/fake/A_bathroom_is_photographed_with_a_fisheye_filter..png,0.038475777953863144
NewBench,2025,1,"/shared/home/sarim.hashmi/usenix/benchmark/newbench_norm/fake/A_bathroom_is_shown_with_a_toilet,_sink,_and_shower..png",0.04958576709032059
NewBench,2025,1,"/shared/home/sarim.hashmi/usenix/benchmark/newbench_norm/fake/A_bathroom_scene_with_a_toilet,_sink_and_a_mirror..png",0.0002200836461270228
NewBench,2025,1,/shared/home/sarim.hashmi/usenix/benchmark/newbench_norm/fake/A_bathroom_showing_a_necklace_rack_and_toiletries_grouped_on_the_sink_.png,0.0004151503089815378
NewBench,2025,1,/shared/home/sarim.hashmi/usenix/benchmark/newbench_norm/fake/A_bathroom_sink_sitting_under_a_large_mirror..png,0.005278609227389097
NewBench,2025,1,/shared/home/sarim.hashmi/usenix/benchmark/newbench_norm/fake/A_bathroom_sink_under_a_mirror_in_a_bathroom..png,9.035272523760796e-05
NewBench,2025,1,"/shared/home/sarim.hashmi/usenix/benchmark/newbench_norm/fake/A_bathroom_sink_with_a_toothbrush,_soap_dispenser_and_mirror..png",0.06482448428869247
NewBench,2025,1,/shared/home/sarim.hashmi/usenix/benchmark/newbench_norm/fake/A_bathroom_sink_with_wood_finish_cabinets._.png,0.0001846506929723546
NewBench,2025,1,/shared/home/sarim.hashmi/usenix/benchmark/newbench_norm/fake/A_bathroom_that_has_a_special_shelf_for_towels._.png,0.001679654000326991
NewBench,2025,1,/shared/home/sarim.hashmi/usenix/benchmark/newbench_norm/fake/A_bathroom_toilet_with_yellow_liquid_inside_and_a_dirty_tub..png,0.04893944784998894
NewBench,2025,1,"/shared/home/sarim.hashmi/usenix/benchmark/newbench_norm/fake/A_bathroom_with_a_shower_curtain,_a_toilet,_a_sink_and_cabinets..png",0.00544287683442235
NewBench,2025,1,"/shared/home/sarim.hashmi/usenix/benchmark/newbench_norm/fake/A_bathroom_with_a_sink,_counter,_toilet_and_shower_curtain..png",5.626641359413043e-05
NewBench,2025,1,/shared/home/sarim.hashmi/usenix/benchmark/newbench_norm/fake/A_bathroom_with_a_standing_shower_next_to_a_sink_and_mirror..png,0.00026554783107712865
NewBench,2025,1,"/shared/home/sarim.hashmi/usenix/benchmark/newbench_norm/fake/A_bathroom_with_a_toilet,_tub,_mirror_and_shower_curtain._.png",0.00033569912193343043
NewBench,2025,1,/shared/home/sarim.hashmi/usenix/benchmark/newbench_norm/fake/A_bathroom_with_a_toilet_bowl_and_shower..png,0.00025103165535256267
NewBench,2025,1,/shared/home/sarim.hashmi/usenix/benchmark/newbench_norm/fake/A_bathroom_with_a_vanity_mirror_toilette_and_kitchen_sink_next_to_a_shower..png,0.6203738451004028
NewBench,2025,1,/shared/home/sarim.hashmi/usenix/benchmark/newbench_norm/fake/A_bathroom_with_a_white_bath_tub_and_two_sinks..png,0.0003339091199450195
NewBench,2025,1,/shared/home/sarim.hashmi/usenix/benchmark/newbench_norm/fake/A_bathroom_with_a_white_sink_next_to_a_toilet_paper_roller..png,0.0005180246662348509
NewBench,2025,1,/shared/home/sarim.hashmi/usenix/benchmark/newbench_norm/fake/A_bathroom_with_a_white_toilet_next_to_a_shower..png,7.19114686944522e-05
NewBench,2025,1,/shared/home/sarim.hashmi/usenix/benchmark/newbench_norm/fake/A_bathroom_with_two_toilets_look_in_very_bad_shape..png,0.00013411094550974667
NewBench,2025,1,/shared/home/sarim.hashmi/usenix/benchmark/newbench_norm/fake/A_bathroom_with_white_colored_cabinets_and_toilet.png,5.4733875003876165e-05
NewBench,2025,1,/shared/home/sarim.hashmi/usenix/benchmark/newbench_norm/fake/A_bathroom_with_white_urinals_amd_sinks_and_brown_stall_doors..png,0.013282246887683868
NewBench,2025,1,/shared/home/sarim.hashmi/usenix/benchmark/newbench_norm/fake/A_bathtub_with_candles_lit_up_around_it_and_a_stool_next_to_it..png,0.00432775029912591
NewBench,2025,1,/shared/home/sarim.hashmi/usenix/benchmark/newbench_norm/fake/A_beautiful_kitchen_with_lots_of_windows_and_wooden_cabinets._.png,0.00030774070182815194
NewBench,2025,1,/shared/home/sarim.hashmi/usenix/benchmark/newbench_norm/fake/A_beige_bathroom_with_a_phone_beside_the_toilet..png,0.00036788961733691394
NewBench,2025,1,/shared/home/sarim.hashmi/usenix/benchmark/newbench_norm/fake/A_bench_partially_buried_in_sand_on_a_beach_near_the_ocean..png,8.86997368070297e-05
NewBench,2025,1,/shared/home/sarim.hashmi/usenix/benchmark/newbench_norm/fake/A_bench_that_looks_like_a_round_hut..png,0.0003801760030910373
NewBench,2025,1,/shared/home/sarim.hashmi/usenix/benchmark/newbench_norm/fake/A_bicycle_resting_outside_of_a_building_door.png,8.803345554042608e-05
NewBench,2025,1,/shared/home/sarim.hashmi/usenix/benchmark/newbench_norm/fake/A_bicyclist_is_riding_across_the_street_next_to_someone_on_a_motorcycle._.png,0.00022873033594805747
NewBench,2025,1,/shared/home/sarim.hashmi/usenix/benchmark/newbench_norm/fake/A_big_commercial_plane_flying_in_cloudy_skies..png,0.006022540386766195
NewBench,2025,1,/shared/home/sarim.hashmi/usenix/benchmark/newbench_norm/fake/A_big_locomotive_stopped_in_a_train_station.png,9.530097304377705e-05
NewBench,2025,1,/shared/home/sarim.hashmi/usenix/benchmark/newbench_norm/fake/A_bike_is_parked_alongside_the_lake_shore..png,0.00012267223792150617
NewBench,2025,1,/shared/home/sarim.hashmi/usenix/benchmark/newbench_norm/fake/A_bike_is_shown_attached_to_a_rack..png,0.00017171933723147959
NewBench,2025,1,/shared/home/sarim.hashmi/usenix/benchmark/newbench_norm/fake/A_bike_parked_in_front_of_a_store_with_a_basket..png,2.465443867549766e-05
NewBench,2025,1,/shared/home/sarim.hashmi/usenix/benchmark/newbench_norm/fake/A_bike_sitting_In_a_glass_window_in_a_building.png,8.407617133343592e-05
NewBench,2025,1,/shared/home/sarim.hashmi/usenix/benchmark/newbench_norm/fake/A_bird_flying_through_the_air_while_flapping_it's_wings..png,0.018890412524342537
NewBench,2025,1,/shared/home/sarim.hashmi/usenix/benchmark/newbench_norm/fake/A_bird_is_standing_upright_in_the_water_and_leaves..png,0.0011087291641160846
NewBench,2025,1,/shared/home/sarim.hashmi/usenix/benchmark/newbench_norm/fake/A_bird_perched_on_the_back_of_a_white_bench..png,0.004665793385356665
NewBench,2025,1,/shared/home/sarim.hashmi/usenix/benchmark/newbench_norm/fake/A_bird_perched_on_top_of_a_wooden_power_pole..png,0.0006227208650670946
NewBench,2025,1,/shared/home/sarim.hashmi/usenix/benchmark/newbench_norm/fake/A_bird_stands_on_the_ground_among_dried_leaves..png,0.0028837614227086306
NewBench,2025,1,/shared/home/sarim.hashmi/usenix/benchmark/newbench_norm/fake/A_bird_that_is_on_a_tree_limb..png,0.00011936319060623646
NewBench,2025,1,/shared/home/sarim.hashmi/usenix/benchmark/newbench_norm/fake/A_bird_with_a_fish_in_its_hand_on_a_beach..png,0.0028217793442308903
NewBench,2025,1,/shared/home/sarim.hashmi/usenix/benchmark/newbench_norm/fake/A_birthday_cake_is_decorated_like_a_fire_engine..png,0.003257420379668474
NewBench,2025,1,/shared/home/sarim.hashmi/usenix/benchmark/newbench_norm/fake/A_black_and_white_dog_on_a_brown_tile_floor_next_to_counter..png,7.289269706234336e-05
NewBench,2025,1,/shared/home/sarim.hashmi/usenix/benchmark/newbench_norm/fake/A_black_and_white_photo_of_an_old_locomotive..png,5.074628643342294e-05
NewBench,2025,1,/shared/home/sarim.hashmi/usenix/benchmark/newbench_norm/fake/A_black_and_white_photo_of_four_young_children..png,0.002106203231960535
NewBench,2025,1,/shared/home/sarim.hashmi/usenix/benchmark/newbench_norm/fake/A_black_and_white_toilet_with_a_plunger..png,0.044248759746551514
NewBench,2025,1,/shared/home/sarim.hashmi/usenix/benchmark/newbench_norm/fake/A_black_and_yellow_fire_hydrant_on_a_city_sidewalk..png,5.277316813590005e-05
NewBench,2025,1,/shared/home/sarim.hashmi/usenix/benchmark/newbench_norm/fake/A_black_cat_half-submerged_in_a_toilet_while_drinking_out_of_it..png,0.0005319620249792933
NewBench,2025,1,/shared/home/sarim.hashmi/usenix/benchmark/newbench_norm/fake/A_black_cat_wearing_a_black_beanie_while_laying_on_a_red_couch...png,0.00011252376134507358
NewBench,2025,1,/shared/home/sarim.hashmi/usenix/benchmark/newbench_norm/fake/A_black_lab_waits_at_a_picnic_table_for_it's_master..png,0.00017584380111657083
NewBench,2025,1,/shared/home/sarim.hashmi/usenix/benchmark/newbench_norm/fake/A_blonde_woman_standing_in_front_of_a_red_double_decker_bus..png,0.0009370238985866308
NewBench,2025,1,/shared/home/sarim.hashmi/usenix/benchmark/newbench_norm/fake/A_blue_bike_parked_next_to_a_tree_in_a_planter..png,5.285072256810963e-05
NewBench,2025,1,/shared/home/sarim.hashmi/usenix/benchmark/newbench_norm/fake/A_blue_bowl_sitting_on_a_table_with_a_banana_in_it._.png,0.007579858880490065
NewBench,2025,1,/shared/home/sarim.hashmi/usenix/benchmark/newbench_norm/fake/A_blue_bus_driving_down_a_street_next_to_trees..png,7.940003706607968e-05
NewBench,2025,1,/shared/home/sarim.hashmi/usenix/benchmark/newbench_norm/fake/A_blue_bus_is_crossing_the_intersection_with_various_vehicles_behind_it..png,0.00010878502507694066
NewBench,2025,1,/shared/home/sarim.hashmi/usenix/benchmark/newbench_norm/fake/A_blue_motor_scooter_parked_in_a_parking_lot..png,0.006137873977422714
NewBench,2025,1,/shared/home/sarim.hashmi/usenix/benchmark/newbench_norm/fake/A_blue_motor_scooter_with_a_cat_sitting_on_it..png,0.00011463445116532966
NewBench,2025,1,/shared/home/sarim.hashmi/usenix/benchmark/newbench_norm/fake/A_boat_sitting_next_to_a_beach_in_the_ocean_covered_with_birds..png,7.445299706887454e-05
NewBench,2025,1,/shared/home/sarim.hashmi/usenix/benchmark/newbench_norm/fake/A_boat_that_is_on_the_sand_and_people_nearby._.png,0.00011125837045256048
NewBench,2025,1,/shared/home/sarim.hashmi/usenix/benchmark/newbench_norm/fake/A_bowl_in_a_sink_and_window_in_a_room..png,0.00013874271826352924
NewBench,2025,1,"/shared/home/sarim.hashmi/usenix/benchmark/newbench_norm/fake/A_bowl_of_cereal_with_milk,_bananas,_raspberries_and_blueberries..png",0.000811991689261049
NewBench,2025,1,/shared/home/sarim.hashmi/usenix/benchmark/newbench_norm/fake/A_boy_carrying_a_surfboard_on_a_busy_sidewalk..png,0.0033925229217857122
NewBench,2025,1,/shared/home/sarim.hashmi/usenix/benchmark/newbench_norm/fake/A_boy_in_blue_hat_riding_on_a_carousel..png,0.001419817446731031
NewBench,2025,1,/shared/home/sarim.hashmi/usenix/benchmark/newbench_norm/fake/A_bright_blue_and_white_AMX_jet_is_in_the_clear_sky..png,0.029892610386013985
NewBench,2025,1,/shared/home/sarim.hashmi/usenix/benchmark/newbench_norm/fake/A_brown_duck_floats_by_itself_on_the_water.png,0.005508174188435078
NewBench,2025,1,/shared/home/sarim.hashmi/usenix/benchmark/newbench_norm/fake/A_brown_plane_is_parked_at_air_port.png,0.0010159125085920095
NewBench,2025,1,/shared/home/sarim.hashmi/usenix/benchmark/newbench_norm/fake/A_brown_songbird_perched_on_the_handlebars_of_a_bicycle..png,0.5054998993873596
NewBench,2025,1,/shared/home/sarim.hashmi/usenix/benchmark/newbench_norm/fake/A_building_in_the_sky_that_has_the_lights_on..png,0.009688920341432095
NewBench,2025,1,/shared/home/sarim.hashmi/usenix/benchmark/newbench_norm/fake/A_bunch_of_airplanes_are_parked_on_the_runway._.png,8.925345173338428e-05
NewBench,2025,1,/shared/home/sarim.hashmi/usenix/benchmark/newbench_norm/fake/A_bunch_of_antelopes_are_seen_roaming_the_plains..png,0.01592412032186985
NewBench,2025,1,/shared/home/sarim.hashmi/usenix/benchmark/newbench_norm/fake/A_bunch_of_bananas_hanging_from_a_green_tree..png,0.000162566575454548
NewBench,2025,1,/shared/home/sarim.hashmi/usenix/benchmark/newbench_norm/fake/A_bunch_of_bicycles_parked_on_the_street_with_items_sitting_around_them_.png,0.00011434983025537804
NewBench,2025,1,/shared/home/sarim.hashmi/usenix/benchmark/newbench_norm/fake/A_bunch_of_giraffes_that_are_standing_in_the_dirt..png,0.00013115417095832527
NewBench,2025,1,/shared/home/sarim.hashmi/usenix/benchmark/newbench_norm/fake/A_bunch_of_goats_are_eating_out_of_a_box.png,0.006831918843090534
NewBench,2025,1,/shared/home/sarim.hashmi/usenix/benchmark/newbench_norm/fake/A_bunch_of_sheep_smile_are_they_walk_by..png,0.3008212447166443
NewBench,2025,1,/shared/home/sarim.hashmi/usenix/benchmark/newbench_norm/fake/A_bunk_bed_sits_next_to_an_open_window._.png,0.0010875656735152006
NewBench,2025,1,/shared/home/sarim.hashmi/usenix/benchmark/newbench_norm/fake/A_bus_all_lite_up_inside_and_out_with_diffrent_colors_._.png,0.0010886198142543435
NewBench,2025,1,/shared/home/sarim.hashmi/usenix/benchmark/newbench_norm/fake/A_bus_driving_down_a_city_street_during_the_day..png,0.0005539540434256196
NewBench,2025,1,/shared/home/sarim.hashmi/usenix/benchmark/newbench_norm/fake/A_bus_is_parked_in_front_of_a_building..png,0.1376655101776123
NewBench,2025,1,/shared/home/sarim.hashmi/usenix/benchmark/newbench_norm/fake/A_bus_is_parked_on_the_street_away_from_some_cars..png,0.00011246197391301394
NewBench,2025,1,/shared/home/sarim.hashmi/usenix/benchmark/newbench_norm/fake/A_bus_on_a_divided_street_near_a_stop_light..png,0.004022439941763878
NewBench,2025,1,/shared/home/sarim.hashmi/usenix/benchmark/newbench_norm/fake/A_bus_pulled_up_to_the_curb_along_a_road..png,8.279419125756249e-05
NewBench,2025,1,/shared/home/sarim.hashmi/usenix/benchmark/newbench_norm/fake/A_bus_stop_next_to_a_curvy_road_surrounded_by_traffic_lights..png,4.75159686175175e-05
NewBench,2025,1,/shared/home/sarim.hashmi/usenix/benchmark/newbench_norm/fake/A_bus_stop_sign_on_a_city_street..png,9.849599155131727e-05
NewBench,2025,1,/shared/home/sarim.hashmi/usenix/benchmark/newbench_norm/fake/A_bus_stops_next_to_a_street_sign..png,6.676935299765319e-05
NewBench,2025,1,/shared/home/sarim.hashmi/usenix/benchmark/newbench_norm/fake/A_bus_traveling_down_a_road_next_to_a_bus_stop..png,0.0001379300229018554
NewBench,2025,1,/shared/home/sarim.hashmi/usenix/benchmark/newbench_norm/fake/A_bus_travels_on_a_road_near_buildings_and_parked_vehicles.png,0.004733530804514885
NewBench,2025,1,/shared/home/sarim.hashmi/usenix/benchmark/newbench_norm/fake/A_bus_window_with_finger_writing_on_it..png,0.0005666461074724793
NewBench,2025,1,/shared/home/sarim.hashmi/usenix/benchmark/newbench_norm/fake/A_bus_with_a_mural_on_the_side_and_front..png,0.011778625659644604
NewBench,2025,1,/shared/home/sarim.hashmi/usenix/benchmark/newbench_norm/fake/A_busy_city_street_filled_with_people_walling_and_street_signs..png,0.0004105294938199222
NewBench,2025,1,/shared/home/sarim.hashmi/usenix/benchmark/newbench_norm/fake/A_busy_city_street_with_dimly_lit_trees_at_night..png,0.00011739962064893916
NewBench,2025,1,/shared/home/sarim.hashmi/usenix/benchmark/newbench_norm/fake/A_cage_packed_full_of_yellow_parakeets._.png,0.06454857438802719
NewBench,2025,1,/shared/home/sarim.hashmi/usenix/benchmark/newbench_norm/fake/A_cake_cover_is_made_to_look_like_a_wire_birdcage._.png,9.028339991346002e-05
NewBench,2025,1,/shared/home/sarim.hashmi/usenix/benchmark/newbench_norm/fake/A_calico_cat_drinking_water_from_a_running_tap_in_a_bathroom..png,0.00016963914094958454
NewBench,2025,1,/shared/home/sarim.hashmi/usenix/benchmark/newbench_norm/fake/A_car_is_parked_on_the_street_by_some_signs..png,4.2275703890481964e-05
NewBench,2025,1,/shared/home/sarim.hashmi/usenix/benchmark/newbench_norm/fake/A_car_is_waiting_beside_people_standing_on_the_sidewalk..png,0.00011335699673509225
NewBench,2025,1,/shared/home/sarim.hashmi/usenix/benchmark/newbench_norm/fake/A_cat_in_a_birthday_hat_is_lying_on_a_couch..png,0.0004453608125913888
NewBench,2025,1,/shared/home/sarim.hashmi/usenix/benchmark/newbench_norm/fake/A_cat_is_drinking_water_from_the_toilet_bowl.png,0.0013233904028311372
NewBench,2025,1,/shared/home/sarim.hashmi/usenix/benchmark/newbench_norm/fake/A_cat_laying_next_to_a_stainless_steel_bowl..png,0.0006184722878970206
NewBench,2025,1,/shared/home/sarim.hashmi/usenix/benchmark/newbench_norm/fake/A_cat_laying_on_a_cushion_on_top_of_a_table..png,0.1343582570552826
NewBench,2025,1,/shared/home/sarim.hashmi/usenix/benchmark/newbench_norm/fake/A_cat_looking_out_of_a_vehicle_window_during_rain..png,0.0001337566936854273
NewBench,2025,1,/shared/home/sarim.hashmi/usenix/benchmark/newbench_norm/fake/A_cat_lying_in_a_white_sink_in_the_bathroom._.png,0.00024324467813130468
NewBench,2025,1,/shared/home/sarim.hashmi/usenix/benchmark/newbench_norm/fake/A_cat_sits_on_the_edge_of_a_bathroom_sink..png,0.00034180853981524706
NewBench,2025,1,/shared/home/sarim.hashmi/usenix/benchmark/newbench_norm/fake/A_cat_sitting_on_top_of_a_green_car..png,0.00018517383432481438
NewBench,2025,1,/shared/home/sarim.hashmi/usenix/benchmark/newbench_norm/fake/A_cat_sitting_on_top_of_a_window_sill_over_a_sink..png,0.00016377704741898924
NewBench,2025,1,/shared/home/sarim.hashmi/usenix/benchmark/newbench_norm/fake/A_cat_sitting_outside_on_a_bench_on_a_sunny_day..png,6.554040737682953e-05
NewBench,2025,1,/shared/home/sarim.hashmi/usenix/benchmark/newbench_norm/fake/A_cat_sitting_outside_on_some_cobble_stone..png,0.0006899264990352094
NewBench,2025,1,/shared/home/sarim.hashmi/usenix/benchmark/newbench_norm/fake/A_cat_standing_on_top_of_a_toilet_seat_next_to_a_sink..png,0.00278245797380805
NewBench,2025,1,/shared/home/sarim.hashmi/usenix/benchmark/newbench_norm/fake/A_cat_standing_on_top_of_a_wooden_bench..png,0.00021337666839826852
NewBench,2025,1,/shared/home/sarim.hashmi/usenix/benchmark/newbench_norm/fake/A_center_island_in_a_kitchen_covered_in_a_fan..png,0.00012178900215076283
NewBench,2025,1,/shared/home/sarim.hashmi/usenix/benchmark/newbench_norm/fake/A_chair_and_a_table_in_a_small_room..png,0.00020395834872033447
NewBench,2025,1,/shared/home/sarim.hashmi/usenix/benchmark/newbench_norm/fake/A_cheesy_pastry_sitting_on_top_of_a_plate..png,6.573896098416299e-05
NewBench,2025,1,/shared/home/sarim.hashmi/usenix/benchmark/newbench_norm/fake/A_church_with_a_massively_tall_tower_covered_in_a_clock..png,8.257035369751975e-05
NewBench,2025,1,/shared/home/sarim.hashmi/usenix/benchmark/newbench_norm/fake/A_city_street_filled_with_lots_of_traffic..png,8.904033165890723e-05
NewBench,2025,1,/shared/home/sarim.hashmi/usenix/benchmark/newbench_norm/fake/A_city_street_filled_with_traffic_and_parking_lights..png,0.00024381588445976377
NewBench,2025,1,/shared/home/sarim.hashmi/usenix/benchmark/newbench_norm/fake/A_city_traffic_light_is_red_with_a_large_billow_of_smoke_in_the_background..png,0.00013468804536387324
NewBench,2025,1,/shared/home/sarim.hashmi/usenix/benchmark/newbench_norm/fake/A_classic_car_waiting_at_a_3-way_stop_sign..png,0.00015410159539896995
NewBench,2025,1,/shared/home/sarim.hashmi/usenix/benchmark/newbench_norm/fake/A_clock_mounted_on_a_wall_over_the_doorway_of_a_kitchen..png,0.00021965995256323367
NewBench,2025,1,/shared/home/sarim.hashmi/usenix/benchmark/newbench_norm/fake/A_close-up_of_a_tropical_bird_with_a_mirror_behind_it..png,0.9890617728233337
NewBench,2025,1,/shared/home/sarim.hashmi/usenix/benchmark/newbench_norm/fake/A_close-up_shot_of_a_metal_squat_toilet..png,0.0036310649011284113
NewBench,2025,1,/shared/home/sarim.hashmi/usenix/benchmark/newbench_norm/fake/A_close-up_view_of_a_green_and_yellow_fire_hydrant..png,0.00010653973731677979
NewBench,2025,1,/shared/home/sarim.hashmi/usenix/benchmark/newbench_norm/fake/A_close_up_of_a_peacock_who_is_behind_an_enclosure._.png,0.15051372349262238
NewBench,2025,1,/shared/home/sarim.hashmi/usenix/benchmark/newbench_norm/fake/A_colorful_bus_is_parked_on_the_street..png,0.00040382807492278516
NewBench,2025,1,/shared/home/sarim.hashmi/usenix/benchmark/newbench_norm/fake/A_commercial_airplane_either_landing_or_preparing_for_take_off..png,0.00033838077797554433
NewBench,2025,1,/shared/home/sarim.hashmi/usenix/benchmark/newbench_norm/fake/A_corner_of_street_with_a_building_showing_a_bowling_pin..png,0.000591962190810591
NewBench,2025,1,/shared/home/sarim.hashmi/usenix/benchmark/newbench_norm/fake/A_couch_on_the_side_of_the_street_with_a_television_on_it..png,5.27125594089739e-05
NewBench,2025,1,/shared/home/sarim.hashmi/usenix/benchmark/newbench_norm/fake/A_couple_of_baby_sheep_standing_next_to_each_other..png,0.0006890571094118059
NewBench,2025,1,/shared/home/sarim.hashmi/usenix/benchmark/newbench_norm/fake/A_couple_of_bathrooms_one_with_a_standing_toilet_next_to_one_with_a_sitting_toilet..png,0.0008472499903291464
NewBench,2025,1,/shared/home/sarim.hashmi/usenix/benchmark/newbench_norm/fake/A_couple_of_bicycles_sitting_in_a_large_garden..png,0.00011572198127396405
NewBench,2025,1,/shared/home/sarim.hashmi/usenix/benchmark/newbench_norm/fake/A_couple_of_birds_fly_through_a_blue_cloudy_sky..png,0.0025891747791320086
NewBench,2025,1,/shared/home/sarim.hashmi/usenix/benchmark/newbench_norm/fake/A_couple_of_birds_standing_on_top_of__a_wooden_bench..png,0.0006586974486708641
NewBench,2025,1,/shared/home/sarim.hashmi/usenix/benchmark/newbench_norm/fake/A_couple_of_captive_giraffes_look_around_the_ground_in_the_zoo._.png,0.00014335456944536418
NewBench,2025,1,/shared/home/sarim.hashmi/usenix/benchmark/newbench_norm/fake/A_couple_of_giraffe_in_a_field_near_some_trees..png,0.1873425841331482
NewBench,2025,1,/shared/home/sarim.hashmi/usenix/benchmark/newbench_norm/fake/A_couple_of_giraffe_standing_next_to_a_doorway..png,0.0014004344120621681
NewBench,2025,1,/shared/home/sarim.hashmi/usenix/benchmark/newbench_norm/fake/A_couple_of_giraffe_standing_next_to_each_other..png,0.3620123565196991
NewBench,2025,1,/shared/home/sarim.hashmi/usenix/benchmark/newbench_norm/fake/A_couple_of_older_men_sitting_on_top_of_a_bench..png,0.0020307849626988173
NewBench,2025,1,/shared/home/sarim.hashmi/usenix/benchmark/newbench_norm/fake/A_couple_of_people_flying_kites_on_top_of_a_beach..png,0.0013443244388327003
NewBench,2025,1,/shared/home/sarim.hashmi/usenix/benchmark/newbench_norm/fake/A_couple_of_people_standing_in_a_field_flying_a_giant_kite..png,0.0001445670786779374
NewBench,2025,1,/shared/home/sarim.hashmi/usenix/benchmark/newbench_norm/fake/A_couple_of_people_standing_next_to_a_food_cart_filled_with_smoke..png,0.00026048949803225696
NewBench,2025,1,/shared/home/sarim.hashmi/usenix/benchmark/newbench_norm/fake/A_couple_of_people_that_are_holding_an_umbrellas..png,0.0005196653073653579
NewBench,2025,1,/shared/home/sarim.hashmi/usenix/benchmark/newbench_norm/fake/A_couple_of_red_motorcycles_parked_in_front_of_a_building..png,0.00013134202163200825
NewBench,2025,1,/shared/home/sarim.hashmi/usenix/benchmark/newbench_norm/fake/A_couple_of_red_trains_parked_in_a_train_station..png,4.9183752707904205e-05
NewBench,2025,1,/shared/home/sarim.hashmi/usenix/benchmark/newbench_norm/fake/A_couple_of_wooden_benches_sitting_across_from_each_other..png,4.517149500316009e-05
NewBench,2025,1,/shared/home/sarim.hashmi/usenix/benchmark/newbench_norm/fake/A_couple_of_zebra_walking_next_to_a_giraffe_on_a_lush_green_field..png,0.00044114733464084566
NewBench,2025,1,/shared/home/sarim.hashmi/usenix/benchmark/newbench_norm/fake/A_crowded_city_street_filled_with_traffic_at_night..png,8.16054962342605e-05
NewBench,2025,1,/shared/home/sarim.hashmi/usenix/benchmark/newbench_norm/fake/A_crystal_bowl_filled_with_oranges_on_top_of_a_table..png,0.0014712561387568712
NewBench,2025,1,/shared/home/sarim.hashmi/usenix/benchmark/newbench_norm/fake/A_custom_cake_featuring_a_fisherman_for_a_man's_65th_birthday._.png,0.00035421765642240644
NewBench,2025,1,/shared/home/sarim.hashmi/usenix/benchmark/newbench_norm/fake/A_desktop_computer_in_a_kitchen_with_a_lamp_next_to_it..png,0.00011947489838348702
NewBench,2025,1,/shared/home/sarim.hashmi/usenix/benchmark/newbench_norm/fake/A_dinning_room_table_sitting_next_to_a_small_fireplace..png,7.111570448614657e-05
NewBench,2025,1,/shared/home/sarim.hashmi/usenix/benchmark/newbench_norm/fake/A_dirty_toilet_that_is_in_a_bathroom..png,0.0003141985216643661
NewBench,2025,1,/shared/home/sarim.hashmi/usenix/benchmark/newbench_norm/fake/A_distant_airplane_flying_between_two_large_buildings..png,0.0004726455663330853
NewBench,2025,1,/shared/home/sarim.hashmi/usenix/benchmark/newbench_norm/fake/A_distant_shot_with_people_approaching_the_bus._.png,0.0014302587369456887
NewBench,2025,1,/shared/home/sarim.hashmi/usenix/benchmark/newbench_norm/fake/A_dog_and_a_goat_with_their_noses_touching_at_fence..png,0.0002693114220164716
NewBench,2025,1,/shared/home/sarim.hashmi/usenix/benchmark/newbench_norm/fake/A_dog_is_posing_on_top_of_a_motorcycle._.png,4.4266922486713156e-05
NewBench,2025,1,/shared/home/sarim.hashmi/usenix/benchmark/newbench_norm/fake/A_dog_laying_on_the_dashboard_of_a_vehicle..png,0.0006176478927955031
NewBench,2025,1,/shared/home/sarim.hashmi/usenix/benchmark/newbench_norm/fake/A_dog_sitting_in_the_passenger_seat_of_a_car..png,0.00033181626349687576
NewBench,2025,1,/shared/home/sarim.hashmi/usenix/benchmark/newbench_norm/fake/A_dog_wearing_a_Santa_Claus_hat._.png,0.0035397473257035017
NewBench,2025,1,/shared/home/sarim.hashmi/usenix/benchmark/newbench_norm/fake/A_donkey_leads_a_herd_of_sheep_down_a_busy_street..png,0.00029221296426840127
NewBench,2025,1,"/shared/home/sarim.hashmi/usenix/benchmark/newbench_norm/fake/A_doorway_view_with_a_toilet,_shower_and_a_sink..png",0.0006244495161809027
NewBench,2025,1,/shared/home/sarim.hashmi/usenix/benchmark/newbench_norm/fake/A_double_decker_bus_driving_down_a_street..png,8.619605796411633e-05
NewBench,2025,1,/shared/home/sarim.hashmi/usenix/benchmark/newbench_norm/fake/A_double_decker_bus_driving_down_a_street_past_a_tall_building..png,0.00017592379299458116
NewBench,2025,1,/shared/home/sarim.hashmi/usenix/benchmark/newbench_norm/fake/A_duck_and_baby_ducks_are_in_the_blue_water..png,0.00012221280485391617
NewBench,2025,1,/shared/home/sarim.hashmi/usenix/benchmark/newbench_norm/fake/A_faded_red_fire_hydrant_sitting_on_the_side_of_a_street..png,0.00026118583627976477
NewBench,2025,1,/shared/home/sarim.hashmi/usenix/benchmark/newbench_norm/fake/A_family_of_giraffes_standing_next_to_a_pile_of_logs..png,7.227521564345807e-05
NewBench,2025,1,/shared/home/sarim.hashmi/usenix/benchmark/newbench_norm/fake/A_fancy_motorcycle_parked_on_a_red_carpet.png,0.0001707195333437994
NewBench,2025,1,/shared/home/sarim.hashmi/usenix/benchmark/newbench_norm/fake/A_field_full_of_lots_of_yellow_flowers_with_a_train_passing_it_by..png,0.00028691915213130414
NewBench,2025,1,/shared/home/sarim.hashmi/usenix/benchmark/newbench_norm/fake/A_fire_burns_while_a_person_rides_a_green_motorcycle_and_several_motorcycles_are_flipping_in_the_air.png,0.00016929529374465346
NewBench,2025,1,/shared/home/sarim.hashmi/usenix/benchmark/newbench_norm/fake/A_fire_hydrant_covered_up_halfway_with_snow..png,0.00017385318642482162
NewBench,2025,1,/shared/home/sarim.hashmi/usenix/benchmark/newbench_norm/fake/A_fire_hydrant_in_the_grass_near_the_curb_with_the_remnants_of_melting_snow.png,0.08336270600557327
NewBench,2025,1,"/shared/home/sarim.hashmi/usenix/benchmark/newbench_norm/fake/A_fire_hydrant_on_the_side_of_the_road,_it_looks_old..png",4.894382072961889e-05
NewBench,2025,1,/shared/home/sarim.hashmi/usenix/benchmark/newbench_norm/fake/A_fire_hydrant_sitting_next_to_a_tree_in_a_forest..png,3.288358493591659e-05
NewBench,2025,1,/shared/home/sarim.hashmi/usenix/benchmark/newbench_norm/fake/A_fire_hydrant_that_is_red_on_top_and_says_to_open..png,0.0007141698733903468
NewBench,2025,1,/shared/home/sarim.hashmi/usenix/benchmark/newbench_norm/fake/A_fire_hydrant_that_is_spewing_water_in_the_middle_of_a_city..png,0.00045414469786919653
NewBench,2025,1,/shared/home/sarim.hashmi/usenix/benchmark/newbench_norm/fake/A_flock_of_birds_are_flying_above_the_spire_of_a_building_tower..png,0.006267909426242113
NewBench,2025,1,/shared/home/sarim.hashmi/usenix/benchmark/newbench_norm/fake/A_flock_of_sheep_graze_on_a_hillside..png,0.0007940857904031873
NewBench,2025,1,/shared/home/sarim.hashmi/usenix/benchmark/newbench_norm/fake/A_flock_of_sheep_grazing_in_a_field_of_grass..png,0.0004855840525124222
NewBench,2025,1,/shared/home/sarim.hashmi/usenix/benchmark/newbench_norm/fake/A_folk_of_birds_flying_over_a_military_ship..png,0.01497743185609579
NewBench,2025,1,/shared/home/sarim.hashmi/usenix/benchmark/newbench_norm/fake/A_formation_of_birds_in_a_sky_at_sunset..png,0.003846364328637719
NewBench,2025,1,/shared/home/sarim.hashmi/usenix/benchmark/newbench_norm/fake/A_four_engine_Air_Algerie_prop_plane_with_landing_gear_out.png,0.00925773847848177
NewBench,2025,1,/shared/home/sarim.hashmi/usenix/benchmark/newbench_norm/fake/A_frozen_fire_hydrant_spewing_ice_out_into_a_street..png,0.00016370616503991187
NewBench,2025,1,"/shared/home/sarim.hashmi/usenix/benchmark/newbench_norm/fake/A_full_perspective_of_a_restroom_view_with_a_few_things._
.png",0.02406087890267372
NewBench,2025,1,/shared/home/sarim.hashmi/usenix/benchmark/newbench_norm/fake/A_full_view_of_a_nice_and_comfortable_bed_with_pillows._.png,0.00010764303442556411
NewBench,2025,1,/shared/home/sarim.hashmi/usenix/benchmark/newbench_norm/fake/A_gang_of_bikers_riding_down_a_street_next_to_tall_buildings..png,0.0009366924059577286
NewBench,2025,1,/shared/home/sarim.hashmi/usenix/benchmark/newbench_norm/fake/A_garden_is_surrounded_by_a_train_and_phone_booth._.png,0.0035518864169716835
NewBench,2025,1,/shared/home/sarim.hashmi/usenix/benchmark/newbench_norm/fake/A_giraffe_grazing_from_a_tree_with_rock_wall_in_background..png,0.0007635436486452818
NewBench,2025,1,/shared/home/sarim.hashmi/usenix/benchmark/newbench_norm/fake/A_giraffe_in_a_grassy_field_near_a_hill..png,0.014525936916470528
NewBench,2025,1,/shared/home/sarim.hashmi/usenix/benchmark/newbench_norm/fake/A_giraffe_laying_on_the_ground_near_a_fence..png,0.0005986122996546328
NewBench,2025,1,/shared/home/sarim.hashmi/usenix/benchmark/newbench_norm/fake/A_giraffe_stand_in_front_of_large_rocks_and_looks_at_a_tree..png,0.0019454994471743703
NewBench,2025,1,/shared/home/sarim.hashmi/usenix/benchmark/newbench_norm/fake/A_giraffe_standing_next_to_a_tall_tree..png,0.00010515386384213343
NewBench,2025,1,/shared/home/sarim.hashmi/usenix/benchmark/newbench_norm/fake/A_giraffe_standing_on_a_dirt_road_next_to_plants..png,0.00032867887057363987
NewBench,2025,1,/shared/home/sarim.hashmi/usenix/benchmark/newbench_norm/fake/A_giraffe_standing_on_top_of_a_lush_green_field..png,0.00022442814952228218
NewBench,2025,1,/shared/home/sarim.hashmi/usenix/benchmark/newbench_norm/fake/A_giraffe_stands_with_several_birds_resting_on_it's_neck._.png,0.0037822562735527754
NewBench,2025,1,/shared/home/sarim.hashmi/usenix/benchmark/newbench_norm/fake/A_giraffe_walking_across_a_dirt_and_grass_field..png,0.000247920019319281
NewBench,2025,1,/shared/home/sarim.hashmi/usenix/benchmark/newbench_norm/fake/A_giraffe_walking_across_a_lush_green_field..png,0.00015709735453128815
NewBench,2025,1,/shared/home/sarim.hashmi/usenix/benchmark/newbench_norm/fake/A_giraffe_walking_in_a_field_with_gazelle's_looking_on._.png,0.0003759428800549358
NewBench,2025,1,/shared/home/sarim.hashmi/usenix/benchmark/newbench_norm/fake/A_giraffe_walking_in_a_sandy_enclosure_.png,0.0018750884337350726
NewBench,2025,1,/shared/home/sarim.hashmi/usenix/benchmark/newbench_norm/fake/A_girl_holding_a_skewer_with_a_banana_on_the_end.__.png,0.0017454330809414387
NewBench,2025,1,/shared/home/sarim.hashmi/usenix/benchmark/newbench_norm/fake/A_girl_in_white_shirt_painting_a_black_umbrella..png,0.000465508084744215
NewBench,2025,1,/shared/home/sarim.hashmi/usenix/benchmark/newbench_norm/fake/A_girl_takes_a_picture_of_herself_in_the_mirror..png,0.0011148953344672918
NewBench,2025,1,/shared/home/sarim.hashmi/usenix/benchmark/newbench_norm/fake/A_goat_standing_next_to_a_tree_in_the_open..png,0.0006589263211935759
NewBench,2025,1,/shared/home/sarim.hashmi/usenix/benchmark/newbench_norm/fake/A_goat_with_very_long_horns_standing_in_front_of_a_tree..png,0.0007118046632967889
NewBench,2025,1,/shared/home/sarim.hashmi/usenix/benchmark/newbench_norm/fake/A_gray_and_black_bird_sitting_next_to_the_ocean..png,0.008593728765845299
NewBench,2025,1,/shared/home/sarim.hashmi/usenix/benchmark/newbench_norm/fake/A_gray_and_white_cat_sitting_in_blue_bowl..png,0.0002858676598407328
NewBench,2025,1,/shared/home/sarim.hashmi/usenix/benchmark/newbench_norm/fake/A_gray_and_yellow_train_traveling_along_the_tracks.png,0.0001146204667747952
NewBench,2025,1,/shared/home/sarim.hashmi/usenix/benchmark/newbench_norm/fake/A_gray_motorcycle_parked_in_a_parking_lot..png,0.0001762755709933117
NewBench,2025,1,/shared/home/sarim.hashmi/usenix/benchmark/newbench_norm/fake/A_green_and_blue_bus_stopped_to_discharge_passengers..png,0.00023252780374605209
NewBench,2025,1,/shared/home/sarim.hashmi/usenix/benchmark/newbench_norm/fake/A_green_and_white_bus_driving_down_a__city_street..png,0.000592388620134443
NewBench,2025,1,/shared/home/sarim.hashmi/usenix/benchmark/newbench_norm/fake/A_green_mailbox_with_graffiti_on_the_side.png,6.512957770610228e-05
NewBench,2025,1,/shared/home/sarim.hashmi/usenix/benchmark/newbench_norm/fake/A_green_mountain_bike_sitting_next_to_a_bridge_as_a_train_passes_by..png,0.0003170278505422175
NewBench,2025,1,/shared/home/sarim.hashmi/usenix/benchmark/newbench_norm/fake/A_green_street_sign_sitting_below_a_large_tree..png,0.0002402343525318429
NewBench,2025,1,/shared/home/sarim.hashmi/usenix/benchmark/newbench_norm/fake/A_green_train_traveling_down_train_tracks_next_to_another_train..png,0.0001145168935181573
NewBench,2025,1,/shared/home/sarim.hashmi/usenix/benchmark/newbench_norm/fake/A_green_truck_parked_in_the_middle_of_a_garage..png,6.688029679935426e-05
NewBench,2025,1,/shared/home/sarim.hashmi/usenix/benchmark/newbench_norm/fake/A_grey_and_white_cat_outside_looking_into_a_window..png,2.7108777430839837e-05
NewBench,2025,1,/shared/home/sarim.hashmi/usenix/benchmark/newbench_norm/fake/A_group_of_bikers_parked_in_the_middle_of_a_street..png,0.001249144203029573
NewBench,2025,1,/shared/home/sarim.hashmi/usenix/benchmark/newbench_norm/fake/A_group_of_birds_eating_at_a_bird_feeder.png,0.00020131796190980822
NewBench,2025,1,/shared/home/sarim.hashmi/usenix/benchmark/newbench_norm/fake/A_group_of_elephants_are_standing_under_a_roof_cover..png,0.0002453825727570802
NewBench,2025,1,/shared/home/sarim.hashmi/usenix/benchmark/newbench_norm/fake/A_group_of_giraffe_standing_next_to_each_other_on_a_field..png,0.0013235567603260279
NewBench,2025,1,/shared/home/sarim.hashmi/usenix/benchmark/newbench_norm/fake/A_group_of_giraffe_standing_on_top_of_a_dirt_field..png,0.00010485447273822501
NewBench,2025,1,/shared/home/sarim.hashmi/usenix/benchmark/newbench_norm/fake/A_group_of_giraffes_next_to_a_fence..png,0.0003494267584756017
NewBench,2025,1,/shared/home/sarim.hashmi/usenix/benchmark/newbench_norm/fake/A_group_of_knives_mounted_to_a_kitchen_wall..png,0.0036003172863274813
NewBench,2025,1,/shared/home/sarim.hashmi/usenix/benchmark/newbench_norm/fake/A_group_of_men_standing_around_a_luggage_cart..png,0.0027830852195620537
NewBench,2025,1,/shared/home/sarim.hashmi/usenix/benchmark/newbench_norm/fake/A_group_of_men_standing_in_front_of_a_bar_having_a_conversation..png,0.000860889267642051
NewBench,2025,1,/shared/home/sarim.hashmi/usenix/benchmark/newbench_norm/fake/A_group_of_motorcycles_parked_in_front_of_a_building..png,0.12545031309127808
NewBench,2025,1,/shared/home/sarim.hashmi/usenix/benchmark/newbench_norm/fake/A_group_of_people_are_playing_some_musical_instruments..png,0.0013898661127313972
NewBench,2025,1,/shared/home/sarim.hashmi/usenix/benchmark/newbench_norm/fake/A_group_of_people_eating_at_tables_under_umbrellas_in_front_of_a_restaurant..png,0.230587899684906
NewBench,2025,1,/shared/home/sarim.hashmi/usenix/benchmark/newbench_norm/fake/A_group_of_people_in_suits_standing_in_a_kitchen..png,0.0025441828183829784
NewBench,2025,1,/shared/home/sarim.hashmi/usenix/benchmark/newbench_norm/fake/A_group_of_people_on_a_city_street..png,0.0008589128847233951
NewBench,2025,1,/shared/home/sarim.hashmi/usenix/benchmark/newbench_norm/fake/A_group_of_people_on_motorbikes_ride_on_a_path..png,5.0248032493982464e-05
NewBench,2025,1,/shared/home/sarim.hashmi/usenix/benchmark/newbench_norm/fake/A_group_of_people_sitting_and_laying_next_to_each_other..png,8.700460602995008e-05
NewBench,2025,1,/shared/home/sarim.hashmi/usenix/benchmark/newbench_norm/fake/A_group_of_people_sitting_on_motor_bikes_on_a_street..png,0.00025262156850658357
NewBench,2025,1,/shared/home/sarim.hashmi/usenix/benchmark/newbench_norm/fake/A_group_of_people_sitting_on_strange_looking_benches._.png,7.343242032220587e-05
NewBench,2025,1,/shared/home/sarim.hashmi/usenix/benchmark/newbench_norm/fake/A_group_of_people_standing_outside_of_a_small_airplane..png,0.0003976453735958785
NewBench,2025,1,/shared/home/sarim.hashmi/usenix/benchmark/newbench_norm/fake/A_group_of_police_officer_standing_in_front_of_a_red_bus..png,0.0002360271173529327
NewBench,2025,1,/shared/home/sarim.hashmi/usenix/benchmark/newbench_norm/fake/A_group_of_sheep_being_herded_by_a_black_dog..png,0.0003284674312453717
NewBench,2025,1,/shared/home/sarim.hashmi/usenix/benchmark/newbench_norm/fake/A_group_of_sheep_is_standing_in_a_grassy_field..png,0.00018163237837143242
NewBench,2025,1,/shared/home/sarim.hashmi/usenix/benchmark/newbench_norm/fake/A_group_of_sheep_sitting_next_to_a_tree..png,6.967854278627783e-05
NewBench,2025,1,/shared/home/sarim.hashmi/usenix/benchmark/newbench_norm/fake/A_group_of_small_exotic_birds_standing_on_a_large_bamboo_stick..png,0.0033963234163820744
NewBench,2025,1,/shared/home/sarim.hashmi/usenix/benchmark/newbench_norm/fake/A_group_of_three_women_sitting_at_a_table_sharing_a_cup_of_tea..png,0.00011166129115736112
NewBench,2025,1,/shared/home/sarim.hashmi/usenix/benchmark/newbench_norm/fake/A_group_of_women_standing_next_to_each_other_in_an_office..png,0.00020085167489014566
NewBench,2025,1,/shared/home/sarim.hashmi/usenix/benchmark/newbench_norm/fake/A_guy_rides_a_bike_in_a_race_and_has_fun.png,0.00021875288803130388
NewBench,2025,1,/shared/home/sarim.hashmi/usenix/benchmark/newbench_norm/fake/A_herd_of_animals_laying_down_in_a_lush_green_field..png,0.00030243201763369143
NewBench,2025,1,/shared/home/sarim.hashmi/usenix/benchmark/newbench_norm/fake/A_herd_of_sheep_standing_on_a_grass_covered_hillside..png,0.0026623974554240704
NewBench,2025,1,/shared/home/sarim.hashmi/usenix/benchmark/newbench_norm/fake/A_highway_scene_with_focus_on_an_exit_sign..png,0.0005166257615201175
NewBench,2025,1,/shared/home/sarim.hashmi/usenix/benchmark/newbench_norm/fake/A_jet_is_flying_through_the_air_leaving_smoke_behind_it..png,0.001749289920553565
NewBench,2025,1,"/shared/home/sarim.hashmi/usenix/benchmark/newbench_norm/fake/A_kitchen_area_with_shelves,_counter_and_bar_stools..png",6.824757292633876e-05
NewBench,2025,1,/shared/home/sarim.hashmi/usenix/benchmark/newbench_norm/fake/A_kitchen_filled_with_appliances_and_track_lighting..png,0.0005608831415884197
NewBench,2025,1,/shared/home/sarim.hashmi/usenix/benchmark/newbench_norm/fake/A_kitchen_filled_with_clutter_all_over_it's_counter..png,9.457564010517672e-05
NewBench,2025,1,/shared/home/sarim.hashmi/usenix/benchmark/newbench_norm/fake/A_kitchen_filled_with_wooden_cabinets_and_a_table..png,5.008900188840926e-05
NewBench,2025,1,"/shared/home/sarim.hashmi/usenix/benchmark/newbench_norm/fake/A_kitchen_is_displayed,_showing_wooden_cabinets_and_a_blue_tiled_counter_top..png",0.0007771507953293622
NewBench,2025,1,/shared/home/sarim.hashmi/usenix/benchmark/newbench_norm/fake/A_kitchen_scene_with_focus_on_a_sink_and_oven..png,0.00011572947551030666
NewBench,2025,1,/shared/home/sarim.hashmi/usenix/benchmark/newbench_norm/fake/A_kitchen_that_has_a_sink_and_cabinets_in_it..png,5.266196603770368e-05
NewBench,2025,1,"/shared/home/sarim.hashmi/usenix/benchmark/newbench_norm/fake/A_kitchen_that_has_different_types_of_pots,_and_pans_on_a_stove..png",0.00038311316166073084
NewBench,2025,1,"/shared/home/sarim.hashmi/usenix/benchmark/newbench_norm/fake/A_kitchen_that_includes_a_stove,_ovens_and_refrigerator..png",2.98648501484422e-05
NewBench,2025,1,/shared/home/sarim.hashmi/usenix/benchmark/newbench_norm/fake/A_kitchen_that_is_ready_to_have_appliances_put_into_it..png,0.00039342837408185005
NewBench,2025,1,"/shared/home/sarim.hashmi/usenix/benchmark/newbench_norm/fake/A_kitchen_with_a_refrigerator,_sink,_drawers_and_cabinets._.png",0.0005554331000894308
NewBench,2025,1,/shared/home/sarim.hashmi/usenix/benchmark/newbench_norm/fake/A_kitchen_with_a_stove_and_a_microwave..png,0.7563291788101196
NewBench,2025,1,/shared/home/sarim.hashmi/usenix/benchmark/newbench_norm/fake/A_kitchen_with_a_wooden_table__with_a_cat_sleeping_on_top_of_it..png,0.00013309040514286608
NewBench,2025,1,"/shared/home/sarim.hashmi/usenix/benchmark/newbench_norm/fake/A_kitchen_with_an_oven,_stove_,_sink,_microwave_and_refrigerator..png",0.003658546367660165
NewBench,2025,1,/shared/home/sarim.hashmi/usenix/benchmark/newbench_norm/fake/A_kitchen_with_granite_counter_tops_and_a_large_oven..png,0.0006095669232308865
NewBench,2025,1,/shared/home/sarim.hashmi/usenix/benchmark/newbench_norm/fake/A_kitchen_with_lots_of_black_counter_top_space..png,0.1769329160451889
NewBench,2025,1,/shared/home/sarim.hashmi/usenix/benchmark/newbench_norm/fake/A_kitchen_with_lots_of_clutter_a_door_with_a_large_window..png,0.028052305802702904
NewBench,2025,1,/shared/home/sarim.hashmi/usenix/benchmark/newbench_norm/fake/A_kitchen_with_wooden_cabinets_and_a_fridge.png,0.00013478452456183732
NewBench,2025,1,/shared/home/sarim.hashmi/usenix/benchmark/newbench_norm/fake/A_kitchen_with_wooden_counter_tops_and_a_stove_top_oven..png,0.0006619411869905889
NewBench,2025,1,/shared/home/sarim.hashmi/usenix/benchmark/newbench_norm/fake/A_kitchen_with_wooden_walls_and_cabinets_with_lighting..png,0.00027724745450541377
NewBench,2025,1,/shared/home/sarim.hashmi/usenix/benchmark/newbench_norm/fake/A_kitten_eating_food_out_of_a_dish_on_the_kitchen_floor..png,0.000313694792566821
NewBench,2025,1,/shared/home/sarim.hashmi/usenix/benchmark/newbench_norm/fake/A_lady_in_bed_with_oxygen_tube_and_a_dog..png,0.013027550652623177
NewBench,2025,1,/shared/home/sarim.hashmi/usenix/benchmark/newbench_norm/fake/A_lady_with_a_flower_in_her_hair_taking_of_picture_of_herself_in_a_mirror..png,0.0004803030169568956
NewBench,2025,1,/shared/home/sarim.hashmi/usenix/benchmark/newbench_norm/fake/A_laptop_computer_on_a_table_in_the_passenger_cabin_of_an_airplane..png,0.0001893200387712568
NewBench,2025,1,/shared/home/sarim.hashmi/usenix/benchmark/newbench_norm/fake/A_laptop_computer_sitting_on_top_of_a_computer_desk..png,0.000904341577552259
NewBench,2025,1,/shared/home/sarim.hashmi/usenix/benchmark/newbench_norm/fake/A_large_air_plane_smoking_and_parked_in_the_snow_._.png,5.402370516094379e-05
NewBench,2025,1,/shared/home/sarim.hashmi/usenix/benchmark/newbench_norm/fake/A_large_airplane_flies_overhead_through_the_sky..png,0.001009186846204102
NewBench,2025,1,/shared/home/sarim.hashmi/usenix/benchmark/newbench_norm/fake/A_large_airplane_flying_over_a_lush_green_hillside..png,4.360294042271562e-05
NewBench,2025,1,/shared/home/sarim.hashmi/usenix/benchmark/newbench_norm/fake/A_large_bird_sitting_on_top_of_a_tree..png,0.7853913307189941
NewBench,2025,1,/shared/home/sarim.hashmi/usenix/benchmark/newbench_norm/fake/A_large_blue_train_on_a_steel_track..png,0.0003770120092667639
NewBench,2025,1,/shared/home/sarim.hashmi/usenix/benchmark/newbench_norm/fake/A_large_body_of_water_in_front_of_a_shoreline_with_a_long_train_bridge..png,0.00026587818865664303
NewBench,2025,1,/shared/home/sarim.hashmi/usenix/benchmark/newbench_norm/fake/A_large_collection_of_cooking_utensils_hanging_on_a_wall..png,0.0005704820505343378
NewBench,2025,1,/shared/home/sarim.hashmi/usenix/benchmark/newbench_norm/fake/A_large_exit_street_sign_laying_on_the_ground..png,0.000500132271554321
NewBench,2025,1,"/shared/home/sarim.hashmi/usenix/benchmark/newbench_norm/fake/A_large_filled_with_lots_of_purple_flowers_behind_a_blue_sign
.png",0.0007733617676422
NewBench,2025,1,/shared/home/sarim.hashmi/usenix/benchmark/newbench_norm/fake/A_large_giraffe_standing_behind_a_wire_fence..png,0.6498363614082336
NewBench,2025,1,/shared/home/sarim.hashmi/usenix/benchmark/newbench_norm/fake/A_large_group_of_tall_giraffe_in_a_room..png,0.000486471428303048
NewBench,2025,1,/shared/home/sarim.hashmi/usenix/benchmark/newbench_norm/fake/A_large_jet_flying_through_a_cloudy_blue_sky..png,0.0005395110347308218
NewBench,2025,1,/shared/home/sarim.hashmi/usenix/benchmark/newbench_norm/fake/A_large_jet_sitting_on_top_of_an_airport_tarmac..png,0.0002221715694759041
NewBench,2025,1,/shared/home/sarim.hashmi/usenix/benchmark/newbench_norm/fake/A_large_jetliner_flying_over_a_tall_building_in_the_sky..png,0.0002192847605329007
NewBench,2025,1,/shared/home/sarim.hashmi/usenix/benchmark/newbench_norm/fake/A_large_jetliner_flying_through_a_cloudy_blue_sky..png,0.0009591436828486621
NewBench,2025,1,/shared/home/sarim.hashmi/usenix/benchmark/newbench_norm/fake/A_large_jetliner_sitting_on_top_of_an_airport_runway..png,0.16977326571941376
NewBench,2025,1,/shared/home/sarim.hashmi/usenix/benchmark/newbench_norm/fake/A_large_jetliner_sitting_on_top_of_an_airport_tarmac..png,0.058296896517276764
NewBench,2025,1,/shared/home/sarim.hashmi/usenix/benchmark/newbench_norm/fake/A_large_long_train_on_a_steel_track..png,0.00027241939096711576
NewBench,2025,1,/shared/home/sarim.hashmi/usenix/benchmark/newbench_norm/fake/A_large_modern_bathroom_features_an_oversize_tub_and_walk-in_shower..png,0.0006693705799989402
NewBench,2025,1,/shared/home/sarim.hashmi/usenix/benchmark/newbench_norm/fake/A_large_open_room_with_a_long_white_staircase..png,0.0003832099901046604
NewBench,2025,1,/shared/home/sarim.hashmi/usenix/benchmark/newbench_norm/fake/A_large_passenger_jet_flying_over_the_top_of_a_forest..png,0.00018417066894471645
NewBench,2025,1,/shared/home/sarim.hashmi/usenix/benchmark/newbench_norm/fake/A_large_white_airplane_with_blue_tail_parked..png,0.0010296318214386702
NewBench,2025,1,/shared/home/sarim.hashmi/usenix/benchmark/newbench_norm/fake/A_large_white_bush_driving_down_a_city_street..png,0.0001915512839332223
NewBench,2025,1,/shared/home/sarim.hashmi/usenix/benchmark/newbench_norm/fake/A_large_white_castle_like_building_with_a_statue_in_front._.png,0.000348032102920115
NewBench,2025,1,/shared/home/sarim.hashmi/usenix/benchmark/newbench_norm/fake/A_large_white_dog_statue_sitting_next_to_a_clock..png,0.0005592078086920083
NewBench,2025,1,/shared/home/sarim.hashmi/usenix/benchmark/newbench_norm/fake/A_larger_passenger_jet_flying_through_a_blue_sky..png,0.0001021086354739964
NewBench,2025,1,"/shared/home/sarim.hashmi/usenix/benchmark/newbench_norm/fake/A_left_turn_signal,_stoplight_and_street_sign_are_hanging_on_a_pole..png",0.0014588618651032448
NewBench,2025,1,/shared/home/sarim.hashmi/usenix/benchmark/newbench_norm/fake/A_little_boy_in_the_airport_watching_an_airplane..png,0.00015178084140643477
NewBench,2025,1,/shared/home/sarim.hashmi/usenix/benchmark/newbench_norm/fake/A_little_boy_wearing_a_hat_and_leather_boots..png,0.0019920782651752234
NewBench,2025,1,/shared/home/sarim.hashmi/usenix/benchmark/newbench_norm/fake/A_little_girl_climbing_up_steps_to_touch_a_giraffe..png,0.0005562015576288104
NewBench,2025,1,"/shared/home/sarim.hashmi/usenix/benchmark/newbench_norm/fake/A_little_girl_lies_on_a_wooden_bench,_eating_snacks_from_a_bag..png",0.0021110596135258675
NewBench,2025,1,/shared/home/sarim.hashmi/usenix/benchmark/newbench_norm/fake/A_lone_woman_stands_at_an_empty_train_station..png,9.746358409756795e-05
NewBench,2025,1,/shared/home/sarim.hashmi/usenix/benchmark/newbench_norm/fake/A_long_bench_sitting_next_to_a_large_fence..png,0.0014778802869841456
NewBench,2025,1,/shared/home/sarim.hashmi/usenix/benchmark/newbench_norm/fake/A_lot_of_birds_flying_around_on_a_beach..png,0.00015289001748897135
NewBench,2025,1,/shared/home/sarim.hashmi/usenix/benchmark/newbench_norm/fake/A_lot_of_thought_went_into_decorating_this_rustic_bathroom..png,0.00025425164494663477
NewBench,2025,1,/shared/home/sarim.hashmi/usenix/benchmark/newbench_norm/fake/A_man's_reflection_is_in_a_mirror_of_a_bathroom..png,0.0017172694206237793
NewBench,2025,1,"/shared/home/sarim.hashmi/usenix/benchmark/newbench_norm/fake/A_man,_woman_and_child_in_an_advertisement_vehicle_for_a_seafood_restaurant..png",0.017880521714687347
NewBench,2025,1,/shared/home/sarim.hashmi/usenix/benchmark/newbench_norm/fake/A_man_admiring_a_dog_on_a_bench_made_of_books..png,0.00029460471705533564
NewBench,2025,1,/shared/home/sarim.hashmi/usenix/benchmark/newbench_norm/fake/A_man_and_two_women_are_standing_beside_an_airplane..png,0.00031512160785496235
NewBench,2025,1,/shared/home/sarim.hashmi/usenix/benchmark/newbench_norm/fake/A_man_and_two_women_walking_their_dogs_and_hiking_in_the_woods..png,0.000416007824242115
NewBench,2025,1,/shared/home/sarim.hashmi/usenix/benchmark/newbench_norm/fake/A_man_cycling_and_a_Stop_sign_at_the_front.png,5.4968419135548174e-05
NewBench,2025,1,/shared/home/sarim.hashmi/usenix/benchmark/newbench_norm/fake/A_man_drives_fast_in_a_motorcycle_with_kids_in_the_sidecar.png,0.0002801412483677268
NewBench,2025,1,/shared/home/sarim.hashmi/usenix/benchmark/newbench_norm/fake/A_man_fixing_a_traffic_light_while_on_a_cherry_picker..png,0.00013603296247310936
NewBench,2025,1,/shared/home/sarim.hashmi/usenix/benchmark/newbench_norm/fake/A_man_flying_through_the_air_while_riding_a_snowboard..png,0.0015165169024839997
NewBench,2025,1,/shared/home/sarim.hashmi/usenix/benchmark/newbench_norm/fake/A_man_flying_through_the_air_while_riding_a_surfboard..png,0.0014997548423707485
NewBench,2025,1,/shared/home/sarim.hashmi/usenix/benchmark/newbench_norm/fake/A_man_in_a_dress_riding_a_tiger_motorcycle..png,0.003037982387468219
NewBench,2025,1,/shared/home/sarim.hashmi/usenix/benchmark/newbench_norm/fake/A_man_in_a_gray_jacket_standing_in_a_kitchen_next_to_a_black_dog..png,0.001519236247986555
NewBench,2025,1,/shared/home/sarim.hashmi/usenix/benchmark/newbench_norm/fake/A_man_in_a_wetsuit_is_holding_his_surfboard_on_the_pier._.png,0.00040155090391635895
NewBench,2025,1,/shared/home/sarim.hashmi/usenix/benchmark/newbench_norm/fake/A_man_in_hipster_clothes_straddling_a_bicycle_on_the_sidewalk..png,8.991902723209932e-05
NewBench,2025,1,/shared/home/sarim.hashmi/usenix/benchmark/newbench_norm/fake/A_man_is_feeding_a_griaffe_off_of_the_stand.png,0.00026470154989510775
NewBench,2025,1,/shared/home/sarim.hashmi/usenix/benchmark/newbench_norm/fake/A_man_is_sitting_in_a_beige_chair_in_a_living_room.png,6.0153102822368965e-05
NewBench,2025,1,/shared/home/sarim.hashmi/usenix/benchmark/newbench_norm/fake/A_man_is_sitting_on_a_bench_reading_a_book..png,0.00019068150140810758
NewBench,2025,1,/shared/home/sarim.hashmi/usenix/benchmark/newbench_norm/fake/A_man_laying_on_the_ground_in_front_of_a_motorcycle..png,0.00026527908630669117
NewBench,2025,1,/shared/home/sarim.hashmi/usenix/benchmark/newbench_norm/fake/A_man_on_a_motorcycle_with_a_group_of_people_standing_around_it..png,0.0006330328178592026
NewBench,2025,1,/shared/home/sarim.hashmi/usenix/benchmark/newbench_norm/fake/A_man_on_a_motorcycle_with_a_woman_on_back.png,0.0014397988561540842
NewBench,2025,1,/shared/home/sarim.hashmi/usenix/benchmark/newbench_norm/fake/A_man_on_a_skateboard_riding_on_a_street..png,0.0004514567262958735
NewBench,2025,1,/shared/home/sarim.hashmi/usenix/benchmark/newbench_norm/fake/A_man_on_bicycle_carrying_bunches_of_bananas_through_street..png,0.0006769445026293397
NewBench,2025,1,/shared/home/sarim.hashmi/usenix/benchmark/newbench_norm/fake/A_man_preparing_food_in_a_restaurant_kitchen._.png,7.08669176674448e-05
NewBench,2025,1,/shared/home/sarim.hashmi/usenix/benchmark/newbench_norm/fake/A_man_races_a_motorcycle_on_a_track..png,0.00035832147113978863
NewBench,2025,1,/shared/home/sarim.hashmi/usenix/benchmark/newbench_norm/fake/A_man_riding_a_bike_down_a_dark_city_street..png,0.00016121096268761903
NewBench,2025,1,/shared/home/sarim.hashmi/usenix/benchmark/newbench_norm/fake/A_man_riding_a_bike_down_a_street..png,0.00012541390606202185
NewBench,2025,1,/shared/home/sarim.hashmi/usenix/benchmark/newbench_norm/fake/A_man_riding_a_bike_down_a_street_past_a_young_man..png,0.000376430427422747
NewBench,2025,1,/shared/home/sarim.hashmi/usenix/benchmark/newbench_norm/fake/A_man_riding_a_bike_on_a_dirt_path_through_a_forest..png,0.0003896508424077183
NewBench,2025,1,/shared/home/sarim.hashmi/usenix/benchmark/newbench_norm/fake/A_man_riding_a_motorcycle_across_a_sandy_beach..png,0.0006762690609320998
NewBench,2025,1,/shared/home/sarim.hashmi/usenix/benchmark/newbench_norm/fake/A_man_riding_a_motorcycle_next_to_a_red_stop_sign..png,0.000281309534329921
NewBench,2025,1,/shared/home/sarim.hashmi/usenix/benchmark/newbench_norm/fake/A_man_riding_a_motorcycle_with_a_helmet_on._.png,9.87268504104577e-05
NewBench,2025,1,/shared/home/sarim.hashmi/usenix/benchmark/newbench_norm/fake/A_man_riding_on_the_back_of_another_mans_bike_in_the_street.png,6.934948760317639e-05
NewBench,2025,1,/shared/home/sarim.hashmi/usenix/benchmark/newbench_norm/fake/A_man_sees_a_double_reflection_in_his_mirror..png,0.0018771261675283313
NewBench,2025,1,/shared/home/sarim.hashmi/usenix/benchmark/newbench_norm/fake/A_man_sitting_at_a_park_working_on_a_laptop_computer..png,0.0007599638774991035
NewBench,2025,1,/shared/home/sarim.hashmi/usenix/benchmark/newbench_norm/fake/A_man_sitting_on_his_skateboard_in_a_field..png,0.000536277424544096
NewBench,2025,1,/shared/home/sarim.hashmi/usenix/benchmark/newbench_norm/fake/A_man_sleeping_on_a_navy_blue_pillow_with_a_TV_monitor_in_place_of_his_head._.png,8.722008351469412e-05
NewBench,2025,1,/shared/home/sarim.hashmi/usenix/benchmark/newbench_norm/fake/A_man_standing_in_front_of_a_mirror_above_a_counter..png,0.0011357399635016918
NewBench,2025,1,/shared/home/sarim.hashmi/usenix/benchmark/newbench_norm/fake/A_man_standing_next_to_a_car_in_the_snow..png,3.167016984662041e-05
NewBench,2025,1,/shared/home/sarim.hashmi/usenix/benchmark/newbench_norm/fake/A_man_standing_next_to_a_motorcycle_on_the_side_of_a_hill..png,0.00015085481572896242
NewBench,2025,1,/shared/home/sarim.hashmi/usenix/benchmark/newbench_norm/fake/A_man_standing_next_to_a_parked_motorcycle..png,0.004293452017009258
NewBench,2025,1,/shared/home/sarim.hashmi/usenix/benchmark/newbench_norm/fake/A_man_standing_next_to_a_woman_in_a_room..png,0.0007278918637894094
NewBench,2025,1,/shared/home/sarim.hashmi/usenix/benchmark/newbench_norm/fake/A_man_standing_outdoors_next_to_a_dirt_bike_and_ATV..png,0.0004026588867418468
NewBench,2025,1,/shared/home/sarim.hashmi/usenix/benchmark/newbench_norm/fake/A_man_standing_outside_of_a_building_next_to_bicycles..png,0.00012409761257003993
NewBench,2025,1,/shared/home/sarim.hashmi/usenix/benchmark/newbench_norm/fake/A_man_taking_a_picture_of_his_reflection_in_the_bathroom.png,0.015411189757287502
NewBench,2025,1,/shared/home/sarim.hashmi/usenix/benchmark/newbench_norm/fake/A_man_that_has_a_happy_new__year_hat_on..png,0.0010792710818350315
NewBench,2025,1,/shared/home/sarim.hashmi/usenix/benchmark/newbench_norm/fake/A_man_thinks_as_he_stands_in_front_of_a_sign..png,0.0002478193200659007
NewBench,2025,1,/shared/home/sarim.hashmi/usenix/benchmark/newbench_norm/fake/A_man_walking_down_a_road_in_front_of_a_double_decker_bus..png,6.156975723570213e-05
NewBench,2025,1,/shared/home/sarim.hashmi/usenix/benchmark/newbench_norm/fake/A_man_walking_down_a_road_with_a_horse_and_carriage_coming_at_him..png,4.82359500892926e-05
NewBench,2025,1,/shared/home/sarim.hashmi/usenix/benchmark/newbench_norm/fake/A_man_walking_towards_a_stop_sign_on_the_sidewalk..png,0.0007786942878738046
NewBench,2025,1,/shared/home/sarim.hashmi/usenix/benchmark/newbench_norm/fake/A_man_walking_while_holding_an_umbrella_on_a_wet_sidewalk..png,0.00026057942886836827
NewBench,2025,1,/shared/home/sarim.hashmi/usenix/benchmark/newbench_norm/fake/A_man_walks_across_a_street_with_a_stop_sign_in_the_foreground..png,7.60601760703139e-05
NewBench,2025,1,/shared/home/sarim.hashmi/usenix/benchmark/newbench_norm/fake/A_man_watching_a_single_engine_plane_make_an_approach_to_land..png,0.0002858229854609817
NewBench,2025,1,/shared/home/sarim.hashmi/usenix/benchmark/newbench_norm/fake/A_man_wearing_a_glove_with_a_bird_on_top_of_it..png,0.0010803990298882127
NewBench,2025,1,/shared/home/sarim.hashmi/usenix/benchmark/newbench_norm/fake/A_man_wearing_a_hat_riding_a_motorcycle..png,4.7715082473587245e-05
NewBench,2025,1,/shared/home/sarim.hashmi/usenix/benchmark/newbench_norm/fake/A_man_wearing_jeans_sitting_on_a_parked_motorcycle..png,6.414717063307762e-05
NewBench,2025,1,/shared/home/sarim.hashmi/usenix/benchmark/newbench_norm/fake/A_man_with_camera_watching_a_group_of_giraffes.png,0.0002040248946286738
NewBench,2025,1,/shared/home/sarim.hashmi/usenix/benchmark/newbench_norm/fake/A_man_with_glasses_riding_in_a_car_with_an_adorable_dog_in_the_backseat..png,0.00031879727612249553
NewBench,2025,1,/shared/home/sarim.hashmi/usenix/benchmark/newbench_norm/fake/A_marble_tiled_bathroom_with_double_sinks_and_wooden_cabinets.png,0.00027059754938818514
NewBench,2025,1,/shared/home/sarim.hashmi/usenix/benchmark/newbench_norm/fake/A_men's_public_washroom_with_a_blue_floor._.png,0.0021904900204390287
NewBench,2025,1,/shared/home/sarim.hashmi/usenix/benchmark/newbench_norm/fake/A_messy_desk_is_shown_with_a_laptop_computer..png,0.00011707073281286284
NewBench,2025,1,/shared/home/sarim.hashmi/usenix/benchmark/newbench_norm/fake/A_metal_pole_with_four_different_street_signs_hanging_on_it's_side..png,0.005014758091419935
NewBench,2025,1,/shared/home/sarim.hashmi/usenix/benchmark/newbench_norm/fake/A_metal_sink_and_a_row_of_white_urinals.png,0.0006346865557134151
NewBench,2025,1,/shared/home/sarim.hashmi/usenix/benchmark/newbench_norm/fake/A_military_air_craft_flies_in_the_sky_with_landing_gear_down._.png,0.02677012048661709
NewBench,2025,1,/shared/home/sarim.hashmi/usenix/benchmark/newbench_norm/fake/A_miniature_train_in_a_park_full_of_people..png,0.0007006300147622824
NewBench,2025,1,/shared/home/sarim.hashmi/usenix/benchmark/newbench_norm/fake/A_modern_bathroom_is_shown_with_a_square_sink..png,0.0002343908854527399
NewBench,2025,1,/shared/home/sarim.hashmi/usenix/benchmark/newbench_norm/fake/A_modern_jet_airplane_coming_in_to_park_at_the_gate_of_an_airport.png,9.429467172594741e-05
NewBench,2025,1,/shared/home/sarim.hashmi/usenix/benchmark/newbench_norm/fake/A_modified_motorcycle_parked_with_other_motorcycles_on_the_pavement..png,8.33941885503009e-05
NewBench,2025,1,/shared/home/sarim.hashmi/usenix/benchmark/newbench_norm/fake/A_monitor_showing_a_film_on_an_airplane..png,0.00400173757225275
NewBench,2025,1,/shared/home/sarim.hashmi/usenix/benchmark/newbench_norm/fake/A_mother_bird_and_her_offspring_walk_in_a_meadow..png,0.0012241341173648834
NewBench,2025,1,/shared/home/sarim.hashmi/usenix/benchmark/newbench_norm/fake/A_motorcycle_carrying_a_bicycle_is_parked_in_the_gravel._.png,0.0003922582545783371
NewBench,2025,1,/shared/home/sarim.hashmi/usenix/benchmark/newbench_norm/fake/A_motorcycle_is_in_a_parking_lot_with_a_helmet_on_top..png,0.0003502241743262857
NewBench,2025,1,/shared/home/sarim.hashmi/usenix/benchmark/newbench_norm/fake/A_motorcycle_is_parked_in_the_gravel_alongside_a_street..png,0.0003744870482478291
NewBench,2025,1,/shared/home/sarim.hashmi/usenix/benchmark/newbench_norm/fake/A_motorcycle_parked_behind_a_truck_on_a_green_field..png,0.0001083252063835971
NewBench,2025,1,/shared/home/sarim.hashmi/usenix/benchmark/newbench_norm/fake/A_motorcycle_parked_next_to_a_few_bicycles..png,9.672778833191842e-05
NewBench,2025,1,/shared/home/sarim.hashmi/usenix/benchmark/newbench_norm/fake/A_motorcycle_parked_next_to_each_other_near_people...png,0.00018770039605442435
NewBench,2025,1,/shared/home/sarim.hashmi/usenix/benchmark/newbench_norm/fake/A_motorcycle_parked_on_top_of_a_tiled_floor..png,0.0003329611790832132
NewBench,2025,1,/shared/home/sarim.hashmi/usenix/benchmark/newbench_norm/fake/A_motorcycle_sits_parked_across_from_a_herd_of_livestock..png,7.092600571922958e-05
NewBench,2025,1,/shared/home/sarim.hashmi/usenix/benchmark/newbench_norm/fake/A_nice_spacious_bathroom_with_light_brown_tile..png,0.0019668450113385916
NewBench,2025,1,/shared/home/sarim.hashmi/usenix/benchmark/newbench_norm/fake/A_no_left_turn_sign_hanging_from_the_side_of_a_wooden_pole..png,0.00010849019599845633
NewBench,2025,1,/shared/home/sarim.hashmi/usenix/benchmark/newbench_norm/fake/A_pair_of_remote_controlled_planes_flying_through_the_air..png,0.002794028492644429
NewBench,2025,1,/shared/home/sarim.hashmi/usenix/benchmark/newbench_norm/fake/A_pair_of_sheep_looking_eagerly_at_something_through_a_fence..png,0.00010093764285556972
NewBench,2025,1,/shared/home/sarim.hashmi/usenix/benchmark/newbench_norm/fake/A_pair_of_sneakers_hang_in_the_background_at_this_street_corner..png,0.0005275364965200424
NewBench,2025,1,/shared/home/sarim.hashmi/usenix/benchmark/newbench_norm/fake/A_pan_filled_with_veggies_and_a_block_of_butter..png,0.0008187305647879839
NewBench,2025,1,/shared/home/sarim.hashmi/usenix/benchmark/newbench_norm/fake/A_parked_motorcycle_sitting_next_to_a_white_brick_wall..png,8.820091898087412e-05
NewBench,2025,1,/shared/home/sarim.hashmi/usenix/benchmark/newbench_norm/fake/A_parking_lot_filled_with_large_passenger_buses..png,0.012020684778690338
NewBench,2025,1,/shared/home/sarim.hashmi/usenix/benchmark/newbench_norm/fake/A_parking_meter_lies_askew_on_a_street..png,9.650942956795916e-05
NewBench,2025,1,/shared/home/sarim.hashmi/usenix/benchmark/newbench_norm/fake/A_parking_sign_is_displaying_spaces_available_on_a_city_street.png,0.00030360923847183585
NewBench,2025,1,/shared/home/sarim.hashmi/usenix/benchmark/newbench_norm/fake/A_passenger_jet_aircraft_flying_in_the_sky..png,0.31706857681274414
NewBench,2025,1,/shared/home/sarim.hashmi/usenix/benchmark/newbench_norm/fake/A_passenger_jet_that_is_pulled_in_next_to_the_terminal..png,0.00011739323963411152
NewBench,2025,1,/shared/home/sarim.hashmi/usenix/benchmark/newbench_norm/fake/A_passenger_plane_that_is_parked_on_the_runway..png,0.0003266101120971143
NewBench,2025,1,/shared/home/sarim.hashmi/usenix/benchmark/newbench_norm/fake/A_patch_of_grass_with_lots_of_bikes_parked_on_it..png,4.586036811815575e-05
NewBench,2025,1,/shared/home/sarim.hashmi/usenix/benchmark/newbench_norm/fake/A_person_drives_a_bus_on_a_busy_road._.png,0.00023533115745522082
NewBench,2025,1,/shared/home/sarim.hashmi/usenix/benchmark/newbench_norm/fake/A_person_driving_a_car_towards_an_overpass..png,0.00011857476056320593
NewBench,2025,1,/shared/home/sarim.hashmi/usenix/benchmark/newbench_norm/fake/A_person_feeding_a_giraffe_while_wearing_a_hat..png,0.00024542398750782013
NewBench,2025,1,/shared/home/sarim.hashmi/usenix/benchmark/newbench_norm/fake/A_person_holding_a_black_cat_next_to_their_face..png,0.00018874111992772669
NewBench,2025,1,/shared/home/sarim.hashmi/usenix/benchmark/newbench_norm/fake/A_person_holding_up_a_piece_of_banana_to_the_camera..png,0.0007710267673246562
NewBench,2025,1,/shared/home/sarim.hashmi/usenix/benchmark/newbench_norm/fake/A_person_is_driving_a_speedboat_quickly_through_the_water..png,0.00010152270260732621
NewBench,2025,1,/shared/home/sarim.hashmi/usenix/benchmark/newbench_norm/fake/A_person_is_on_a_bench_near_a_grassy_field..png,0.00021957705030217767
NewBench,2025,1,/shared/home/sarim.hashmi/usenix/benchmark/newbench_norm/fake/A_person_laying_on_an_inflatable_mattress_with_two_sleeping_bags..png,0.00010356513666920364
NewBench,2025,1,/shared/home/sarim.hashmi/usenix/benchmark/newbench_norm/fake/A_person_leading_a_herd_of_sheep_with_a_dog..png,8.064023131737486e-05
NewBench,2025,1,/shared/home/sarim.hashmi/usenix/benchmark/newbench_norm/fake/A_person_on_a_street_next_to_a_motor_bike..png,0.0030231003183871508
NewBench,2025,1,/shared/home/sarim.hashmi/usenix/benchmark/newbench_norm/fake/A_person_riding_a_speed_motorcycle_on_a_track..png,0.000435084366472438
NewBench,2025,1,/shared/home/sarim.hashmi/usenix/benchmark/newbench_norm/fake/A_person_sitting_on_top_of_a_bench_with_their_arms_spread_out..png,0.00021202075004111975
NewBench,2025,1,/shared/home/sarim.hashmi/usenix/benchmark/newbench_norm/fake/A_person_standing_next_to_a_couple_of_motor_bikes..png,0.00011935363727388903
NewBench,2025,1,/shared/home/sarim.hashmi/usenix/benchmark/newbench_norm/fake/A_person_walking_in_the_rain_on_the_sidewalk._.png,8.495948713971302e-05
NewBench,2025,1,/shared/home/sarim.hashmi/usenix/benchmark/newbench_norm/fake/A_person_with_an_umbrella_is_standing_by_a_fountain..png,0.00013996093184687197
NewBench,2025,1,/shared/home/sarim.hashmi/usenix/benchmark/newbench_norm/fake/A_photo_of_a_restroom_containing_two_toilets..png,0.00022797330166213214
NewBench,2025,1,/shared/home/sarim.hashmi/usenix/benchmark/newbench_norm/fake/A_picture_of_a_group_of_fighter_jets_flying_together..png,0.0005689985118806362
NewBench,2025,1,/shared/home/sarim.hashmi/usenix/benchmark/newbench_norm/fake/A_picture_of_a_stone_bench_in_a_park..png,0.0003907325444743037
NewBench,2025,1,/shared/home/sarim.hashmi/usenix/benchmark/newbench_norm/fake/A_picture_of_a_train_coming_out_of_a_house..png,0.0016910332487896085
NewBench,2025,1,/shared/home/sarim.hashmi/usenix/benchmark/newbench_norm/fake/A_picture_of_a_wooden_container_with_crosses_on_it..png,8.264787174994126e-05
NewBench,2025,1,/shared/home/sarim.hashmi/usenix/benchmark/newbench_norm/fake/A_picture_of_large_glass_door_trimmed_in_white_and_a_large_beige_structure_beside_it..png,0.00033988693030551076
NewBench,2025,1,/shared/home/sarim.hashmi/usenix/benchmark/newbench_norm/fake/A_picture_taken_from_the_driver_seat_of_car_at_a_stop_sign..png,0.00028072757413610816
NewBench,2025,1,/shared/home/sarim.hashmi/usenix/benchmark/newbench_norm/fake/A_pigeon_perched_on_a_ledge_with_a_street_behind_it..png,0.0008443848928436637
NewBench,2025,1,/shared/home/sarim.hashmi/usenix/benchmark/newbench_norm/fake/A_pile_of_toilet_paper_sitting_on_top_of_a_toilet..png,0.003996777813881636
NewBench,2025,1,/shared/home/sarim.hashmi/usenix/benchmark/newbench_norm/fake/A_pirstine_white_and_black_bathroom_with_a_tub_by_a_window.png,0.023409493267536163
NewBench,2025,1,/shared/home/sarim.hashmi/usenix/benchmark/newbench_norm/fake/A_plane_is_parked_near_the_pretty_blue_ocean._.png,0.000568864808883518
NewBench,2025,1,/shared/home/sarim.hashmi/usenix/benchmark/newbench_norm/fake/A_police_man_on_a_motorcycle_drives_down_the_road..png,0.0003780291008297354
NewBench,2025,1,/shared/home/sarim.hashmi/usenix/benchmark/newbench_norm/fake/A_police_officer_directing_traffic_in_front_of_a_yellow_double_deck_bus..png,0.0002890301984734833
NewBench,2025,1,/shared/home/sarim.hashmi/usenix/benchmark/newbench_norm/fake/A_pretty_bird_is_sitting_on_a_tree_branch..png,0.0007380208699032664
NewBench,2025,1,/shared/home/sarim.hashmi/usenix/benchmark/newbench_norm/fake/A_professional_motorcycle_driver_riding_his_bike_on_the_track..png,0.0002690539986360818
NewBench,2025,1,"/shared/home/sarim.hashmi/usenix/benchmark/newbench_norm/fake/A_rear_view_mirror_on_a_bike_is_reflecting_a_poster_on_building.
.png",0.0002891363110393286
NewBench,2025,1,"/shared/home/sarim.hashmi/usenix/benchmark/newbench_norm/fake/A_red,_white_and_blue_train_next_to_satellites..png",0.00017830445722211152
NewBench,2025,1,/shared/home/sarim.hashmi/usenix/benchmark/newbench_norm/fake/A_red_all_terrain_vehicle_next_to_a_man_with_a_green_dirt_bike..png,9.505782509222627e-05
NewBench,2025,1,/shared/home/sarim.hashmi/usenix/benchmark/newbench_norm/fake/A_red_and_black_motorcycle_parked_near_another_bike..png,0.00013335858238860965
NewBench,2025,1,/shared/home/sarim.hashmi/usenix/benchmark/newbench_norm/fake/A_red_and_white_fire_hydrant_is_on_the_lawn..png,6.420801219064742e-05
NewBench,2025,1,/shared/home/sarim.hashmi/usenix/benchmark/newbench_norm/fake/A_red_and_white_fire_hydrant_on_a_sidewalk_at_the_park..png,0.0001417154708178714
NewBench,2025,1,"/shared/home/sarim.hashmi/usenix/benchmark/newbench_norm/fake/A_red_and_yellow_bus_sits_on_the_back_of_a_flatbed_truck,_driving_down_the_highway..png",0.0003012311935890466
NewBench,2025,1,/shared/home/sarim.hashmi/usenix/benchmark/newbench_norm/fake/A_red_fire_hydrant_between_two_trees_in_front_of_a_building..png,0.0008422593818977475
NewBench,2025,1,/shared/home/sarim.hashmi/usenix/benchmark/newbench_norm/fake/A_red_fire_hydrant_on_the_side_of_a_street..png,0.00011233742407057434
NewBench,2025,1,/shared/home/sarim.hashmi/usenix/benchmark/newbench_norm/fake/A_red_fire_hydrant_with_a_green_cap_with_a_bird_on_top_of_it..png,0.0002835944469552487
NewBench,2025,1,/shared/home/sarim.hashmi/usenix/benchmark/newbench_norm/fake/A_red_motorcycle_is_parked_in_between_white_lines..png,8.045358845265582e-05
NewBench,2025,1,/shared/home/sarim.hashmi/usenix/benchmark/newbench_norm/fake/A_red_motorcycle_riding_down_one_side_of_the_street_and_a_cow_walking_down_the_other_side_of_the_str.png,0.0001546186686027795
NewBench,2025,1,/shared/home/sarim.hashmi/usenix/benchmark/newbench_norm/fake/A_red_small_engine_plane_in_motion_on_a_field..png,7.161884423112497e-05
NewBench,2025,1,/shared/home/sarim.hashmi/usenix/benchmark/newbench_norm/fake/A_red_stop_sign_mounted_to_the_top_of_a_metal_pole..png,0.0011780726490542293
NewBench,2025,1,/shared/home/sarim.hashmi/usenix/benchmark/newbench_norm/fake/A_red_stop_sign_on_a_gate_next_to_a_grass_covered_field..png,0.003486504079774022
NewBench,2025,1,/shared/home/sarim.hashmi/usenix/benchmark/newbench_norm/fake/A_red_stop_sign_on_the_side_of_a_brick_road..png,0.00029682970489375293
NewBench,2025,1,/shared/home/sarim.hashmi/usenix/benchmark/newbench_norm/fake/A_red_stop_sign_sitting_on_the_side_of_a_pole..png,0.001270099077373743
NewBench,2025,1,/shared/home/sarim.hashmi/usenix/benchmark/newbench_norm/fake/A_red_stop_sign_sitting_on_the_side_of_a_road..png,6.470773951150477e-05
NewBench,2025,1,/shared/home/sarim.hashmi/usenix/benchmark/newbench_norm/fake/A_red_stop_sign_with_a_sticker_of_a_man_holding_up_a_sword..png,0.018830271437764168
NewBench,2025,1,/shared/home/sarim.hashmi/usenix/benchmark/newbench_norm/fake/A_red_traffic_with_a_mirror_hanging_off_the_side_of_it..png,0.0016382758039981127
NewBench,2025,1,/shared/home/sarim.hashmi/usenix/benchmark/newbench_norm/fake/A_red_train_driving_on_a_train_train_track_next_to_an_elevated_stone_sidewalk..png,6.29855931038037e-05
NewBench,2025,1,/shared/home/sarim.hashmi/usenix/benchmark/newbench_norm/fake/A_red_train_traveling_under_a_bridge_on_train_tracks..png,6.543075141962618e-05
NewBench,2025,1,/shared/home/sarim.hashmi/usenix/benchmark/newbench_norm/fake/A_red_trolly_bus_driving_down_a_dirt_road..png,0.0001985151757253334
NewBench,2025,1,/shared/home/sarim.hashmi/usenix/benchmark/newbench_norm/fake/A_road_sign_on_the_side_of_a_road..png,0.06433243304491043
NewBench,2025,1,/shared/home/sarim.hashmi/usenix/benchmark/newbench_norm/fake/A_room_with_white_walls_and_bright_lights..png,0.00014740462938789278
NewBench,2025,1,/shared/home/sarim.hashmi/usenix/benchmark/newbench_norm/fake/A_row_of_birds_are_flying_against_a_blue_sky..png,0.006013344507664442
NewBench,2025,1,/shared/home/sarim.hashmi/usenix/benchmark/newbench_norm/fake/A_row_of_motorcycles_sitting_on_top_of_a_parking_lot..png,0.004118144512176514
NewBench,2025,1,/shared/home/sarim.hashmi/usenix/benchmark/newbench_norm/fake/A_row_of_red_and_white_umbrellas_stand_above_tables_in_an_outdoor_eating_area..png,7.835804717615247e-05
NewBench,2025,1,/shared/home/sarim.hashmi/usenix/benchmark/newbench_norm/fake/A_row_of_wall_mounted_urinals_under_aquariums..png,0.0005858176737092435
NewBench,2025,1,/shared/home/sarim.hashmi/usenix/benchmark/newbench_norm/fake/A_rusty_side_car_of_a_train_that_has_been_vandalized_with_artwork..png,0.00018330520833842456
NewBench,2025,1,/shared/home/sarim.hashmi/usenix/benchmark/newbench_norm/fake/A_scooter_is_parked_on_the_street_in_front_of_a_car._.png,2.9808910767314956e-05
NewBench,2025,1,/shared/home/sarim.hashmi/usenix/benchmark/newbench_norm/fake/A_set_of_three_wall_mounted_urinals_with_pictures_of_men_on_top_of_them..png,0.0006960986065678298
NewBench,2025,1,/shared/home/sarim.hashmi/usenix/benchmark/newbench_norm/fake/A_shelf_of_various_cups_and_glasses_mounted_to_the_wall..png,0.0004145185521338135
NewBench,2025,1,/shared/home/sarim.hashmi/usenix/benchmark/newbench_norm/fake/A_shower_and_a_white_toilet_in_a_small_bathroom..png,6.170018605189398e-05
NewBench,2025,1,/shared/home/sarim.hashmi/usenix/benchmark/newbench_norm/fake/A_sidewalk_sitting_along_side_of_a_building_at_night..png,0.0003806240565609187
NewBench,2025,1,/shared/home/sarim.hashmi/usenix/benchmark/newbench_norm/fake/A_sidewalk_sitting_along_side_of_a_street_under_a_billboard..png,4.301770240999758e-05
NewBench,2025,1,/shared/home/sarim.hashmi/usenix/benchmark/newbench_norm/fake/A_sign_near_a_wooden_fence_and_a_tree..png,0.00018896008259616792
NewBench,2025,1,/shared/home/sarim.hashmi/usenix/benchmark/newbench_norm/fake/A_sign_on_top_of_a_restaurant_next_to_a_traffic_light..png,9.841478458838537e-05
NewBench,2025,1,/shared/home/sarim.hashmi/usenix/benchmark/newbench_norm/fake/A_sign_says_fashion_district_near_some_buildings..png,0.0001074797473847866
NewBench,2025,1,/shared/home/sarim.hashmi/usenix/benchmark/newbench_norm/fake/A_sign_warning_drivers_that_there_are_children_at_play..png,0.005352374166250229
NewBench,2025,1,/shared/home/sarim.hashmi/usenix/benchmark/newbench_norm/fake/A_silver_and_red_bus_in_parking_lot_next_to_cars..png,5.833981413161382e-05
NewBench,2025,1,/shared/home/sarim.hashmi/usenix/benchmark/newbench_norm/fake/A_silver_train_passing_under_high_beams_and_trees..png,4.068441194249317e-05
NewBench,2025,1,/shared/home/sarim.hashmi/usenix/benchmark/newbench_norm/fake/A_silver_train_that_is_sitting_on_a_track..png,0.0009597450844012201
NewBench,2025,1,/shared/home/sarim.hashmi/usenix/benchmark/newbench_norm/fake/A_simple_bathroom_has_various_classic_decorations_around_it..png,3.7175643228692934e-05
NewBench,2025,1,/shared/home/sarim.hashmi/usenix/benchmark/newbench_norm/fake/A_simple_white_residential_kitchen_with_breakfast_bar.png,0.0007805776549503207
NewBench,2025,1,/shared/home/sarim.hashmi/usenix/benchmark/newbench_norm/fake/A_simple_wooden_bench_is_in_the_woods..png,6.412088259821758e-05
NewBench,2025,1,/shared/home/sarim.hashmi/usenix/benchmark/newbench_norm/fake/A_skier_in_the_midst_of_a_jump.png,7.406563963741064e-05
NewBench,2025,1,/shared/home/sarim.hashmi/usenix/benchmark/newbench_norm/fake/A_small_bathroom_with_a_shower_curtain_and_toilet.png,0.00010408799425931647
NewBench,2025,1,/shared/home/sarim.hashmi/usenix/benchmark/newbench_norm/fake/A_small_bird_is_perched_on_an_empty_bird_feeder..png,0.0004585916758514941
NewBench,2025,1,/shared/home/sarim.hashmi/usenix/benchmark/newbench_norm/fake/A_small_bird_perched_on_some_metal_bar_.png,0.0003831935173366219
NewBench,2025,1,/shared/home/sarim.hashmi/usenix/benchmark/newbench_norm/fake/A_small_bird_sitting_on_a_beach_next_to_the_ocean..png,0.0010638280073180795
NewBench,2025,1,/shared/home/sarim.hashmi/usenix/benchmark/newbench_norm/fake/A_small_bird_sitting_on_the_handle_of_a_car_door..png,0.002488594502210617
NewBench,2025,1,/shared/home/sarim.hashmi/usenix/benchmark/newbench_norm/fake/A_small_bird_sitting_on_top_of_a_plastic_cup_of_water..png,3.090615427936427e-05
NewBench,2025,1,/shared/home/sarim.hashmi/usenix/benchmark/newbench_norm/fake/A_small_black_dog_sitting_in_front_of_a_TV..png,0.06064440682530403
NewBench,2025,1,/shared/home/sarim.hashmi/usenix/benchmark/newbench_norm/fake/A_small_blue_car_on_a_city_road..png,0.0003682647366076708
NewBench,2025,1,/shared/home/sarim.hashmi/usenix/benchmark/newbench_norm/fake/A_small_calf_is_in_a_pen_with_bails_of_hay..png,0.0011084333527833223
NewBench,2025,1,/shared/home/sarim.hashmi/usenix/benchmark/newbench_norm/fake/A_small_car_is_parked_in_front_of_a_scooter.png,0.024252999573946
NewBench,2025,1,/shared/home/sarim.hashmi/usenix/benchmark/newbench_norm/fake/A_small_cat_is_standing_near_the_computer_keyboard._.png,0.0002954625815618783
NewBench,2025,1,/shared/home/sarim.hashmi/usenix/benchmark/newbench_norm/fake/A_small_dog_laying_next_to_a_door..png,0.00015298918879125267
NewBench,2025,1,/shared/home/sarim.hashmi/usenix/benchmark/newbench_norm/fake/A_small_dog_walking_past_a_red_fire_hydrant..png,5.072852945886552e-05
NewBench,2025,1,/shared/home/sarim.hashmi/usenix/benchmark/newbench_norm/fake/A_small_green_car_has_a_plaque_with_writing_in_front_of_it._.png,0.014040913432836533
NewBench,2025,1,/shared/home/sarim.hashmi/usenix/benchmark/newbench_norm/fake/A_small_plane_flying_through_a_cloudy_blue_sky..png,0.0013229348696768284
NewBench,2025,1,/shared/home/sarim.hashmi/usenix/benchmark/newbench_norm/fake/A_small_plane_landing_in__a_grassy_field.png,0.0002983490121550858
NewBench,2025,1,/shared/home/sarim.hashmi/usenix/benchmark/newbench_norm/fake/A_small_sailboat_docked_at_a_local_shore..png,0.00018662428192328662
NewBench,2025,1,/shared/home/sarim.hashmi/usenix/benchmark/newbench_norm/fake/A_small_town_street_filled_with_traffic_beneath_a_mountain..png,5.2724775741808116e-05
NewBench,2025,1,/shared/home/sarim.hashmi/usenix/benchmark/newbench_norm/fake/A_small_white_airplane_high_up_in_the_sky..png,0.00029514278867281973
NewBench,2025,1,/shared/home/sarim.hashmi/usenix/benchmark/newbench_norm/fake/A_small_white_bird_standing_on_top_of_a_dirt_field..png,0.1828450858592987
NewBench,2025,1,/shared/home/sarim.hashmi/usenix/benchmark/newbench_norm/fake/A_small_white_dog_standing_next_to_a_red_fire_hydrant..png,8.758673357078806e-05
NewBench,2025,1,/shared/home/sarim.hashmi/usenix/benchmark/newbench_norm/fake/A_small_woman_standing_in_front_of_a_baby_elephant..png,0.0002996440452989191
NewBench,2025,1,/shared/home/sarim.hashmi/usenix/benchmark/newbench_norm/fake/A_smiling_man_in_a_nice_hat_in_a_car..png,0.00010210465552518144
NewBench,2025,1,/shared/home/sarim.hashmi/usenix/benchmark/newbench_norm/fake/A_snowy_scene_of_trees_and_a_road..png,0.0003942687762901187
NewBench,2025,1,/shared/home/sarim.hashmi/usenix/benchmark/newbench_norm/fake/A_spring_form_bird_feeder_filled_with_corn_to_eat..png,0.0003493163385428488
NewBench,2025,1,/shared/home/sarim.hashmi/usenix/benchmark/newbench_norm/fake/A_square_white_sink_beneath_an_elegant_mirror.png,0.00012064113252563402
NewBench,2025,1,/shared/home/sarim.hashmi/usenix/benchmark/newbench_norm/fake/A_stop_light_with_green_arrows_on_Woodbine_Ave._.png,0.000614736694842577
NewBench,2025,1,/shared/home/sarim.hashmi/usenix/benchmark/newbench_norm/fake/A_stop_sign_and_a_fire_hydrant_on_the_corner_of_a_grassy_sidewalk..png,9.179969492834061e-05
NewBench,2025,1,"/shared/home/sarim.hashmi/usenix/benchmark/newbench_norm/fake/A_store_room_holds_sinks,_bathtubs_and_toilets.png",0.00014982825086917728
NewBench,2025,1,/shared/home/sarim.hashmi/usenix/benchmark/newbench_norm/fake/A_stove_top_oven_sitting_next_to_a_tiled_wall..png,0.0008966830209828913
NewBench,2025,1,/shared/home/sarim.hashmi/usenix/benchmark/newbench_norm/fake/A_stove_top_with_a_tea_kettle_sitting_on_top_of_it..png,0.00013082729128655046
NewBench,2025,1,/shared/home/sarim.hashmi/usenix/benchmark/newbench_norm/fake/A_stove_top_with_lots_of_pots_and_pans..png,0.00013154771295376122
NewBench,2025,1,/shared/home/sarim.hashmi/usenix/benchmark/newbench_norm/fake/A_street_light_and_other_road_signs._.png,0.00011547616304596886
NewBench,2025,1,/shared/home/sarim.hashmi/usenix/benchmark/newbench_norm/fake/A_street_scene_looking_down_at_cars_and_motorcycles_parked..png,2.719881376833655e-05
NewBench,2025,1,/shared/home/sarim.hashmi/usenix/benchmark/newbench_norm/fake/A_street_sign_is_filled_with_various_stickers.__.png,0.0002604549808893353
NewBench,2025,1,/shared/home/sarim.hashmi/usenix/benchmark/newbench_norm/fake/A_street_sign_next_to_a_bend_in_the_road..png,5.2754348871530965e-05
NewBench,2025,1,/shared/home/sarim.hashmi/usenix/benchmark/newbench_norm/fake/A_street_sign_saying_S._Gay_st_while_a_traffic_light_is_yellow..png,8.810534927761182e-05
NewBench,2025,1,/shared/home/sarim.hashmi/usenix/benchmark/newbench_norm/fake/A_street_sign_showing_a_person_walking_with_a_child_and_a_bike_sits_on_the_sit_of_the_road._.png,0.0016255140071734786
NewBench,2025,1,/shared/home/sarim.hashmi/usenix/benchmark/newbench_norm/fake/A_street_sign_showing_they_are_making_improvements.png,0.012120859697461128
NewBench,2025,1,/shared/home/sarim.hashmi/usenix/benchmark/newbench_norm/fake/A_street_sign_showing_what_roads_go_which_ways..png,0.00017524157010484487
NewBench,2025,1,/shared/home/sarim.hashmi/usenix/benchmark/newbench_norm/fake/A_street_sign_sitting_along_side_of_train_tracks..png,0.00013129545550327748
NewBench,2025,1,"/shared/home/sarim.hashmi/usenix/benchmark/newbench_norm/fake/A_street_sign_with_the_name_of_two_streets_and_a_stop_sign,_and_parked_cars_and_buildings_in_the_dis.png",0.0017956207739189267
NewBench,2025,1,/shared/home/sarim.hashmi/usenix/benchmark/newbench_norm/fake/A_stuffed_bear_is_sitting_next_to_a_computer_monitor..png,0.0001441966014681384
NewBench,2025,1,/shared/home/sarim.hashmi/usenix/benchmark/newbench_norm/fake/A_subway_train_with_a_row_of_orange_and_white_seats..png,9.264967229682952e-05
NewBench,2025,1,/shared/home/sarim.hashmi/usenix/benchmark/newbench_norm/fake/A_sun_spot_is_the_only_mark_in_a_clear_sky_with_a_plane_traveling_over_a_snowy_expanse_with_a_bunch_.png,0.0014649761142209172
NewBench,2025,1,/shared/home/sarim.hashmi/usenix/benchmark/newbench_norm/fake/A_table_full_of_items_and_on_a_sunny_day._.png,0.04900572448968887
NewBench,2025,1,/shared/home/sarim.hashmi/usenix/benchmark/newbench_norm/fake/A_tall_giraffe_in_a_green_grassy_field..png,0.0013980184448882937
NewBench,2025,1,/shared/home/sarim.hashmi/usenix/benchmark/newbench_norm/fake/A_tall_giraffe_standing_next_to_a_herd_of_deer..png,0.00015106468345038593
NewBench,2025,1,/shared/home/sarim.hashmi/usenix/benchmark/newbench_norm/fake/A_taxi_cab_parked_next_to_a_fire_hydrant..png,0.00016668518946971744
NewBench,2025,1,/shared/home/sarim.hashmi/usenix/benchmark/newbench_norm/fake/A_television_sits_on_a_cabinet_in_a_room..png,0.0022646368015557528
NewBench,2025,1,/shared/home/sarim.hashmi/usenix/benchmark/newbench_norm/fake/A_tie-dyed_cyclist_stands_beside_his_bicycle_in_front_of_fellow_cyclists..png,8.281393820652738e-05
NewBench,2025,1,"/shared/home/sarim.hashmi/usenix/benchmark/newbench_norm/fake/A_tiled_bathroom_with_a_single_vanity,_toilet_and_shower..png",0.01599981263279915
NewBench,2025,1,/shared/home/sarim.hashmi/usenix/benchmark/newbench_norm/fake/A_toilet_in_a_stall_with_remote_control_buttons..png,0.0005159795982763171
NewBench,2025,1,/shared/home/sarim.hashmi/usenix/benchmark/newbench_norm/fake/A_toilet_seat_sits_on_top_of_a_hole_in_the_ground..png,0.0012030784273520112
NewBench,2025,1,/shared/home/sarim.hashmi/usenix/benchmark/newbench_norm/fake/A_toilet_sitting_outside_a_building_in_an_alley..png,0.0002562369336374104
NewBench,2025,1,/shared/home/sarim.hashmi/usenix/benchmark/newbench_norm/fake/A_toilet_that_is_very_clean_in_a_bathroom..png,4.665735104936175e-05
NewBench,2025,1,/shared/home/sarim.hashmi/usenix/benchmark/newbench_norm/fake/A_tow_truck_driving_past_a_very_old_stop_sign..png,0.0010224208235740662
NewBench,2025,1,/shared/home/sarim.hashmi/usenix/benchmark/newbench_norm/fake/A_towel_hangs_beneath_a_sink_in_a_bathroom..png,0.00013504813250619918
NewBench,2025,1,/shared/home/sarim.hashmi/usenix/benchmark/newbench_norm/fake/A_traffic_light_and_cars_on_a_street..png,7.54628490540199e-05
NewBench,2025,1,/shared/home/sarim.hashmi/usenix/benchmark/newbench_norm/fake/A_traffic_light_glows_red_on_a_cloudy_day.png,9.85757724265568e-05
NewBench,2025,1,/shared/home/sarim.hashmi/usenix/benchmark/newbench_norm/fake/A_traffic_light_on_a_street_with_some_people..png,0.0002505061274860054
NewBench,2025,1,/shared/home/sarim.hashmi/usenix/benchmark/newbench_norm/fake/A_traffic_light_sitting_next_to_a_cluster_of_traffic_cones..png,0.00021291901066433638
NewBench,2025,1,/shared/home/sarim.hashmi/usenix/benchmark/newbench_norm/fake/A_traffic_light_sitting_on_the_side_of_a_road..png,0.00011605582403717563
NewBench,2025,1,/shared/home/sarim.hashmi/usenix/benchmark/newbench_norm/fake/A_traffic_sign_hung_upside_down_on_a_pole._.png,0.00010195190407102928
NewBench,2025,1,/shared/home/sarim.hashmi/usenix/benchmark/newbench_norm/fake/A_train_coming_up_to_a_railroad_crossing..png,0.0004955147160217166
NewBench,2025,1,/shared/home/sarim.hashmi/usenix/benchmark/newbench_norm/fake/A_train_covered_in_graffiti_sitting_on_top_of__train_tracks..png,0.00011485197319416329
NewBench,2025,1,/shared/home/sarim.hashmi/usenix/benchmark/newbench_norm/fake/A_train_covered_in_graffiti_traveling_down_railroad_tracks..png,0.00020252357353456318
NewBench,2025,1,/shared/home/sarim.hashmi/usenix/benchmark/newbench_norm/fake/A_train_going_down_the_tracks_that_has_just_gone_under_a_bridge..png,0.005001693498343229
NewBench,2025,1,/shared/home/sarim.hashmi/usenix/benchmark/newbench_norm/fake/A_train_is_moving_along_train_tracks_through_the_woods..png,0.000346061191521585
NewBench,2025,1,/shared/home/sarim.hashmi/usenix/benchmark/newbench_norm/fake/A_train_is_stopped_in_front_of_an_industrial_area..png,0.00014287474914453924
NewBench,2025,1,/shared/home/sarim.hashmi/usenix/benchmark/newbench_norm/fake/A_train_making_its_way_through_a_rail_yard..png,3.929818922188133e-05
NewBench,2025,1,/shared/home/sarim.hashmi/usenix/benchmark/newbench_norm/fake/A_train_sitting_in_front_of_a_tin_building_and_a_dry_grass_field..png,0.0014227803330868483
NewBench,2025,1,/shared/home/sarim.hashmi/usenix/benchmark/newbench_norm/fake/A_train_sitting_inside_of_a_train_station_near_a_skylight..png,0.00015859099221415818
NewBench,2025,1,/shared/home/sarim.hashmi/usenix/benchmark/newbench_norm/fake/A_train_traveling_along_a_rocky_mountain_side..png,0.00010207923332927749
NewBench,2025,1,/shared/home/sarim.hashmi/usenix/benchmark/newbench_norm/fake/A_train_traveling_down_train_tracks_next_to_a_building..png,5.3589414164889604e-05
NewBench,2025,1,/shared/home/sarim.hashmi/usenix/benchmark/newbench_norm/fake/A_train_traveling_through_rural_countryside_under_power_lines..png,0.0001658000546740368
NewBench,2025,1,/shared/home/sarim.hashmi/usenix/benchmark/newbench_norm/fake/A_train_with_a_green_and_orange_stripe_is_sitting_on_the_tracks..png,0.001606083707883954
NewBench,2025,1,/shared/home/sarim.hashmi/usenix/benchmark/newbench_norm/fake/A_trash_can_made_to_look_like_a_soup_can..png,0.0002968234766740352
NewBench,2025,1,/shared/home/sarim.hashmi/usenix/benchmark/newbench_norm/fake/A_travel_guide_taking_a_photo_as_the_tour_bus_arrives.png,0.0016516343457624316
NewBench,2025,1,/shared/home/sarim.hashmi/usenix/benchmark/newbench_norm/fake/A_tree_sitting_next_to_a_bench_near_a_lake..png,0.00010177977674175054
NewBench,2025,1,/shared/home/sarim.hashmi/usenix/benchmark/newbench_norm/fake/A_tree_sitting_on_top_of_a_hillside_near_a_bench..png,6.527283403556794e-05
NewBench,2025,1,/shared/home/sarim.hashmi/usenix/benchmark/newbench_norm/fake/A_very_skinny_red_fire_hydrant_with_silver_top_and_sides._.png,0.00011589525092858821
NewBench,2025,1,/shared/home/sarim.hashmi/usenix/benchmark/newbench_norm/fake/A_very_tall_building_sitting_on_the_side_of_a_road..png,0.00015798289678059518
NewBench,2025,1,/shared/home/sarim.hashmi/usenix/benchmark/newbench_norm/fake/A_very_tall_building_with_a_clock_mounted_to_it's_side..png,0.8109049201011658
NewBench,2025,1,/shared/home/sarim.hashmi/usenix/benchmark/newbench_norm/fake/A_very_tall_building_with_lots_of_windows..png,0.0004046477552037686
NewBench,2025,1,/shared/home/sarim.hashmi/usenix/benchmark/newbench_norm/fake/A_very_upscale_looking_hotel_room_with_large_bed_and_a_bathroom_in_the_next_room..png,0.0021424507722258568
NewBench,2025,1,/shared/home/sarim.hashmi/usenix/benchmark/newbench_norm/fake/A_view_from_the_street_of_two_traffic_lights_and_a_building._.png,0.00010765248589450493
NewBench,2025,1,"/shared/home/sarim.hashmi/usenix/benchmark/newbench_norm/fake/A_view_of_a_kitchen_sink,_knives,_hanging_cups,_and_wine_glasses..png",0.0002204867050750181
NewBench,2025,1,/shared/home/sarim.hashmi/usenix/benchmark/newbench_norm/fake/A_vintage_STOP_sign_in_black_&_white.png,0.0016157481586560607
NewBench,2025,1,/shared/home/sarim.hashmi/usenix/benchmark/newbench_norm/fake/A_walk_in_shower_next_to_a_tub_in_a_bathroom..png,0.0002617809223011136
NewBench,2025,1,/shared/home/sarim.hashmi/usenix/benchmark/newbench_norm/fake/A_wall_mounted_oven_inside_of_a_kitchen_with_a_large_entrance..png,0.00011440523667261004
NewBench,2025,1,/shared/home/sarim.hashmi/usenix/benchmark/newbench_norm/fake/A_water-stained_cathedral_clock-tower_enveloped_by_various_green_vines..png,0.0006126533262431622
NewBench,2025,1,/shared/home/sarim.hashmi/usenix/benchmark/newbench_norm/fake/A_water_foul_near_the_shore_in_a_body_of_water_with_an_island_in_the_middle_of_it..png,0.008603516966104507
NewBench,2025,1,/shared/home/sarim.hashmi/usenix/benchmark/newbench_norm/fake/A_white_and_black_bird_perched_on_a_wooden_fence_rail..png,0.0001646193559281528
NewBench,2025,1,/shared/home/sarim.hashmi/usenix/benchmark/newbench_norm/fake/A_white_and_black_checkered_floor_in_a_kitchen..png,0.0007937446353025734
NewBench,2025,1,/shared/home/sarim.hashmi/usenix/benchmark/newbench_norm/fake/A_white_and_blue_bus_parked_on_the_side_of_a_road..png,5.0889979320345446e-05
NewBench,2025,1,/shared/home/sarim.hashmi/usenix/benchmark/newbench_norm/fake/A_white_and_orange_cat_sitting_on_top_of_a_sidewalk..png,0.0003766614245250821
NewBench,2025,1,/shared/home/sarim.hashmi/usenix/benchmark/newbench_norm/fake/A_white_bath_tub_sitting_under_a_window_next_to_a_toilet..png,0.00013240156113170087
NewBench,2025,1,/shared/home/sarim.hashmi/usenix/benchmark/newbench_norm/fake/A_white_bathroom_mirror_mounted_to_it's_wall..png,0.00024924916215240955
NewBench,2025,1,/shared/home/sarim.hashmi/usenix/benchmark/newbench_norm/fake/A_white_bathroom_sink_sitting_next_to_a_toilet..png,3.003149868163746e-05
NewBench,2025,1,/shared/home/sarim.hashmi/usenix/benchmark/newbench_norm/fake/A_white_cake_topped_with_coconut_on_a_counter..png,0.0035009142011404037
NewBench,2025,1,/shared/home/sarim.hashmi/usenix/benchmark/newbench_norm/fake/A_white_car_with_chrome_rims_parked_next_to_an_older_lady..png,0.0003298805677331984
NewBench,2025,1,/shared/home/sarim.hashmi/usenix/benchmark/newbench_norm/fake/A_white_church_sitting_at_the_bottom_of_a_hillside..png,0.00023189946659840643
NewBench,2025,1,/shared/home/sarim.hashmi/usenix/benchmark/newbench_norm/fake/A_white_city_bus_pulling_onto_a_street_near_a_cross_walk..png,3.678364009829238e-05
NewBench,2025,1,/shared/home/sarim.hashmi/usenix/benchmark/newbench_norm/fake/A_white_compact_car_parked_on_a_sandy_dirt_road..png,7.928298873594031e-05
NewBench,2025,1,/shared/home/sarim.hashmi/usenix/benchmark/newbench_norm/fake/A_white_kitchen_with_marble_countertops_and_stone_floors..png,0.0001685866736806929
NewBench,2025,1,/shared/home/sarim.hashmi/usenix/benchmark/newbench_norm/fake/A_white_park_bench_sitting_in_the_middle_of_a_forest..png,0.0003331466286908835
NewBench,2025,1,/shared/home/sarim.hashmi/usenix/benchmark/newbench_norm/fake/A_white_sink_under_a_mirror_in_a_bathroom_next_to_a_light_switch..png,0.06379985809326172
NewBench,2025,1,/shared/home/sarim.hashmi/usenix/benchmark/newbench_norm/fake/A_white_stove_top_oven_sitting_inside_of_a_kitchen..png,8.526401506969705e-05
NewBench,2025,1,/shared/home/sarim.hashmi/usenix/benchmark/newbench_norm/fake/A_white_stove_with_two_metal_pots_on_its_back_burners._.png,0.00011823400564026088
NewBench,2025,1,/shared/home/sarim.hashmi/usenix/benchmark/newbench_norm/fake/A_white_toilet_in_a_bathroom_next_to_toilet_paper..png,0.00022047723177820444
NewBench,2025,1,/shared/home/sarim.hashmi/usenix/benchmark/newbench_norm/fake/A_white_toilet_sitting_in_a_bathroom_next_to_a_counter..png,5.52504243387375e-05
NewBench,2025,1,/shared/home/sarim.hashmi/usenix/benchmark/newbench_norm/fake/A_white_toilet_sitting_inside_of_a_bathroom..png,6.580110493814573e-05
NewBench,2025,1,/shared/home/sarim.hashmi/usenix/benchmark/newbench_norm/fake/A_white_toilet_sitting_on_top_of_a_bathroom_floor..png,0.0005041484837420285
NewBench,2025,1,/shared/home/sarim.hashmi/usenix/benchmark/newbench_norm/fake/A_white_toilet_sitting_underneath_a_window_next_to_a_sink..png,0.00022704596631228924
NewBench,2025,1,/shared/home/sarim.hashmi/usenix/benchmark/newbench_norm/fake/A_white_toilet_with_a_black_lid_and_red_painting_on_it._.png,5.7504770666128024e-05
NewBench,2025,1,/shared/home/sarim.hashmi/usenix/benchmark/newbench_norm/fake/A_white_trunk_parked_next_to_a_stop_sign..png,0.0004167659499216825
NewBench,2025,1,/shared/home/sarim.hashmi/usenix/benchmark/newbench_norm/fake/A_white_tub_sitting_underneath_a_couple_of_windows..png,0.00011712020932463929
NewBench,2025,1,/shared/home/sarim.hashmi/usenix/benchmark/newbench_norm/fake/A_whole_bunch_of_traffic_stop_signs_huddled_together..png,0.007224503438919783
NewBench,2025,1,/shared/home/sarim.hashmi/usenix/benchmark/newbench_norm/fake/A_window_shot_of_a_plane_in_the_air_with_another_plane_present._.png,0.00044900013017468154
NewBench,2025,1,/shared/home/sarim.hashmi/usenix/benchmark/newbench_norm/fake/A_woman_and_two_men_sitting_on_a_bench_in_front_of_a_store..png,0.0006990193505771458
NewBench,2025,1,/shared/home/sarim.hashmi/usenix/benchmark/newbench_norm/fake/A_woman_eating_vegetables_in_front_of_a_stove..png,0.0006444473983719945
NewBench,2025,1,/shared/home/sarim.hashmi/usenix/benchmark/newbench_norm/fake/A_woman_holding_up_measuring_cups_and_a_cat_watching_on_the_counter..png,5.008752123103477e-05
NewBench,2025,1,/shared/home/sarim.hashmi/usenix/benchmark/newbench_norm/fake/A_woman_is_kneeling_down_next_to_a_toilet..png,0.0014734755968675017
NewBench,2025,1,/shared/home/sarim.hashmi/usenix/benchmark/newbench_norm/fake/A_woman_is_riding_an_orange_sports_motorcycle..png,0.0004993981565348804
NewBench,2025,1,/shared/home/sarim.hashmi/usenix/benchmark/newbench_norm/fake/A_woman_is_standing_on_a_kitchen_floor..png,0.00011579009151319042
NewBench,2025,1,/shared/home/sarim.hashmi/usenix/benchmark/newbench_norm/fake/A_woman_is_unloading_a_bag_in_a_large_kitchen..png,0.00018139994062948972
NewBench,2025,1,/shared/home/sarim.hashmi/usenix/benchmark/newbench_norm/fake/A_woman_is_walking_a_dog_in_the_city..png,8.106683526420966e-05
NewBench,2025,1,/shared/home/sarim.hashmi/usenix/benchmark/newbench_norm/fake/A_woman_preparing_food_inside_of_a_kitchen..png,0.00031729633337818086
NewBench,2025,1,/shared/home/sarim.hashmi/usenix/benchmark/newbench_norm/fake/A_woman_riding_a_green_bike_with_a_small_white_dog_on_the_back..png,0.00029879878275096416
NewBench,2025,1,/shared/home/sarim.hashmi/usenix/benchmark/newbench_norm/fake/A_woman_sitting_on_a_bench_in_a_field_in_front_of_a_pond..png,0.00017213130195159465
NewBench,2025,1,/shared/home/sarim.hashmi/usenix/benchmark/newbench_norm/fake/A_woman_sitting_on_a_motorcycle_while_talking_to_a_child_with_a_man_laying_in_a_hammock_behind_them..png,0.0001178173697553575
NewBench,2025,1,/shared/home/sarim.hashmi/usenix/benchmark/newbench_norm/fake/A_woman_standing_in_a_kitchen_holding_a_jug_of_milk..png,0.008787095546722412
NewBench,2025,1,/shared/home/sarim.hashmi/usenix/benchmark/newbench_norm/fake/A_woman_standing_in_a_kitchen_next_to_a_sink..png,0.0003502448962535709
NewBench,2025,1,/shared/home/sarim.hashmi/usenix/benchmark/newbench_norm/fake/A_woman_standing_in_front_of_a_bathroom_mirror_next_to_a_sink..png,0.0002924721920862794
NewBench,2025,1,/shared/home/sarim.hashmi/usenix/benchmark/newbench_norm/fake/A_woman_standing_in_front_of_a_table_with_lots_of_salad..png,0.005353150889277458
NewBench,2025,1,/shared/home/sarim.hashmi/usenix/benchmark/newbench_norm/fake/A_woman_standing_next_to_a_standing_toilet..png,0.00010380095045547932
NewBench,2025,1,/shared/home/sarim.hashmi/usenix/benchmark/newbench_norm/fake/A_woman_standing_next_to_a_traffic_signal_on_a_street_corner..png,0.043311066925525665
NewBench,2025,1,/shared/home/sarim.hashmi/usenix/benchmark/newbench_norm/fake/A_woman_standing_with_a_bi-wing_airplane_on_a_runway..png,5.433131445897743e-05
NewBench,2025,1,/shared/home/sarim.hashmi/usenix/benchmark/newbench_norm/fake/A_woman_walking_a_dog_down_a_street..png,0.000203818577574566
NewBench,2025,1,/shared/home/sarim.hashmi/usenix/benchmark/newbench_norm/fake/A_wooden_bench_near_tall_vegetation_in_front_of_a_house..png,5.78070648771245e-05
NewBench,2025,1,/shared/home/sarim.hashmi/usenix/benchmark/newbench_norm/fake/A_wooden_bench_sitting_on_a_lush_green_park..png,6.413353548850864e-05
NewBench,2025,1,/shared/home/sarim.hashmi/usenix/benchmark/newbench_norm/fake/A_wooden_bench_that_is_next_to_a_meter..png,7.477988401660696e-05
NewBench,2025,1,/shared/home/sarim.hashmi/usenix/benchmark/newbench_norm/fake/A_wooden_bench_with_snow_in_a__forest..png,0.00013872671115677804
NewBench,2025,1,/shared/home/sarim.hashmi/usenix/benchmark/newbench_norm/fake/A_wooden_park_bench_with_a_remote_control_on_top_of_it..png,0.0003143648209515959
NewBench,2025,1,/shared/home/sarim.hashmi/usenix/benchmark/newbench_norm/fake/A_yellow_and_blue_bus_driving_down_a_curvy_road..png,0.0001587861916050315
NewBench,2025,1,/shared/home/sarim.hashmi/usenix/benchmark/newbench_norm/fake/A_yellow_and_green_train_pulling_out_of_a_tunnel_next_to_a_red_car..png,0.00021932763047516346
NewBench,2025,1,/shared/home/sarim.hashmi/usenix/benchmark/newbench_norm/fake/A_yellow_bus_carrying_passengers_riding_along_the_road..png,0.0006040696753188968
NewBench,2025,1,/shared/home/sarim.hashmi/usenix/benchmark/newbench_norm/fake/A_yellow_dune_buggy_on_display_amongst_other_automobiles..png,0.0019673588685691357
NewBench,2025,1,/shared/home/sarim.hashmi/usenix/benchmark/newbench_norm/fake/A_yellow_fire_hydrant_in_front_of_a_bike_leaning_against_four_poles.png,0.0002503576106391847
NewBench,2025,1,/shared/home/sarim.hashmi/usenix/benchmark/newbench_norm/fake/A_yellow_motorcycle_in_front_of_a_street_with_several_people._.png,7.782047759974375e-05
NewBench,2025,1,/shared/home/sarim.hashmi/usenix/benchmark/newbench_norm/fake/A_yellow_sign_sitting_on_the_side_of_a_road..png,8.471872570225969e-05
NewBench,2025,1,/shared/home/sarim.hashmi/usenix/benchmark/newbench_norm/fake/A_yellow_stripped_cat_sitting_in_a_bathroom_sink..png,0.0003032791428267956
NewBench,2025,1,/shared/home/sarim.hashmi/usenix/benchmark/newbench_norm/fake/A_young_boy_seems_to_be_trying_to_feed_a_giraffe._.png,0.0027636124286800623
NewBench,2025,1,/shared/home/sarim.hashmi/usenix/benchmark/newbench_norm/fake/A_young_cat_with_a_beautiful_coat_standing_alone._.png,0.717045783996582
NewBench,2025,1,/shared/home/sarim.hashmi/usenix/benchmark/newbench_norm/fake/A_young_girl_standing_on_a_field_with_a_flock_of_birds..png,0.00013170974852982908
NewBench,2025,1,/shared/home/sarim.hashmi/usenix/benchmark/newbench_norm/fake/A_young_woman_lays_a_hand_on_the_neck_of_the_horse_she_is_riding..png,6.244345422601327e-05
NewBench,2025,1,/shared/home/sarim.hashmi/usenix/benchmark/newbench_norm/fake/A_zebra_and_giraffe_that_is_in_the_dirt..png,0.056243281811475754
NewBench,2025,1,/shared/home/sarim.hashmi/usenix/benchmark/newbench_norm/fake/Adult_lying_obscurely_on_park_bench_in_wide_open_area..png,0.00020645259064622223
NewBench,2025,1,/shared/home/sarim.hashmi/usenix/benchmark/newbench_norm/fake/Aerial_tricks_performed_on_red_bike_over_stacked_skateboards_with_photographer_in_background..png,0.00023097112716641277
NewBench,2025,1,/shared/home/sarim.hashmi/usenix/benchmark/newbench_norm/fake/All_of_the_bunches_of_bananas_are_yellow_and_ripe..png,6.674222822766751e-05
NewBench,2025,1,/shared/home/sarim.hashmi/usenix/benchmark/newbench_norm/fake/An_All_Nippon_Airways_777_sitting_at_a_gate_on_the_tarmac..png,0.0016266194870695472
NewBench,2025,1,/shared/home/sarim.hashmi/usenix/benchmark/newbench_norm/fake/An_airplane_flying_in_the_sky_with_smoke_coming_out_of_it._.png,0.0014753949362784624
NewBench,2025,1,/shared/home/sarim.hashmi/usenix/benchmark/newbench_norm/fake/An_airplane_is_flying_against_a_partly_cloudy_sky..png,0.004965193569660187
NewBench,2025,1,/shared/home/sarim.hashmi/usenix/benchmark/newbench_norm/fake/An_airplane_nose_sits_in_a_hangar._.png,7.160333916544914e-05
NewBench,2025,1,/shared/home/sarim.hashmi/usenix/benchmark/newbench_norm/fake/An_airplane_on_a_runway_with_snow_on_it..png,5.990700447000563e-05
NewBench,2025,1,/shared/home/sarim.hashmi/usenix/benchmark/newbench_norm/fake/An_animal_surrounded_by_a_flock_of_birds.png,0.00015190825797617435
NewBench,2025,1,/shared/home/sarim.hashmi/usenix/benchmark/newbench_norm/fake/An_assortment_of_flying_objects_including_kites_and_airplanes_hung_inside_a_building..png,6.975739233894274e-05
NewBench,2025,1,/shared/home/sarim.hashmi/usenix/benchmark/newbench_norm/fake/An_empty_bathroom_with_a_shower_next_to_a_toilet..png,7.452104182448238e-05
NewBench,2025,1,/shared/home/sarim.hashmi/usenix/benchmark/newbench_norm/fake/An_empty_kitchen_with_lots_of_tile_blue_counter_top_space..png,9.171509009320289e-05
NewBench,2025,1,/shared/home/sarim.hashmi/usenix/benchmark/newbench_norm/fake/An_intersection_features_a_directional_sign_to_local_towns._.png,8.813593012746423e-05
NewBench,2025,1,/shared/home/sarim.hashmi/usenix/benchmark/newbench_norm/fake/An_intersection_of_wires_and_cables_stretching_over_a_traffic_light..png,0.0135462936013937
NewBench,2025,1,/shared/home/sarim.hashmi/usenix/benchmark/newbench_norm/fake/An_odd_couple_of_formal_woman_in_black_dress_and_pearls_with_casual_boy_in_a_cap_and_untidy_clothes_.png,0.001031409832648933
NewBench,2025,1,/shared/home/sarim.hashmi/usenix/benchmark/newbench_norm/fake/An_office_cubicle_with_clutter_on_the_desk.png,0.0002541982976254076
NewBench,2025,1,"/shared/home/sarim.hashmi/usenix/benchmark/newbench_norm/fake/An_old,_rusty_fire_hydrant,_in_front_of_the_pole._.png",0.0001154793644673191
NewBench,2025,1,/shared/home/sarim.hashmi/usenix/benchmark/newbench_norm/fake/An_old_black_and_white_picture_of_a_bus_and_homes_in_the_background._.png,0.00013446064258459955
NewBench,2025,1,/shared/home/sarim.hashmi/usenix/benchmark/newbench_norm/fake/An_old_bus_makes_its_way_down_a_city_street..png,0.0015168895479291677
NewBench,2025,1,/shared/home/sarim.hashmi/usenix/benchmark/newbench_norm/fake/An_old_clock_bordered_by_a_tire_in_front_of_a_rusted_door..png,8.581624570069835e-05
NewBench,2025,1,/shared/home/sarim.hashmi/usenix/benchmark/newbench_norm/fake/An_old_fashioned_biplane_with_its_propeller_spinning..png,0.00021975423442199826
NewBench,2025,1,/shared/home/sarim.hashmi/usenix/benchmark/newbench_norm/fake/An_old_fire_hydrant_in_the_middle_of_the_woods..png,0.00048050083569251
NewBench,2025,1,/shared/home/sarim.hashmi/usenix/benchmark/newbench_norm/fake/An_old_lady_smiling_in_a_pink_kitchen..png,3.9512760849902406e-05
NewBench,2025,1,/shared/home/sarim.hashmi/usenix/benchmark/newbench_norm/fake/An_old_toilet_outside_against_an_old_painted_wall..png,0.0021203868091106415
NewBench,2025,1,/shared/home/sarim.hashmi/usenix/benchmark/newbench_norm/fake/An_old_train_moving_on_a_train_track..png,9.633124136598781e-05
NewBench,2025,1,/shared/home/sarim.hashmi/usenix/benchmark/newbench_norm/fake/An_older_model_passenger_bus_in_a_city..png,0.0002872465120162815
NewBench,2025,1,"/shared/home/sarim.hashmi/usenix/benchmark/newbench_norm/fake/An_open_door_leading_to_a_bathroom_toilet,_with_a_shower_rack_and_bureau_visible..png",0.000630070164334029
NewBench,2025,1,/shared/home/sarim.hashmi/usenix/benchmark/newbench_norm/fake/An_open_toilet_with_a_sign_posted_on_it..png,0.00013916034367866814
NewBench,2025,1,/shared/home/sarim.hashmi/usenix/benchmark/newbench_norm/fake/An_orange_fire_hydrant_sitting_next_to_a_stone_wall..png,0.0004611671611201018
NewBench,2025,1,/shared/home/sarim.hashmi/usenix/benchmark/newbench_norm/fake/An_orange_sign_that_has_a_picture_of_a_man_holding_a_flag..png,0.0001490097347414121
NewBench,2025,1,/shared/home/sarim.hashmi/usenix/benchmark/newbench_norm/fake/An_worn_out_rainbow_colored_park_bench_seat.png,0.0006001187139190733
NewBench,2025,1,/shared/home/sarim.hashmi/usenix/benchmark/newbench_norm/fake/Bench_and_window_with_shutters_with_bricked_wall.png,0.022308282554149628
NewBench,2025,1,/shared/home/sarim.hashmi/usenix/benchmark/newbench_norm/fake/Birds_perched_up_on_a_tree_branch_next_to_a_window..png,0.0009172072750516236
NewBench,2025,1,/shared/home/sarim.hashmi/usenix/benchmark/newbench_norm/fake/Black_and_white_photo_of_a_clocktower_and_a_bird..png,0.009568428620696068
NewBench,2025,1,/shared/home/sarim.hashmi/usenix/benchmark/newbench_norm/fake/Car_parked_in_the_parking_lot_next_to_the_pier.png,0.001368327415548265
NewBench,2025,1,/shared/home/sarim.hashmi/usenix/benchmark/newbench_norm/fake/Cars_parked_and_driving_in_front_of_a_school..png,0.0002912900527007878
NewBench,2025,1,/shared/home/sarim.hashmi/usenix/benchmark/newbench_norm/fake/City_bus_loading_on_a_busy_metropolitan_street._.png,5.6739820138318464e-05
NewBench,2025,1,/shared/home/sarim.hashmi/usenix/benchmark/newbench_norm/fake/City_bus_on_an_empty_city_street_near_a_STOP_sign._.png,0.00027034434606321156
NewBench,2025,1,/shared/home/sarim.hashmi/usenix/benchmark/newbench_norm/fake/Cliffs_rise_on_the_edge_of_a_placid_lake..png,0.0001812607515603304
NewBench,2025,1,/shared/home/sarim.hashmi/usenix/benchmark/newbench_norm/fake/Closeup_of_view_of_the_cabin_and_wing_of_a_large_commercial_airliner..png,0.0009560893522575498
NewBench,2025,1,/shared/home/sarim.hashmi/usenix/benchmark/newbench_norm/fake/Colorful_passenger_cars_are_parked_at_an_empty_station..png,4.657449244405143e-05
NewBench,2025,1,/shared/home/sarim.hashmi/usenix/benchmark/newbench_norm/fake/Construction_worker_holding_a_stop_sign_on_the_side_of_a_road_on_a_sunny_day..png,0.0006981471669860184
NewBench,2025,1,/shared/home/sarim.hashmi/usenix/benchmark/newbench_norm/fake/Cute_multi_colored_kitten_sitting_in_woman's_lap.png,0.6168490648269653
NewBench,2025,1,/shared/home/sarim.hashmi/usenix/benchmark/newbench_norm/fake/Double_decker_city_bus_passing_under_an_overpass._.png,4.784471093444154e-05
NewBench,2025,1,/shared/home/sarim.hashmi/usenix/benchmark/newbench_norm/fake/Emergency_vehicles_are_on_the_scene_of_the_accident..png,0.0001349539088550955
NewBench,2025,1,/shared/home/sarim.hashmi/usenix/benchmark/newbench_norm/fake/Fruit_in_a_jar_filled_with_liquid_sitting_on_a_wooden_table..png,0.00010720635327743366
NewBench,2025,1,/shared/home/sarim.hashmi/usenix/benchmark/newbench_norm/fake/Full_grown_cat_laying_down_and_sleeping_on_top_of_a_car._.png,0.001190932234749198
NewBench,2025,1,/shared/home/sarim.hashmi/usenix/benchmark/newbench_norm/fake/Giraffe_walking_through_a_field_next_to_a_forest..png,0.016485368832945824
NewBench,2025,1,/shared/home/sarim.hashmi/usenix/benchmark/newbench_norm/fake/Giraffe_with_large_trees_grazing_in_gray_sky.png,8.310782868647948e-05
NewBench,2025,1,/shared/home/sarim.hashmi/usenix/benchmark/newbench_norm/fake/Group_of_giraffes_standing_near_a_puddle_on_the_savannah..png,0.00016970449360087514
NewBench,2025,1,/shared/home/sarim.hashmi/usenix/benchmark/newbench_norm/fake/Jet_liner_flying_off_into_the_distance_on_an_overcast_day.png,0.0002544880844652653
NewBench,2025,1,/shared/home/sarim.hashmi/usenix/benchmark/newbench_norm/fake/Large_commuter_train_parked_on_the_track_with_no_people_around..png,0.0009061887976713479
NewBench,2025,1,/shared/home/sarim.hashmi/usenix/benchmark/newbench_norm/fake/Lots_of_fruit_sits_on_bowls_on_the_counter_of_this_kitchen._.png,4.413945134729147e-05
NewBench,2025,1,/shared/home/sarim.hashmi/usenix/benchmark/newbench_norm/fake/Man_on_bike_on_street_corner_with_buildings_and_stoplight.png,0.00017357160686515272
NewBench,2025,1,/shared/home/sarim.hashmi/usenix/benchmark/newbench_norm/fake/Man_on_blue_and_white_motorcycle_riding_on_one_wheel._.png,0.00017057375225704163
NewBench,2025,1,/shared/home/sarim.hashmi/usenix/benchmark/newbench_norm/fake/Many_motorcycles_are_parked_around_a_crowd_of_people..png,0.0005271602421998978
NewBench,2025,1,/shared/home/sarim.hashmi/usenix/benchmark/newbench_norm/fake/Many_people_bike_through_the_streets_at_night..png,0.00024652271531522274
NewBench,2025,1,/shared/home/sarim.hashmi/usenix/benchmark/newbench_norm/fake/Many_planes_are_arranged_in_a_large_building..png,9.632867295295e-05
NewBench,2025,1,/shared/home/sarim.hashmi/usenix/benchmark/newbench_norm/fake/Many_plates_and_dishes_line_a_kitchen_cabinet._.png,0.00200094748288393
NewBench,2025,1,/shared/home/sarim.hashmi/usenix/benchmark/newbench_norm/fake/Men_and_women_are_riding_on_motorcycles_on_the_street.png,0.00023088351008482277
NewBench,2025,1,/shared/home/sarim.hashmi/usenix/benchmark/newbench_norm/fake/Multiple_lane_road_in_large_city_on_sunny_day..png,0.00014879363880027086
NewBench,2025,1,"/shared/home/sarim.hashmi/usenix/benchmark/newbench_norm/fake/Non_passenger_train,_slowly_coming_down_the_tracks.png",4.0762239223113284e-05
NewBench,2025,1,/shared/home/sarim.hashmi/usenix/benchmark/newbench_norm/fake/One_giraffe_in_the_foreground_with_two_giraffes_in_the_background..png,0.04987505450844765
NewBench,2025,1,/shared/home/sarim.hashmi/usenix/benchmark/newbench_norm/fake/People_are_sitting_and_standing_outside_between_train_cars..png,0.0031602084636688232
NewBench,2025,1,/shared/home/sarim.hashmi/usenix/benchmark/newbench_norm/fake/People_are_waiting_for_the_bus_near_a_bus_stop..png,0.00019275113299954683
NewBench,2025,1,/shared/home/sarim.hashmi/usenix/benchmark/newbench_norm/fake/People_are_waiting_for_the_train_to_arrive.png,7.746405026409775e-05
NewBench,2025,1,/shared/home/sarim.hashmi/usenix/benchmark/newbench_norm/fake/People_at_a_bus_stop_waiting_on_a_bus..png,0.0006219737697392702
NewBench,2025,1,/shared/home/sarim.hashmi/usenix/benchmark/newbench_norm/fake/People_crossing_the_street_at_a_busy_intersection.png,0.000370763533283025
NewBench,2025,1,/shared/home/sarim.hashmi/usenix/benchmark/newbench_norm/fake/People_sitting_on_benches_next_to_each_other..png,0.002589350799098611
NewBench,2025,1,/shared/home/sarim.hashmi/usenix/benchmark/newbench_norm/fake/People_standing_around_looking_at_a_small_train_on_a_track.png,0.0002335748285986483
NewBench,2025,1,/shared/home/sarim.hashmi/usenix/benchmark/newbench_norm/fake/People_standing_on_a_sidewalk_near_a_parked_bus_at_night..png,0.0003181681386195123
NewBench,2025,1,/shared/home/sarim.hashmi/usenix/benchmark/newbench_norm/fake/People_walking_around_downtown_and_a_man_riding_his_bike..png,0.00010337689309380949
NewBench,2025,1,/shared/home/sarim.hashmi/usenix/benchmark/newbench_norm/fake/Red_and_white_plane_sitting_in_a_green_field..png,0.004178791772574186
NewBench,2025,1,/shared/home/sarim.hashmi/usenix/benchmark/newbench_norm/fake/Red_brick_building_with_fire_hydrant_and_car_with_cloudy_sky.png,0.0008634947007521987
NewBench,2025,1,/shared/home/sarim.hashmi/usenix/benchmark/newbench_norm/fake/Red_bus_passing_by_a_famous_clock_tower._.png,3.774816286750138e-05
NewBench,2025,1,/shared/home/sarim.hashmi/usenix/benchmark/newbench_norm/fake/Red_train_at_a_stop_and_a_man_that_is_waiting._.png,0.0002568450290709734
NewBench,2025,1,/shared/home/sarim.hashmi/usenix/benchmark/newbench_norm/fake/Red_wrong_way_sign_in_front_of_a_church.png,5.7443165133008733e-05
NewBench,2025,1,/shared/home/sarim.hashmi/usenix/benchmark/newbench_norm/fake/Row_of_motorcycles_parked_at_curb_in_outdoor_area..png,5.2266721468186006e-05
NewBench,2025,1,/shared/home/sarim.hashmi/usenix/benchmark/newbench_norm/fake/Rows_of_gray_and_black_keyboards_make_up_several_different_pictures..png,0.0005613233079202473
NewBench,2025,1,/shared/home/sarim.hashmi/usenix/benchmark/newbench_norm/fake/Separate_men_sitting_on_park_benches_playing_on_phone_and_reading..png,7.309748616535217e-05
NewBench,2025,1,/shared/home/sarim.hashmi/usenix/benchmark/newbench_norm/fake/Seven_giraffe_are_standing_around_a_bush_in_a_field..png,0.0002571037330199033
NewBench,2025,1,/shared/home/sarim.hashmi/usenix/benchmark/newbench_norm/fake/Several_bicycles_lined_up_against_a_brick_building..png,2.7036614483222365e-05
NewBench,2025,1,/shared/home/sarim.hashmi/usenix/benchmark/newbench_norm/fake/Several_buses_stopped_on_a_night_time_street..png,0.00044528167927637696
NewBench,2025,1,/shared/home/sarim.hashmi/usenix/benchmark/newbench_norm/fake/Several_different_pots_place_on_a_stone_floor..png,0.0003053751424886286
NewBench,2025,1,/shared/home/sarim.hashmi/usenix/benchmark/newbench_norm/fake/Several_motorcycles_and_cars_parked_on_a_city_street..png,9.04944899957627e-05
NewBench,2025,1,/shared/home/sarim.hashmi/usenix/benchmark/newbench_norm/fake/Several_people_are_seen_sitting_around_and_smoking..png,0.0009125724900513887
NewBench,2025,1,/shared/home/sarim.hashmi/usenix/benchmark/newbench_norm/fake/Several_people_stand_on_a_sidewalk_by_a_train_next_to_a_cart_stacked_with_materials..png,0.0001329601218458265
NewBench,2025,1,/shared/home/sarim.hashmi/usenix/benchmark/newbench_norm/fake/Several_sheep_are_in_a_grassy_field_with_trees..png,0.0010308345081284642
NewBench,2025,1,/shared/home/sarim.hashmi/usenix/benchmark/newbench_norm/fake/Sign_over_city_street_above_traffic_lights_by_a_building..png,3.952112820115872e-05
NewBench,2025,1,/shared/home/sarim.hashmi/usenix/benchmark/newbench_norm/fake/Signs_with_red_men_for_go_and_stop.png,0.00028618209762498736
NewBench,2025,1,/shared/home/sarim.hashmi/usenix/benchmark/newbench_norm/fake/Small_bathroom_with_toilet_and_sink_connected_to_each_other._.png,0.004313835874199867
NewBench,2025,1,/shared/home/sarim.hashmi/usenix/benchmark/newbench_norm/fake/Small_black_bird_standing_on_a_wooden_table_or_deck..png,0.0007457542233169079
NewBench,2025,1,/shared/home/sarim.hashmi/usenix/benchmark/newbench_norm/fake/Small_kitchen_with_white_cabinets_and_white_appliances_with_a_city_view._.png,0.00011103324504802004
NewBench,2025,1,/shared/home/sarim.hashmi/usenix/benchmark/newbench_norm/fake/Some_cars_are_traveling_on_the_streets_on_a_cloudy_day._.png,8.096632518572733e-05
NewBench,2025,1,/shared/home/sarim.hashmi/usenix/benchmark/newbench_norm/fake/Street_sign_in_front_of_a_large_building_and_clear_skies..png,0.00011583359446376562
NewBench,2025,1,/shared/home/sarim.hashmi/usenix/benchmark/newbench_norm/fake/Street_signs_are_advising_people_to_proceed_while_being_aware_of_their_surroundings..png,0.00045590935042127967
NewBench,2025,1,"/shared/home/sarim.hashmi/usenix/benchmark/newbench_norm/fake/Street_signs_at_an_intersection,_silhouetted_against_trees_and_a_blue_sky.png",5.21180008945521e-05
NewBench,2025,1,/shared/home/sarim.hashmi/usenix/benchmark/newbench_norm/fake/THERE_IS_A_PARK_BENCH_FACING_A_SNOW_COVERED_MOUNTAIN_.png,0.0021915449760854244
NewBench,2025,1,/shared/home/sarim.hashmi/usenix/benchmark/newbench_norm/fake/TWO_PEOPLE_IN_A_VERY_SMALL_APARTMENT_SIZE_KITCHEN.png,7.645912410225719e-05
NewBench,2025,1,/shared/home/sarim.hashmi/usenix/benchmark/newbench_norm/fake/That_looks_like_a_wall_mural_in_the_background_of_this_photo_with_a_lot_of_sheet..png,0.04387039318680763
NewBench,2025,1,/shared/home/sarim.hashmi/usenix/benchmark/newbench_norm/fake/The_airplane_flies_low_to_the_ground_during_sunset..png,0.0008166361949406564
NewBench,2025,1,/shared/home/sarim.hashmi/usenix/benchmark/newbench_norm/fake/The_airplane_is_majestic_as_it_takes_off_into_the_air..png,0.00032890960574150085
NewBench,2025,1,/shared/home/sarim.hashmi/usenix/benchmark/newbench_norm/fake/The_back_door_with_a_window_in_the_kitchen..png,4.2651696276152506e-05
NewBench,2025,1,/shared/home/sarim.hashmi/usenix/benchmark/newbench_norm/fake/The_baseball_player_is_prominent_in_all_the_featured_pictures..png,0.006802626419812441
NewBench,2025,1,/shared/home/sarim.hashmi/usenix/benchmark/newbench_norm/fake/The_bathroom_has_two_large_windows_with_a_ledge..png,0.00011414252367103472
NewBench,2025,1,/shared/home/sarim.hashmi/usenix/benchmark/newbench_norm/fake/The_bathroom_is_clean_for_the_guests_to_use._.png,0.0005449529853649437
NewBench,2025,1,"/shared/home/sarim.hashmi/usenix/benchmark/newbench_norm/fake/The_bathroom_is_small_but_clean_and_neat_looking,_with_an_immaculate_black_and_white_tub___shower..png",8.852364408085123e-05
NewBench,2025,1,/shared/home/sarim.hashmi/usenix/benchmark/newbench_norm/fake/The_bird_is_perched_alone_on_the_bannister._.png,0.0003986983501818031
NewBench,2025,1,/shared/home/sarim.hashmi/usenix/benchmark/newbench_norm/fake/The_black_cat_is_laying_on_top_of_books_on_the_shelf._.png,0.012647973373532295
NewBench,2025,1,/shared/home/sarim.hashmi/usenix/benchmark/newbench_norm/fake/The_car_is_traveling_down_the_road_while_the_dog_watches..png,3.673484388855286e-05
NewBench,2025,1,/shared/home/sarim.hashmi/usenix/benchmark/newbench_norm/fake/The_clock_on_the_side_of_the_metal_building_is_gold_and_black._.png,0.00042439860408194363
NewBench,2025,1,/shared/home/sarim.hashmi/usenix/benchmark/newbench_norm/fake/The_couple_is_riding_the_motorcycle_together._.png,0.00024356308858841658
NewBench,2025,1,/shared/home/sarim.hashmi/usenix/benchmark/newbench_norm/fake/The_fire_hydrant_is_sitting_on_the_side_of_the_road.png,5.155531471245922e-05
NewBench,2025,1,/shared/home/sarim.hashmi/usenix/benchmark/newbench_norm/fake/The_four_urinals_have_a_very_modern_design..png,0.021455183625221252
NewBench,2025,1,/shared/home/sarim.hashmi/usenix/benchmark/newbench_norm/fake/The_freight_train_is_speeding_through_the_crossing..png,8.56559126987122e-05
NewBench,2025,1,"/shared/home/sarim.hashmi/usenix/benchmark/newbench_norm/fake/The_german_shepherd_is_guarding_the_front_of_the_barred_door,.png",0.0004980115918442607
NewBench,2025,1,/shared/home/sarim.hashmi/usenix/benchmark/newbench_norm/fake/The_giraffe_eats_from_a_reachable_limb_of_the_tree..png,0.0006172318826429546
NewBench,2025,1,/shared/home/sarim.hashmi/usenix/benchmark/newbench_norm/fake/The_infamous_Big_Ben_clock_tower_towering_over_the_city_of_London..png,0.0007812737603671849
NewBench,2025,1,/shared/home/sarim.hashmi/usenix/benchmark/newbench_norm/fake/The_kitchen_sits_empty_and_unused_during_the_day..png,0.0038817524909973145
NewBench,2025,1,/shared/home/sarim.hashmi/usenix/benchmark/newbench_norm/fake/The_large_green_city_bus_is_driving_on_a_road..png,0.00025896955048665404
NewBench,2025,1,/shared/home/sarim.hashmi/usenix/benchmark/newbench_norm/fake/The_lights_are_on_above_the_mirror_of_the_bathroom_sink..png,0.004186344798654318
NewBench,2025,1,/shared/home/sarim.hashmi/usenix/benchmark/newbench_norm/fake/The_little_girl_is_standing_between_the_low_shrub_and_the_fire_plug.png,5.813671668875031e-05
NewBench,2025,1,/shared/home/sarim.hashmi/usenix/benchmark/newbench_norm/fake/The_motorcycle_has_a_large_cargo_box_attached_to_the_seat..png,3.878540519508533e-05
NewBench,2025,1,/shared/home/sarim.hashmi/usenix/benchmark/newbench_norm/fake/The_officer_is_riding_a_horse_threw_the_streets._.png,0.0005249592359177768
NewBench,2025,1,/shared/home/sarim.hashmi/usenix/benchmark/newbench_norm/fake/The_person_stands_in_a_field_flying_a_yellow_kite._.png,0.0002621953026391566
NewBench,2025,1,/shared/home/sarim.hashmi/usenix/benchmark/newbench_norm/fake/The_red_bus_has_an_anime_girl_on_it._.png,0.00028019011369906366
NewBench,2025,1,/shared/home/sarim.hashmi/usenix/benchmark/newbench_norm/fake/The_shoreline_of_a_beach_on_a_cloudy_day._.png,0.009679568000137806
NewBench,2025,1,/shared/home/sarim.hashmi/usenix/benchmark/newbench_norm/fake/The_skilled_skier_is_taking_the_downhill_route..png,4.831421028939076e-05
NewBench,2025,1,/shared/home/sarim.hashmi/usenix/benchmark/newbench_norm/fake/The_sleek_fighter_jet_is_flying_sideways_through_the_air._.png,0.07743359357118607
NewBench,2025,1,/shared/home/sarim.hashmi/usenix/benchmark/newbench_norm/fake/The_small_bathroom_has_an_old_bathtub_in_it..png,9.885968756861985e-05
NewBench,2025,1,/shared/home/sarim.hashmi/usenix/benchmark/newbench_norm/fake/The_small_street_is_crowded_with_small_shops..png,0.001107818097807467
NewBench,2025,1,/shared/home/sarim.hashmi/usenix/benchmark/newbench_norm/fake/The_snow_covered_mountain_looks_over_the_small_city..png,0.0040312595665454865
NewBench,2025,1,/shared/home/sarim.hashmi/usenix/benchmark/newbench_norm/fake/The_stop_sign_with_an_apartment_building_in_the_backgroundis_shot_from_below..png,0.000163696488016285
NewBench,2025,1,/shared/home/sarim.hashmi/usenix/benchmark/newbench_norm/fake/The_street_sign_is_across_from_an_electronic_sign_of_a_restaurant..png,0.0012813782086595893
NewBench,2025,1,/shared/home/sarim.hashmi/usenix/benchmark/newbench_norm/fake/The_three_giraffe_stand_next_to_a_pile_of_logs..png,0.0003246298583690077
NewBench,2025,1,/shared/home/sarim.hashmi/usenix/benchmark/newbench_norm/fake/The_train_could_be_going_as_fast_as_lightning.png,9.279609366785735e-05
NewBench,2025,1,/shared/home/sarim.hashmi/usenix/benchmark/newbench_norm/fake/The_train_is_passing_by_the_open_field..png,0.03350800648331642
NewBench,2025,1,/shared/home/sarim.hashmi/usenix/benchmark/newbench_norm/fake/The_view_from_the_airplane_shows_a_mountain_range..png,0.0017619492718949914
NewBench,2025,1,/shared/home/sarim.hashmi/usenix/benchmark/newbench_norm/fake/The_windows_of_a_railroad_train_photographed_against_a_cloudy_background..png,0.0008766375831328332
NewBench,2025,1,/shared/home/sarim.hashmi/usenix/benchmark/newbench_norm/fake/The_woman_smiles_while_posing_with_a_big_cat_in_her_arms..png,0.0014396412298083305
NewBench,2025,1,/shared/home/sarim.hashmi/usenix/benchmark/newbench_norm/fake/The_woman_stands_near_the_stove_near_a_baby_chair_on_the_ground._.png,0.0007068021805025637
NewBench,2025,1,/shared/home/sarim.hashmi/usenix/benchmark/newbench_norm/fake/There's_an_outdoor_dining_area_featuring_a_fountain._.png,5.194701225263998e-05
NewBench,2025,1,/shared/home/sarim.hashmi/usenix/benchmark/newbench_norm/fake/There_are_billboards_on_the_side_of_the_road..png,0.0027020894922316074
NewBench,2025,1,/shared/home/sarim.hashmi/usenix/benchmark/newbench_norm/fake/There_are_many_cars_parked_next_to_the_ship..png,4.886262831860222e-05
NewBench,2025,1,/shared/home/sarim.hashmi/usenix/benchmark/newbench_norm/fake/There_are_stop_signs_and_one_way_signs_at_this_intersection..png,0.00018941574671771377
NewBench,2025,1,/shared/home/sarim.hashmi/usenix/benchmark/newbench_norm/fake/There_are_two_men_sitting_on_a_park_bench.png,0.0032866986002773046
NewBench,2025,1,/shared/home/sarim.hashmi/usenix/benchmark/newbench_norm/fake/There_are_two_sinks_next_to_two_mirrors..png,0.00026916718343272805
NewBench,2025,1,/shared/home/sarim.hashmi/usenix/benchmark/newbench_norm/fake/There_is_a_blue_and_yellow_train_stopped_at_a_train_stop.png,0.000458734662970528
NewBench,2025,1,/shared/home/sarim.hashmi/usenix/benchmark/newbench_norm/fake/There_is_a_man_picking_bananas_next_to_a_street..png,0.004114305134862661
NewBench,2025,1,/shared/home/sarim.hashmi/usenix/benchmark/newbench_norm/fake/This_hazy_picture_depicts_traffic_on_a_busy_street..png,9.370147745357826e-05
NewBench,2025,1,/shared/home/sarim.hashmi/usenix/benchmark/newbench_norm/fake/This_is_an_image_of_an_elevated_train_in_the_city..png,0.00012230071297381073
NewBench,2025,1,/shared/home/sarim.hashmi/usenix/benchmark/newbench_norm/fake/This_is_an_open_box_containing_four_cucumbers..png,0.0007986511336639524
NewBench,2025,1,/shared/home/sarim.hashmi/usenix/benchmark/newbench_norm/fake/This_quaint_backyard_has_a_shed_and_a_bench.png,7.342583558056504e-05
NewBench,2025,1,/shared/home/sarim.hashmi/usenix/benchmark/newbench_norm/fake/Thomas_the_tank_traveling_down_train_tracks_next_to_a__bush..png,0.000680675613693893
NewBench,2025,1,/shared/home/sarim.hashmi/usenix/benchmark/newbench_norm/fake/Three_airliners_are_preparing_to_load_passengers_onto_a_plane..png,0.00015508969954680651
NewBench,2025,1,/shared/home/sarim.hashmi/usenix/benchmark/newbench_norm/fake/Three_giraffe_eating_greens_in_a_field_next_to_lots_of_trees..png,0.0010848689125850797
NewBench,2025,1,/shared/home/sarim.hashmi/usenix/benchmark/newbench_norm/fake/Three_giraffe_standing_near_trees_and_one_eating_on_a_tree.__.png,0.9955185651779175
NewBench,2025,1,/shared/home/sarim.hashmi/usenix/benchmark/newbench_norm/fake/Three_light_sheep_are_grazing_on_grass_in_a_ring_and_a_dark_sheep_is_eating_by_himself..png,0.00014105405716691166
NewBench,2025,1,"/shared/home/sarim.hashmi/usenix/benchmark/newbench_norm/fake/Three_men_in_military_suits_are_sitting_on_a_bench,.png",0.00024389820464421064
NewBench,2025,1,/shared/home/sarim.hashmi/usenix/benchmark/newbench_norm/fake/Three_monitors_sitting_on_a_table_one_with_a_view_of_a_baseball_game..png,0.006373914889991283
NewBench,2025,1,/shared/home/sarim.hashmi/usenix/benchmark/newbench_norm/fake/Three_people_on_a_motorcycle_in_the_middle_of_a_city..png,6.484900950454175e-05
NewBench,2025,1,/shared/home/sarim.hashmi/usenix/benchmark/newbench_norm/fake/Three_people_riding_horses_on_a_beach_next_to_the_ocean...png,0.0003482966567389667
NewBench,2025,1,/shared/home/sarim.hashmi/usenix/benchmark/newbench_norm/fake/Three_sheep_in_the_process_of_running_on_grass_outside..png,0.0001278955751331523
NewBench,2025,1,/shared/home/sarim.hashmi/usenix/benchmark/newbench_norm/fake/Three_white_storks_with_black_legs_and_beaks_wading_in_some_water..png,0.0001067949560820125
NewBench,2025,1,/shared/home/sarim.hashmi/usenix/benchmark/newbench_norm/fake/Traffic_lights_next_to_traffic_signs_on_a_bridge..png,0.0020339020993560553
NewBench,2025,1,/shared/home/sarim.hashmi/usenix/benchmark/newbench_norm/fake/Train_track_running_alongside_a_mountain_with_an_orange_train_car_in_distance..png,9.331938781542704e-05
NewBench,2025,1,/shared/home/sarim.hashmi/usenix/benchmark/newbench_norm/fake/Train_with_four_cars_traveling_through_the_wooded_area..png,0.00018926337361335754
NewBench,2025,1,/shared/home/sarim.hashmi/usenix/benchmark/newbench_norm/fake/Twin_baby_girls_wearing_hats_eat_ice_cream..png,0.003159448504447937
NewBench,2025,1,/shared/home/sarim.hashmi/usenix/benchmark/newbench_norm/fake/Two_No_Parking_Signs_emphasize_the_law_on_this_street..png,0.00034475669963285327
NewBench,2025,1,/shared/home/sarim.hashmi/usenix/benchmark/newbench_norm/fake/Two_airplanes_flying_through_a_blue_sky_with_smoke_pouring_out_of_their_rear_ends..png,0.006151881068944931
NewBench,2025,1,/shared/home/sarim.hashmi/usenix/benchmark/newbench_norm/fake/Two_bathroom_sinks_under_two_mirrors_next_to_paper_towel_dispenser..png,3.656442277133465e-05
NewBench,2025,1,/shared/home/sarim.hashmi/usenix/benchmark/newbench_norm/fake/Two_black_horses_standing_next_to_each_other..png,0.0003022982564289123
NewBench,2025,1,/shared/home/sarim.hashmi/usenix/benchmark/newbench_norm/fake/Two_buses_passing_each_other_by_while_traveling_under_a_bridge..png,0.00015501517918892205
NewBench,2025,1,/shared/home/sarim.hashmi/usenix/benchmark/newbench_norm/fake/Two_busses_on_street_next_to_cars_with_buildings_in_the_background..png,0.00021715233742725104
NewBench,2025,1,/shared/home/sarim.hashmi/usenix/benchmark/newbench_norm/fake/Two_cats_sitting_on_a__sill_looking_out_the_window.png,0.00016058378969319165
NewBench,2025,1,/shared/home/sarim.hashmi/usenix/benchmark/newbench_norm/fake/Two_giraffe_standing_next_to_each_other_around_a_tree..png,0.00027201970806345344
NewBench,2025,1,/shared/home/sarim.hashmi/usenix/benchmark/newbench_norm/fake/Two_giraffe_standing_next_to_each_other_on_a_field..png,0.9884709119796753
NewBench,2025,1,/shared/home/sarim.hashmi/usenix/benchmark/newbench_norm/fake/Two_giraffe_standing_next_to_each_other_on_a_lush_green_field..png,0.0009936558781191707
NewBench,2025,1,/shared/home/sarim.hashmi/usenix/benchmark/newbench_norm/fake/Two_giraffes_are_walking_and_standing_in_the_open_field.png,0.0007520843064412475
NewBench,2025,1,/shared/home/sarim.hashmi/usenix/benchmark/newbench_norm/fake/Two_giraffes_in_a_outdoor_shelter_under_a_net..png,0.0007984487456269562
NewBench,2025,1,/shared/home/sarim.hashmi/usenix/benchmark/newbench_norm/fake/Two_giraffes_in_a_room_with_people_looking_at_them..png,0.0009449395001865923
NewBench,2025,1,/shared/home/sarim.hashmi/usenix/benchmark/newbench_norm/fake/Two_giraffes_near_a_tree_in_the_wild..png,0.0007714453968219459
NewBench,2025,1,/shared/home/sarim.hashmi/usenix/benchmark/newbench_norm/fake/Two_giraffes_stand_in_a_dirt_yard_next_to_a_wooden_structure..png,0.002517278306186199
NewBench,2025,1,/shared/home/sarim.hashmi/usenix/benchmark/newbench_norm/fake/Two_giraffes_standing_next_to_each_other_looking_over_a_fence..png,0.06458842754364014
NewBench,2025,1,/shared/home/sarim.hashmi/usenix/benchmark/newbench_norm/fake/Two_goat_kids_and_one_young_lamb_are_in_a_field.__.png,0.00010552995809121057
NewBench,2025,1,/shared/home/sarim.hashmi/usenix/benchmark/newbench_norm/fake/Two_large_colorful_birds_touch_their_beaks_together..png,0.0027519213035702705
NewBench,2025,1,/shared/home/sarim.hashmi/usenix/benchmark/newbench_norm/fake/Two_large_passenger_jets_flying_over_a_beach_filled_with_birds..png,0.00023969647008925676
NewBench,2025,1,/shared/home/sarim.hashmi/usenix/benchmark/newbench_norm/fake/Two_men_riding_on_a_motorcycle_with_a_young_girl..png,0.00010280552669428289
NewBench,2025,1,/shared/home/sarim.hashmi/usenix/benchmark/newbench_norm/fake/Two_mountain_goats_standing_on_the_side_of_a_mountain..png,0.0006354065262712538
NewBench,2025,1,/shared/home/sarim.hashmi/usenix/benchmark/newbench_norm/fake/Two_people_are_looking_at_a_truck_while_a_dog_is_being_walked..png,0.014093510806560516
NewBench,2025,1,/shared/home/sarim.hashmi/usenix/benchmark/newbench_norm/fake/Two_people_are_sitting_at_a_picnic_table_by_a_lake..png,0.0004371630784589797
NewBench,2025,1,/shared/home/sarim.hashmi/usenix/benchmark/newbench_norm/fake/Two_people_ride_on_a_motorcycle_on_a_street._.png,0.0006671249866485596
NewBench,2025,1,/shared/home/sarim.hashmi/usenix/benchmark/newbench_norm/fake/Two_people_sit_in_the_sand_with_their_surf_boards._.png,0.00040986272506415844
NewBench,2025,1,/shared/home/sarim.hashmi/usenix/benchmark/newbench_norm/fake/Two_people_standing_in_the_grass_flying_a_kite..png,0.0003429550561122596
NewBench,2025,1,/shared/home/sarim.hashmi/usenix/benchmark/newbench_norm/fake/Two_photos_of_an_airplane_in_the_air..png,0.0005655634449794888
NewBench,2025,1,/shared/home/sarim.hashmi/usenix/benchmark/newbench_norm/fake/Two_sheep_are_looking_over_a_cement_wall..png,6.132260023150593e-05
NewBench,2025,1,/shared/home/sarim.hashmi/usenix/benchmark/newbench_norm/fake/Two_sheep_graze_in_a_valley_near_a_small_town..png,0.00012502084427978843
NewBench,2025,1,/shared/home/sarim.hashmi/usenix/benchmark/newbench_norm/fake/Two_sheep_one_with_a_bell_tied_to_its_neck_walking_in_a_green_field..png,9.29624293348752e-05
NewBench,2025,1,/shared/home/sarim.hashmi/usenix/benchmark/newbench_norm/fake/Two_sheep_that_are_standing_in_the_grass..png,0.00021584238857030869
NewBench,2025,1,/shared/home/sarim.hashmi/usenix/benchmark/newbench_norm/fake/Two_signs_in_front_of_a_red_brick_building_that_say_Tow_Away_No_Stopping_from_4pm_to_6pm_and_No_Park.png,0.05375358834862709
NewBench,2025,1,/shared/home/sarim.hashmi/usenix/benchmark/newbench_norm/fake/Two_stuffed_animals_are_cutting_bread_and_spreading_jelly_on_it..png,0.000564822752494365
NewBench,2025,1,/shared/home/sarim.hashmi/usenix/benchmark/newbench_norm/fake/Two_tall_giraffe_standing_next_to_a_green_leaf_filled_tree.png,0.0004949828726239502
NewBench,2025,1,/shared/home/sarim.hashmi/usenix/benchmark/newbench_norm/fake/Two_toilets_sit_near_each_other_in_the_same_room..png,0.0026469570584595203
NewBench,2025,1,/shared/home/sarim.hashmi/usenix/benchmark/newbench_norm/fake/Two_urinals_in_wall_with_a_white_divider..png,0.0015424099983647466
NewBench,2025,1,/shared/home/sarim.hashmi/usenix/benchmark/newbench_norm/fake/Vet_supplies_laying_on_the_floor_of_a_room..png,0.0008611061493866146
NewBench,2025,1,/shared/home/sarim.hashmi/usenix/benchmark/newbench_norm/fake/Water_is_spewing_form_the_ground_while_people_watch_on..png,0.0002919367398135364
NewBench,2025,1,/shared/home/sarim.hashmi/usenix/benchmark/newbench_norm/fake/We_are_looking_at_a_model_train_coming_down_the_track..png,6.332918565021828e-05
NewBench,2025,1,/shared/home/sarim.hashmi/usenix/benchmark/newbench_norm/fake/White_and_gray_cat_looking_past_spoked_wheel..png,0.00016698632680345327
NewBench,2025,1,/shared/home/sarim.hashmi/usenix/benchmark/newbench_norm/fake/Woman_interacting_with_giraffe_at_fence_in_zoo..png,0.0002090885245706886
NewBench,2025,1,/shared/home/sarim.hashmi/usenix/benchmark/newbench_norm/fake/Woman_riding_her_bike_down_a_small_side_path..png,0.00013739131100010127
NewBench,2025,1,/shared/home/sarim.hashmi/usenix/benchmark/newbench_norm/fake/Women_taking_picture_of_themselves_while_brushing_their_teeth..png,0.0030354545451700687
NewBench,2025,1,/shared/home/sarim.hashmi/usenix/benchmark/newbench_norm/fake/Woodpeckers_on_the_side_of_trees_during_the_day..png,0.0009246154222637415
NewBench,2025,1,"/shared/home/sarim.hashmi/usenix/benchmark/newbench_norm/fake/_A_bathroom_with_a_toilet,_sink,_counter_and_large_mirror.png",0.0020529639441519976
NewBench,2025,1,/shared/home/sarim.hashmi/usenix/benchmark/newbench_norm/fake/_A_sidewalk_with_street_sings_next_to_a_road..png,0.0020251472014933825
NewBench,2025,1,/shared/home/sarim.hashmi/usenix/benchmark/newbench_norm/fake/_a_street_sign_with_the_red_light_glowing_brightly_on_it_.png,0.0059153237380087376
NewBench,2025,1,/shared/home/sarim.hashmi/usenix/benchmark/newbench_norm/fake/a_bath_room_with_a_toilet_a_sink_and_a_bath_tub.png,0.00047822343185544014
NewBench,2025,1,/shared/home/sarim.hashmi/usenix/benchmark/newbench_norm/fake/a_bath_room_with_a_toilet_a_stool_and_handle_bars.png,0.004502755124121904
NewBench,2025,1,/shared/home/sarim.hashmi/usenix/benchmark/newbench_norm/fake/a_bath_room_with_two_sinks_a_large_mirror_a_bath_tub.png,8.347526454599574e-05
NewBench,2025,1,/shared/home/sarim.hashmi/usenix/benchmark/newbench_norm/fake/a_bathroom_counter_with_two_sinks_on_it_.png,0.0009758909000083804
NewBench,2025,1,/shared/home/sarim.hashmi/usenix/benchmark/newbench_norm/fake/a_bathroom_with_a_bath_tub_a_toilet_and_a_sink.png,0.0001479208149248734
NewBench,2025,1,/shared/home/sarim.hashmi/usenix/benchmark/newbench_norm/fake/a_bathroom_with_a_sink_a_mirror_and_a_toilet.png,0.000162272626766935
NewBench,2025,1,/shared/home/sarim.hashmi/usenix/benchmark/newbench_norm/fake/a_bathroom_with_a_white_sink_next_to_a_white_bath_tub..png,0.00035210794885642827
NewBench,2025,1,/shared/home/sarim.hashmi/usenix/benchmark/newbench_norm/fake/a_bathroom_with_bright_lights_and_white_carpet_.png,0.00013650931941810995
NewBench,2025,1,/shared/home/sarim.hashmi/usenix/benchmark/newbench_norm/fake/a_beautiful_lady_with_a_very_nice_motor_bike.png,5.336019239621237e-05
NewBench,2025,1,/shared/home/sarim.hashmi/usenix/benchmark/newbench_norm/fake/a_bench_in_the_woods_covered_in_snow_.png,0.0001671945647103712
NewBench,2025,1,/shared/home/sarim.hashmi/usenix/benchmark/newbench_norm/fake/a_big_red_fire_hydrant_on_the_side_of_a_building..png,0.000251372461207211
NewBench,2025,1,/shared/home/sarim.hashmi/usenix/benchmark/newbench_norm/fake/a_black_and_white_photo_of_a_long_bench_for_sitting_near_a_building.png,2.9401684514596127e-05
NewBench,2025,1,/shared/home/sarim.hashmi/usenix/benchmark/newbench_norm/fake/a_blue_sign_in_the_sidewalk_of_a_walking_trail.png,0.00012562361371237785
NewBench,2025,1,/shared/home/sarim.hashmi/usenix/benchmark/newbench_norm/fake/a_bluish_motorcycle_parked_on_sidewalk_in_park.png,6.263788236537948e-05
NewBench,2025,1,/shared/home/sarim.hashmi/usenix/benchmark/newbench_norm/fake/a_brown_and_white_dog_is_sitting_in_some_grass_and_a_red_and_white_fire_hydrant.png,5.502579369931482e-05
NewBench,2025,1,/shared/home/sarim.hashmi/usenix/benchmark/newbench_norm/fake/a_cat_is_sitting_on_a_wooden_bench_outside.png,0.00019027647795155644
NewBench,2025,1,/shared/home/sarim.hashmi/usenix/benchmark/newbench_norm/fake/a_close_up_of_a_cat_on_a_desk_near_a_sandwich_.png,0.0005770744173787534
NewBench,2025,1,/shared/home/sarim.hashmi/usenix/benchmark/newbench_norm/fake/a_close_up_of_a_pot_with_a_cell_phone_.png,0.00019493911531753838
NewBench,2025,1,/shared/home/sarim.hashmi/usenix/benchmark/newbench_norm/fake/a_close_up_of_two_giraffes_with_a_rock_background.png,0.00018400077533442527
NewBench,2025,1,/shared/home/sarim.hashmi/usenix/benchmark/newbench_norm/fake/a_colofrul_biplane_flying_above_some_trees_.png,0.8829706311225891
NewBench,2025,1,/shared/home/sarim.hashmi/usenix/benchmark/newbench_norm/fake/a_commercial_plane_is_on_the_airport_runway.png,0.000607923197094351
NewBench,2025,1,/shared/home/sarim.hashmi/usenix/benchmark/newbench_norm/fake/a_counter_with_cleaning_supplies_ice_cube_trays_and_racks_from_a_fridge_and_a_drawer_missing.png,0.00026593092479743063
NewBench,2025,1,/shared/home/sarim.hashmi/usenix/benchmark/newbench_norm/fake/a_couple_of_anmails_standing_next_to_a_truck.png,8.238081500167027e-05
NewBench,2025,1,/shared/home/sarim.hashmi/usenix/benchmark/newbench_norm/fake/a_couple_of_buildings_grouped_together_next_to_some_power_lines_.png,0.00014559688861481845
NewBench,2025,1,/shared/home/sarim.hashmi/usenix/benchmark/newbench_norm/fake/a_couple_of_cats_sit_in_front_of_a_tub_full_of_water_.png,0.994911253452301
NewBench,2025,1,/shared/home/sarim.hashmi/usenix/benchmark/newbench_norm/fake/a_couple_of_fire_trucks_that_are_by_a_motorcycle.png,0.00017520046094432473
NewBench,2025,1,/shared/home/sarim.hashmi/usenix/benchmark/newbench_norm/fake/a_couple_of_people_in_uniforms_are_sitting_together.png,0.0030694936867803335
NewBench,2025,1,/shared/home/sarim.hashmi/usenix/benchmark/newbench_norm/fake/a_couple_of_planes_are_out_on_a_runway.png,0.00010618101805448532
NewBench,2025,1,/shared/home/sarim.hashmi/usenix/benchmark/newbench_norm/fake/a_couple_of_sgns_are_on_poles_in_the_ground.png,8.905366848921403e-05
NewBench,2025,1,/shared/home/sarim.hashmi/usenix/benchmark/newbench_norm/fake/a_couple_of_sheep_walking_across_a_grass_covered_field..png,0.00015927187632769346
NewBench,2025,1,/shared/home/sarim.hashmi/usenix/benchmark/newbench_norm/fake/a_cyclist_with_a_motorbike_moving_very_fast.png,0.00016144386609084904
NewBench,2025,1,/shared/home/sarim.hashmi/usenix/benchmark/newbench_norm/fake/a_desk_with_a_banana_a_keyboard_and_a_mouse.png,0.003715186845511198
NewBench,2025,1,/shared/home/sarim.hashmi/usenix/benchmark/newbench_norm/fake/a_dog_walking_beside_a_man_carrying_a_surf_board.png,0.00010373484110459685
NewBench,2025,1,/shared/home/sarim.hashmi/usenix/benchmark/newbench_norm/fake/a_double_decker_red_bus_stopped_outside_of_a_brick_building.png,0.00022397089924197644
NewBench,2025,1,/shared/home/sarim.hashmi/usenix/benchmark/newbench_norm/fake/a_fancy_white_train_parked_by_the_platform_.png,0.0018178437603637576
NewBench,2025,1,/shared/home/sarim.hashmi/usenix/benchmark/newbench_norm/fake/a_female_in_a_gray_top_is_holding_a_cellphone.png,0.07500474154949188
NewBench,2025,1,/shared/home/sarim.hashmi/usenix/benchmark/newbench_norm/fake/a_giraffe_in_a_field_with_another_in_the_background.png,0.010327841155230999
NewBench,2025,1,/shared/home/sarim.hashmi/usenix/benchmark/newbench_norm/fake/a_giraffe_reaching_up_to_eat_some_grass_from_a_cage_.png,0.0015028356574475765
NewBench,2025,1,/shared/home/sarim.hashmi/usenix/benchmark/newbench_norm/fake/a_giraffe_walking_on_a_street_with_trees.png,0.0008871774771250784
NewBench,2025,1,/shared/home/sarim.hashmi/usenix/benchmark/newbench_norm/fake/a_girl_wearing_a_cowboy_hat_while_holding_a_dog_.png,0.0004288415948394686
NewBench,2025,1,/shared/home/sarim.hashmi/usenix/benchmark/newbench_norm/fake/a_green_double_Decker_bus_stopped_on_the_street.png,8.284758223453537e-05
NewBench,2025,1,/shared/home/sarim.hashmi/usenix/benchmark/newbench_norm/fake/a_green_train_engine_sitting_at_the_end_of_the_train_and_next_to_the_buidling.png,0.0001251428620889783
NewBench,2025,1,/shared/home/sarim.hashmi/usenix/benchmark/newbench_norm/fake/a_group_of_light_resting_on_a_post_with_a_street_sign_on_it.png,0.0006724150152876973
NewBench,2025,1,/shared/home/sarim.hashmi/usenix/benchmark/newbench_norm/fake/a_group_of_people_on_motorcycles_drive_down_the_road.png,0.0003563242789823562
NewBench,2025,1,/shared/home/sarim.hashmi/usenix/benchmark/newbench_norm/fake/a_group_of_people_that_are_taking_a_picture.png,0.0004746219201479107
NewBench,2025,1,/shared/home/sarim.hashmi/usenix/benchmark/newbench_norm/fake/a_group_of_urinals_is_near_the_trees.png,4.481810537981801e-05
NewBench,2025,1,/shared/home/sarim.hashmi/usenix/benchmark/newbench_norm/fake/a_group_of_vehicles_parked_next_to_a_firehydrant.png,0.007277296390384436
NewBench,2025,1,/shared/home/sarim.hashmi/usenix/benchmark/newbench_norm/fake/a_herd_of_sheep_standing_around_in_a_big_grassy_field_.png,0.0013775763800367713
NewBench,2025,1,/shared/home/sarim.hashmi/usenix/benchmark/newbench_norm/fake/a_home_made_stop_sign_in_the_middle_of_nowhere.png,7.198811363196e-05
NewBench,2025,1,/shared/home/sarim.hashmi/usenix/benchmark/newbench_norm/fake/a_kitchen_that_makes_food_has_pots_and_pans..png,0.0002129472268279642
NewBench,2025,1,/shared/home/sarim.hashmi/usenix/benchmark/newbench_norm/fake/a_kitchen_with_a__sink_surrounded_by_a_bunch_of_cluttered_items.png,0.00028578672208823264
NewBench,2025,1,/shared/home/sarim.hashmi/usenix/benchmark/newbench_norm/fake/a_kitchen_with_a_nasty_dirty_kitchen_with_a_light_beam_through_the_window.png,0.0003365701122675091
NewBench,2025,1,/shared/home/sarim.hashmi/usenix/benchmark/newbench_norm/fake/a_large_air_plane_flying_in_the_air.png,7.53342974348925e-05
NewBench,2025,1,/shared/home/sarim.hashmi/usenix/benchmark/newbench_norm/fake/a_large_body_of_water_with_trees_in_the_background.png,0.00740248104557395
NewBench,2025,1,/shared/home/sarim.hashmi/usenix/benchmark/newbench_norm/fake/a_line_of_cars_with_a_motorcycle_in_front.png,0.00010943196684820578
NewBench,2025,1,/shared/home/sarim.hashmi/usenix/benchmark/newbench_norm/fake/a_lit_up_counter_with_two_fancy_sinks_on_it.png,0.0033259238116443157
NewBench,2025,1,/shared/home/sarim.hashmi/usenix/benchmark/newbench_norm/fake/a_little_giraffe_sitting_on_the_ground_next_to_a_somewhat_bigger_one_.png,0.0016185443382710218
NewBench,2025,1,/shared/home/sarim.hashmi/usenix/benchmark/newbench_norm/fake/a_living_room_with_some_fancy_curtains_behind_a_couch_.png,9.508476068731397e-05
NewBench,2025,1,/shared/home/sarim.hashmi/usenix/benchmark/newbench_norm/fake/a_man_assisting_a_woman_shearing_a_sheep_with_several_children_watching.png,0.0006399088306352496
NewBench,2025,1,/shared/home/sarim.hashmi/usenix/benchmark/newbench_norm/fake/a_man_on_skis_holds_onto_the_hands_of_a_small_girl_on_skis.png,0.0012165334774181247
NewBench,2025,1,/shared/home/sarim.hashmi/usenix/benchmark/newbench_norm/fake/a_man_riding_a_small_motorcycle_in_the_bustling_streets.png,0.00032082729740068316
NewBench,2025,1,/shared/home/sarim.hashmi/usenix/benchmark/newbench_norm/fake/a_man_sits_by_himself_on_a_bench_in_a_stone-paved_square_in_front_of_a_large_bed_of_flowers.png,0.00011071479093516245
NewBench,2025,1,/shared/home/sarim.hashmi/usenix/benchmark/newbench_norm/fake/a_man_standing_next_to_a_red_train_near_a_train_track_.png,0.0011408216087147593
NewBench,2025,1,/shared/home/sarim.hashmi/usenix/benchmark/newbench_norm/fake/a_man_standing_on_the_side_walk_while_holding_a_sign_.png,0.0001382998307235539
NewBench,2025,1,/shared/home/sarim.hashmi/usenix/benchmark/newbench_norm/fake/a_man_taking_a_nap_on_the_bench_in_the_middle_of_a_park.png,3.754274075618014e-05
NewBench,2025,1,/shared/home/sarim.hashmi/usenix/benchmark/newbench_norm/fake/a_modern_flush_toilet_in_a_bathroom_with_tile._.png,2.696919909794815e-05
NewBench,2025,1,"/shared/home/sarim.hashmi/usenix/benchmark/newbench_norm/fake/a_modern_kitchen_with_an_oven,_stove,_and_a_fridge_.png",7.156886567827314e-05
NewBench,2025,1,/shared/home/sarim.hashmi/usenix/benchmark/newbench_norm/fake/a_motorcycle_is_parked_near_a_building_by_the_curb.png,0.0006445297040045261
NewBench,2025,1,/shared/home/sarim.hashmi/usenix/benchmark/newbench_norm/fake/a_motorcycle_parked_in_a_field_with_a_sky_background_.png,5.51331540918909e-05
NewBench,2025,1,/shared/home/sarim.hashmi/usenix/benchmark/newbench_norm/fake/a_number_of_birds_flying_near_a_nest_.png,0.9631073474884033
NewBench,2025,1,/shared/home/sarim.hashmi/usenix/benchmark/newbench_norm/fake/a_person_driving_a_motorcycle_on_a_closed_course.png,0.000561144610401243
NewBench,2025,1,/shared/home/sarim.hashmi/usenix/benchmark/newbench_norm/fake/a_person_in_an_office_setting_sitting_in_a_chair.png,0.00010009359539253637
NewBench,2025,1,/shared/home/sarim.hashmi/usenix/benchmark/newbench_norm/fake/a_person_on_the_back_of_a_parked_truck.png,0.00018768840527627617
NewBench,2025,1,/shared/home/sarim.hashmi/usenix/benchmark/newbench_norm/fake/a_person_riding_a_dirt_bike_in_the_air_with_a_sky_background.png,0.00513486098498106
NewBench,2025,1,/shared/home/sarim.hashmi/usenix/benchmark/newbench_norm/fake/a_person_riding_a_motorcycle_on_a_road_.png,2.9307066142791882e-05
NewBench,2025,1,/shared/home/sarim.hashmi/usenix/benchmark/newbench_norm/fake/a_person_riding_a_motorcycle_on_a_road_with_a_hill_in_the_background.png,3.780869155889377e-05
NewBench,2025,1,/shared/home/sarim.hashmi/usenix/benchmark/newbench_norm/fake/a_person_sitting_on_a_bike_near_many_other_parked_bikes_.png,2.5832672690739855e-05
NewBench,2025,1,/shared/home/sarim.hashmi/usenix/benchmark/newbench_norm/fake/a_person_that_is_riding_a_bike_next_to_some_seats.png,0.00010242030111839995
NewBench,2025,1,/shared/home/sarim.hashmi/usenix/benchmark/newbench_norm/fake/a_picture_of_a_water_hydrant_with_many_snow._.png,0.0006859709974378347
NewBench,2025,1,/shared/home/sarim.hashmi/usenix/benchmark/newbench_norm/fake/a_pole_that_has_a_sign_attached_to_it.png,9.86683153314516e-05
NewBench,2025,1,/shared/home/sarim.hashmi/usenix/benchmark/newbench_norm/fake/a_policeman_on_a_motorcycling_driving_on_the_road_smiling.png,4.710199573310092e-05
NewBench,2025,1,/shared/home/sarim.hashmi/usenix/benchmark/newbench_norm/fake/a_public_bathroom_with_a_toilet_and_hand_rail.png,0.00013627484440803528
NewBench,2025,1,/shared/home/sarim.hashmi/usenix/benchmark/newbench_norm/fake/a_public_transit_train_on_a_train_track_with_trees_in_the_background.png,0.0008570145582780242
NewBench,2025,1,/shared/home/sarim.hashmi/usenix/benchmark/newbench_norm/fake/a_red_bus_that_has_stuff_wrote_on_the_outside.png,0.026560695841908455
NewBench,2025,1,/shared/home/sarim.hashmi/usenix/benchmark/newbench_norm/fake/a_red_fire_hydrogen_next_to_a_road_in_front_of_a_bus.png,0.0001405043585691601
NewBench,2025,1,/shared/home/sarim.hashmi/usenix/benchmark/newbench_norm/fake/a_sculpture_made_of_spoons_and_an_old_toaster.png,8.841574162943289e-05
NewBench,2025,1,/shared/home/sarim.hashmi/usenix/benchmark/newbench_norm/fake/a_sign_hanging_up_that_says_waterman_ave.png,0.002124723745509982
NewBench,2025,1,/shared/home/sarim.hashmi/usenix/benchmark/newbench_norm/fake/a_small_air_plane_on_an_air_plane_run_way.png,0.0004897768376395106
NewBench,2025,1,/shared/home/sarim.hashmi/usenix/benchmark/newbench_norm/fake/a_small_bathroom_with_a_mirror_and_sink.png,0.00012214687012601644
NewBench,2025,1,/shared/home/sarim.hashmi/usenix/benchmark/newbench_norm/fake/a_steam_locomotive_on_a_narrow_gauge_track_in_the_snow.png,5.843586041009985e-05
NewBench,2025,1,/shared/home/sarim.hashmi/usenix/benchmark/newbench_norm/fake/a_stop_sign_and_railway_crossing_sign_on_a_pole.png,0.000141568249091506
NewBench,2025,1,/shared/home/sarim.hashmi/usenix/benchmark/newbench_norm/fake/a_store_sits_in_front_of_a_fire_hydrant_.png,0.027182184159755707
NewBench,2025,1,/shared/home/sarim.hashmi/usenix/benchmark/newbench_norm/fake/a_street_light_hanging_fron_one_of_many_wires_connected_to_a_power_pole.png,0.00014869718870613724
NewBench,2025,1,/shared/home/sarim.hashmi/usenix/benchmark/newbench_norm/fake/a_street_with_people_and_vehicles_in_the_middle_of_it.png,0.00013884130748920143
NewBench,2025,1,/shared/home/sarim.hashmi/usenix/benchmark/newbench_norm/fake/a_stuffed_animal_and_a_figurine_are_sitting_on_a_bench_and_water.png,0.00014335689775180072
NewBench,2025,1,/shared/home/sarim.hashmi/usenix/benchmark/newbench_norm/fake/a_table_top_with_some_laptops_on_it_.png,0.00044125562999397516
NewBench,2025,1,/shared/home/sarim.hashmi/usenix/benchmark/newbench_norm/fake/a_toilet_sits_in_front_of_a_bath_tub.png,0.00017281855980399996
NewBench,2025,1,/shared/home/sarim.hashmi/usenix/benchmark/newbench_norm/fake/a_toilet_sits_next_to_a_bath_tub_as_a_bunch_of_tiles_sit_piled_up_.png,6.53620227240026e-05
NewBench,2025,1,/shared/home/sarim.hashmi/usenix/benchmark/newbench_norm/fake/a_traffic_light_above_a_road_with_a_building_in_the_background.png,9.516203863313422e-05
NewBench,2025,1,/shared/home/sarim.hashmi/usenix/benchmark/newbench_norm/fake/a_train_getting_ready_to_go_into_a_tunnel_.png,0.0007026446983218193
NewBench,2025,1,/shared/home/sarim.hashmi/usenix/benchmark/newbench_norm/fake/a_train_on_a_train_track_at_a_station_.png,6.036008198861964e-05
NewBench,2025,1,/shared/home/sarim.hashmi/usenix/benchmark/newbench_norm/fake/a_train_that_is_on_a_train_track.png,0.0008258753805421293
NewBench,2025,1,/shared/home/sarim.hashmi/usenix/benchmark/newbench_norm/fake/a_tree_surrounded_by_a_little_bench_with_someone_sitting_on_it.png,0.00013318638957571238
NewBench,2025,1,/shared/home/sarim.hashmi/usenix/benchmark/newbench_norm/fake/a_very_big_boat_that_is_in_some_water.png,0.0005104240262880921
NewBench,2025,1,/shared/home/sarim.hashmi/usenix/benchmark/newbench_norm/fake/a_very_big_bus_moving_on_the_street_with_no_people.png,0.00048493273789063096
NewBench,2025,1,/shared/home/sarim.hashmi/usenix/benchmark/newbench_norm/fake/a_view_of_a_bathroom_area_with_a_white_long_flusher_and_window_behind_it_.png,0.00010962685337290168
NewBench,2025,1,/shared/home/sarim.hashmi/usenix/benchmark/newbench_norm/fake/a_white_and_black_sea_bird_standing_in_very_shallow_water.png,0.0008324442896991968
NewBench,2025,1,/shared/home/sarim.hashmi/usenix/benchmark/newbench_norm/fake/a_white_bus_is_on_a_busy_street.png,0.0001506386324763298
NewBench,2025,1,/shared/home/sarim.hashmi/usenix/benchmark/newbench_norm/fake/a_woman_in_kitchen_cooking_chips_in_fry.png,8.617394632892683e-05
NewBench,2025,1,/shared/home/sarim.hashmi/usenix/benchmark/newbench_norm/fake/a_woman_is_out_in_a_field_with_sheep_.png,0.0001704324531601742
NewBench,2025,1,/shared/home/sarim.hashmi/usenix/benchmark/newbench_norm/fake/a_woman_is_standing_next_to_an_oven.png,0.0001344242482446134
NewBench,2025,1,/shared/home/sarim.hashmi/usenix/benchmark/newbench_norm/fake/a_woman_posing_on_a_wooden_bench_in_the_woods.png,8.776456525083631e-05
NewBench,2025,1,/shared/home/sarim.hashmi/usenix/benchmark/newbench_norm/fake/a_woman_riding_a_horse_while_holding_a_flag.png,0.00013962728553451598
NewBench,2025,1,/shared/home/sarim.hashmi/usenix/benchmark/newbench_norm/fake/a_wooden_and_metal_bench_near_a_over_grown_bush.png,8.46347538754344e-05
NewBench,2025,1,/shared/home/sarim.hashmi/usenix/benchmark/newbench_norm/fake/a_young_female_siting_on_a_bench_near_a_small_stagnant_lake.png,0.0016048438847064972
NewBench,2025,1,/shared/home/sarim.hashmi/usenix/benchmark/newbench_norm/fake/an_image_of_a_a_plane_that_is_flying_in_the_air.png,0.0004941138322465122
NewBench,2025,1,/shared/home/sarim.hashmi/usenix/benchmark/newbench_norm/fake/an_image_of_a_cat_in_a_toilet_with_the_water.png,6.817602115916088e-05
NewBench,2025,1,/shared/home/sarim.hashmi/usenix/benchmark/newbench_norm/fake/an_image_of_a_tourbus_stopping_on_a_route.png,0.00020504853455349803
NewBench,2025,1,/shared/home/sarim.hashmi/usenix/benchmark/newbench_norm/fake/an_up_close_picture_of_mechanic_of_a_bike_.png,0.0001281300646951422
NewBench,2025,1,/shared/home/sarim.hashmi/usenix/benchmark/newbench_norm/fake/cars_wait_at_red_light_at_an_intersection_by_mountains.png,0.00039799106889404356
NewBench,2025,1,"/shared/home/sarim.hashmi/usenix/benchmark/newbench_norm/fake/group_of_giraffes_mingling_in_a_stand_of_trees
.png",0.03342627361416817
NewBench,2025,1,/shared/home/sarim.hashmi/usenix/benchmark/newbench_norm/fake/many_bikes_parked_in_a_parking_lot_very_close_to_each_other.png,0.0003873845562338829
NewBench,2025,1,"/shared/home/sarim.hashmi/usenix/benchmark/newbench_norm/fake/older_women_sit_on_a_bench,_with_one_of_the_women_holding_crutches.png",0.0005440639215521514
NewBench,2025,1,/shared/home/sarim.hashmi/usenix/benchmark/newbench_norm/fake/people_at_costume_party_dressed_up_in_costumes.png,0.008439806289970875
NewBench,2025,1,/shared/home/sarim.hashmi/usenix/benchmark/newbench_norm/fake/people_riding_bikes_near_a_beach_and_others_swimming.png,0.0010203769197687507
NewBench,2025,1,/shared/home/sarim.hashmi/usenix/benchmark/newbench_norm/fake/people_standing_outside_a_building_with_clocks_built_into_the_side_of_it.png,0.00032259515137411654
NewBench,2025,1,/shared/home/sarim.hashmi/usenix/benchmark/newbench_norm/fake/several_motorcycles_are_parked_next_to_each_other.png,0.00011844163964269683
NewBench,2025,1,/shared/home/sarim.hashmi/usenix/benchmark/newbench_norm/fake/some_blurred_sheep_are_running_and_some_green_grass.png,0.0005225084023550153
NewBench,2025,1,/shared/home/sarim.hashmi/usenix/benchmark/newbench_norm/fake/some_people_on_a_park_bench_in_a_field.png,8.348815754288808e-05
NewBench,2025,1,/shared/home/sarim.hashmi/usenix/benchmark/newbench_norm/fake/there_are_blue_lights_shining_threw_palm_trees_.png,0.0015625079395249486
NewBench,2025,1,/shared/home/sarim.hashmi/usenix/benchmark/newbench_norm/fake/there_are_many_rocks_on_the_side_of_this_road.png,0.0005572577356360853
NewBench,2025,1,/shared/home/sarim.hashmi/usenix/benchmark/newbench_norm/fake/there_are_several_stop_signs_along_side_the_grass.png,0.00045365141704678535
NewBench,2025,1,/shared/home/sarim.hashmi/usenix/benchmark/newbench_norm/fake/there_are_two_very_tall_giraffes_in_this_zoo_by_the_water.png,0.0016448230016976595
NewBench,2025,1,/shared/home/sarim.hashmi/usenix/benchmark/newbench_norm/fake/there_is_a_one_way_street_sign_under_a_street_name_sign.png,0.006742836907505989
NewBench,2025,1,/shared/home/sarim.hashmi/usenix/benchmark/newbench_norm/fake/there_is_a_sheep_behind_a_fence_standing_in_the_snow.png,0.00011384978279238567
NewBench,2025,1,/shared/home/sarim.hashmi/usenix/benchmark/newbench_norm/fake/there_is_a_stop_sign_at_the_end_of_this_cross_walk.png,3.6236840969650075e-05
NewBench,2025,1,/shared/home/sarim.hashmi/usenix/benchmark/newbench_norm/fake/this_fire_hydrant_has_a_painting_on_it.png,0.0004048365808557719
NewBench,2025,1,/shared/home/sarim.hashmi/usenix/benchmark/newbench_norm/fake/this_is_a_bus_with_an_ad_for_a_casino.png,3.309341991553083e-05
NewBench,2025,1,/shared/home/sarim.hashmi/usenix/benchmark/newbench_norm/fake/this_is_a_close_up_picture_of_a_roosters_neck.png,0.0007937646587379277
NewBench,2025,1,/shared/home/sarim.hashmi/usenix/benchmark/newbench_norm/fake/this_man_is_riding_a_board_near_a_field.png,0.00038636993849650025
NewBench,2025,1,/shared/home/sarim.hashmi/usenix/benchmark/newbench_norm/fake/three_children_sitting_on_a_bench_near_one_another.png,0.0014181876322254539
NewBench,2025,1,/shared/home/sarim.hashmi/usenix/benchmark/newbench_norm/fake/train_pulling_up_the_track_while_people_wait_on_the_sidewalk.png,0.0001897042093332857
NewBench,2025,1,/shared/home/sarim.hashmi/usenix/benchmark/newbench_norm/fake/two_birds_flying_over_some_water_and_their_reflection.png,0.00860127154737711
NewBench,2025,1,/shared/home/sarim.hashmi/usenix/benchmark/newbench_norm/fake/two_large_air_planes_on_a_run_way.png,7.796004501869902e-05
NewBench,2025,1,/shared/home/sarim.hashmi/usenix/benchmark/newbench_norm/fake/two_people_riding_on_a_motorcycle_on_a_road.png,8.662403706694022e-05
