generator,gen_year,label,path,score
SD2.1,2022,0,/shared/home/sarim.hashmi/usenix/benchmark/normalized/SD2.1/real/a_number_of_people_sitting_at_tables_in_a_train_46603533b4.png,0.0497904010117054
SD2.1,2022,0,/shared/home/sarim.hashmi/usenix/benchmark/normalized/SD2.1/real/A_giraffe_bust_hanging_by_a_Rain_Forest_Cafe_Sign__40448b36d1.png,0.09708621352910995
SD2.1,2022,0,/shared/home/sarim.hashmi/usenix/benchmark/normalized/SD2.1/real/A_bird_themed_clock_sitting_inside_of_a_green_box__1fa0c489d4.png,0.05205734074115753
SD2.1,2022,0,/shared/home/sarim.hashmi/usenix/benchmark/normalized/SD2.1/real/A_photo_of_a_busy_city_with_cranes_and_a_train_and_33e671a239.png,0.02220390923321247
SD2.1,2022,0,/shared/home/sarim.hashmi/usenix/benchmark/normalized/SD2.1/real/A_mans_reflection_in_a_side_view_mirror__83a981f404.png,0.14868666231632233
SD2.1,2022,0,/shared/home/sarim.hashmi/usenix/benchmark/normalized/SD2.1/real/A_man_standing_in_an_airport_with_lots_of_luggage__56a362e2d6.png,0.02257727086544037
SD2.1,2022,0,/shared/home/sarim.hashmi/usenix/benchmark/normalized/SD2.1/real/A_group_of_people_behind_a_white_picket_fence_watc_a500b99ea0.png,0.02368510328233242
SD2.1,2022,0,/shared/home/sarim.hashmi/usenix/benchmark/normalized/SD2.1/real/A_fire_box_with_ME_painted_on_the_side__fed5fd659e.png,0.03609054535627365
SD2.1,2022,0,/shared/home/sarim.hashmi/usenix/benchmark/normalized/SD2.1/real/Three_computer_screens_showing_a_panoramic_beach_s_527af91167.png,0.032597750425338745
SD2.1,2022,0,/shared/home/sarim.hashmi/usenix/benchmark/normalized/SD2.1/real/A_couple_of_giraffes_that_are_standing_in_the_gras_9dc6c6c5c5.png,0.02234656922519207
SD2.1,2022,0,/shared/home/sarim.hashmi/usenix/benchmark/normalized/SD2.1/real/Women_father_around_a_desk_and_machinery_in_a_fact_00d3e4edd9.png,0.039426010102033615
SD2.1,2022,0,/shared/home/sarim.hashmi/usenix/benchmark/normalized/SD2.1/real/An_attractive_lady_riding_a_cow_while_leaping_over_f09155abdd.png,0.04665646702051163
SD2.1,2022,0,/shared/home/sarim.hashmi/usenix/benchmark/normalized/SD2.1/real/A_black_bird_sitting_in_grass_by_water_67bd5817d5.png,0.019251780584454536
SD2.1,2022,0,/shared/home/sarim.hashmi/usenix/benchmark/normalized/SD2.1/real/A_black_and_white_photo_of_an_older_man_skiing__1d80182681.png,0.06845059245824814
SD2.1,2022,0,/shared/home/sarim.hashmi/usenix/benchmark/normalized/SD2.1/real/A_couple_of_sheep_standing_in_the_tall_grass__041aa8826e.png,0.021189359948039055
SD2.1,2022,0,/shared/home/sarim.hashmi/usenix/benchmark/normalized/SD2.1/real/A_man_sits_on_a_motorcycle_holding_a_cat___c4338a8f85.png,0.031218374148011208
SD2.1,2022,0,/shared/home/sarim.hashmi/usenix/benchmark/normalized/SD2.1/real/A_man_walking_while_holding_an_umbrella_on_a_wet_s_611892bf82.png,0.03807052597403526
SD2.1,2022,0,/shared/home/sarim.hashmi/usenix/benchmark/normalized/SD2.1/real/The_baseball_player_is_prominent_in_all_the_featur_8c98401239.png,0.02927163802087307
SD2.1,2022,0,/shared/home/sarim.hashmi/usenix/benchmark/normalized/SD2.1/real/a_couple_of_people_in_uniforms_are_sitting_togethe_333091a71c.png,0.2184850424528122
SD2.1,2022,0,/shared/home/sarim.hashmi/usenix/benchmark/normalized/SD2.1/real/A_black_and_white_photo_of_a_child_putting_on_glov_dc2214f034.png,0.8273691534996033
SD2.1,2022,0,/shared/home/sarim.hashmi/usenix/benchmark/normalized/SD2.1/real/Three_sheep_in_the_process_of_running_on_grass_out_b80d796122.png,0.022775283083319664
SD2.1,2022,0,/shared/home/sarim.hashmi/usenix/benchmark/normalized/SD2.1/real/A_man_has_stopped_in_the_middle_of_the_street_and__267098d37f.png,0.027038827538490295
SD2.1,2022,0,/shared/home/sarim.hashmi/usenix/benchmark/normalized/SD2.1/real/black_and_white_photo_of_two_birds_flying_on_a_clo_fba7c40a78.png,0.04184146225452423
SD2.1,2022,0,/shared/home/sarim.hashmi/usenix/benchmark/normalized/SD2.1/real/An_animal_is_walking_along_in_a_wooded_area__20b889bf8a.png,0.029233263805508614
SD2.1,2022,0,/shared/home/sarim.hashmi/usenix/benchmark/normalized/SD2.1/real/A_man_sitting_on_his_skateboard_in_a_field__99c46c9d7e.png,0.027731936424970627
SD2.1,2022,0,/shared/home/sarim.hashmi/usenix/benchmark/normalized/SD2.1/real/Clocks_on_a_light_pole_on_a_city_street__7d9d07acc7.png,0.026805251836776733
SD2.1,2022,0,/shared/home/sarim.hashmi/usenix/benchmark/normalized/SD2.1/real/Woman_walking_down_the_side_walk_of_a_busy_night_c_e90bf2a2a0.png,0.019077004864811897
SD2.1,2022,0,/shared/home/sarim.hashmi/usenix/benchmark/normalized/SD2.1/real/A_pile_of_toilet_paper_sitting_on_top_of_a_toilet__09be5c4c44.png,0.08706193417310715
SD2.1,2022,0,/shared/home/sarim.hashmi/usenix/benchmark/normalized/SD2.1/real/A_bathroom_with_blue_and_white_tiles_and_a_white_t_eb0f9bbcd3.png,0.026361936703324318
SD2.1,2022,0,/shared/home/sarim.hashmi/usenix/benchmark/normalized/SD2.1/real/A_hallway_with_yellow_painted_walls_and_a_light_mo_0ca8e40762.png,0.04839580878615379
SD2.1,2022,0,/shared/home/sarim.hashmi/usenix/benchmark/normalized/SD2.1/real/an_image_of_a_cat_in_a_toilet_with_the_water_0fccd65dbc.png,0.02968250960111618
SD2.1,2022,0,/shared/home/sarim.hashmi/usenix/benchmark/normalized/SD2.1/real/A_traffic_light_with_the_letter_B_written_on_it__b9730a2f79.png,0.059914395213127136
SD2.1,2022,0,/shared/home/sarim.hashmi/usenix/benchmark/normalized/SD2.1/real/a_male_with_glasses_and_a_green_helmet_is_eating_a_c8838e6afc.png,0.04777463525533676
SD2.1,2022,0,/shared/home/sarim.hashmi/usenix/benchmark/normalized/SD2.1/real/A_group_of_sheep_is_standing_in_a_grassy_field__5749d872ca.png,0.04376477375626564
SD2.1,2022,0,/shared/home/sarim.hashmi/usenix/benchmark/normalized/SD2.1/real/A_man_sits_on_a_bench_and_stares_into_the_distance_c9cd50c38e.png,0.02479219250380993
SD2.1,2022,0,/shared/home/sarim.hashmi/usenix/benchmark/normalized/SD2.1/real/A_traffic_light_is_lit_up_red_near_a_street_light__ba045d815b.png,0.14440687000751495
SD2.1,2022,0,/shared/home/sarim.hashmi/usenix/benchmark/normalized/SD2.1/real/four_people_sitting_on_a_bench_and_some_pink_flowe_ac17dae743.png,0.023891931399703026
SD2.1,2022,0,/shared/home/sarim.hashmi/usenix/benchmark/normalized/SD2.1/real/a_stop_sign_on_a_wooden_pole_in_front_of_an_empty__6a4bb191dc.png,0.021398354321718216
SD2.1,2022,0,/shared/home/sarim.hashmi/usenix/benchmark/normalized/SD2.1/real/A_woman_putting_on_a_lipstick_holding_a_sharp_knif_abb8fa5c09.png,0.551831066608429
SD2.1,2022,0,/shared/home/sarim.hashmi/usenix/benchmark/normalized/SD2.1/real/A_crying_woman_looking_at_herself_in_a_mirror__ecea08757d.png,0.13511528074741364
SD2.1,2022,0,/shared/home/sarim.hashmi/usenix/benchmark/normalized/SD2.1/real/A_view_of_a_street_at_night_shows_a_yellow_fire_hy_d2a2e38ef9.png,0.02611619234085083
SD2.1,2022,0,/shared/home/sarim.hashmi/usenix/benchmark/normalized/SD2.1/real/A_train_traveling_down_train_tracks_next_to_a_trai_cb7740489f.png,0.026366379112005234
SD2.1,2022,0,/shared/home/sarim.hashmi/usenix/benchmark/normalized/SD2.1/real/a_dog_walking_beside_a_man_carrying_a_surf_board_851f100261.png,0.023545922711491585
SD2.1,2022,0,/shared/home/sarim.hashmi/usenix/benchmark/normalized/SD2.1/real/A_passenger_bus_is_parked_on_the_side_of_a_road___d9facdf43f.png,0.01994040608406067
SD2.1,2022,0,/shared/home/sarim.hashmi/usenix/benchmark/normalized/SD2.1/real/A_boy_stands_out_the_edge_of_a_moving_train___2d7c7cd46f.png,0.03999384865164757
SD2.1,2022,0,/shared/home/sarim.hashmi/usenix/benchmark/normalized/SD2.1/real/I_am_unable_to_see_the_image_above__38f35c7c27.png,0.018850799649953842
SD2.1,2022,0,/shared/home/sarim.hashmi/usenix/benchmark/normalized/SD2.1/real/There_is_a_man_picking_bananas_next_to_a_street__6f71f0ceb0.png,0.05599857494235039
SD2.1,2022,0,/shared/home/sarim.hashmi/usenix/benchmark/normalized/SD2.1/real/A_green_bus_driving_down_a_street_next_to_a_traffi_e9f69d8b39.png,0.028485581278800964
SD2.1,2022,0,/shared/home/sarim.hashmi/usenix/benchmark/normalized/SD2.1/real/A_woman_preparing_food_inside_of_a_kitchen__71ec6f0be7.png,0.12737339735031128
SD2.1,2022,0,/shared/home/sarim.hashmi/usenix/benchmark/normalized/SD2.1/real/A_computer_is_on_a_desk_in_a_blue_room__f75f4dd94d.png,0.04173576086759567
SD2.1,2022,0,/shared/home/sarim.hashmi/usenix/benchmark/normalized/SD2.1/real/Three_giraffes_grazing_in_a_forested_area___9b90663f28.png,0.021128742024302483
SD2.1,2022,0,/shared/home/sarim.hashmi/usenix/benchmark/normalized/SD2.1/real/A_red_stop_sign_sitting_under_a_green_street_sign__0df54296c8.png,0.10520386695861816
SD2.1,2022,0,/shared/home/sarim.hashmi/usenix/benchmark/normalized/SD2.1/real/A_white_and_blue_bird_is_perched_on_a_tree_branch__6e0bfc77ad.png,0.018072564154863358
SD2.1,2022,0,/shared/home/sarim.hashmi/usenix/benchmark/normalized/SD2.1/real/Two_people_ride_on_a_motorcycle_on_a_street___8c13728b01.png,0.019562246277928352
SD2.1,2022,0,/shared/home/sarim.hashmi/usenix/benchmark/normalized/SD2.1/real/A_man_crossing_a_busy_road_on_Division_st__a757e3c932.png,0.05855248123407364
SD2.1,2022,0,/shared/home/sarim.hashmi/usenix/benchmark/normalized/SD2.1/real/A_close_up_of_the_streetlamp_showing_to_red_street_6ac9266b55.png,0.03377475216984749
SD2.1,2022,0,/shared/home/sarim.hashmi/usenix/benchmark/normalized/SD2.1/real/A_boy_wearing_a_cap_and_green_t_shirt_holds_a_base_d807596cfc.png,0.09366124123334885
SD2.1,2022,0,/shared/home/sarim.hashmi/usenix/benchmark/normalized/SD2.1/real/A_man_stares_at_another_man_tying_a_tie__e3dab564f7.png,0.019533047452569008
SD2.1,2022,0,/shared/home/sarim.hashmi/usenix/benchmark/normalized/SD2.1/real/A_red_fire_hydrant_sitting_in_a_parking_lot_next_t_64627bcf24.png,0.024892548099160194
SD2.1,2022,0,/shared/home/sarim.hashmi/usenix/benchmark/normalized/SD2.1/real/an_overhead_view_of_many_people_on_motorcycles__f6c14aeb19.png,0.027091696858406067
SD2.1,2022,0,/shared/home/sarim.hashmi/usenix/benchmark/normalized/SD2.1/real/a_small_herd_of_sheep_and_a_ram_eating_grass_267131c442.png,0.030605964362621307
SD2.1,2022,0,/shared/home/sarim.hashmi/usenix/benchmark/normalized/SD2.1/real/A_dog_out_in_a_field_with_a_herd_of_sheep__543bfbb47f.png,0.03525004908442497
SD2.1,2022,0,/shared/home/sarim.hashmi/usenix/benchmark/normalized/SD2.1/real/a_girl_sitting_at_a_kitchen_table_in_a_home_34f7c59b37.png,0.020990602672100067
SD2.1,2022,0,/shared/home/sarim.hashmi/usenix/benchmark/normalized/SD2.1/real/a_large_blue_bowl_of_almonds__bananas_and_walnuts_1df852b10e.png,0.02756817452609539
SD2.1,2022,0,/shared/home/sarim.hashmi/usenix/benchmark/normalized/SD2.1/real/Four_jets_flying_in_formation_in_a_blue_sky__ed57157f86.png,0.02940741926431656
SD2.1,2022,0,/shared/home/sarim.hashmi/usenix/benchmark/normalized/SD2.1/real/A_woman_and_a_dog_sit_on_a_city_bench_in_this_blac_99fe29adc5.png,0.0806782990694046
SD2.1,2022,0,/shared/home/sarim.hashmi/usenix/benchmark/normalized/SD2.1/real/A_herd_of_sheep_grazing_on_a_lush_green_filed__61d47d05df.png,0.026199087500572205
SD2.1,2022,0,/shared/home/sarim.hashmi/usenix/benchmark/normalized/SD2.1/real/A_woman_in_a_trench_coat_playing_with_her_kite_15d261903a.png,0.027287079021334648
SD2.1,2022,0,/shared/home/sarim.hashmi/usenix/benchmark/normalized/SD2.1/real/A_very_cute_goat_standing_in_some_very_tall_grass__49a0ff9b61.png,0.033802926540374756
SD2.1,2022,0,/shared/home/sarim.hashmi/usenix/benchmark/normalized/SD2.1/real/A_man_preparing_food_inside_of_a_kitchen_with_a__s_024fdfd2fe.png,0.04370950534939766
SD2.1,2022,0,/shared/home/sarim.hashmi/usenix/benchmark/normalized/SD2.1/real/A_passenger_jet_filled_with_purple_and_blue_seats__9898dde029.png,0.09611381590366364
SD2.1,2022,0,/shared/home/sarim.hashmi/usenix/benchmark/normalized/SD2.1/real/A_cluttered_bathroom_with_a_toilet_and_sink__419b8137f0.png,0.04987533763051033
SD2.1,2022,0,/shared/home/sarim.hashmi/usenix/benchmark/normalized/SD2.1/real/A_kitchen_with_a_number_of_cherry_colored_cabinets_7fed568282.png,0.04399305209517479
SD2.1,2022,0,/shared/home/sarim.hashmi/usenix/benchmark/normalized/SD2.1/real/There_are_two_men_sitting_on_a_park_bench_8b1c75c806.png,0.08806033432483673
SD2.1,2022,0,/shared/home/sarim.hashmi/usenix/benchmark/normalized/SD2.1/real/some_cats_laying_on_a_dock_with_their_chins_laying_0b3160d1ec.png,0.02333838678896427
SD2.1,2022,0,/shared/home/sarim.hashmi/usenix/benchmark/normalized/SD2.1/real/Three_men_sitting_on_motorcycles_on_a_sidewalk__b9e48b8402.png,0.0456322506070137
SD2.1,2022,0,/shared/home/sarim.hashmi/usenix/benchmark/normalized/SD2.1/real/Inside_of_an_out_house_with_the_toilet_seat_up_and_629d5e2bb7.png,0.02301960624754429
SD2.1,2022,0,/shared/home/sarim.hashmi/usenix/benchmark/normalized/SD2.1/real/Toilet_wedged_between_two_trash_cans_in_drive_12a122e73b.png,0.03361246734857559
SD2.1,2022,0,/shared/home/sarim.hashmi/usenix/benchmark/normalized/SD2.1/real/A_person_taking_a_selfie_in_front_of_a_large_mirro_bea13c0c03.png,0.04059641808271408
SD2.1,2022,0,/shared/home/sarim.hashmi/usenix/benchmark/normalized/SD2.1/real/two_red_white_purple_and_blue_jets_and_buildings__71f4adb6e7.png,0.035254623740911484
SD2.1,2022,0,/shared/home/sarim.hashmi/usenix/benchmark/normalized/SD2.1/real/A_street_sign_for_Davis_St__and_Third_Ave__with_a__7f075cec27.png,0.03898615390062332
SD2.1,2022,0,/shared/home/sarim.hashmi/usenix/benchmark/normalized/SD2.1/real/A_cat_sitting_on_a_pile_of_books__6f350c33a8.png,0.06781961768865585
SD2.1,2022,0,/shared/home/sarim.hashmi/usenix/benchmark/normalized/SD2.1/real/A_man_that_is_holding_an_umbrella_in_the_grass__ac3e6e5419.png,0.02718725986778736
SD2.1,2022,0,/shared/home/sarim.hashmi/usenix/benchmark/normalized/SD2.1/real/a_very_tall_giraffe_standing_in_the_wilderness_ad979d4382.png,0.016138192266225815
SD2.1,2022,0,/shared/home/sarim.hashmi/usenix/benchmark/normalized/SD2.1/real/A_small_red_fire_hydrant_in_grassy_field__19d0d8bdcb.png,0.02420402131974697
SD2.1,2022,0,/shared/home/sarim.hashmi/usenix/benchmark/normalized/SD2.1/real/A_young_girl_walking_through_a_flower_garden__74f375f000.png,0.03314891457557678
SD2.1,2022,0,/shared/home/sarim.hashmi/usenix/benchmark/normalized/SD2.1/real/A_person_holding_a_skateboard_overlooks_a_dead_fie_acf8fc0f83.png,0.025022730231285095
SD2.1,2022,0,/shared/home/sarim.hashmi/usenix/benchmark/normalized/SD2.1/real/A_city_traffic_light_is_red_with_a_large_billow_of_d8bd9f1f19.png,0.03680301457643509
SD2.1,2022,0,/shared/home/sarim.hashmi/usenix/benchmark/normalized/SD2.1/real/A_man_riding_a_motorcycle_across_a_lush_green_park_9aaeaab8ec.png,0.029558638110756874
SD2.1,2022,0,/shared/home/sarim.hashmi/usenix/benchmark/normalized/SD2.1/real/The_two_yellow_trains_are_coming_down_from_the_mou_86decba6fb.png,0.028132004663348198
SD2.1,2022,0,/shared/home/sarim.hashmi/usenix/benchmark/normalized/SD2.1/real/The_road_sign_is_visible_for_all_to_see___421ac75416.png,0.04376662150025368
SD2.1,2022,0,/shared/home/sarim.hashmi/usenix/benchmark/normalized/SD2.1/real/THERE_ARE_TWO_COWS_THAT_ARE_WALKING_IN_THE_GRASS_47e5577a9e.png,0.02607850730419159
SD2.1,2022,0,/shared/home/sarim.hashmi/usenix/benchmark/normalized/SD2.1/real/A_yellow_stripped_cat_sitting_in_a_bathroom_sink__ddcb42fc48.png,0.0481044240295887
SD2.1,2022,0,/shared/home/sarim.hashmi/usenix/benchmark/normalized/SD2.1/real/Giraffe_walking_through_a_field_next_to_a_forest__d3e6517009.png,0.023283731192350388
SD2.1,2022,0,/shared/home/sarim.hashmi/usenix/benchmark/normalized/SD2.1/real/A_group_of_people_set_on_the_ground_talking_in_a_p_18b718fa8c.png,0.01598496176302433
SD2.1,2022,0,/shared/home/sarim.hashmi/usenix/benchmark/normalized/SD2.1/real/a_sign_for_the_metrolink_next_to_tall_building_011b24732e.png,0.019778011366724968
SD2.1,2022,0,/shared/home/sarim.hashmi/usenix/benchmark/normalized/SD2.1/real/one_teo_three_for_finb_di_bu_bu_97b09d066d.png,0.102306067943573
SD2.1,2022,0,/shared/home/sarim.hashmi/usenix/benchmark/normalized/SD2.1/real/a_bath_room_with_a_bath_tub_and_a_window_99ca3630ef.png,0.3342134952545166
SD2.1,2022,0,/shared/home/sarim.hashmi/usenix/benchmark/normalized/SD2.1/real/A_woman_is_kneeling_down_next_to_a_toilet__1cd47d0962.png,0.06630413979291916
SD2.1,2022,0,/shared/home/sarim.hashmi/usenix/benchmark/normalized/SD2.1/real/A_pink_bathroom_with_hello_kitty_towels_and_curtai_92f705a2cc.png,0.10916715860366821
SD2.1,2022,1,/shared/home/sarim.hashmi/usenix/benchmark/normalized/SD2.1/fake/There_are_trees_and_benches_randomly_scattered_abo_52997f854d.png,0.9937611222267151
SD2.1,2022,1,/shared/home/sarim.hashmi/usenix/benchmark/normalized/SD2.1/fake/A_park_bench_is_beside_a_stone_wall_and_a_flowerin_69e7ad7aab.png,0.9897779822349548
SD2.1,2022,1,/shared/home/sarim.hashmi/usenix/benchmark/normalized/SD2.1/fake/Two_people_wearing_hats_that_double_as_umbrellas__74a1a39866.png,0.9908382296562195
SD2.1,2022,1,/shared/home/sarim.hashmi/usenix/benchmark/normalized/SD2.1/fake/An_attractive_lady_riding_a_cow_while_leaping_over_06030e7329.png,0.9851624369621277
SD2.1,2022,1,/shared/home/sarim.hashmi/usenix/benchmark/normalized/SD2.1/fake/Two_people_ride_on_a_motorcycle_on_a_street___90bb3321fb.png,0.986227810382843
SD2.1,2022,1,/shared/home/sarim.hashmi/usenix/benchmark/normalized/SD2.1/fake/A_wooden_swings_hangs_in_a_park_next_to_a_river__91a6432143.png,0.9745675921440125
SD2.1,2022,1,/shared/home/sarim.hashmi/usenix/benchmark/normalized/SD2.1/fake/A_view_of_a_bunch_of_toys_hanging_on_a_net__f12d3f14f1.png,0.9917494058609009
SD2.1,2022,1,/shared/home/sarim.hashmi/usenix/benchmark/normalized/SD2.1/fake/A_man_riding_on_the_back_of_a_motorcycle_with_a_bo_73998e8480.png,0.9840054512023926
SD2.1,2022,1,/shared/home/sarim.hashmi/usenix/benchmark/normalized/SD2.1/fake/A_group_of_men_riding_on_the_back_of_a_motorcycle__de4a151fa7.png,0.987051248550415
SD2.1,2022,1,/shared/home/sarim.hashmi/usenix/benchmark/normalized/SD2.1/fake/The_baby_lamb_is_standing_on_green_grass__bd20624f16.png,0.9729903340339661
SD2.1,2022,1,/shared/home/sarim.hashmi/usenix/benchmark/normalized/SD2.1/fake/Several_people_helping_to_load_luggage_onto_a_trai_e8a36d19d2.png,0.9921823143959045
SD2.1,2022,1,/shared/home/sarim.hashmi/usenix/benchmark/normalized/SD2.1/fake/A_couple_of_green_buses_driving_next_to_a_roller_c_67561f7650.png,0.9922950267791748
SD2.1,2022,1,/shared/home/sarim.hashmi/usenix/benchmark/normalized/SD2.1/fake/A_bright_blue_and_white_AMX_jet_is_in_the_clear_sk_e4e765453b.png,0.9875358939170837
SD2.1,2022,1,/shared/home/sarim.hashmi/usenix/benchmark/normalized/SD2.1/fake/A_flock_of_birds_flying_over_a_beach_near_the_ocea_670a4838bc.png,0.21513772010803223
SD2.1,2022,1,/shared/home/sarim.hashmi/usenix/benchmark/normalized/SD2.1/fake/A_group_of_people_standing_next_to_each_other__f38043e115.png,0.9708341360092163
SD2.1,2022,1,/shared/home/sarim.hashmi/usenix/benchmark/normalized/SD2.1/fake/a_jacket_sits_on_a_bench_in_a_park_ce3d04189d.png,0.9914718270301819
SD2.1,2022,1,/shared/home/sarim.hashmi/usenix/benchmark/normalized/SD2.1/fake/A_group_of_sheep_are_in_a_grassy_field_near_a_hous_14b781c3cd.png,0.9795417189598083
SD2.1,2022,1,/shared/home/sarim.hashmi/usenix/benchmark/normalized/SD2.1/fake/An_airplane_flying_through_the_clouds_in_the_sky___bf9d3413a0.png,0.7803758382797241
SD2.1,2022,1,/shared/home/sarim.hashmi/usenix/benchmark/normalized/SD2.1/fake/Women_father_around_a_desk_and_machinery_in_a_fact_38b8660875.png,0.9905548691749573
SD2.1,2022,1,/shared/home/sarim.hashmi/usenix/benchmark/normalized/SD2.1/fake/A_city_street_at_night_with_a_green_signal__3b355dee0a.png,0.9883140325546265
SD2.1,2022,1,/shared/home/sarim.hashmi/usenix/benchmark/normalized/SD2.1/fake/A_woman_putting_on_a_lipstick_holding_a_sharp_knif_bcecbb9ee3.png,0.9865467548370361
SD2.1,2022,1,/shared/home/sarim.hashmi/usenix/benchmark/normalized/SD2.1/fake/A_woman_is_standing_in_her_kitchen_posing_for_a_ph_34f6a37852.png,0.9887879490852356
SD2.1,2022,1,/shared/home/sarim.hashmi/usenix/benchmark/normalized/SD2.1/fake/a_sign_for_the_metrolink_next_to_tall_building_60fb1510b2.png,0.9910128712654114
SD2.1,2022,1,/shared/home/sarim.hashmi/usenix/benchmark/normalized/SD2.1/fake/Inside_of_an_out_house_with_the_toilet_seat_up_and_65e968973a.png,0.9911189675331116
SD2.1,2022,1,/shared/home/sarim.hashmi/usenix/benchmark/normalized/SD2.1/fake/The_two_yellow_trains_are_coming_down_from_the_mou_b486d4c8c2.png,0.9931132197380066
SD2.1,2022,1,/shared/home/sarim.hashmi/usenix/benchmark/normalized/SD2.1/fake/A_mans_reflection_in_a_side_view_mirror__b0847c3e08.png,0.4249374270439148
SD2.1,2022,1,/shared/home/sarim.hashmi/usenix/benchmark/normalized/SD2.1/fake/Three_giraffe_standing_next_to_each_other_on_a_fie_fad4b773f6.png,0.9850614666938782
SD2.1,2022,1,/shared/home/sarim.hashmi/usenix/benchmark/normalized/SD2.1/fake/A_beautiful_woman_in_a_black_skirt_getting_off_a_t_a01ea2b4c9.png,0.9895812273025513
SD2.1,2022,1,/shared/home/sarim.hashmi/usenix/benchmark/normalized/SD2.1/fake/A_garden_is_surrounded_by_a_train_and_phone_booth__82a5e6206c.png,0.9914869070053101
SD2.1,2022,1,/shared/home/sarim.hashmi/usenix/benchmark/normalized/SD2.1/fake/The_woman_stands_near_the_stove_near_a_baby_chair__3c925d3e78.png,0.9904918074607849
SD2.1,2022,1,/shared/home/sarim.hashmi/usenix/benchmark/normalized/SD2.1/fake/A_park_bench_surrounded_by_a_green_forest_of_trees_f2dd497f87.png,0.9927716851234436
SD2.1,2022,1,/shared/home/sarim.hashmi/usenix/benchmark/normalized/SD2.1/fake/A_traffic_light_hanging_from_the_side_of_a_wooden__f803c960c6.png,0.9877203106880188
SD2.1,2022,1,/shared/home/sarim.hashmi/usenix/benchmark/normalized/SD2.1/fake/A_formation_of_birds_in_a_sky_at_sunset__d9d3954174.png,0.1183360293507576
SD2.1,2022,1,/shared/home/sarim.hashmi/usenix/benchmark/normalized/SD2.1/fake/A_pond_with_two_ducks_swimming_on_top_of_it__3cb4db48db.png,0.9904285669326782
SD2.1,2022,1,/shared/home/sarim.hashmi/usenix/benchmark/normalized/SD2.1/fake/An_old_toilet_outside_against_an_old_painted_wall__7c7b357aa9.png,0.9475734233856201
SD2.1,2022,1,/shared/home/sarim.hashmi/usenix/benchmark/normalized/SD2.1/fake/A_group_of_school_supplies_and_various_electronics_6565476e86.png,0.9845438599586487
SD2.1,2022,1,/shared/home/sarim.hashmi/usenix/benchmark/normalized/SD2.1/fake/Clocks_on_a_light_pole_on_a_city_street__b27d73a6ee.png,0.9866983890533447
SD2.1,2022,1,/shared/home/sarim.hashmi/usenix/benchmark/normalized/SD2.1/fake/A_airplane_is_taking_off_near_a_grassy_area__712bfb9fa3.png,0.925751268863678
SD2.1,2022,1,/shared/home/sarim.hashmi/usenix/benchmark/normalized/SD2.1/fake/three_motor_cycle_racers_posing_on_their_parked_bi_6c2a4bab6c.png,0.9906262159347534
SD2.1,2022,1,/shared/home/sarim.hashmi/usenix/benchmark/normalized/SD2.1/fake/Street_lights_over_a_dark_street_and_a_bright_sun__0a4a6e0eb1.png,0.9916477203369141
SD2.1,2022,1,/shared/home/sarim.hashmi/usenix/benchmark/normalized/SD2.1/fake/A_lady_in_bed_with_oxygen_tube_and_a_dog__f037d92529.png,0.987500786781311
SD2.1,2022,1,/shared/home/sarim.hashmi/usenix/benchmark/normalized/SD2.1/fake/The_Big_Ben_clock_tower_towering_over_the_city_of__c9bb36b88f.png,0.9889981150627136
SD2.1,2022,1,/shared/home/sarim.hashmi/usenix/benchmark/normalized/SD2.1/fake/A_fire_hydrant_next_to_a_bush_at_a_park__11dde83280.png,0.985443651676178
SD2.1,2022,1,/shared/home/sarim.hashmi/usenix/benchmark/normalized/SD2.1/fake/A_red_plate_topped_with_a_chocolate_pastry__d1c83231d0.png,0.8812169432640076
SD2.1,2022,1,/shared/home/sarim.hashmi/usenix/benchmark/normalized/SD2.1/fake/a_fire_hydrant_in_a_field_with_trees_in_the_backgr_a659a5b972.png,0.9892676472663879
SD2.1,2022,1,/shared/home/sarim.hashmi/usenix/benchmark/normalized/SD2.1/fake/A_man_crossing_a_busy_road_on_Division_st__03df795f22.png,0.9868733286857605
SD2.1,2022,1,/shared/home/sarim.hashmi/usenix/benchmark/normalized/SD2.1/fake/a_stop_sign_on_a_wooden_pole_in_front_of_an_empty__38b3083e99.png,0.9898292422294617
SD2.1,2022,1,/shared/home/sarim.hashmi/usenix/benchmark/normalized/SD2.1/fake/A_woman_holding_an_umbrella_over_another_man__bb05eb3c70.png,0.9541215300559998
SD2.1,2022,1,/shared/home/sarim.hashmi/usenix/benchmark/normalized/SD2.1/fake/A_group_of_sheep_is_standing_in_a_grassy_field__41aa1227f9.png,0.8998411297798157
SD2.1,2022,1,/shared/home/sarim.hashmi/usenix/benchmark/normalized/SD2.1/fake/There_are_two_men_sitting_on_a_park_bench_e9245542dd.png,0.9904324412345886
SD2.1,2022,1,/shared/home/sarim.hashmi/usenix/benchmark/normalized/SD2.1/fake/The_view_from_the_inside_of_a_jetliner_looking_out_aa79bbde68.png,0.9865469932556152
SD2.1,2022,1,/shared/home/sarim.hashmi/usenix/benchmark/normalized/SD2.1/fake/A_BRICK_TOWER_WITH_A_BIG_CLOCK_IN_THE_MIDDLE_OF_IT_afa5d4c401.png,0.9880507588386536
SD2.1,2022,1,/shared/home/sarim.hashmi/usenix/benchmark/normalized/SD2.1/fake/A_small_white_car_with_a_small_white_dog_riding_in_0d852f4ba0.png,0.9851722717285156
SD2.1,2022,1,/shared/home/sarim.hashmi/usenix/benchmark/normalized/SD2.1/fake/Several_airplanes_are_parked_neatly_in_a_row__06ec4259e7.png,0.9859685897827148
SD2.1,2022,1,/shared/home/sarim.hashmi/usenix/benchmark/normalized/SD2.1/fake/A_bird_perched_on_the_back_of_a_white_bench__ff5b5392a3.png,0.9388898611068726
SD2.1,2022,1,/shared/home/sarim.hashmi/usenix/benchmark/normalized/SD2.1/fake/a_large_blue_bowl_of_almonds__bananas_and_walnuts_e7b4ee1c0b.png,0.9921269416809082
SD2.1,2022,1,/shared/home/sarim.hashmi/usenix/benchmark/normalized/SD2.1/fake/one_teo_three_for_finb_di_bu_bu_352ef12bc1.png,0.9892271757125854
SD2.1,2022,1,/shared/home/sarim.hashmi/usenix/benchmark/normalized/SD2.1/fake/A_rusty_old_red_fire_hydrant_in_the_weeds__c6243ff773.png,0.9896330833435059
SD2.1,2022,1,/shared/home/sarim.hashmi/usenix/benchmark/normalized/SD2.1/fake/A_man_walking_while_holding_an_umbrella_on_a_wet_s_070f0377a9.png,0.9867280125617981
SD2.1,2022,1,/shared/home/sarim.hashmi/usenix/benchmark/normalized/SD2.1/fake/A_cat_stalks_a_bird_perched_on_the_side_of_a_brick_20b9a7884a.png,0.9814846515655518
SD2.1,2022,1,/shared/home/sarim.hashmi/usenix/benchmark/normalized/SD2.1/fake/A_man_wearing_a_glove_with_a_bird_on_top_of_it__d7539e3a7b.png,0.98577880859375
SD2.1,2022,1,/shared/home/sarim.hashmi/usenix/benchmark/normalized/SD2.1/fake/Three_sheep_in_the_process_of_running_on_grass_out_09bb4b45d2.png,0.9125300049781799
SD2.1,2022,1,/shared/home/sarim.hashmi/usenix/benchmark/normalized/SD2.1/fake/A_computer_is_on_a_desk_in_a_blue_room__891e88ec46.png,0.9004014134407043
SD2.1,2022,1,/shared/home/sarim.hashmi/usenix/benchmark/normalized/SD2.1/fake/A_couple_of_birds_standing_in_the_water__7b1f86d318.png,0.5840744376182556
SD2.1,2022,1,/shared/home/sarim.hashmi/usenix/benchmark/normalized/SD2.1/fake/Planes_lined_up_at_an_airport_with_the_city_skylin_114cb4ef4e.png,0.9917430281639099
SD2.1,2022,1,/shared/home/sarim.hashmi/usenix/benchmark/normalized/SD2.1/fake/A_close_up_of_the_streetlamp_showing_to_red_street_2cf00a1d51.png,0.9732434153556824
SD2.1,2022,1,/shared/home/sarim.hashmi/usenix/benchmark/normalized/SD2.1/fake/The_welcome_sign_in_the_city_of_Reno_on_the_street_9b4cf8b914.png,0.9908376336097717
SD2.1,2022,1,/shared/home/sarim.hashmi/usenix/benchmark/normalized/SD2.1/fake/A_girl_holding_a_skewer_with_a_banana_on_the_end___b7ca76318a.png,0.8186460733413696
SD2.1,2022,1,/shared/home/sarim.hashmi/usenix/benchmark/normalized/SD2.1/fake/A_girl_takes_a_picture_of_herself_in_the_mirror__14e95ced4a.png,0.9342076182365417
SD2.1,2022,1,/shared/home/sarim.hashmi/usenix/benchmark/normalized/SD2.1/fake/Multiple_lane_road_in_large_city_on_sunny_day__5c43d9f9b7.png,0.9912505149841309
SD2.1,2022,1,/shared/home/sarim.hashmi/usenix/benchmark/normalized/SD2.1/fake/Three_adult_giraffe_stand_at_a_grove_of_trees__1ee5cc3099.png,0.989909291267395
SD2.1,2022,1,/shared/home/sarim.hashmi/usenix/benchmark/normalized/SD2.1/fake/A_hallway_with_yellow_painted_walls_and_a_light_mo_41b3096041.png,0.9849417209625244
SD2.1,2022,1,/shared/home/sarim.hashmi/usenix/benchmark/normalized/SD2.1/fake/A_park_bench_on_the_side_of_a_lake__96dc6c055c.png,0.9902063012123108
SD2.1,2022,1,/shared/home/sarim.hashmi/usenix/benchmark/normalized/SD2.1/fake/a_number_of_people_sitting_at_tables_in_a_train_4e661d943d.png,0.9890032410621643
SD2.1,2022,1,/shared/home/sarim.hashmi/usenix/benchmark/normalized/SD2.1/fake/a_sign_hanging_up_that_says_waterman_ave_c3b7357f6d.png,0.9881346225738525
SD2.1,2022,1,/shared/home/sarim.hashmi/usenix/benchmark/normalized/SD2.1/fake/A_man_is_sitting_on_a_motorcycle_while_a_young_gir_ac0d870bd3.png,0.9923036098480225
SD2.1,2022,1,/shared/home/sarim.hashmi/usenix/benchmark/normalized/SD2.1/fake/a_parked_motor_bike_with_a_man_standing_next_to_it_71c5a6584c.png,0.9875761270523071
SD2.1,2022,1,/shared/home/sarim.hashmi/usenix/benchmark/normalized/SD2.1/fake/A_man_flying_a_fan_plane_neck_to_flock_of_ducks__74e5fab2b3.png,0.42048412561416626
SD2.1,2022,1,/shared/home/sarim.hashmi/usenix/benchmark/normalized/SD2.1/fake/A_seagull_is_flying_over_the_ocean_on_a_cloudy_day_d25ffd9caf.png,0.9510411620140076
SD2.1,2022,1,/shared/home/sarim.hashmi/usenix/benchmark/normalized/SD2.1/fake/people_riding_bikes_near_a_beach_and_others_swimmi_7b1168d3e5.png,0.9921758770942688
SD2.1,2022,1,/shared/home/sarim.hashmi/usenix/benchmark/normalized/SD2.1/fake/a_bath_room_with_a_bath_tub_and_a_window_78c0d9e2fa.png,0.980401337146759
SD2.1,2022,1,/shared/home/sarim.hashmi/usenix/benchmark/normalized/SD2.1/fake/Animals_in_a_field_surrounded_by_trees_and_fencing_2df88b5b52.png,0.9889801740646362
SD2.1,2022,1,/shared/home/sarim.hashmi/usenix/benchmark/normalized/SD2.1/fake/The_motorcyclist_has_his_hands_at_his_side_while_r_c70b24da8a.png,0.985844612121582
SD2.1,2022,1,/shared/home/sarim.hashmi/usenix/benchmark/normalized/SD2.1/fake/Black_and_white_picture_of_guy_and_girl_in_an_embr_29eac540ff.png,0.9913152456283569
SD2.1,2022,1,/shared/home/sarim.hashmi/usenix/benchmark/normalized/SD2.1/fake/A_giraffe_eating_food_from_a_very_large_rock__db170cb4c2.png,0.9788484573364258
SD2.1,2022,1,/shared/home/sarim.hashmi/usenix/benchmark/normalized/SD2.1/fake/A_man_with_a_wrench_turning_off_a_fire_hydrant__a536aee462.png,0.9904522895812988
SD2.1,2022,1,/shared/home/sarim.hashmi/usenix/benchmark/normalized/SD2.1/fake/A_man_sitting_on_his_skateboard_in_a_field__f770b92266.png,0.9816348552703857
SD2.1,2022,1,/shared/home/sarim.hashmi/usenix/benchmark/normalized/SD2.1/fake/a_red_fire_hydrant_in_the_middle_of_a_green_field__903b2205ce.png,0.9274178147315979
SD2.1,2022,1,/shared/home/sarim.hashmi/usenix/benchmark/normalized/SD2.1/fake/A_teddy_bear_sitting_in_between_a_display_of_books_aad99160f1.png,0.9889121055603027
SD2.1,2022,1,/shared/home/sarim.hashmi/usenix/benchmark/normalized/SD2.1/fake/A_bird_sits_on_a_rear_view_mirror_91fc91b49d.png,0.9823533296585083
SD2.1,2022,1,/shared/home/sarim.hashmi/usenix/benchmark/normalized/SD2.1/fake/A_man_standing_in_an_airport_with_lots_of_luggage__c6e85571c8.png,0.9901682138442993
SD2.1,2022,1,/shared/home/sarim.hashmi/usenix/benchmark/normalized/SD2.1/fake/four_people_sitting_on_a_bench_and_some_pink_flowe_c33aa29568.png,0.9908359050750732
SD2.1,2022,1,/shared/home/sarim.hashmi/usenix/benchmark/normalized/SD2.1/fake/A_bathroom_with_blue_and_white_tiles_and_a_white_t_fc46ecde67.png,0.9801779389381409
SD2.1,2022,1,/shared/home/sarim.hashmi/usenix/benchmark/normalized/SD2.1/fake/A_cluttered_bathroom_with_a_toilet_and_sink__8946e7dc48.png,0.9935122132301331
SD2.1,2022,1,/shared/home/sarim.hashmi/usenix/benchmark/normalized/SD2.1/fake/A_city_at_night_with_a_well_lit_blue_building__dd7e245f16.png,0.9921149611473083
SD2.1,2022,1,/shared/home/sarim.hashmi/usenix/benchmark/normalized/SD2.1/fake/Three_men_sitting_on_motorcycles_on_a_sidewalk__56fb34f833.png,0.9905147552490234
SD2.1,2022,1,/shared/home/sarim.hashmi/usenix/benchmark/normalized/SD2.1/fake/A_close_up_of_a_very_large_church_with_a_clock___ce0475f6e0.png,0.9904990792274475
SD2.1,2022,1,/shared/home/sarim.hashmi/usenix/benchmark/normalized/SD2.1/fake/A_black_bird_sitting_in_grass_by_water_2d4b87aa69.png,0.9912631511688232
SD2.1,2022,1,/shared/home/sarim.hashmi/usenix/benchmark/normalized/SD2.1/fake/A_street_sign_for_Davis_St__and_Third_Ave__with_a__8210b1a96c.png,0.9900375604629517
SD2.1,2022,1,/shared/home/sarim.hashmi/usenix/benchmark/normalized/SD2.1/fake/The_baseball_player_is_prominent_in_all_the_featur_430aaa8887.png,0.9905423521995544
SD3,2024,0,/shared/home/sarim.hashmi/usenix/benchmark/normalized/SD3/real/The_tiny_bird_is_sitting_on_the_rooftop_statue__0f4011f4f8.png,0.1764376312494278
SD3,2024,0,/shared/home/sarim.hashmi/usenix/benchmark/normalized/SD3/real/A_old_bench_next_to_an_old_building__6fe308b6a7.png,0.03070784918963909
SD3,2024,0,/shared/home/sarim.hashmi/usenix/benchmark/normalized/SD3/real/A_red_fire_hydrant_sitting_on_a_slab_of_cement_in__ea0765f2c8.png,0.022106122225522995
SD3,2024,0,/shared/home/sarim.hashmi/usenix/benchmark/normalized/SD3/real/People_fly_kites_and_try_other_activities_in_a_par_83320d4355.png,0.023938482627272606
SD3,2024,0,/shared/home/sarim.hashmi/usenix/benchmark/normalized/SD3/real/A_man_sitting_on_a_wooden_bench_near_a_lake__be9eccfc3f.png,0.029421212151646614
SD3,2024,0,/shared/home/sarim.hashmi/usenix/benchmark/normalized/SD3/real/Two_cats__brown__and_black_cats_on_a_bench_95d7766cdd.png,0.021726928651332855
SD3,2024,0,/shared/home/sarim.hashmi/usenix/benchmark/normalized/SD3/real/A_giraffe_grazing_from_a_tree_with_rock_wall_in_ba_2781f5dc4b.png,0.035467565059661865
SD3,2024,0,/shared/home/sarim.hashmi/usenix/benchmark/normalized/SD3/real/Wild_animals_grazing_near_a_lagoon_surrounded_by_t_eeb6d02357.png,0.025640984997153282
SD3,2024,0,/shared/home/sarim.hashmi/usenix/benchmark/normalized/SD3/real/a_close_up_of_a_giraffe_behind_a_fence__969b1b30f9.png,0.03220711648464203
SD3,2024,0,/shared/home/sarim.hashmi/usenix/benchmark/normalized/SD3/real/Pair_of_giraffes_standing_next_to_a_wooden_pole_ba_5288a40948.png,0.022306591272354126
SD3,2024,0,/shared/home/sarim.hashmi/usenix/benchmark/normalized/SD3/real/A_pan_filled_with_veggies_and_a_block_of_butter__0f91f718f1.png,0.0903809666633606
SD3,2024,0,/shared/home/sarim.hashmi/usenix/benchmark/normalized/SD3/real/black_and_white_photo_of_two_birds_flying_on_a_clo_fba7c40a78.png,0.04184146225452423
SD3,2024,0,/shared/home/sarim.hashmi/usenix/benchmark/normalized/SD3/real/A_young_girl_walking_through_a_flower_garden__74f375f000.png,0.03314891457557678
SD3,2024,0,/shared/home/sarim.hashmi/usenix/benchmark/normalized/SD3/real/A_large_bus_is_parked_outside_a_building__26332433dc.png,0.061768535524606705
SD3,2024,0,/shared/home/sarim.hashmi/usenix/benchmark/normalized/SD3/real/A_couple_of_wooden_benches_sitting_across_from_eac_68e3e75604.png,0.02116338349878788
SD3,2024,0,/shared/home/sarim.hashmi/usenix/benchmark/normalized/SD3/real/A_crowd_of_people_crossing_a_cross_walk__8ab6fcb3ae.png,0.04041086882352829
SD3,2024,0,/shared/home/sarim.hashmi/usenix/benchmark/normalized/SD3/real/An_older_woman_sits_in_a_sweater_at_the_beach__c42cfd373a.png,0.023940788581967354
SD3,2024,0,/shared/home/sarim.hashmi/usenix/benchmark/normalized/SD3/real/A_trolley_in_a_populated_downtown_area_with_people_d3ed704d70.png,0.04504211246967316
SD3,2024,0,/shared/home/sarim.hashmi/usenix/benchmark/normalized/SD3/real/An_old__rickety_wooden__bench_near_the_woods__78bde9ca89.png,0.05569583550095558
SD3,2024,0,/shared/home/sarim.hashmi/usenix/benchmark/normalized/SD3/real/An_adorable_small_dog_wearing_sunglasses_while_sit_634306cd77.png,0.14513780176639557
SD3,2024,0,/shared/home/sarim.hashmi/usenix/benchmark/normalized/SD3/real/Many_planes_are_arranged_in_a_large_building__d1177463bc.png,0.020746635273098946
SD3,2024,0,/shared/home/sarim.hashmi/usenix/benchmark/normalized/SD3/real/A_car_and_a_motorcycle_viewed_from_through_a_winds_9df000ca29.png,0.020985998213291168
SD3,2024,0,/shared/home/sarim.hashmi/usenix/benchmark/normalized/SD3/real/A_crowd_of_people_standing_along_a_fence_near_an_a_15588d90f8.png,0.030271219089627266
SD3,2024,0,/shared/home/sarim.hashmi/usenix/benchmark/normalized/SD3/real/A_celebration_with_cake_for_Navy_members_stationed_1cfbc3a68e.png,0.026688167825341225
SD3,2024,0,/shared/home/sarim.hashmi/usenix/benchmark/normalized/SD3/real/A_yellow_bench_sitting_in_a_field_next_to_trees_an_a819d9f102.png,0.04268734157085419
SD3,2024,0,/shared/home/sarim.hashmi/usenix/benchmark/normalized/SD3/real/A_street_sign_sitting_on_the_side_of_a_road__917a2d46c2.png,0.02021259255707264
SD3,2024,0,/shared/home/sarim.hashmi/usenix/benchmark/normalized/SD3/real/A_dog_is_chasing_after_three_running_sheep__05dca631a2.png,0.027142047882080078
SD3,2024,0,/shared/home/sarim.hashmi/usenix/benchmark/normalized/SD3/real/A_person_and_a_animal_in_the_daytime__dcd913339a.png,0.4771764278411865
SD3,2024,0,/shared/home/sarim.hashmi/usenix/benchmark/normalized/SD3/real/A_large_filled_with_lots_of_purple_flowers_behind__d0483c072b.png,0.02281131222844124
SD3,2024,0,/shared/home/sarim.hashmi/usenix/benchmark/normalized/SD3/real/a_train_near_a_platform_and_people_walking_1a1a167615.png,0.031150421127676964
SD3,2024,0,/shared/home/sarim.hashmi/usenix/benchmark/normalized/SD3/real/Three_sheep_in_a_vineyard__two_black_faced_and_one_1ff4e242cd.png,0.03781207278370857
SD3,2024,0,/shared/home/sarim.hashmi/usenix/benchmark/normalized/SD3/real/Firefighters_are_riding_in_the_back_of_a_fire_truc_5cc5540e63.png,0.032324910163879395
SD3,2024,0,/shared/home/sarim.hashmi/usenix/benchmark/normalized/SD3/real/A_giraffe_standing_next_to_a_pile_of_dead_wood__db2c708d07.png,0.025974242016673088
SD3,2024,0,/shared/home/sarim.hashmi/usenix/benchmark/normalized/SD3/real/a_person_holding_a_camera_up_to_the_window_02817a80f2.png,0.2139357626438141
SD3,2024,0,/shared/home/sarim.hashmi/usenix/benchmark/normalized/SD3/real/A_kitchen_that_has_wooden_cabinets_and_lots_of_pot_10482b87f4.png,0.05456915497779846
SD3,2024,0,/shared/home/sarim.hashmi/usenix/benchmark/normalized/SD3/real/this_is_a_white_bike_with_a_light_on_it_7de95f72d2.png,0.026609688997268677
SD3,2024,0,/shared/home/sarim.hashmi/usenix/benchmark/normalized/SD3/real/Graffiti_stains_the_surface_of_a_green_and_white_s_7b394f68db.png,0.1758424937725067
SD3,2024,0,/shared/home/sarim.hashmi/usenix/benchmark/normalized/SD3/real/people_at_costume_party_dressed_up_in_costumes_e8d64d2ed8.png,0.2960641086101532
SD3,2024,0,/shared/home/sarim.hashmi/usenix/benchmark/normalized/SD3/real/A_city_with_many_people_waiting_for_a_train__04476842ad.png,0.02505851350724697
SD3,2024,0,/shared/home/sarim.hashmi/usenix/benchmark/normalized/SD3/real/Birds_with_long_legs_walking_in_the_water_near_a_b_80af48c5f5.png,0.025298064574599266
SD3,2024,0,/shared/home/sarim.hashmi/usenix/benchmark/normalized/SD3/real/Two_giraffes_move_around_in_an_enclosure_next_to_s_3cad4f6749.png,0.04212293028831482
SD3,2024,0,/shared/home/sarim.hashmi/usenix/benchmark/normalized/SD3/real/a_living_room_with_some_fancy_curtains_behind_a_co_4357866f72.png,0.024197857826948166
SD3,2024,0,/shared/home/sarim.hashmi/usenix/benchmark/normalized/SD3/real/A_bus_driver_cleans_off_the_windshield_of_the_bus__1b0df5bdd6.png,0.02995220385491848
SD3,2024,0,/shared/home/sarim.hashmi/usenix/benchmark/normalized/SD3/real/the_animals_are_walking_and_grazing_on_the_grass_12064e5bf6.png,0.053403668105602264
SD3,2024,0,/shared/home/sarim.hashmi/usenix/benchmark/normalized/SD3/real/A_bird_flying_through_the_air_while_flapping_it_s__c30ab36898.png,0.04411143437027931
SD3,2024,0,/shared/home/sarim.hashmi/usenix/benchmark/normalized/SD3/real/A_couple_of_little_girls_standing_in_front_of_a_me_62eb72e771.png,0.03432636708021164
SD3,2024,0,/shared/home/sarim.hashmi/usenix/benchmark/normalized/SD3/real/this_kitchen_is_very_big_and_has_wood_cainets_de59cf784e.png,0.03428267315030098
SD3,2024,0,/shared/home/sarim.hashmi/usenix/benchmark/normalized/SD3/real/A_group_of_people_riding_on_a_bush__827c8fbd93.png,0.031101802363991737
SD3,2024,0,/shared/home/sarim.hashmi/usenix/benchmark/normalized/SD3/real/a_woman_sitting_on_a_picnic_table_on_her_cell_phon_fdbb668398.png,0.03299599513411522
SD3,2024,0,/shared/home/sarim.hashmi/usenix/benchmark/normalized/SD3/real/there_is_a_small_dog_that_is_looking_threw_the_gla_2d8fe0fa25.png,0.03635744750499725
SD3,2024,0,/shared/home/sarim.hashmi/usenix/benchmark/normalized/SD3/real/People_are_looking_at_a_decorative_cake_with_long__07242ba548.png,0.03125777095556259
SD3,2024,0,/shared/home/sarim.hashmi/usenix/benchmark/normalized/SD3/real/there_is_a_bus_that_is_stopped_and_is_very_dark_aaf37c0b81.png,0.35463857650756836
SD3,2024,0,/shared/home/sarim.hashmi/usenix/benchmark/normalized/SD3/real/A_yellow_and_green_checkered_motorcycle_parked_in__3fc37157b9.png,0.150300070643425
SD3,2024,0,/shared/home/sarim.hashmi/usenix/benchmark/normalized/SD3/real/A_cat_that_is_by_a_bicycle_wheel__105a2e6839.png,0.02706996724009514
SD3,2024,0,/shared/home/sarim.hashmi/usenix/benchmark/normalized/SD3/real/A_group_of_people_are_on_a_safari_in_a_vehicle_and_896fbb7aa6.png,0.02062556892633438
SD3,2024,0,/shared/home/sarim.hashmi/usenix/benchmark/normalized/SD3/real/A_window_shot_of_a_plane_in_the_air_with_another_p_dbd93ac6d4.png,0.04807543382048607
SD3,2024,0,/shared/home/sarim.hashmi/usenix/benchmark/normalized/SD3/real/A__busy_chinese_market_crowded_at_night__3ef7309431.png,0.04509221762418747
SD3,2024,0,/shared/home/sarim.hashmi/usenix/benchmark/normalized/SD3/real/A_wooden_bench_has_a_company_advertise_on_it___4a2e23745a.png,0.07901612669229507
SD3,2024,0,/shared/home/sarim.hashmi/usenix/benchmark/normalized/SD3/real/A_person_standing_next_to_a_bike_covered_in_flower_43e3c80340.png,0.03477943316102028
SD3,2024,0,/shared/home/sarim.hashmi/usenix/benchmark/normalized/SD3/real/Giraffe_in_its_natural_habitat_snacking_on_a_tree_a462d0f871.png,0.01897827722132206
SD3,2024,0,/shared/home/sarim.hashmi/usenix/benchmark/normalized/SD3/real/A_red_stop_sign_in_front_of_a_small_house_surround_9b06e84f05.png,0.050599366426467896
SD3,2024,0,/shared/home/sarim.hashmi/usenix/benchmark/normalized/SD3/real/Vehicles_parked_under_a_tree_in_a_small_yard__66ea7d214e.png,0.04144861176609993
SD3,2024,0,/shared/home/sarim.hashmi/usenix/benchmark/normalized/SD3/real/People_standing_next_to_tree_looking_at_an_airplan_73f427ad68.png,0.023639893159270287
SD3,2024,0,/shared/home/sarim.hashmi/usenix/benchmark/normalized/SD3/real/A_green_street_sign_on_top_of_a_metal_pool__5522965bb2.png,0.03839999437332153
SD3,2024,0,/shared/home/sarim.hashmi/usenix/benchmark/normalized/SD3/real/_many_tables_arranged_outside_at_the_shop_ceda9deeb1.png,0.12257787585258484
SD3,2024,0,/shared/home/sarim.hashmi/usenix/benchmark/normalized/SD3/real/A_sheet_cake_with_a_farm_scene_on_top_of_it__0b97053b6d.png,0.044819265604019165
SD3,2024,0,/shared/home/sarim.hashmi/usenix/benchmark/normalized/SD3/real/A_man_standing_next_to_a_motorcycle_on_the_side_of_40ad7aad54.png,0.028510380536317825
SD3,2024,0,/shared/home/sarim.hashmi/usenix/benchmark/normalized/SD3/real/A_car_s_lights_on_a_traffic_sign_at_night___25bb644967.png,0.023001456633210182
SD3,2024,0,/shared/home/sarim.hashmi/usenix/benchmark/normalized/SD3/real/A_room_filled_with_bathroom_sinks_and_bath_tubs__0e97762b55.png,0.0798063799738884
SD3,2024,0,/shared/home/sarim.hashmi/usenix/benchmark/normalized/SD3/real/A_white_bath_and_toilet_image_on_a_room_wall__54a1154c9a.png,0.8465720415115356
SD3,2024,0,/shared/home/sarim.hashmi/usenix/benchmark/normalized/SD3/real/A_plan_sitting_on_top_of_a_sandy_beach__b6cb91045a.png,0.023723198100924492
SD3,2024,0,/shared/home/sarim.hashmi/usenix/benchmark/normalized/SD3/real/A_black_and_white_still_life_of_a_branch_with_flow_27a0453c2d.png,0.6826179027557373
SD3,2024,0,/shared/home/sarim.hashmi/usenix/benchmark/normalized/SD3/real/A_white_parrot_standing_next_to_a_jungle_covered_h_d26004801d.png,0.5714022517204285
SD3,2024,0,/shared/home/sarim.hashmi/usenix/benchmark/normalized/SD3/real/A_grey_and_white_bird_in_a_swampy_marsh__3af1be3d33.png,0.03848794475197792
SD3,2024,0,/shared/home/sarim.hashmi/usenix/benchmark/normalized/SD3/real/A_black_and_white_photograph_of_men_on_bicycles_in_e927797fc3.png,0.030184198170900345
SD3,2024,0,/shared/home/sarim.hashmi/usenix/benchmark/normalized/SD3/real/A_black_and_white_image_of_a_plane_flying_over_tre_389e75e99f.png,0.02473496086895466
SD3,2024,0,/shared/home/sarim.hashmi/usenix/benchmark/normalized/SD3/real/A_rose_blooms_next_to_a_train_track__2836ff0fa2.png,0.021390032023191452
SD3,2024,0,/shared/home/sarim.hashmi/usenix/benchmark/normalized/SD3/real/A_painting_of_a_yellow_train_car_sitting_on_train__589df3b024.png,0.07487005740404129
SD3,2024,0,/shared/home/sarim.hashmi/usenix/benchmark/normalized/SD3/real/A_person_hiking_up_the_side_of_a_snow_covered_hill_4f7b2afcfa.png,0.016199246048927307
SD3,2024,0,/shared/home/sarim.hashmi/usenix/benchmark/normalized/SD3/real/Girl_siting_on_a_bench_in_the_woods_in_the_fall__2666589ff4.png,0.046557698398828506
SD3,2024,0,/shared/home/sarim.hashmi/usenix/benchmark/normalized/SD3/real/An_old_luncheonette_sign_on_a_corner_by_a_street_s_318daa9350.png,0.021205907687544823
SD3,2024,0,/shared/home/sarim.hashmi/usenix/benchmark/normalized/SD3/real/The_traffic_in_this_city_is_busy_this_time_of_day__3ce2e5deb7.png,0.03129328042268753
SD3,2024,0,/shared/home/sarim.hashmi/usenix/benchmark/normalized/SD3/real/A_classic_car_parked_next_to_a_large_metal_Canadia_c3684c9f63.png,0.03279697895050049
SD3,2024,0,/shared/home/sarim.hashmi/usenix/benchmark/normalized/SD3/real/Three_giraffes_are_next_to_a_cage_of_green_food__bc260ea191.png,0.043568119406700134
SD3,2024,0,/shared/home/sarim.hashmi/usenix/benchmark/normalized/SD3/real/A_person_holding_birds_in_an_aquarium_full_of_spec_2a7df165e1.png,0.043146762996912
SD3,2024,0,/shared/home/sarim.hashmi/usenix/benchmark/normalized/SD3/real/A_boy_carrying_a_surfboard_on_a_busy_sidewalk__a49de87efb.png,0.022211717441678047
SD3,2024,0,/shared/home/sarim.hashmi/usenix/benchmark/normalized/SD3/real/An_old_fire_hydrant_in_the_middle_of_the_woods__ff654c15fb.png,0.017155461013317108
SD3,2024,0,/shared/home/sarim.hashmi/usenix/benchmark/normalized/SD3/real/Two_ducklings_sit_next_to_each_other_in_grass__8af07caea0.png,0.059368133544921875
SD3,2024,0,/shared/home/sarim.hashmi/usenix/benchmark/normalized/SD3/real/A_black_steam_engine_pulling_a_small_passenger_car_bfe19ab265.png,0.027986615896224976
SD3,2024,0,/shared/home/sarim.hashmi/usenix/benchmark/normalized/SD3/real/A_sign_for_a_dancing_club_is_hanging_from_a_buildi_bf67879268.png,0.04097209498286247
SD3,2024,0,/shared/home/sarim.hashmi/usenix/benchmark/normalized/SD3/real/Giraffe_standing_on_a_grass_covered_field_next_to__e13c341a62.png,0.02455885149538517
SD3,2024,0,/shared/home/sarim.hashmi/usenix/benchmark/normalized/SD3/real/A_street_sign_on_a_city_street_with_tall_buildings_b35fb5ba2e.png,0.02809768356382847
SD3,2024,0,/shared/home/sarim.hashmi/usenix/benchmark/normalized/SD3/real/a_small_toilet_in_a_bathroom_with_tile_walls_b95fa139c7.png,0.022384995594620705
SD3,2024,0,/shared/home/sarim.hashmi/usenix/benchmark/normalized/SD3/real/A_fire_hydrant_that_is_spewing_water_in_the_middle_3bdf705877.png,0.019585516303777695
SD3,2024,0,/shared/home/sarim.hashmi/usenix/benchmark/normalized/SD3/real/A_lot_of_people_that_have_some_animals__4e3f23b174.png,0.03358721360564232
SD3,2024,0,/shared/home/sarim.hashmi/usenix/benchmark/normalized/SD3/real/There_is_a_man_picking_bananas_next_to_a_street__6f71f0ceb0.png,0.05599857494235039
SD3,2024,0,/shared/home/sarim.hashmi/usenix/benchmark/normalized/SD3/real/A_red_stop_light_across_from_a_brick_building_829ed3a843.png,0.06391934305429459
SD3,2024,0,/shared/home/sarim.hashmi/usenix/benchmark/normalized/SD3/real/A_foot_ball_fan_is_showing_off_his_team_spirit_f9c831db4f.png,0.03462860733270645
SD3,2024,0,/shared/home/sarim.hashmi/usenix/benchmark/normalized/SD3/real/Several_young_boys_sitting_in_the_library_using_la_2db3111de8.png,0.03831123188138008
SD3,2024,0,/shared/home/sarim.hashmi/usenix/benchmark/normalized/SD3/real/Giraffe_standing_next_to_each_other_at_a_zoo__3a54e8b7b9.png,0.04866747558116913
SD3,2024,1,/shared/home/sarim.hashmi/usenix/benchmark/normalized/SD3/fake/A_blue_new_motorcycle_being_shown_off_in_a_lot_046cf54760.png,0.6854482889175415
SD3,2024,1,/shared/home/sarim.hashmi/usenix/benchmark/normalized/SD3/fake/a_woman_sitting_on_a_wooden_park_bench_smiling_at__bb545a75f8.png,0.8063373565673828
SD3,2024,1,/shared/home/sarim.hashmi/usenix/benchmark/normalized/SD3/fake/A_classic_car_parked_next_to_a_large_metal_Canadia_7955f81217.png,0.620030403137207
SD3,2024,1,/shared/home/sarim.hashmi/usenix/benchmark/normalized/SD3/fake/An_adorable_small_dog_wearing_sunglasses_while_sit_89adfed22a.png,0.9362006783485413
SD3,2024,1,/shared/home/sarim.hashmi/usenix/benchmark/normalized/SD3/fake/Wild_animals_grazing_near_a_lagoon_surrounded_by_t_6b3c1a8115.png,0.03961115702986717
SD3,2024,1,/shared/home/sarim.hashmi/usenix/benchmark/normalized/SD3/fake/Two_motorcycles_parked_in_a_grassy_area_next_to_a__a820eee323.png,0.5111026167869568
SD3,2024,1,/shared/home/sarim.hashmi/usenix/benchmark/normalized/SD3/fake/The_signs_are_clearly_visible_for_all_of_us_to_see_ff8dd86370.png,0.09312132745981216
SD3,2024,1,/shared/home/sarim.hashmi/usenix/benchmark/normalized/SD3/fake/A_small_black_sign_on_the_refrigerator_door_5306e46b06.png,0.729384183883667
SD3,2024,1,/shared/home/sarim.hashmi/usenix/benchmark/normalized/SD3/fake/A_person_holding_birds_in_an_aquarium_full_of_spec_f1870c0b4a.png,0.4985666871070862
SD3,2024,1,/shared/home/sarim.hashmi/usenix/benchmark/normalized/SD3/fake/A_little_girl_is_making_a_huge_mess_with_a_birthda_e6f8b58567.png,0.17027853429317474
SD3,2024,1,/shared/home/sarim.hashmi/usenix/benchmark/normalized/SD3/fake/A_small_bird_is_sitting_on_a_green_plant_leave__065b7c0e4f.png,0.17802266776561737
SD3,2024,1,/shared/home/sarim.hashmi/usenix/benchmark/normalized/SD3/fake/A_myriad_of_stop_signs_that_are_black_and_white_an_e3846c62f0.png,0.13578185439109802
SD3,2024,1,/shared/home/sarim.hashmi/usenix/benchmark/normalized/SD3/fake/A_person_riding_a_motorcycle_down_a_rural_country__0b08b3ff94.png,0.019392915070056915
SD3,2024,1,/shared/home/sarim.hashmi/usenix/benchmark/normalized/SD3/fake/A_wooden_bench_has_a_company_advertise_on_it___b1fdf64b4f.png,0.16912361979484558
SD3,2024,1,/shared/home/sarim.hashmi/usenix/benchmark/normalized/SD3/fake/A_garden_is_surrounded_by_a_train_and_phone_booth__876db9dcb6.png,0.4348753094673157
SD3,2024,1,/shared/home/sarim.hashmi/usenix/benchmark/normalized/SD3/fake/A_set_of_three_park_benches_sitting_next_to_a_park_44d81c8740.png,0.07894167304039001
SD3,2024,1,/shared/home/sarim.hashmi/usenix/benchmark/normalized/SD3/fake/Flock_of_ducks_standing_on_a_rocky_shore__4a0a1788ad.png,0.07308445125818253
SD3,2024,1,/shared/home/sarim.hashmi/usenix/benchmark/normalized/SD3/fake/several_men_on_a_street_corner_repairing_a_street__0d8eb5bebe.png,0.619881808757782
SD3,2024,1,/shared/home/sarim.hashmi/usenix/benchmark/normalized/SD3/fake/A_city_street_with_a_sign_that_says_fun_8def66c6ed.png,0.3204604387283325
SD3,2024,1,/shared/home/sarim.hashmi/usenix/benchmark/normalized/SD3/fake/A_bathtub_with_candles_lit_up_around_it_and_a_stoo_95c4824c39.png,0.9643210768699646
SD3,2024,1,/shared/home/sarim.hashmi/usenix/benchmark/normalized/SD3/fake/a_small_toilet_in_a_bathroom_with_tile_walls_277ef15e6d.png,0.5545299053192139
SD3,2024,1,/shared/home/sarim.hashmi/usenix/benchmark/normalized/SD3/fake/Two_giraffes_standing_in_grass_surrounded_by_trees_bcdbbec7a5.png,0.4715406894683838
SD3,2024,1,/shared/home/sarim.hashmi/usenix/benchmark/normalized/SD3/fake/A_crowd_of_people_crossing_a_cross_walk__2f201e8632.png,0.07580573111772537
SD3,2024,1,/shared/home/sarim.hashmi/usenix/benchmark/normalized/SD3/fake/a_person_holding_a_camera_up_to_the_window_cfa39d6bf7.png,0.9358888864517212
SD3,2024,1,/shared/home/sarim.hashmi/usenix/benchmark/normalized/SD3/fake/These_are_a_few_animals_out_in_a_field___e025c7cc91.png,0.8776375651359558
SD3,2024,1,/shared/home/sarim.hashmi/usenix/benchmark/normalized/SD3/fake/A_man_flying_a_fan_plane_neck_to_flock_of_ducks__9c2c06c46f.png,0.2666715085506439
SD3,2024,1,/shared/home/sarim.hashmi/usenix/benchmark/normalized/SD3/fake/Sheep_in_a_forest_after_the_snow_has_melted_7048b0db8d.png,0.7000143527984619
SD3,2024,1,/shared/home/sarim.hashmi/usenix/benchmark/normalized/SD3/fake/a_woman_sitting_on_a_picnic_table_on_her_cell_phon_d761f6b425.png,0.10537637025117874
SD3,2024,1,/shared/home/sarim.hashmi/usenix/benchmark/normalized/SD3/fake/a_sunset_over_the_water_with_birds_in_the_air_cf596c324e.png,0.03200865164399147
SD3,2024,1,/shared/home/sarim.hashmi/usenix/benchmark/normalized/SD3/fake/A_street_view_of_tall_buildings__street_lights_and_931f9848ed.png,0.8093277812004089
SD3,2024,1,/shared/home/sarim.hashmi/usenix/benchmark/normalized/SD3/fake/A_city_street_at_night_with_a_green_signal__a7ba4a64f0.png,0.9527096152305603
SD3,2024,1,/shared/home/sarim.hashmi/usenix/benchmark/normalized/SD3/fake/A_painting_of_a_yellow_train_car_sitting_on_train__ce7729afee.png,0.09828159958124161
SD3,2024,1,/shared/home/sarim.hashmi/usenix/benchmark/normalized/SD3/fake/A_white_an_blue_fire_hydrant_on_grassy_yard_next_t_4c0d474ab7.png,0.20229831337928772
SD3,2024,1,/shared/home/sarim.hashmi/usenix/benchmark/normalized/SD3/fake/A_red_fire_hydrant_sitting_on_a_slab_of_cement_in__cf7e2d8630.png,0.09827297925949097
SD3,2024,1,/shared/home/sarim.hashmi/usenix/benchmark/normalized/SD3/fake/A_green_and_white_bus_pulling_into_a_bus_stop__385012979e.png,0.8596208095550537
SD3,2024,1,/shared/home/sarim.hashmi/usenix/benchmark/normalized/SD3/fake/An_older_woman_sits_in_a_sweater_at_the_beach__e55efe0a34.png,0.2995258867740631
SD3,2024,1,/shared/home/sarim.hashmi/usenix/benchmark/normalized/SD3/fake/Three_giraffes_are_next_to_a_cage_of_green_food__d55ea021cd.png,0.8713273406028748
SD3,2024,1,/shared/home/sarim.hashmi/usenix/benchmark/normalized/SD3/fake/A_sheet_cake_with_a_farm_scene_on_top_of_it__06b8740fa8.png,0.36150699853897095
SD3,2024,1,/shared/home/sarim.hashmi/usenix/benchmark/normalized/SD3/fake/The_wooden_bench_is_near_a_busy_stream__83c04eb593.png,0.03411125764250755
SD3,2024,1,/shared/home/sarim.hashmi/usenix/benchmark/normalized/SD3/fake/a_number_of_motorcycles_in_a_lot__847b5821eb.png,0.9452588558197021
SD3,2024,1,/shared/home/sarim.hashmi/usenix/benchmark/normalized/SD3/fake/Two_giraffe_in_front_of_a_painting_of_the_outdoors_8cf419c784.png,0.7320035696029663
SD3,2024,1,/shared/home/sarim.hashmi/usenix/benchmark/normalized/SD3/fake/a_small_toys_with_so_many_people_in_it_c20a0012f3.png,0.9492794871330261
SD3,2024,1,/shared/home/sarim.hashmi/usenix/benchmark/normalized/SD3/fake/A_crowd_of_people_unloading_from_a_long_train__f4476294c7.png,0.04175303876399994
SD3,2024,1,/shared/home/sarim.hashmi/usenix/benchmark/normalized/SD3/fake/A_giraffe_bust_hanging_by_a_Rain_Forest_Cafe_Sign__915513e79c.png,0.09541314840316772
SD3,2024,1,/shared/home/sarim.hashmi/usenix/benchmark/normalized/SD3/fake/a_close_up_of_a_giraffe_behind_a_fence__5258dcf66e.png,0.906866729259491
SD3,2024,1,/shared/home/sarim.hashmi/usenix/benchmark/normalized/SD3/fake/A_duck_and_baby_ducks_are_in_the_blue_water__a3da0081b5.png,0.03956449031829834
SD3,2024,1,/shared/home/sarim.hashmi/usenix/benchmark/normalized/SD3/fake/A_crowded_city_street_filled_with_traffic_at_night_4c77c8ae0e.png,0.05371164530515671
SD3,2024,1,/shared/home/sarim.hashmi/usenix/benchmark/normalized/SD3/fake/A_gray_and_black_bird_sitting_next_to_the_ocean__3820b7a732.png,0.06298720836639404
SD3,2024,1,/shared/home/sarim.hashmi/usenix/benchmark/normalized/SD3/fake/A_person_that_is_sitting_on_a_bench__967f92538f.png,0.4633614122867584
SD3,2024,1,/shared/home/sarim.hashmi/usenix/benchmark/normalized/SD3/fake/A_rain_soaked_pigeon_sitting_on_a_fence__4d43ebce71.png,0.758870005607605
SD3,2024,1,/shared/home/sarim.hashmi/usenix/benchmark/normalized/SD3/fake/A_luxurious_bathtub_in_front_of_a_window_with_a_re_6e3e4033bf.png,0.0933997631072998
SD3,2024,1,/shared/home/sarim.hashmi/usenix/benchmark/normalized/SD3/fake/A_street_sign_on_a_city_street_with_tall_buildings_161e5d043f.png,0.4097330868244171
SD3,2024,1,/shared/home/sarim.hashmi/usenix/benchmark/normalized/SD3/fake/black_and_white_photo_of_two_birds_flying_on_a_clo_f18fae26d6.png,0.2828826308250427
SD3,2024,1,/shared/home/sarim.hashmi/usenix/benchmark/normalized/SD3/fake/Two_giraffe_standing_next_to_a_tree_covered_hillsi_d7b19b619d.png,0.6869974136352539
SD3,2024,1,/shared/home/sarim.hashmi/usenix/benchmark/normalized/SD3/fake/Several_young_boys_sitting_in_the_library_using_la_3e47e89f13.png,0.9587110877037048
SD3,2024,1,/shared/home/sarim.hashmi/usenix/benchmark/normalized/SD3/fake/People_are_looking_at_a_decorative_cake_with_long__82fe35320f.png,0.3735155463218689
SD3,2024,1,/shared/home/sarim.hashmi/usenix/benchmark/normalized/SD3/fake/A_parade_on_a_street_with_several_officers_on_moto_c4977b7370.png,0.08396483957767487
SD3,2024,1,/shared/home/sarim.hashmi/usenix/benchmark/normalized/SD3/fake/A_bus_driver_cleans_off_the_windshield_of_the_bus__112fd18a5b.png,0.6991307735443115
SD3,2024,1,/shared/home/sarim.hashmi/usenix/benchmark/normalized/SD3/fake/A_couple_of_animals_that_are_near_the_rocks__cfb3db997e.png,0.10255827754735947
SD3,2024,1,/shared/home/sarim.hashmi/usenix/benchmark/normalized/SD3/fake/An_airplane_sitting_on_the_water_parked_at_the_doc_5b86a1b8de.png,0.057659000158309937
SD3,2024,1,/shared/home/sarim.hashmi/usenix/benchmark/normalized/SD3/fake/A_plan_sitting_on_top_of_a_sandy_beach__039c0745ef.png,0.8664670586585999
SD3,2024,1,/shared/home/sarim.hashmi/usenix/benchmark/normalized/SD3/fake/A_boy_playing_a_multicolored_piano_on_the_street__c4b2843c0d.png,0.48464712500572205
SD3,2024,1,/shared/home/sarim.hashmi/usenix/benchmark/normalized/SD3/fake/A__busy_chinese_market_crowded_at_night__dc6629c17f.png,0.09425705671310425
SD3,2024,1,/shared/home/sarim.hashmi/usenix/benchmark/normalized/SD3/fake/A_stop_and_street_sign_on_the_side_of_the_street__3cc3e76c46.png,0.08999766409397125
SD3,2024,1,/shared/home/sarim.hashmi/usenix/benchmark/normalized/SD3/fake/A_forest_filled_with_lush_green_leafy_trees__02552b57f1.png,0.721738874912262
SD3,2024,1,/shared/home/sarim.hashmi/usenix/benchmark/normalized/SD3/fake/A_person_is_watching_two_basketball_games_at_once__62c6d4ee8a.png,0.20267848670482635
SD3,2024,1,/shared/home/sarim.hashmi/usenix/benchmark/normalized/SD3/fake/A_grey_and_white_bird_in_a_swampy_marsh__9dc4176734.png,0.024229753762483597
SD3,2024,1,/shared/home/sarim.hashmi/usenix/benchmark/normalized/SD3/fake/An_ugly_looking_street_sign_sitting_on_the_corner__fde98c199a.png,0.07518153637647629
SD3,2024,1,/shared/home/sarim.hashmi/usenix/benchmark/normalized/SD3/fake/An_asian_city_is_all_lit_up_in_the_dark__07e015993c.png,0.033917441964149475
SD3,2024,1,/shared/home/sarim.hashmi/usenix/benchmark/normalized/SD3/fake/the_animals_are_walking_and_grazing_on_the_grass_87667d3374.png,0.9611524343490601
SD3,2024,1,/shared/home/sarim.hashmi/usenix/benchmark/normalized/SD3/fake/A_dog_is_chasing_after_three_running_sheep__61c8291f53.png,0.1548830270767212
SD3,2024,1,/shared/home/sarim.hashmi/usenix/benchmark/normalized/SD3/fake/A_city_traffic_light_is_red_with_a_large_billow_of_aa94949a74.png,0.10183671861886978
SD3,2024,1,/shared/home/sarim.hashmi/usenix/benchmark/normalized/SD3/fake/A_giraffe_walks_on_the_tundra_tree_lined_park__fba3e69156.png,0.9147036075592041
SD3,2024,1,/shared/home/sarim.hashmi/usenix/benchmark/normalized/SD3/fake/A_black_steam_engine_pulling_a_small_passenger_car_1bf9b85661.png,0.4717191457748413
SD3,2024,1,/shared/home/sarim.hashmi/usenix/benchmark/normalized/SD3/fake/A_zebra_and_giraffe_that_is_in_the_dirt__8ad535e010.png,0.31493502855300903
SD3,2024,1,/shared/home/sarim.hashmi/usenix/benchmark/normalized/SD3/fake/A_hall_way_with_family_photos_on_the_wall_leading__99acfa3c72.png,0.42529094219207764
SD3,2024,1,/shared/home/sarim.hashmi/usenix/benchmark/normalized/SD3/fake/A_red_stop_sign_in_front_of_a_small_house_surround_91e9f51c32.png,0.9715368747711182
SD3,2024,1,/shared/home/sarim.hashmi/usenix/benchmark/normalized/SD3/fake/The_tiny_bird_is_sitting_on_the_rooftop_statue__d560f49398.png,0.06796063482761383
SD3,2024,1,/shared/home/sarim.hashmi/usenix/benchmark/normalized/SD3/fake/a_giraffe_walking_through_trees_on_a_sunny_day_39ddeb66ee.png,0.3346332609653473
SD3,2024,1,/shared/home/sarim.hashmi/usenix/benchmark/normalized/SD3/fake/A_man_riding_a_bike_down_a_dark_city_street__546a09884f.png,0.22553031146526337
SD3,2024,1,/shared/home/sarim.hashmi/usenix/benchmark/normalized/SD3/fake/A_celebration_with_cake_for_Navy_members_stationed_d9cc4eb825.png,0.1698049157857895
SD3,2024,1,/shared/home/sarim.hashmi/usenix/benchmark/normalized/SD3/fake/A_bird_standing_on_top_of_a_beach_next_to_water__c6db0f5bb4.png,0.08023671805858612
SD3,2024,1,/shared/home/sarim.hashmi/usenix/benchmark/normalized/SD3/fake/A_goat_with_very_long_horns_standing_in_front_of_a_c95eb979c4.png,0.898816704750061
SD3,2024,1,/shared/home/sarim.hashmi/usenix/benchmark/normalized/SD3/fake/A_group_of_young_men_standing_outside_of_a_subway__a0e0a87911.png,0.6295825242996216
SD3,2024,1,/shared/home/sarim.hashmi/usenix/benchmark/normalized/SD3/fake/Birds_with_long_legs_walking_in_the_water_near_a_b_2099bb7969.png,0.029948430135846138
SD3,2024,1,/shared/home/sarim.hashmi/usenix/benchmark/normalized/SD3/fake/Giraffe_standing_on_a_grass_covered_field_next_to__243bdbd46e.png,0.7428515553474426
SD3,2024,1,/shared/home/sarim.hashmi/usenix/benchmark/normalized/SD3/fake/A_wooden_bench_near_two_barrels_with_flowers___bf87d49597.png,0.38805636763572693
SD3,2024,1,/shared/home/sarim.hashmi/usenix/benchmark/normalized/SD3/fake/An_old__rickety_wooden__bench_near_the_woods__21e50564cd.png,0.0704851746559143
SD3,2024,1,/shared/home/sarim.hashmi/usenix/benchmark/normalized/SD3/fake/Park_with_grass__chair_and_bird_on_sidewalk__f4fdb2f827.png,0.4124673008918762
SD3,2024,1,/shared/home/sarim.hashmi/usenix/benchmark/normalized/SD3/fake/Motorcyclists_are_gathered_around_their_bikes_at_a_f765fa8733.png,0.9702666401863098
SD3,2024,1,/shared/home/sarim.hashmi/usenix/benchmark/normalized/SD3/fake/A_group_of_people_that_are_holding_onto_sheep__b5058002c6.png,0.7914565205574036
SD3,2024,1,/shared/home/sarim.hashmi/usenix/benchmark/normalized/SD3/fake/Two_giraffe_standing_next_to_each_other_on_a_lush__1282596314.png,0.936461865901947
SD3,2024,1,/shared/home/sarim.hashmi/usenix/benchmark/normalized/SD3/fake/A_street_post_with_a_one_way_sign_and_street_name__facca0a5b2.png,0.8151875734329224
SD3,2024,1,/shared/home/sarim.hashmi/usenix/benchmark/normalized/SD3/fake/A_flock_of_doves_and_a_man_sitting_in_a_park__b4663daf17.png,0.1345568597316742
SD3,2024,1,/shared/home/sarim.hashmi/usenix/benchmark/normalized/SD3/fake/The_city_is_filled_with_one_way_streets__ef38348750.png,0.03739595040678978
SD3,2024,1,/shared/home/sarim.hashmi/usenix/benchmark/normalized/SD3/fake/There_are_a_lot_of_trees_and_plants_beside_the_hou_4fb56d46e6.png,0.05744846910238266
SD3,2024,1,/shared/home/sarim.hashmi/usenix/benchmark/normalized/SD3/fake/A_group_of_people_standing_under_an_umbrella_on_th_2a41990c2e.png,0.12911204993724823
SD3,2024,1,/shared/home/sarim.hashmi/usenix/benchmark/normalized/SD3/fake/A_woman_under_an_umbrella_on_a_rainy_day__5855c49b8e.png,0.18112756311893463
SD3,2024,1,/shared/home/sarim.hashmi/usenix/benchmark/normalized/SD3/fake/A_professional_tennis_match_from_very_high_up_in_t_deec1e394e.png,0.35455775260925293
SD3,2024,1,/shared/home/sarim.hashmi/usenix/benchmark/normalized/SD3/fake/THERE_ARE_ANIMALS_THAT_ARE_GRASSING_IN_THE_FIELD__fda6976d7c.png,0.21260052919387817
SD3.5,2024,0,/shared/home/sarim.hashmi/usenix/benchmark/normalized/SD3.5/real/An_older_woman_sits_in_a_sweater_at_the_beach__c42cfd373a.png,0.023940788581967354
SD3.5,2024,0,/shared/home/sarim.hashmi/usenix/benchmark/normalized/SD3.5/real/A_group_of_people_standing_outside_of_a_blue_train_45402a0ad5.png,0.016638001427054405
SD3.5,2024,0,/shared/home/sarim.hashmi/usenix/benchmark/normalized/SD3.5/real/A_park_bench_on_the_side_of_a_lake__4308fc7acb.png,0.03381183743476868
SD3.5,2024,0,/shared/home/sarim.hashmi/usenix/benchmark/normalized/SD3.5/real/A_herd_of_animals_grazing_on_the_side_of_a_green_h_b18d7a501e.png,0.02127131260931492
SD3.5,2024,0,/shared/home/sarim.hashmi/usenix/benchmark/normalized/SD3.5/real/A_large_decorated_bus_has_a_couple_of_folks_standi_5011a86333.png,0.05026613920927048
SD3.5,2024,0,/shared/home/sarim.hashmi/usenix/benchmark/normalized/SD3.5/real/Benches_line_the_sidewalk_of_a_city_park_in_autumn_67bf6c4dbd.png,0.04326678067445755
SD3.5,2024,0,/shared/home/sarim.hashmi/usenix/benchmark/normalized/SD3.5/real/A_bird_that_is_sitting_on_top_of_a_branch__b07320f6e4.png,0.029577409848570824
SD3.5,2024,0,/shared/home/sarim.hashmi/usenix/benchmark/normalized/SD3.5/real/A_large_older_man_sitting_on_a_wooden_bench_in_a_p_fa4bfc9ea2.png,0.04356211796402931
SD3.5,2024,0,/shared/home/sarim.hashmi/usenix/benchmark/normalized/SD3.5/real/A_train_is_moving_along_the_tracks_beside_a_house__1d28553f1a.png,0.030797362327575684
SD3.5,2024,0,/shared/home/sarim.hashmi/usenix/benchmark/normalized/SD3.5/real/Beautiful_gray_clouds_with_light_cascading_out_of__2154367b7f.png,0.022716529667377472
SD3.5,2024,0,/shared/home/sarim.hashmi/usenix/benchmark/normalized/SD3.5/real/A_person_taking_a_selfie_in_front_of_a_large_mirro_bea13c0c03.png,0.04059641808271408
SD3.5,2024,0,/shared/home/sarim.hashmi/usenix/benchmark/normalized/SD3.5/real/A_red_and_black_smart_car_parked_next_to_a_parking_91070f8f4c.png,0.020955581218004227
SD3.5,2024,0,/shared/home/sarim.hashmi/usenix/benchmark/normalized/SD3.5/real/A_group_of_young_people_sitting_around_a_piece_of__4cf0efdeb9.png,0.029618605971336365
SD3.5,2024,0,/shared/home/sarim.hashmi/usenix/benchmark/normalized/SD3.5/real/A_fire_hydrant_in_the_grass_near_the_curb_with_the_0b3be16303.png,0.04214134067296982
SD3.5,2024,0,/shared/home/sarim.hashmi/usenix/benchmark/normalized/SD3.5/real/A_yellow_white_and_green_train_traveling_down_trai_7179eaab8c.png,0.03423832729458809
SD3.5,2024,0,/shared/home/sarim.hashmi/usenix/benchmark/normalized/SD3.5/real/A_blue_and_yellow_fire_hydrant_next_to_a_yellow_co_452e59d357.png,0.017648406326770782
SD3.5,2024,0,/shared/home/sarim.hashmi/usenix/benchmark/normalized/SD3.5/real/The_baseball_player_is_prominent_in_all_the_featur_8c98401239.png,0.02927163802087307
SD3.5,2024,0,/shared/home/sarim.hashmi/usenix/benchmark/normalized/SD3.5/real/A_man_with_his_back_to_the_camera_watching_an_onco_f82b9524ae.png,0.030816132202744484
SD3.5,2024,0,/shared/home/sarim.hashmi/usenix/benchmark/normalized/SD3.5/real/A_man_is_riding_a_motorcycle_in_a_race__a8da378d29.png,0.022202668711543083
SD3.5,2024,0,/shared/home/sarim.hashmi/usenix/benchmark/normalized/SD3.5/real/Several_trams_are_parked_with_electric_lines_above_00aa0ae043.png,0.03032747283577919
SD3.5,2024,0,/shared/home/sarim.hashmi/usenix/benchmark/normalized/SD3.5/real/A_vintage_VW_bus_that_is_red_and_white__681162c29e.png,0.02525174804031849
SD3.5,2024,0,/shared/home/sarim.hashmi/usenix/benchmark/normalized/SD3.5/real/A_statue_of_a_giraffe_in_a_park_setting__9c27dd84b2.png,0.04178575053811073
SD3.5,2024,0,/shared/home/sarim.hashmi/usenix/benchmark/normalized/SD3.5/real/A_motorcycle_is_on_display_at_a_convention__e5481f2fa2.png,0.015269249677658081
SD3.5,2024,0,/shared/home/sarim.hashmi/usenix/benchmark/normalized/SD3.5/real/A_man_yelling_to_the_driver_of_a_truck_1132d1f1ac.png,0.0751875713467598
SD3.5,2024,0,/shared/home/sarim.hashmi/usenix/benchmark/normalized/SD3.5/real/A_bird_standing_on_top_of_a_beach_next_to_water__93e3829ea8.png,0.02434680052101612
SD3.5,2024,0,/shared/home/sarim.hashmi/usenix/benchmark/normalized/SD3.5/real/A_man_and_woman_in_western_clothing_standing_in_fr_90865fa59c.png,0.053561583161354065
SD3.5,2024,0,/shared/home/sarim.hashmi/usenix/benchmark/normalized/SD3.5/real/An_empty_bathroom_with_a_shower_next_to_a_toilet__09bb5d6f4e.png,0.05857596546411514
SD3.5,2024,0,/shared/home/sarim.hashmi/usenix/benchmark/normalized/SD3.5/real/A_traffic_light_with_a_smile_green_light_above_a_r_cdd2eb526f.png,0.026589997112751007
SD3.5,2024,0,/shared/home/sarim.hashmi/usenix/benchmark/normalized/SD3.5/real/A_rose_blooms_next_to_a_train_track__2836ff0fa2.png,0.021390032023191452
SD3.5,2024,0,/shared/home/sarim.hashmi/usenix/benchmark/normalized/SD3.5/real/A_city_street_with_no_traffic_line_with_traffic_li_ba297b18ed.png,0.0267291609197855
SD3.5,2024,0,/shared/home/sarim.hashmi/usenix/benchmark/normalized/SD3.5/real/A_row_of_park_benches_with_flower_beds_hanging_nex_b3df981466.png,0.0399409681558609
SD3.5,2024,0,/shared/home/sarim.hashmi/usenix/benchmark/normalized/SD3.5/real/A_white_an_blue_fire_hydrant_on_grassy_yard_next_t_b6e74c9101.png,0.04204617440700531
SD3.5,2024,0,/shared/home/sarim.hashmi/usenix/benchmark/normalized/SD3.5/real/Three_giraffes_grazing_from_a_bush_over_a_fence__53c8b7096f.png,0.01844676025211811
SD3.5,2024,0,/shared/home/sarim.hashmi/usenix/benchmark/normalized/SD3.5/real/An_image_of_a_raptor__possibly_an_eagle__extending_e4284053c6.png,0.24451099336147308
SD3.5,2024,0,/shared/home/sarim.hashmi/usenix/benchmark/normalized/SD3.5/real/Two_sheep_standing_in_a_sunny_green__field_c722c14cc6.png,0.03960864618420601
SD3.5,2024,0,/shared/home/sarim.hashmi/usenix/benchmark/normalized/SD3.5/real/A_train_going_down_the_tracks_that_has_just_gone_u_568be7f267.png,0.03516628220677376
SD3.5,2024,0,/shared/home/sarim.hashmi/usenix/benchmark/normalized/SD3.5/real/A_black_and_white_image_of_a_lady_on_her_cell_phon_27348adbc4.png,0.05399244278669357
SD3.5,2024,0,/shared/home/sarim.hashmi/usenix/benchmark/normalized/SD3.5/real/A_forest_filled_with_lush_green_leafy_trees__786be6ed30.png,0.01730954274535179
SD3.5,2024,0,/shared/home/sarim.hashmi/usenix/benchmark/normalized/SD3.5/real/A_plane_that_is_flying_in_the_sky__bcfe47d593.png,0.03036629967391491
SD3.5,2024,0,/shared/home/sarim.hashmi/usenix/benchmark/normalized/SD3.5/real/A_large_herd_of_sheep_are_grazing_by_the_busy_road_bf5c12d967.png,0.050686467438936234
SD3.5,2024,0,/shared/home/sarim.hashmi/usenix/benchmark/normalized/SD3.5/real/a_parade_of_motor_cycles_being_watched_by_a_crowd_ec78f60054.png,0.02709418348968029
SD3.5,2024,0,/shared/home/sarim.hashmi/usenix/benchmark/normalized/SD3.5/real/A_rain_soaked_pigeon_sitting_on_a_fence__90be58ab57.png,0.039849311113357544
SD3.5,2024,0,/shared/home/sarim.hashmi/usenix/benchmark/normalized/SD3.5/real/A_blue_and_yellow_colored_bird_perches_on_a_tree_b_9f4c4a31a2.png,0.042475879192352295
SD3.5,2024,0,/shared/home/sarim.hashmi/usenix/benchmark/normalized/SD3.5/real/A_fire_hydrant_is_painted_to_look_like_a_dalmation_4c99b0a936.png,0.0280485637485981
SD3.5,2024,0,/shared/home/sarim.hashmi/usenix/benchmark/normalized/SD3.5/real/a_white_and_black_sea_bird_standing_in_very_shallo_f6aa3d801f.png,0.017987314611673355
SD3.5,2024,0,/shared/home/sarim.hashmi/usenix/benchmark/normalized/SD3.5/real/Giraffe_walking_through_a_field_next_to_a_forest__d3e6517009.png,0.023283731192350388
SD3.5,2024,0,/shared/home/sarim.hashmi/usenix/benchmark/normalized/SD3.5/real/A_very_cute_cat_looking_at_a_bird_by_a_bike_tire__2f18656235.png,0.025142904371023178
SD3.5,2024,0,/shared/home/sarim.hashmi/usenix/benchmark/normalized/SD3.5/real/A_street_sign_reads_Rue_Paul_St_in_the_snow__744fbc7044.png,0.02918398007750511
SD3.5,2024,0,/shared/home/sarim.hashmi/usenix/benchmark/normalized/SD3.5/real/Heavy_snow_covers_a_picnic_bench_next_to_a_tree__91a933bd66.png,0.021278658881783485
SD3.5,2024,0,/shared/home/sarim.hashmi/usenix/benchmark/normalized/SD3.5/real/motorcycle_bikes_all_parked_next_to_each_other_lin_91cc7f1ace.png,0.10197363048791885
SD3.5,2024,0,/shared/home/sarim.hashmi/usenix/benchmark/normalized/SD3.5/real/Three_men_sitting_on_motorcycles_on_a_sidewalk__b9e48b8402.png,0.0456322506070137
SD3.5,2024,0,/shared/home/sarim.hashmi/usenix/benchmark/normalized/SD3.5/real/A_young_man_crossing_a_street_next_to_bikers__0eff3687bd.png,0.041881319135427475
SD3.5,2024,0,/shared/home/sarim.hashmi/usenix/benchmark/normalized/SD3.5/real/a_man_taking_a_picture_of_prizes_in_a_claw_machine_879adb5170.png,0.09215342998504639
SD3.5,2024,0,/shared/home/sarim.hashmi/usenix/benchmark/normalized/SD3.5/real/A_lot_of_traffic_are_traveling_near_the_green_ligh_20ef75ef02.png,0.037160370498895645
SD3.5,2024,0,/shared/home/sarim.hashmi/usenix/benchmark/normalized/SD3.5/real/A_picture_of_rush_hour_traffic_on_the_streets__a71094b10c.png,0.0795091912150383
SD3.5,2024,0,/shared/home/sarim.hashmi/usenix/benchmark/normalized/SD3.5/real/A_boy_is_laying_on_a_bench_in_a_park__a84ed52ada.png,0.08812187612056732
SD3.5,2024,0,/shared/home/sarim.hashmi/usenix/benchmark/normalized/SD3.5/real/A_New_york_subway_station_with_a_sign_stating_trac_0a38ec572e.png,0.05051465332508087
SD3.5,2024,0,/shared/home/sarim.hashmi/usenix/benchmark/normalized/SD3.5/real/Two_NYPD_motorcycles_parked_along_a_city_street__4ada69db95.png,0.027838362380862236
SD3.5,2024,0,/shared/home/sarim.hashmi/usenix/benchmark/normalized/SD3.5/real/Two_tall_giraffe_standing_next_to_a_green_leaf_fil_b9e0c97f25.png,0.025825321674346924
SD3.5,2024,0,/shared/home/sarim.hashmi/usenix/benchmark/normalized/SD3.5/real/A_man_in_a_dress_and_two_men_in_pants_with_a_bus__b7cb71c14e.png,0.03342154249548912
SD3.5,2024,0,/shared/home/sarim.hashmi/usenix/benchmark/normalized/SD3.5/real/A_woman_holding_an_umbrella_over_another_man__42ac11b1d4.png,0.07644852995872498
SD3.5,2024,0,/shared/home/sarim.hashmi/usenix/benchmark/normalized/SD3.5/real/Fruit_and_vegetables_are_hanging_in_a_metal_basket_6e3dabf047.png,0.0364968478679657
SD3.5,2024,0,/shared/home/sarim.hashmi/usenix/benchmark/normalized/SD3.5/real/A_city_traffic_light_is_red_with_a_large_billow_of_d8bd9f1f19.png,0.03680301457643509
SD3.5,2024,0,/shared/home/sarim.hashmi/usenix/benchmark/normalized/SD3.5/real/A_train_crosses_an_intersection_while_cars_wait__c0e33cb53f.png,0.06012707203626633
SD3.5,2024,0,/shared/home/sarim.hashmi/usenix/benchmark/normalized/SD3.5/real/A_giraffe_standing_next_to_a_brick_building__461cc96273.png,0.05706093832850456
SD3.5,2024,0,/shared/home/sarim.hashmi/usenix/benchmark/normalized/SD3.5/real/A_small_red_fire_hydrant_in_grassy_field__19d0d8bdcb.png,0.02420402131974697
SD3.5,2024,0,/shared/home/sarim.hashmi/usenix/benchmark/normalized/SD3.5/real/This_room_has_a_wall_with_a_mural_on_it__f0ddd912b7.png,0.09053400903940201
SD3.5,2024,0,/shared/home/sarim.hashmi/usenix/benchmark/normalized/SD3.5/real/A_stoplight_on_a_busy_city_street_in_the_evening_f48faf82f6.png,0.08509443700313568
SD3.5,2024,0,/shared/home/sarim.hashmi/usenix/benchmark/normalized/SD3.5/real/An_orange_sign_that_has_a_picture_of_a_man_holding_9ae01f030c.png,0.028316477313637733
SD3.5,2024,0,/shared/home/sarim.hashmi/usenix/benchmark/normalized/SD3.5/real/A_traffic_light_is_lit_up_red_near_a_street_light__ba045d815b.png,0.14440687000751495
SD3.5,2024,0,/shared/home/sarim.hashmi/usenix/benchmark/normalized/SD3.5/real/An_old_fire_hydrant_in_the_middle_of_the_woods__ff654c15fb.png,0.017155461013317108
SD3.5,2024,0,/shared/home/sarim.hashmi/usenix/benchmark/normalized/SD3.5/real/A_small_black_sign_on_the_refrigerator_door_5a941f798b.png,0.1722564697265625
SD3.5,2024,0,/shared/home/sarim.hashmi/usenix/benchmark/normalized/SD3.5/real/a_blurry_photo_of_a_yellow_fire_hydrant_d608265c08.png,0.08827712386846542
SD3.5,2024,0,/shared/home/sarim.hashmi/usenix/benchmark/normalized/SD3.5/real/A_giraffe_sticking_its_head_in_a_feeding_basket_wi_d8044a15ef.png,0.03394347429275513
SD3.5,2024,0,/shared/home/sarim.hashmi/usenix/benchmark/normalized/SD3.5/real/A_man_and_a_woman_standing_next_to_a_motor_cycle__30bd270bb6.png,0.025224188342690468
SD3.5,2024,0,/shared/home/sarim.hashmi/usenix/benchmark/normalized/SD3.5/real/Cars_have_stopped_for_a_red_light_at_the_top_of_a__3034e694e6.png,0.04424723610281944
SD3.5,2024,0,/shared/home/sarim.hashmi/usenix/benchmark/normalized/SD3.5/real/A_yellow_and_green_checkered_motorcycle_parked_in__3fc37157b9.png,0.150300070643425
SD3.5,2024,0,/shared/home/sarim.hashmi/usenix/benchmark/normalized/SD3.5/real/A_large_building_on_the_corner_of_the_intersection_f846a54271.png,0.029907191172242165
SD3.5,2024,0,/shared/home/sarim.hashmi/usenix/benchmark/normalized/SD3.5/real/there_is_an_air_plane_that_is_in_the_sky__8d57c48333.png,0.03936341404914856
SD3.5,2024,0,/shared/home/sarim.hashmi/usenix/benchmark/normalized/SD3.5/real/a_group_of_people_on_motorcycles_drive_down_the_ro_80ef07d22a.png,0.03557611256837845
SD3.5,2024,0,/shared/home/sarim.hashmi/usenix/benchmark/normalized/SD3.5/real/A_small_sink_inside_of_a_very_clean_and_white_bath_a96f3bc110.png,0.032495930790901184
SD3.5,2024,0,/shared/home/sarim.hashmi/usenix/benchmark/normalized/SD3.5/real/An_old_wooden_bench_sitting_beside_a_bush_b1fae5859c.png,0.02918040193617344
SD3.5,2024,0,/shared/home/sarim.hashmi/usenix/benchmark/normalized/SD3.5/real/Woodpeckers_on_the_side_of_trees_during_the_day__5492ef0b6f.png,0.03093014657497406
SD3.5,2024,0,/shared/home/sarim.hashmi/usenix/benchmark/normalized/SD3.5/real/1_military_jet_fighter_flying_in_formation_alongsi_781c15a75b.png,0.045474931597709656
SD3.5,2024,0,/shared/home/sarim.hashmi/usenix/benchmark/normalized/SD3.5/real/A_snowy_scene_of_trees_and_a_road__e0ed335543.png,0.04043257609009743
SD3.5,2024,0,/shared/home/sarim.hashmi/usenix/benchmark/normalized/SD3.5/real/A_sign_for_Davidson_College_outside_of_one_of_its__09b85813c1.png,0.027290092781186104
SD3.5,2024,0,/shared/home/sarim.hashmi/usenix/benchmark/normalized/SD3.5/real/A_man_standing_in_front_of_a_mirror_above_a_counte_c9602209ba.png,0.04634390398859978
SD3.5,2024,0,/shared/home/sarim.hashmi/usenix/benchmark/normalized/SD3.5/real/Four_kids_playing_in_the_leaves_on_a_fall_day__dabaeeae3b.png,0.030702892690896988
SD3.5,2024,0,/shared/home/sarim.hashmi/usenix/benchmark/normalized/SD3.5/real/a_number_of_people_sitting_at_tables_in_a_train_46603533b4.png,0.0497904010117054
SD3.5,2024,0,/shared/home/sarim.hashmi/usenix/benchmark/normalized/SD3.5/real/one_teo_three_for_finb_di_bu_bu_97b09d066d.png,0.102306067943573
SD3.5,2024,0,/shared/home/sarim.hashmi/usenix/benchmark/normalized/SD3.5/real/A_toilet_sitting_in_a_bathroom_next_to_a_sink__5a6feb761f.png,0.02803557738661766
SD3.5,2024,0,/shared/home/sarim.hashmi/usenix/benchmark/normalized/SD3.5/real/Someone_is_preparing_many_donuts_at_one_time___03a26fb976.png,0.041022442281246185
SD3.5,2024,0,/shared/home/sarim.hashmi/usenix/benchmark/normalized/SD3.5/real/Many_flowers_are_decorated_outside_of_a_building__52e551a0bd.png,0.03254774957895279
SD3.5,2024,0,/shared/home/sarim.hashmi/usenix/benchmark/normalized/SD3.5/real/Many_planes_are_arranged_in_a_large_building__d1177463bc.png,0.020746635273098946
SD3.5,2024,0,/shared/home/sarim.hashmi/usenix/benchmark/normalized/SD3.5/real/A_man_that_is_holding_an_umbrella_in_the_grass__ac3e6e5419.png,0.02718725986778736
SD3.5,2024,0,/shared/home/sarim.hashmi/usenix/benchmark/normalized/SD3.5/real/Three_men_sit_at_a_conference_discussing_a_topic_ea43b5a0e1.png,0.03291572630405426
SD3.5,2024,0,/shared/home/sarim.hashmi/usenix/benchmark/normalized/SD3.5/real/The_dog_with_a_cartoon_collar_is_looking_out_of_a__9ab4f5861a.png,0.02853655070066452
SD3.5,2024,0,/shared/home/sarim.hashmi/usenix/benchmark/normalized/SD3.5/real/A_kitchen_with_an_island_and_window_over_the_sink__bdf1d05c31.png,0.03321407362818718
SD3.5,2024,0,/shared/home/sarim.hashmi/usenix/benchmark/normalized/SD3.5/real/A_couple_of_birds_standing_in_the_water__77a988dabd.png,0.028577230870723724
SD3.5,2024,0,/shared/home/sarim.hashmi/usenix/benchmark/normalized/SD3.5/real/A_shelving_unit_containing_items_next_to_a_vegetab_3910529d44.png,0.026970330625772476
SD3.5,2024,1,/shared/home/sarim.hashmi/usenix/benchmark/normalized/SD3.5/fake/photograph_of_an_outdoors_zone_that_looks_unbeliev.png,0.9939782619476318
SD3.5,2024,1,/shared/home/sarim.hashmi/usenix/benchmark/normalized/SD3.5/fake/volunteer_firemen_with_their_truck_shooting_out_a.png,0.9935744404792786
SD3.5,2024,1,/shared/home/sarim.hashmi/usenix/benchmark/normalized/SD3.5/fake/a_ski_resort_that_has_a_couple_people_outside.png,0.6869957447052002
SD3.5,2024,1,/shared/home/sarim.hashmi/usenix/benchmark/normalized/SD3.5/fake/a_couple_of_animals_that_are_near_the_rocks.png,0.9904772043228149
SD3.5,2024,1,/shared/home/sarim.hashmi/usenix/benchmark/normalized/SD3.5/fake/a_man_sitting_on_a_wooden_bench_near_a_lake.png,0.9944397211074829
SD3.5,2024,1,/shared/home/sarim.hashmi/usenix/benchmark/normalized/SD3.5/fake/a_red_grey_and_white_airplane_passes_overhead.png,0.9828826785087585
SD3.5,2024,1,/shared/home/sarim.hashmi/usenix/benchmark/normalized/SD3.5/fake/a_man_is_in_a_car_holding_a_black_cat.png,0.9925334453582764
SD3.5,2024,1,/shared/home/sarim.hashmi/usenix/benchmark/normalized/SD3.5/fake/a_large_filled_with_lots_of_purple_flowers_behind.png,0.9907205104827881
SD3.5,2024,1,/shared/home/sarim.hashmi/usenix/benchmark/normalized/SD3.5/fake/a_giraffe_walks_leisurely_through_the_tall_grass.png,0.9891687631607056
SD3.5,2024,1,/shared/home/sarim.hashmi/usenix/benchmark/normalized/SD3.5/fake/a_bird_soaring_over_a_lush_green_park.png,0.9834384322166443
SD3.5,2024,1,/shared/home/sarim.hashmi/usenix/benchmark/normalized/SD3.5/fake/a_bow_of_fruit_such_as_bananas_and_apples.png,0.9641104936599731
SD3.5,2024,1,/shared/home/sarim.hashmi/usenix/benchmark/normalized/SD3.5/fake/a_man_walking_down_a_road_in_front_of_a_double_dec.png,0.9884259700775146
SD3.5,2024,1,/shared/home/sarim.hashmi/usenix/benchmark/normalized/SD3.5/fake/black_and_white_photograph_of_cars_parked_along_a.png,0.9906865954399109
SD3.5,2024,1,/shared/home/sarim.hashmi/usenix/benchmark/normalized/SD3.5/fake/two_red_white_purple_and_blue_jets_and_buildings.png,0.994118332862854
SD3.5,2024,1,/shared/home/sarim.hashmi/usenix/benchmark/normalized/SD3.5/fake/a_city_street_at_night_filled_with_lots_of_traffic.png,0.993725597858429
SD3.5,2024,1,/shared/home/sarim.hashmi/usenix/benchmark/normalized/SD3.5/fake/an_image_of_a_bird_perched_in_a_tree.png,0.9927307963371277
SD3.5,2024,1,/shared/home/sarim.hashmi/usenix/benchmark/normalized/SD3.5/fake/a_woman_and_a_dog_sit_on_a_city_bench_in_this_blac.png,0.9934577345848083
SD3.5,2024,1,/shared/home/sarim.hashmi/usenix/benchmark/normalized/SD3.5/fake/this_is_a_train_on_the_track_with_people_ready_to.png,0.9943575263023376
SD3.5,2024,1,/shared/home/sarim.hashmi/usenix/benchmark/normalized/SD3.5/fake/a_large_blue_train_on_a_steel_track.png,0.9926185011863708
SD3.5,2024,1,/shared/home/sarim.hashmi/usenix/benchmark/normalized/SD3.5/fake/a_train_that_is_going_by_some_grass.png,0.9894563555717468
SD3.5,2024,1,/shared/home/sarim.hashmi/usenix/benchmark/normalized/SD3.5/fake/giraffe_walking_through_a_field_next_to_a_forest.png,0.9908146262168884
SD3.5,2024,1,/shared/home/sarim.hashmi/usenix/benchmark/normalized/SD3.5/fake/a_vintage_vw_bus_that_is_red_and_white.png,0.9941960573196411
SD3.5,2024,1,/shared/home/sarim.hashmi/usenix/benchmark/normalized/SD3.5/fake/a_man_walking_around_with_his_dog_and_sheep.png,0.9923449158668518
SD3.5,2024,1,/shared/home/sarim.hashmi/usenix/benchmark/normalized/SD3.5/fake/a_giraffe_walks_on_the_tundra_tree_lined_park.png,0.9914137125015259
SD3.5,2024,1,/shared/home/sarim.hashmi/usenix/benchmark/normalized/SD3.5/fake/a_bathroom_contains_a_shower_a_sink_and_a_mirror.png,0.9922244548797607
SD3.5,2024,1,/shared/home/sarim.hashmi/usenix/benchmark/normalized/SD3.5/fake/a_crowd_of_people_crossing_a_cross_walk.png,0.9937240481376648
SD3.5,2024,1,/shared/home/sarim.hashmi/usenix/benchmark/normalized/SD3.5/fake/a_woman_who_is_holding_her_little_dog.png,0.9912018775939941
SD3.5,2024,1,/shared/home/sarim.hashmi/usenix/benchmark/normalized/SD3.5/fake/a_man_and_woman_in_western_clothing_standing_in_fr.png,0.9934544563293457
SD3.5,2024,1,/shared/home/sarim.hashmi/usenix/benchmark/normalized/SD3.5/fake/a_group_of_people_that_are_holding_onto_sheep.png,0.9928358197212219
SD3.5,2024,1,/shared/home/sarim.hashmi/usenix/benchmark/normalized/SD3.5/fake/ranodm_bus_pulled_over_on_the_side_of_the_road.png,0.9943745136260986
SD3.5,2024,1,/shared/home/sarim.hashmi/usenix/benchmark/normalized/SD3.5/fake/an_orange_detour_sign_hanging_from_a_metal_pole_un.png,0.39187222719192505
SD3.5,2024,1,/shared/home/sarim.hashmi/usenix/benchmark/normalized/SD3.5/fake/a_brick_tower_with_a_big_clock_in_the_middle_of_it.png,0.9765608906745911
SD3.5,2024,1,/shared/home/sarim.hashmi/usenix/benchmark/normalized/SD3.5/fake/the_view_from_the_inside_of_a_jetliner_looking_out.png,0.35414382815361023
SD3.5,2024,1,/shared/home/sarim.hashmi/usenix/benchmark/normalized/SD3.5/fake/a_man_with_a_helmet_riding_on_a_motorcycle_with_a.png,0.9914310574531555
SD3.5,2024,1,/shared/home/sarim.hashmi/usenix/benchmark/normalized/SD3.5/fake/a_fire_hydrant_in_the_grass_near_the_curb_with_the.png,0.11696629971265793
SD3.5,2024,1,/shared/home/sarim.hashmi/usenix/benchmark/normalized/SD3.5/fake/an_image_of_a_group_of_policeman_on_motorcylces.png,0.9662383794784546
SD3.5,2024,1,/shared/home/sarim.hashmi/usenix/benchmark/normalized/SD3.5/fake/a_giraffe_cranes_its_head_to_look_over_a_canopy.png,0.9934380650520325
SD3.5,2024,1,/shared/home/sarim.hashmi/usenix/benchmark/normalized/SD3.5/fake/some_people_are_sitting_on_a_car_that_s_been_wrapp.png,0.9927944540977478
SD3.5,2024,1,/shared/home/sarim.hashmi/usenix/benchmark/normalized/SD3.5/fake/the_woman_smiles_while_posing_with_a_big_cat_in_he.png,0.989366352558136
SD3.5,2024,1,/shared/home/sarim.hashmi/usenix/benchmark/normalized/SD3.5/fake/two_birds_that_are_sitting_next_to_each_other.png,0.9925092458724976
SD3.5,2024,1,/shared/home/sarim.hashmi/usenix/benchmark/normalized/SD3.5/fake/a_road_sign_warning_of_resident_permit_parking_onl.png,0.9885602593421936
SD3.5,2024,1,/shared/home/sarim.hashmi/usenix/benchmark/normalized/SD3.5/fake/add_you_own_paint_or_woodstain_to_these_unfinished.png,0.9895241856575012
SD3.5,2024,1,/shared/home/sarim.hashmi/usenix/benchmark/normalized/SD3.5/fake/two_side_by_side_urinals_mounted_on_a_wall.png,0.47152256965637207
SD3.5,2024,1,/shared/home/sarim.hashmi/usenix/benchmark/normalized/SD3.5/fake/men_sorting_through_a_toppled_over_train_car.png,0.9939100742340088
SD3.5,2024,1,/shared/home/sarim.hashmi/usenix/benchmark/normalized/SD3.5/fake/a_wooden_bench_has_a_company_advertise_on_it.png,0.9880556464195251
SD3.5,2024,1,/shared/home/sarim.hashmi/usenix/benchmark/normalized/SD3.5/fake/the_orange_peal_is_on_the_wooden_bench.png,0.9871783256530762
SD3.5,2024,1,/shared/home/sarim.hashmi/usenix/benchmark/normalized/SD3.5/fake/an_aerial_view_of_a_train_on_train_tracks.png,0.9924368262290955
SD3.5,2024,1,/shared/home/sarim.hashmi/usenix/benchmark/normalized/SD3.5/fake/a_green_traffic_light_shines_above_a_street_with_l.png,0.9927413463592529
SD3.5,2024,1,/shared/home/sarim.hashmi/usenix/benchmark/normalized/SD3.5/fake/black_and_white_photo_of_two_birds_flying_on_a_clo.png,0.5556835532188416
SD3.5,2024,1,/shared/home/sarim.hashmi/usenix/benchmark/normalized/SD3.5/fake/an_airplane_sitting_on_the_water_parked_at_the_doc.png,0.9911325573921204
SD3.5,2024,1,/shared/home/sarim.hashmi/usenix/benchmark/normalized/SD3.5/fake/a_neon_colored_building_lit_up_in_the_night_time.png,0.974195122718811
SD3.5,2024,1,/shared/home/sarim.hashmi/usenix/benchmark/normalized/SD3.5/fake/a_man_wearing_a_glove_with_a_bird_on_top_of_it.png,0.9882325530052185
SD3.5,2024,1,/shared/home/sarim.hashmi/usenix/benchmark/normalized/SD3.5/fake/a_person_holding_a_skateboard_overlooks_a_dead_fie.png,0.836646556854248
SD3.5,2024,1,/shared/home/sarim.hashmi/usenix/benchmark/normalized/SD3.5/fake/several_hoofed_animals_much_on_hay_in_the_stable.png,0.9904676079750061
SD3.5,2024,1,/shared/home/sarim.hashmi/usenix/benchmark/normalized/SD3.5/fake/commercial_jetliners_fly_over_an_amusement_park_wi.png,0.20553162693977356
SD3.5,2024,1,/shared/home/sarim.hashmi/usenix/benchmark/normalized/SD3.5/fake/a_man_standing_next_to_a_train_going_through_grand.png,0.9931536912918091
SD3.5,2024,1,/shared/home/sarim.hashmi/usenix/benchmark/normalized/SD3.5/fake/a_passenger_train_that_is_going_over_a_bridge.png,0.9940756559371948
SD3.5,2024,1,/shared/home/sarim.hashmi/usenix/benchmark/normalized/SD3.5/fake/a_young_man_holding_a_skateboard_while_wearing_hea.png,0.9924196600914001
SD3.5,2024,1,/shared/home/sarim.hashmi/usenix/benchmark/normalized/SD3.5/fake/a_city_with_tall_buildings_filled_with_tall_buildi.png,0.989035427570343
SD3.5,2024,1,/shared/home/sarim.hashmi/usenix/benchmark/normalized/SD3.5/fake/a_photo_of_a_busy_city_with_cranes_and_a_train_and.png,0.9926260113716125
SD3.5,2024,1,/shared/home/sarim.hashmi/usenix/benchmark/normalized/SD3.5/fake/a_man_sitting_in_a_chair_holding_a_baby_who_is_che.png,0.9927985668182373
SD3.5,2024,1,/shared/home/sarim.hashmi/usenix/benchmark/normalized/SD3.5/fake/a_parked_motor_bike_with_a_man_standing_next_to_it.png,0.9923107624053955
SD3.5,2024,1,/shared/home/sarim.hashmi/usenix/benchmark/normalized/SD3.5/fake/a_sky_full_of_a_flock_of_birds_on_a_cloudy_day.png,0.5962662696838379
SD3.5,2024,1,/shared/home/sarim.hashmi/usenix/benchmark/normalized/SD3.5/fake/a_row_of_park_benches_with_flower_beds_hanging_nex.png,0.9929980039596558
SD3.5,2024,1,/shared/home/sarim.hashmi/usenix/benchmark/normalized/SD3.5/fake/the_city_is_filled_with_one_way_streets.png,0.9940429329872131
SD3.5,2024,1,/shared/home/sarim.hashmi/usenix/benchmark/normalized/SD3.5/fake/a_close_up_of_a_giraffe_behind_a_fence.png,0.9842617511749268
SD3.5,2024,1,/shared/home/sarim.hashmi/usenix/benchmark/normalized/SD3.5/fake/a_giraffe_leaning_over_so_it_can_drink_some_water.png,0.994330883026123
SD3.5,2024,1,/shared/home/sarim.hashmi/usenix/benchmark/normalized/SD3.5/fake/a_girl_sitting_at_a_kitchen_table_in_a_home.png,0.9925504922866821
SD3.5,2024,1,/shared/home/sarim.hashmi/usenix/benchmark/normalized/SD3.5/fake/a_man_riding_a_motorcycle_across_a_lush_green_park.png,0.9929322004318237
SD3.5,2024,1,/shared/home/sarim.hashmi/usenix/benchmark/normalized/SD3.5/fake/a_train_speeds_by_a_field_in_a_black_and_white_pho.png,0.9910836219787598
SD3.5,2024,1,/shared/home/sarim.hashmi/usenix/benchmark/normalized/SD3.5/fake/a_goat_standing_next_to_a_tree_in_the_open.png,0.9921731948852539
SD3.5,2024,1,/shared/home/sarim.hashmi/usenix/benchmark/normalized/SD3.5/fake/a_lot_of_people_that_have_some_animals.png,0.984708309173584
SD3.5,2024,1,/shared/home/sarim.hashmi/usenix/benchmark/normalized/SD3.5/fake/a_cat_laying_on_the_seat_of_a_motorcycle.png,0.9891083240509033
SD3.5,2024,1,/shared/home/sarim.hashmi/usenix/benchmark/normalized/SD3.5/fake/a_woman_gathers_the_trash_in_her_kitchen.png,0.9929448962211609
SD3.5,2024,1,/shared/home/sarim.hashmi/usenix/benchmark/normalized/SD3.5/fake/a_white_plate_topped_with_meat_rice_and_veggies.png,0.9904335737228394
SD3.5,2024,1,/shared/home/sarim.hashmi/usenix/benchmark/normalized/SD3.5/fake/a_sign_in_the_grass_stating_the_next_highway.png,0.9899214506149292
SD3.5,2024,1,/shared/home/sarim.hashmi/usenix/benchmark/normalized/SD3.5/fake/the_giraffe_has_it_s_head_against_the_tree_trunk.png,0.9925036430358887
SD3.5,2024,1,/shared/home/sarim.hashmi/usenix/benchmark/normalized/SD3.5/fake/an_overhead_view_of_many_people_on_motorcycles.png,0.9812775254249573
SD3.5,2024,1,/shared/home/sarim.hashmi/usenix/benchmark/normalized/SD3.5/fake/a_woman_holding_an_umbrella_over_another_man.png,0.9909283518791199
SD3.5,2024,1,/shared/home/sarim.hashmi/usenix/benchmark/normalized/SD3.5/fake/a_car_s_lights_on_a_traffic_sign_at_night.png,0.9803199768066406
SD3.5,2024,1,/shared/home/sarim.hashmi/usenix/benchmark/normalized/SD3.5/fake/a_lighted_kitchen_looks_shiny_clean_and_nice.png,0.9871672987937927
SD3.5,2024,1,/shared/home/sarim.hashmi/usenix/benchmark/normalized/SD3.5/fake/a_woman_riding_a_bike_next_to_a_red_compact_car.png,0.9928500652313232
SD3.5,2024,1,/shared/home/sarim.hashmi/usenix/benchmark/normalized/SD3.5/fake/a_tree_has_a_no_parking_sign_taped_to_its_trunk.png,0.9920699000358582
SD3.5,2024,1,/shared/home/sarim.hashmi/usenix/benchmark/normalized/SD3.5/fake/three_men_sitting_on_motorcycles_on_a_sidewalk.png,0.9932270646095276
SD3.5,2024,1,/shared/home/sarim.hashmi/usenix/benchmark/normalized/SD3.5/fake/a_bird_is_standing_on_the_small_branch_outside.png,0.9907003045082092
SD3.5,2024,1,/shared/home/sarim.hashmi/usenix/benchmark/normalized/SD3.5/fake/this_is_a_white_bike_with_a_light_on_it.png,0.9936512112617493
SD3.5,2024,1,/shared/home/sarim.hashmi/usenix/benchmark/normalized/SD3.5/fake/a_train_on_a_train_track_at_a_station.png,0.9933951497077942
SD3.5,2024,1,/shared/home/sarim.hashmi/usenix/benchmark/normalized/SD3.5/fake/black_and_white_stripped_poles_with_stop_lights_a.png,0.9912648797035217
SD3.5,2024,1,/shared/home/sarim.hashmi/usenix/benchmark/normalized/SD3.5/fake/a_bathroom_is_photographed_with_a_fisheye_filter.png,0.9923014640808105
SD3.5,2024,1,/shared/home/sarim.hashmi/usenix/benchmark/normalized/SD3.5/fake/a_stop_and_street_sign_on_the_side_of_the_street.png,0.990423858165741
SD3.5,2024,1,/shared/home/sarim.hashmi/usenix/benchmark/normalized/SD3.5/fake/a_pole_that_has_a_sign_attached_to_it.png,0.6241270899772644
SD3.5,2024,1,/shared/home/sarim.hashmi/usenix/benchmark/normalized/SD3.5/fake/a_trian_sitting_next_to_three_other_trains_near_a.png,0.9925986528396606
SD3.5,2024,1,/shared/home/sarim.hashmi/usenix/benchmark/normalized/SD3.5/fake/a_woman_preparing_food_inside_of_a_kitchen.png,0.990805447101593
SD3.5,2024,1,/shared/home/sarim.hashmi/usenix/benchmark/normalized/SD3.5/fake/the_bathroom_is_multi_colored_containing_black_wh.png,0.9931528568267822
SD3.5,2024,1,/shared/home/sarim.hashmi/usenix/benchmark/normalized/SD3.5/fake/the_light_shines_above_the_pan_rack_on_the_kitchen.png,0.9754471182823181
SD3.5,2024,1,/shared/home/sarim.hashmi/usenix/benchmark/normalized/SD3.5/fake/two_giraffes_standing_together_in_an_open_field_zo.png,0.9862068295478821
SD3.5,2024,1,/shared/home/sarim.hashmi/usenix/benchmark/normalized/SD3.5/fake/a_man_flying_a_fan_plane_neck_to_flock_of_ducks.png,0.9916641712188721
SD3.5,2024,1,/shared/home/sarim.hashmi/usenix/benchmark/normalized/SD3.5/fake/firefighters_are_riding_in_the_back_of_a_fire_truc.png,0.9936896562576294
SD3.5,2024,1,/shared/home/sarim.hashmi/usenix/benchmark/normalized/SD3.5/fake/a_man_crossing_a_busy_road_on_division_st.png,0.993361234664917
SD3.5,2024,1,/shared/home/sarim.hashmi/usenix/benchmark/normalized/SD3.5/fake/a_passenger_jet_filled_with_purple_and_blue_seats.png,0.9942143559455872
FLUX-dev,2024,0,/shared/home/sarim.hashmi/usenix/benchmark/normalized/FLUX-dev/real/A_red_fire_hydrant_with_a_green_cap_with_a_bird_on.png,0.01659471169114113
FLUX-dev,2024,0,/shared/home/sarim.hashmi/usenix/benchmark/normalized/FLUX-dev/real/A_small_lamb_with_a_blue_rope_tied_around_its_head.png,0.02976849675178528
FLUX-dev,2024,0,/shared/home/sarim.hashmi/usenix/benchmark/normalized/FLUX-dev/real/A_bathroom_with_four_urinals_and_a_drain_on_the_fl.png,0.022322870790958405
FLUX-dev,2024,0,/shared/home/sarim.hashmi/usenix/benchmark/normalized/FLUX-dev/real/A_person_standing_in_front_of_a_stop_sign_in_the_d.png,0.02617749013006687
FLUX-dev,2024,0,/shared/home/sarim.hashmi/usenix/benchmark/normalized/FLUX-dev/real/A_man_sits_on_a_bench_and_stares_into_the_distance.png,0.02479219250380993
FLUX-dev,2024,0,/shared/home/sarim.hashmi/usenix/benchmark/normalized/FLUX-dev/real/An_old_black_and_white_photo_of_two_men_in_suits.png,0.07195844501256943
FLUX-dev,2024,0,/shared/home/sarim.hashmi/usenix/benchmark/normalized/FLUX-dev/real/Benches_line_the_sidewalk_of_a_city_park_in_autumn.png,0.04326678067445755
FLUX-dev,2024,0,/shared/home/sarim.hashmi/usenix/benchmark/normalized/FLUX-dev/real/The_rear_view_mirror_of_a_cityh_bus_driving_down_a.png,0.0731719508767128
FLUX-dev,2024,0,/shared/home/sarim.hashmi/usenix/benchmark/normalized/FLUX-dev/real/A_picture_of_people_watching_TV_in_the_living_room.png,0.03712122142314911
FLUX-dev,2024,0,/shared/home/sarim.hashmi/usenix/benchmark/normalized/FLUX-dev/real/Heavy_snow_covers_a_picnic_bench_next_to_a_tree.png,0.021278658881783485
FLUX-dev,2024,0,/shared/home/sarim.hashmi/usenix/benchmark/normalized/FLUX-dev/real/A_crossroads_sign_with_a_car_parked_nearby.png,0.12241186201572418
FLUX-dev,2024,0,/shared/home/sarim.hashmi/usenix/benchmark/normalized/FLUX-dev/real/This_room_has_a_wall_with_a_mural_on_it.png,0.09053400903940201
FLUX-dev,2024,0,/shared/home/sarim.hashmi/usenix/benchmark/normalized/FLUX-dev/real/A_silver_miniature_train_with_trees_in_background.png,0.029821548610925674
FLUX-dev,2024,0,/shared/home/sarim.hashmi/usenix/benchmark/normalized/FLUX-dev/real/a_pole_that_has_a_sign_attached_to_it.png,0.06257715076208115
FLUX-dev,2024,0,/shared/home/sarim.hashmi/usenix/benchmark/normalized/FLUX-dev/real/A_christmas_wreath_is_hanging_from_the_door.png,0.19995920360088348
FLUX-dev,2024,0,/shared/home/sarim.hashmi/usenix/benchmark/normalized/FLUX-dev/real/A_woman_putting_on_a_lipstick_holding_a_sharp_knif.png,0.551831066608429
FLUX-dev,2024,0,/shared/home/sarim.hashmi/usenix/benchmark/normalized/FLUX-dev/real/A_traffic_light_on_a_table_with_a_checkered_cloth.png,0.060409486293792725
FLUX-dev,2024,0,/shared/home/sarim.hashmi/usenix/benchmark/normalized/FLUX-dev/real/A_bathroom_with_a_stained_glass_and_stone_wall_and.png,0.968702495098114
FLUX-dev,2024,0,/shared/home/sarim.hashmi/usenix/benchmark/normalized/FLUX-dev/real/a_giraffe_leaning_over_a_fence_to_eat_out_of_a_bow.png,0.030442731454968452
FLUX-dev,2024,0,/shared/home/sarim.hashmi/usenix/benchmark/normalized/FLUX-dev/real/A_person_walking_down_a_sidewalk_at_night.png,0.04422171786427498
FLUX-dev,2024,0,/shared/home/sarim.hashmi/usenix/benchmark/normalized/FLUX-dev/real/A_white_bus_sitting_on_top_of_a_grass_field.png,0.13129746913909912
FLUX-dev,2024,0,/shared/home/sarim.hashmi/usenix/benchmark/normalized/FLUX-dev/real/A_trashcan_has_been_knocked_over_in_a_kitchen.png,0.04932180419564247
FLUX-dev,2024,0,/shared/home/sarim.hashmi/usenix/benchmark/normalized/FLUX-dev/real/An_empty_intersection_of_a_colorful_urban_area.png,0.032501012086868286
FLUX-dev,2024,0,/shared/home/sarim.hashmi/usenix/benchmark/normalized/FLUX-dev/real/a_small_plane_is_flying_in_the_sky.png,0.04555760324001312
FLUX-dev,2024,0,/shared/home/sarim.hashmi/usenix/benchmark/normalized/FLUX-dev/real/A_black_lab_waits_at_a_picnic_table_for_it_s_maste.png,0.1119236871600151
FLUX-dev,2024,0,/shared/home/sarim.hashmi/usenix/benchmark/normalized/FLUX-dev/real/Adult_woman_taking_self_portrait_using_camera_look.png,0.02561076730489731
FLUX-dev,2024,0,/shared/home/sarim.hashmi/usenix/benchmark/normalized/FLUX-dev/real/A_red__grey_and_white_airplane_passes_overhead.png,0.02272866480052471
FLUX-dev,2024,0,/shared/home/sarim.hashmi/usenix/benchmark/normalized/FLUX-dev/real/A_city_street_with_no_traffic_line_with_traffic_li.png,0.0267291609197855
FLUX-dev,2024,0,/shared/home/sarim.hashmi/usenix/benchmark/normalized/FLUX-dev/real/Two_children_under_a_Sesame_Street_sign_on_a_light.png,0.08557629585266113
FLUX-dev,2024,0,/shared/home/sarim.hashmi/usenix/benchmark/normalized/FLUX-dev/real/A_sign_for_Davidson_College_outside_of_one_of_its.png,0.027290092781186104
FLUX-dev,2024,0,/shared/home/sarim.hashmi/usenix/benchmark/normalized/FLUX-dev/real/A_drawing_of_a_yellow_headphone_cord_and_an_ear_pi.png,0.1401100754737854
FLUX-dev,2024,0,/shared/home/sarim.hashmi/usenix/benchmark/normalized/FLUX-dev/real/A_bird_sitting_in_a_field_of_beautiful_purple_flow.png,0.03250042721629143
FLUX-dev,2024,0,/shared/home/sarim.hashmi/usenix/benchmark/normalized/FLUX-dev/real/A_hallway_with_yellow_painted_walls_and_a_light_mo.png,0.04839580878615379
FLUX-dev,2024,0,/shared/home/sarim.hashmi/usenix/benchmark/normalized/FLUX-dev/real/A_park_with_many_trees_and_benches_at_night.png,0.02785823866724968
FLUX-dev,2024,0,/shared/home/sarim.hashmi/usenix/benchmark/normalized/FLUX-dev/real/A_man_on_a_motorcycle_outside_in_a_black_and_white.png,0.03642494976520538
FLUX-dev,2024,0,/shared/home/sarim.hashmi/usenix/benchmark/normalized/FLUX-dev/real/A_giraffe_standing_in_a_lush_green_field.png,0.04010677710175514
FLUX-dev,2024,0,/shared/home/sarim.hashmi/usenix/benchmark/normalized/FLUX-dev/real/A_series_of_photos_showing_different_restroom_item.png,0.06664329767227173
FLUX-dev,2024,0,/shared/home/sarim.hashmi/usenix/benchmark/normalized/FLUX-dev/real/a_big_field_of_sheep_that_are_outside.png,0.02395564690232277
FLUX-dev,2024,0,/shared/home/sarim.hashmi/usenix/benchmark/normalized/FLUX-dev/real/some_black_and_white_train_cars_and_some_train_tra.png,0.029835019260644913
FLUX-dev,2024,0,/shared/home/sarim.hashmi/usenix/benchmark/normalized/FLUX-dev/real/Street_signs_are_affixed_to_a_utility_pole.png,0.01693752594292164
FLUX-dev,2024,0,/shared/home/sarim.hashmi/usenix/benchmark/normalized/FLUX-dev/real/a_bird_flying_thru_the_sky_with_mountains_in_the_b.png,0.0207708477973938
FLUX-dev,2024,0,/shared/home/sarim.hashmi/usenix/benchmark/normalized/FLUX-dev/real/A_large_blue_octopus_kite_flies_above_the_people_h.png,0.04532434791326523
FLUX-dev,2024,0,/shared/home/sarim.hashmi/usenix/benchmark/normalized/FLUX-dev/real/Small_bird_sitting_on_a_skateboard_posed_in_front.png,0.16073763370513916
FLUX-dev,2024,0,/shared/home/sarim.hashmi/usenix/benchmark/normalized/FLUX-dev/real/This_is_an_open_box_containing_four_cucumbers.png,0.026909468695521355
FLUX-dev,2024,0,/shared/home/sarim.hashmi/usenix/benchmark/normalized/FLUX-dev/real/A_railroad_train_heading_toward_a_traffic_light_on.png,0.028211534023284912
FLUX-dev,2024,0,/shared/home/sarim.hashmi/usenix/benchmark/normalized/FLUX-dev/real/A_group_of_people_fishing_next_to_a_railroad_bridg.png,0.030914688482880592
FLUX-dev,2024,0,/shared/home/sarim.hashmi/usenix/benchmark/normalized/FLUX-dev/real/This_is_what_is_left_of_a_kitchen_in_an_abandoned.png,0.030593091621994972
FLUX-dev,2024,0,/shared/home/sarim.hashmi/usenix/benchmark/normalized/FLUX-dev/real/A_black_bird_landing_on_the_leaves_in_the_water.png,0.07392352819442749
FLUX-dev,2024,0,/shared/home/sarim.hashmi/usenix/benchmark/normalized/FLUX-dev/real/A_ski_resort_that_has_a_couple_people_outside.png,0.025692623108625412
FLUX-dev,2024,0,/shared/home/sarim.hashmi/usenix/benchmark/normalized/FLUX-dev/real/A_bathroom_contains_a_shower__a_sink__and_a_mirror.png,0.022268321365118027
FLUX-dev,2024,0,/shared/home/sarim.hashmi/usenix/benchmark/normalized/FLUX-dev/real/Several_people_standing_together_with_a_red_stopli.png,0.02421170473098755
FLUX-dev,2024,0,/shared/home/sarim.hashmi/usenix/benchmark/normalized/FLUX-dev/real/A_traffic_light_with_a_smile_green_light_above_a_r.png,0.026589997112751007
FLUX-dev,2024,0,/shared/home/sarim.hashmi/usenix/benchmark/normalized/FLUX-dev/real/A_bird_sitting_on_top__of_an_orange_slice.png,0.029334204271435738
FLUX-dev,2024,0,/shared/home/sarim.hashmi/usenix/benchmark/normalized/FLUX-dev/real/A_man_walking_past_a_train_at_a_train_station.png,0.026537878438830376
FLUX-dev,2024,0,/shared/home/sarim.hashmi/usenix/benchmark/normalized/FLUX-dev/real/A_giraffe_walking_through_the_jungle_next_to_mount.png,0.025700241327285767
FLUX-dev,2024,0,/shared/home/sarim.hashmi/usenix/benchmark/normalized/FLUX-dev/real/An_airplane_crossing_above_a_metal_structure_on_a.png,0.021725697442889214
FLUX-dev,2024,0,/shared/home/sarim.hashmi/usenix/benchmark/normalized/FLUX-dev/real/A_black_and_white_photo_of_an_old_locomotive.png,0.034041985869407654
FLUX-dev,2024,0,/shared/home/sarim.hashmi/usenix/benchmark/normalized/FLUX-dev/real/The_door_of_a_public_bus_with_a_reflection_of_a_wo.png,0.03440085053443909
FLUX-dev,2024,0,/shared/home/sarim.hashmi/usenix/benchmark/normalized/FLUX-dev/real/An_airplane_flies_up_into_the_sky_with_the_wheel_o.png,0.07662943005561829
FLUX-dev,2024,0,/shared/home/sarim.hashmi/usenix/benchmark/normalized/FLUX-dev/real/A_bird_is_sitting_on_a_bench_in_the_grass.png,0.026670066639780998
FLUX-dev,2024,0,/shared/home/sarim.hashmi/usenix/benchmark/normalized/FLUX-dev/real/Some_pans_and_kitchen_spoons_hang_from_hooks_on_a.png,0.05695144087076187
FLUX-dev,2024,0,/shared/home/sarim.hashmi/usenix/benchmark/normalized/FLUX-dev/real/A_bathtub_sitting_under_a_chandelier_and_next_to_a.png,0.11788280308246613
FLUX-dev,2024,0,/shared/home/sarim.hashmi/usenix/benchmark/normalized/FLUX-dev/real/A_group_of_friends_standing_next_to_each_other_at.png,0.1138421967625618
FLUX-dev,2024,0,/shared/home/sarim.hashmi/usenix/benchmark/normalized/FLUX-dev/real/A_foggy_view_of_an_airplane_sitting_in_a_yard.png,0.06295011192560196
FLUX-dev,2024,0,/shared/home/sarim.hashmi/usenix/benchmark/normalized/FLUX-dev/real/A_bathroom_is_photographed_with_a_fisheye_filter.png,0.05115008354187012
FLUX-dev,2024,0,/shared/home/sarim.hashmi/usenix/benchmark/normalized/FLUX-dev/real/a_sunset_over_the_water_with_birds_in_the_air.png,0.026212124153971672
FLUX-dev,2024,0,/shared/home/sarim.hashmi/usenix/benchmark/normalized/FLUX-dev/real/A_couple_of_people_walking_down_a_sidewalk_with_st.png,0.0373457595705986
FLUX-dev,2024,0,/shared/home/sarim.hashmi/usenix/benchmark/normalized/FLUX-dev/real/A_green_7th_street_sign_hanging_from_a_wooden_pole.png,0.20837675034999847
FLUX-dev,2024,0,/shared/home/sarim.hashmi/usenix/benchmark/normalized/FLUX-dev/real/A_child_with_a_helmet_on_a_motor_bike.png,0.026884471997618675
FLUX-dev,2024,0,/shared/home/sarim.hashmi/usenix/benchmark/normalized/FLUX-dev/real/A_small_airplane_flying_through_a_blue_sky.png,0.06532961130142212
FLUX-dev,2024,0,/shared/home/sarim.hashmi/usenix/benchmark/normalized/FLUX-dev/real/ranodm_bus_pulled_over_on_the_side_of_the_road.png,0.03264160454273224
FLUX-dev,2024,0,/shared/home/sarim.hashmi/usenix/benchmark/normalized/FLUX-dev/real/A_cat_is_sitting_outdoors_near_a_park_bench.png,0.07140077650547028
FLUX-dev,2024,0,/shared/home/sarim.hashmi/usenix/benchmark/normalized/FLUX-dev/real/a_person_with_a_bat_near_many_tvs.png,0.08414752036333084
FLUX-dev,2024,0,/shared/home/sarim.hashmi/usenix/benchmark/normalized/FLUX-dev/real/A_giraffe_sticking_its_head_in_a_feeding_basket_wi.png,0.03394347429275513
FLUX-dev,2024,0,/shared/home/sarim.hashmi/usenix/benchmark/normalized/FLUX-dev/real/A_sign_littered_with_stickers_on_a_pole_with_a_cro.png,0.023634137585759163
FLUX-dev,2024,0,/shared/home/sarim.hashmi/usenix/benchmark/normalized/FLUX-dev/real/Clear_blue_sky_s_with_a_plane_flying_by.png,0.05731187388300896
FLUX-dev,2024,0,/shared/home/sarim.hashmi/usenix/benchmark/normalized/FLUX-dev/real/A_group_of_people_with_a_cell_phone_the_side_of_a.png,0.07172337174415588
FLUX-dev,2024,0,/shared/home/sarim.hashmi/usenix/benchmark/normalized/FLUX-dev/real/That_looks_like_a_wall_mural_in_the_background_of.png,0.04866230860352516
FLUX-dev,2024,0,/shared/home/sarim.hashmi/usenix/benchmark/normalized/FLUX-dev/real/A_night_time_image_of_a_very_wide_and_crowded_city.png,0.02394970878958702
FLUX-dev,2024,0,/shared/home/sarim.hashmi/usenix/benchmark/normalized/FLUX-dev/real/A_crowd_of_passengers_standing_outside_of_a_commut.png,0.02252752147614956
FLUX-dev,2024,0,/shared/home/sarim.hashmi/usenix/benchmark/normalized/FLUX-dev/real/A_white_toilet_sitting_in_a_bathroom_under_a_white.png,0.05344279110431671
FLUX-dev,2024,0,/shared/home/sarim.hashmi/usenix/benchmark/normalized/FLUX-dev/real/The_reflection_of_a_woman__in_a_rear_view_mirror_s.png,0.032169222831726074
FLUX-dev,2024,0,/shared/home/sarim.hashmi/usenix/benchmark/normalized/FLUX-dev/real/Several_men_sitting_in_front_of_a_large_wall.png,0.02641591988503933
FLUX-dev,2024,0,/shared/home/sarim.hashmi/usenix/benchmark/normalized/FLUX-dev/real/Four_officer_are_riding_motorcycles_with_giant_let.png,0.02257290482521057
FLUX-dev,2024,0,/shared/home/sarim.hashmi/usenix/benchmark/normalized/FLUX-dev/real/There_is_a_bowl_of_fresh_fruit_on_the_table.png,0.02184547483921051
FLUX-dev,2024,0,/shared/home/sarim.hashmi/usenix/benchmark/normalized/FLUX-dev/real/The_dog_with_a_cartoon_collar_is_looking_out_of_a.png,0.02853655070066452
FLUX-dev,2024,0,/shared/home/sarim.hashmi/usenix/benchmark/normalized/FLUX-dev/real/A_cow_standing_next_to_a_shelf_with_many_drinks.png,0.025322506204247475
FLUX-dev,2024,0,/shared/home/sarim.hashmi/usenix/benchmark/normalized/FLUX-dev/real/A_man_has_stopped_in_the_middle_of_the_street_and.png,0.027038827538490295
FLUX-dev,2024,0,/shared/home/sarim.hashmi/usenix/benchmark/normalized/FLUX-dev/real/A_car_passes_by_to_find_a_man_outside_near_a_TV.png,0.02733357809484005
FLUX-dev,2024,0,/shared/home/sarim.hashmi/usenix/benchmark/normalized/FLUX-dev/real/A_very_nice_looking_train_by_a_plat_form.png,0.019844867289066315
FLUX-dev,2024,0,/shared/home/sarim.hashmi/usenix/benchmark/normalized/FLUX-dev/real/a_man_on_a_motorcycle_driving_down_a_track.png,0.0179932601749897
FLUX-dev,2024,0,/shared/home/sarim.hashmi/usenix/benchmark/normalized/FLUX-dev/real/The_graveyard_in_front_of_the_church_is_very_spook.png,0.130398690700531
FLUX-dev,2024,0,/shared/home/sarim.hashmi/usenix/benchmark/normalized/FLUX-dev/real/A_very_cute_cat_looking_at_a_bird_by_a_bike_tire.png,0.025142904371023178
FLUX-dev,2024,0,/shared/home/sarim.hashmi/usenix/benchmark/normalized/FLUX-dev/real/An_orange_lying_next_to_a_green_utensil.png,0.0727093294262886
FLUX-dev,2024,0,/shared/home/sarim.hashmi/usenix/benchmark/normalized/FLUX-dev/real/A_park_bench_surrounded_by_a_green_forest_of_trees.png,0.08925167471170425
FLUX-dev,2024,0,/shared/home/sarim.hashmi/usenix/benchmark/normalized/FLUX-dev/real/A_photo_of_a_cat_in_black_and_white__The_person_ta.png,0.03320525959134102
FLUX-dev,2024,0,/shared/home/sarim.hashmi/usenix/benchmark/normalized/FLUX-dev/real/Emergency_vehicles_are_on_the_scene_of_the_acciden.png,0.035852447152137756
FLUX-dev,2024,0,/shared/home/sarim.hashmi/usenix/benchmark/normalized/FLUX-dev/real/A_foggy_day_shows_buildings_in_the_background_as_a.png,0.029102571308612823
FLUX-dev,2024,0,/shared/home/sarim.hashmi/usenix/benchmark/normalized/FLUX-dev/real/A_black_and_white_picture_of_a_stop_sign.png,0.029546521604061127
FLUX-dev,2024,0,/shared/home/sarim.hashmi/usenix/benchmark/normalized/FLUX-dev/real/a_pic_with_a_hydrant_outside_in_the_field.png,0.023136001080274582
FLUX-dev,2024,1,/shared/home/sarim.hashmi/usenix/benchmark/normalized/FLUX-dev/fake/Black_and_white_photograph_of_cars_parked_along_a.png,0.7632201910018921
FLUX-dev,2024,1,/shared/home/sarim.hashmi/usenix/benchmark/normalized/FLUX-dev/fake/This_is_an_open_box_containing_four_cucumbers.png,0.12566082179546356
FLUX-dev,2024,1,/shared/home/sarim.hashmi/usenix/benchmark/normalized/FLUX-dev/fake/A_wooden_swings_hangs_in_a_park_next_to_a_river.png,0.07708602398633957
FLUX-dev,2024,1,/shared/home/sarim.hashmi/usenix/benchmark/normalized/FLUX-dev/fake/A_green_street_sign_sitting_below_a_large_tree.png,0.1887432038784027
FLUX-dev,2024,1,/shared/home/sarim.hashmi/usenix/benchmark/normalized/FLUX-dev/fake/A_bunch_of_antelopes_are_seen_roaming_the_plains.png,0.4303660988807678
FLUX-dev,2024,1,/shared/home/sarim.hashmi/usenix/benchmark/normalized/FLUX-dev/fake/Cars_and_a_bus_driving_down_a_busy_road.png,0.06419055908918381
FLUX-dev,2024,1,/shared/home/sarim.hashmi/usenix/benchmark/normalized/FLUX-dev/fake/The_baseball_player_is_prominent_in_all_the_featur.png,0.1601308137178421
FLUX-dev,2024,1,/shared/home/sarim.hashmi/usenix/benchmark/normalized/FLUX-dev/fake/A_little_girl_is_making_a_huge_mess_with_a_birthda.png,0.37383154034614563
FLUX-dev,2024,1,/shared/home/sarim.hashmi/usenix/benchmark/normalized/FLUX-dev/fake/Three_sheep_standing_inside_a_fenced_in_area.png,0.23044177889823914
FLUX-dev,2024,1,/shared/home/sarim.hashmi/usenix/benchmark/normalized/FLUX-dev/fake/Black_and_white_photo_of_a_clocktower_and_a_bird.png,0.44433850049972534
FLUX-dev,2024,1,/shared/home/sarim.hashmi/usenix/benchmark/normalized/FLUX-dev/fake/A_white_plate_topped_with_meat__rice_and_veggies.png,0.03729211911559105
FLUX-dev,2024,1,/shared/home/sarim.hashmi/usenix/benchmark/normalized/FLUX-dev/fake/The_train_is_about_to_go_under_the_bridge.png,0.033430714160203934
FLUX-dev,2024,1,/shared/home/sarim.hashmi/usenix/benchmark/normalized/FLUX-dev/fake/A_charming_country_bathroom_includes_a_hotel_style.png,0.8579686880111694
FLUX-dev,2024,1,/shared/home/sarim.hashmi/usenix/benchmark/normalized/FLUX-dev/fake/The_person_is_walking_in_the_alley_alone.png,0.6915099620819092
FLUX-dev,2024,1,/shared/home/sarim.hashmi/usenix/benchmark/normalized/FLUX-dev/fake/A_trian_sitting_next_to_three_other_trains_near_a.png,0.4053279459476471
FLUX-dev,2024,1,/shared/home/sarim.hashmi/usenix/benchmark/normalized/FLUX-dev/fake/The_fire_hydrant_is_across_the_street_from_street.png,0.05574307218194008
FLUX-dev,2024,1,/shared/home/sarim.hashmi/usenix/benchmark/normalized/FLUX-dev/fake/A_bird_is_sitting_on_a_berry_bush.png,0.22964538633823395
FLUX-dev,2024,1,/shared/home/sarim.hashmi/usenix/benchmark/normalized/FLUX-dev/fake/A_man_standing_next_to_an_elephant_who_stole_his_h.png,0.9444983005523682
FLUX-dev,2024,1,/shared/home/sarim.hashmi/usenix/benchmark/normalized/FLUX-dev/fake/A_traffic_light_glows_red_on_a_cloudy_day.png,0.7502992749214172
FLUX-dev,2024,1,/shared/home/sarim.hashmi/usenix/benchmark/normalized/FLUX-dev/fake/A_red__grey_and_white_airplane_passes_overhead.png,0.056277282536029816
FLUX-dev,2024,1,/shared/home/sarim.hashmi/usenix/benchmark/normalized/FLUX-dev/fake/An_empty_bathroom_with_a_shower_next_to_a_toilet.png,0.7872879505157471
FLUX-dev,2024,1,/shared/home/sarim.hashmi/usenix/benchmark/normalized/FLUX-dev/fake/A_pair_of_men_wearing_waders_stand_in_shallow_wate.png,0.34100261330604553
FLUX-dev,2024,1,/shared/home/sarim.hashmi/usenix/benchmark/normalized/FLUX-dev/fake/A_black_and_white_photo_of_an_old_locomotive.png,0.7550528049468994
FLUX-dev,2024,1,/shared/home/sarim.hashmi/usenix/benchmark/normalized/FLUX-dev/fake/A_stoplight_on_a_busy_city_street_in_the_evening.png,0.3663872480392456
FLUX-dev,2024,1,/shared/home/sarim.hashmi/usenix/benchmark/normalized/FLUX-dev/fake/An_adult_giraffe_grazing_on_tree_leaves_in_a_grass.png,0.43113964796066284
FLUX-dev,2024,1,/shared/home/sarim.hashmi/usenix/benchmark/normalized/FLUX-dev/fake/A_man_sitting_on_top_of_a_bench_near_some_pigeons.png,0.8873138427734375
FLUX-dev,2024,1,/shared/home/sarim.hashmi/usenix/benchmark/normalized/FLUX-dev/fake/A_baby_giraffe_drinking_milk_from_it_s_parent.png,0.7895594239234924
FLUX-dev,2024,1,/shared/home/sarim.hashmi/usenix/benchmark/normalized/FLUX-dev/fake/Three_red_stoplights_against_the_background_of_a_s.png,0.5884592533111572
FLUX-dev,2024,1,/shared/home/sarim.hashmi/usenix/benchmark/normalized/FLUX-dev/fake/A_railroad_train_heading_toward_a_traffic_light_on.png,0.4674302637577057
FLUX-dev,2024,1,/shared/home/sarim.hashmi/usenix/benchmark/normalized/FLUX-dev/fake/There_is_a_man_picking_bananas_next_to_a_street.png,0.2441825121641159
FLUX-dev,2024,1,/shared/home/sarim.hashmi/usenix/benchmark/normalized/FLUX-dev/fake/A_small_sink_inside_of_a_very_clean_and_white_bath.png,0.8091691732406616
FLUX-dev,2024,1,/shared/home/sarim.hashmi/usenix/benchmark/normalized/FLUX-dev/fake/A_car_dashboard_with_a_group_of_brown_cows_waking.png,0.9655933976173401
FLUX-dev,2024,1,/shared/home/sarim.hashmi/usenix/benchmark/normalized/FLUX-dev/fake/A_red_and_green_walled_bathroom_with_a_toilet.png,0.7529762387275696
FLUX-dev,2024,1,/shared/home/sarim.hashmi/usenix/benchmark/normalized/FLUX-dev/fake/A_metal_sink_and_a_row_of_white_urinals.png,0.4635428488254547
FLUX-dev,2024,1,/shared/home/sarim.hashmi/usenix/benchmark/normalized/FLUX-dev/fake/A_young_boy_is_dressed_up_in_a_black_pinstriped_su.png,0.7215573787689209
FLUX-dev,2024,1,/shared/home/sarim.hashmi/usenix/benchmark/normalized/FLUX-dev/fake/This_is_an_image_of_a_sign_to_pay_here_to_park.png,0.239939346909523
FLUX-dev,2024,1,/shared/home/sarim.hashmi/usenix/benchmark/normalized/FLUX-dev/fake/A_sidewalk_next_to_a_brown_brick_building.png,0.06793007999658585
FLUX-dev,2024,1,/shared/home/sarim.hashmi/usenix/benchmark/normalized/FLUX-dev/fake/Commercial_jetliners_fly_over_an_amusement_park_wi.png,0.6363251209259033
FLUX-dev,2024,1,/shared/home/sarim.hashmi/usenix/benchmark/normalized/FLUX-dev/fake/A_couple_of_people_walking_down_a_sidewalk_with_st.png,0.16279256343841553
FLUX-dev,2024,1,/shared/home/sarim.hashmi/usenix/benchmark/normalized/FLUX-dev/fake/A_red_and_white_train_traveling_along_a_mountain_r.png,0.09860043972730637
FLUX-dev,2024,1,/shared/home/sarim.hashmi/usenix/benchmark/normalized/FLUX-dev/fake/A_dining_room_filled_with_lots_of_people.png,0.21115876734256744
FLUX-dev,2024,1,/shared/home/sarim.hashmi/usenix/benchmark/normalized/FLUX-dev/fake/Motorcyclists_are_gathered_around_their_bikes_at_a.png,0.08918981999158859
FLUX-dev,2024,1,/shared/home/sarim.hashmi/usenix/benchmark/normalized/FLUX-dev/fake/A_television_with_a_video_game_logo_sits_in_front.png,0.9467136263847351
FLUX-dev,2024,1,/shared/home/sarim.hashmi/usenix/benchmark/normalized/FLUX-dev/fake/An_airplane_flies_up_into_the_sky_with_the_wheel_o.png,0.6667903661727905
FLUX-dev,2024,1,/shared/home/sarim.hashmi/usenix/benchmark/normalized/FLUX-dev/fake/A_kitchen_filled_with_lots_of_clutter_and_a_table.png,0.10432092100381851
FLUX-dev,2024,1,/shared/home/sarim.hashmi/usenix/benchmark/normalized/FLUX-dev/fake/A_woman_is_holding_a_small_bunch_of_fruit.png,0.1338328719139099
FLUX-dev,2024,1,/shared/home/sarim.hashmi/usenix/benchmark/normalized/FLUX-dev/fake/The_train_is_passing_by_the_open_field.png,0.06775234639644623
FLUX-dev,2024,1,/shared/home/sarim.hashmi/usenix/benchmark/normalized/FLUX-dev/fake/A_traffic_light_with_a_misty_mountain_in_the_backd.png,0.15274055302143097
FLUX-dev,2024,1,/shared/home/sarim.hashmi/usenix/benchmark/normalized/FLUX-dev/fake/The_bathroom_is_multi_colored_containing_black__wh.png,0.7714806795120239
FLUX-dev,2024,1,/shared/home/sarim.hashmi/usenix/benchmark/normalized/FLUX-dev/fake/A_small_dog_wearing_a_pink_and_purple_dress.png,0.8902926445007324
FLUX-dev,2024,1,/shared/home/sarim.hashmi/usenix/benchmark/normalized/FLUX-dev/fake/A_sign_littered_with_stickers_on_a_pole_with_a_cro.png,0.8295164704322815
FLUX-dev,2024,1,/shared/home/sarim.hashmi/usenix/benchmark/normalized/FLUX-dev/fake/A_red_fire_hydrant_with_a_green_cap_with_a_bird_on.png,0.1764831840991974
FLUX-dev,2024,1,/shared/home/sarim.hashmi/usenix/benchmark/normalized/FLUX-dev/fake/There_is_a_red_fire_hydrant_partially_covered_in_a.png,0.16720519959926605
FLUX-dev,2024,1,/shared/home/sarim.hashmi/usenix/benchmark/normalized/FLUX-dev/fake/Men_sorting_through_a_toppled_over_train_car.png,0.6345523595809937
FLUX-dev,2024,1,/shared/home/sarim.hashmi/usenix/benchmark/normalized/FLUX-dev/fake/A_white_bus_sitting_on_top_of_a_grass_field.png,0.2785648703575134
FLUX-dev,2024,1,/shared/home/sarim.hashmi/usenix/benchmark/normalized/FLUX-dev/fake/A_kitchen_counter_filled_with_lots_of_dishes.png,0.4685647487640381
FLUX-dev,2024,1,/shared/home/sarim.hashmi/usenix/benchmark/normalized/FLUX-dev/fake/A_man_on_a_bench_staring_down_at_something_in_his.png,0.9785666465759277
FLUX-dev,2024,1,/shared/home/sarim.hashmi/usenix/benchmark/normalized/FLUX-dev/fake/A_green_traffic_light_shines_above_a_street_with_l.png,0.19648903608322144
FLUX-dev,2024,1,/shared/home/sarim.hashmi/usenix/benchmark/normalized/FLUX-dev/fake/two_people_standing_in_a_strong_snow_storm.png,0.9334270358085632
FLUX-dev,2024,1,/shared/home/sarim.hashmi/usenix/benchmark/normalized/FLUX-dev/fake/A_blue_and_yellow_colored_bird_perches_on_a_tree_b.png,0.767208456993103
FLUX-dev,2024,1,/shared/home/sarim.hashmi/usenix/benchmark/normalized/FLUX-dev/fake/A_large_blue_octopus_kite_flies_above_the_people_h.png,0.14467380940914154
FLUX-dev,2024,1,/shared/home/sarim.hashmi/usenix/benchmark/normalized/FLUX-dev/fake/A_row_of_park_benches_with_flower_beds_hanging_nex.png,0.18103647232055664
FLUX-dev,2024,1,/shared/home/sarim.hashmi/usenix/benchmark/normalized/FLUX-dev/fake/some_fog_traffic_lights_street_lights_and_building.png,0.7257972359657288
FLUX-dev,2024,1,/shared/home/sarim.hashmi/usenix/benchmark/normalized/FLUX-dev/fake/Several_sheep_are_in_a_grassy_field_with_trees.png,0.2718840539455414
FLUX-dev,2024,1,/shared/home/sarim.hashmi/usenix/benchmark/normalized/FLUX-dev/fake/A_sign_letting_tourist_know_where_to_file_elephant.png,0.10004454851150513
FLUX-dev,2024,1,/shared/home/sarim.hashmi/usenix/benchmark/normalized/FLUX-dev/fake/A_tropical_bird_hanging_upside_down_on_two_wires.png,0.26095321774482727
FLUX-dev,2024,1,/shared/home/sarim.hashmi/usenix/benchmark/normalized/FLUX-dev/fake/A_white_toilet_sitting_up_against_a_yellow_wall.png,0.3402322232723236
FLUX-dev,2024,1,/shared/home/sarim.hashmi/usenix/benchmark/normalized/FLUX-dev/fake/An_old_black_and_white_photo_of_two_men_in_suits.png,0.9596131443977356
FLUX-dev,2024,1,/shared/home/sarim.hashmi/usenix/benchmark/normalized/FLUX-dev/fake/A_park_with_many_trees_and_benches_at_night.png,0.039764322340488434
FLUX-dev,2024,1,/shared/home/sarim.hashmi/usenix/benchmark/normalized/FLUX-dev/fake/A_man_sits_on_a_bench_and_stares_into_the_distance.png,0.5804335474967957
FLUX-dev,2024,1,/shared/home/sarim.hashmi/usenix/benchmark/normalized/FLUX-dev/fake/A_bathroom_with_four_urinals_and_a_drain_on_the_fl.png,0.6596604585647583
FLUX-dev,2024,1,/shared/home/sarim.hashmi/usenix/benchmark/normalized/FLUX-dev/fake/A_stationary_train_with_the_door_wide_open.png,0.20712947845458984
FLUX-dev,2024,1,/shared/home/sarim.hashmi/usenix/benchmark/normalized/FLUX-dev/fake/A_man_on_a_motorcycle_going_down_the_street.png,0.27829045057296753
FLUX-dev,2024,1,/shared/home/sarim.hashmi/usenix/benchmark/normalized/FLUX-dev/fake/A_drawing_of_a_yellow_headphone_cord_and_an_ear_pi.png,0.7938367128372192
FLUX-dev,2024,1,/shared/home/sarim.hashmi/usenix/benchmark/normalized/FLUX-dev/fake/A_small_plane_is_taking_off_from_a_grassy_field.png,0.10166919976472855
FLUX-dev,2024,1,/shared/home/sarim.hashmi/usenix/benchmark/normalized/FLUX-dev/fake/A_giraffe_standing_in_a_lush_green_field.png,0.12625621259212494
FLUX-dev,2024,1,/shared/home/sarim.hashmi/usenix/benchmark/normalized/FLUX-dev/fake/A_man_walks_across_a_street_with_a_stop_sign_in_th.png,0.9642382860183716
FLUX-dev,2024,1,/shared/home/sarim.hashmi/usenix/benchmark/normalized/FLUX-dev/fake/The_rear_view_mirror_of_a_cityh_bus_driving_down_a.png,0.760685920715332
FLUX-dev,2024,1,/shared/home/sarim.hashmi/usenix/benchmark/normalized/FLUX-dev/fake/A_guy_on_a_motorcycle_riding_down_a_street_lined_w.png,0.633454442024231
FLUX-dev,2024,1,/shared/home/sarim.hashmi/usenix/benchmark/normalized/FLUX-dev/fake/a_giraffe_leaning_over_a_fence_to_eat_out_of_a_bow.png,0.4636914134025574
FLUX-dev,2024,1,/shared/home/sarim.hashmi/usenix/benchmark/normalized/FLUX-dev/fake/A_large_body_of_water_sitting_under_a_setting_sun.png,0.19415739178657532
FLUX-dev,2024,1,/shared/home/sarim.hashmi/usenix/benchmark/normalized/FLUX-dev/fake/A_white_demon_hovering_next_to_a_red_stop_sign_und.png,0.9248799085617065
FLUX-dev,2024,1,/shared/home/sarim.hashmi/usenix/benchmark/normalized/FLUX-dev/fake/Closeup_of_a_computer_dashboard_with_flashing_ligh.png,0.1575513333082199
FLUX-dev,2024,1,/shared/home/sarim.hashmi/usenix/benchmark/normalized/FLUX-dev/fake/A_kite_flying_above_in_a_crystal_clear_blue_sky.png,0.713350236415863
FLUX-dev,2024,1,/shared/home/sarim.hashmi/usenix/benchmark/normalized/FLUX-dev/fake/A_train_traveling_down_train_tracks_next_to_two_bu.png,0.07833797484636307
FLUX-dev,2024,1,/shared/home/sarim.hashmi/usenix/benchmark/normalized/FLUX-dev/fake/A_airplane_in_the_sky_with_a_bear_on_the_wing.png,0.2410222589969635
FLUX-dev,2024,1,/shared/home/sarim.hashmi/usenix/benchmark/normalized/FLUX-dev/fake/A_string_of_stoplights_is_going_across_the_street.png,0.06711934506893158
FLUX-dev,2024,1,/shared/home/sarim.hashmi/usenix/benchmark/normalized/FLUX-dev/fake/A_fire_hydrant_in_the_grass_near_the_curb_with_the.png,0.053846996277570724
FLUX-dev,2024,1,/shared/home/sarim.hashmi/usenix/benchmark/normalized/FLUX-dev/fake/A_blue_and_pink_fire_hydrant_spewing_out_water_ont.png,0.08290846645832062
FLUX-dev,2024,1,/shared/home/sarim.hashmi/usenix/benchmark/normalized/FLUX-dev/fake/A_green_and_yellow_train_sitting_under_a_metal_str.png,0.1529221087694168
FLUX-dev,2024,1,/shared/home/sarim.hashmi/usenix/benchmark/normalized/FLUX-dev/fake/Group_of_people_crossing_the_street_behind_trolly.png,0.37684035301208496
FLUX-dev,2024,1,/shared/home/sarim.hashmi/usenix/benchmark/normalized/FLUX-dev/fake/A_pile_of_different_fruits_sitting_next_to_each_ot.png,0.07032839953899384
FLUX-dev,2024,1,/shared/home/sarim.hashmi/usenix/benchmark/normalized/FLUX-dev/fake/a_close_up_of_a_dog_wearing_a_yellow_clone_hat.png,0.983153760433197
FLUX-dev,2024,1,/shared/home/sarim.hashmi/usenix/benchmark/normalized/FLUX-dev/fake/The_man_is_sitting_on_a_bench_and_is_looking_out_a.png,0.661409318447113
FLUX-dev,2024,1,/shared/home/sarim.hashmi/usenix/benchmark/normalized/FLUX-dev/fake/Someone_is_preparing_many_donuts_at_one_time.png,0.09601704031229019
FLUX-dev,2024,1,/shared/home/sarim.hashmi/usenix/benchmark/normalized/FLUX-dev/fake/a_sunset_over_the_water_with_birds_in_the_air.png,0.051850825548172
FLUX-dev,2024,1,/shared/home/sarim.hashmi/usenix/benchmark/normalized/FLUX-dev/fake/two_trains_parked_on_the_tracks_next_to_some_platf.png,0.11895193159580231
FLUX-dev,2024,1,/shared/home/sarim.hashmi/usenix/benchmark/normalized/FLUX-dev/fake/A_small_airplane_is_flying_against_the_blue_sky.png,0.13165675103664398
FLUX-dev,2024,1,/shared/home/sarim.hashmi/usenix/benchmark/normalized/FLUX-dev/fake/An_adult_and_baby_giraffe_walking_through_a_field.png,0.9415891170501709
FLUX-dev,2024,1,/shared/home/sarim.hashmi/usenix/benchmark/normalized/FLUX-dev/fake/Cute_multi_colored_kitten_sitting_in_woman_s_lap.png,0.8486873507499695
FLUX-LoRA,2024,0,/shared/home/sarim.hashmi/usenix/benchmark/normalized/FLUX-LoRA/real/A_small_yellow_bird_on_a_branch_of_a_tree.png,0.031473204493522644
FLUX-LoRA,2024,0,/shared/home/sarim.hashmi/usenix/benchmark/normalized/FLUX-LoRA/real/A_road_sign_warning_of_Resident_Permit_Parking_Onl.png,0.17597076296806335
FLUX-LoRA,2024,0,/shared/home/sarim.hashmi/usenix/benchmark/normalized/FLUX-LoRA/real/The_man_is_sitting_on_a_bench_and_is_looking_out_a.png,0.11156754195690155
FLUX-LoRA,2024,0,/shared/home/sarim.hashmi/usenix/benchmark/normalized/FLUX-LoRA/real/A_bath_tub_sitting_next_to_a_sink_in_a_bathroom.png,0.05472938343882561
FLUX-LoRA,2024,0,/shared/home/sarim.hashmi/usenix/benchmark/normalized/FLUX-LoRA/real/A_boat_and_a_duck_is_in_the_water.png,0.018574707210063934
FLUX-LoRA,2024,0,/shared/home/sarim.hashmi/usenix/benchmark/normalized/FLUX-LoRA/real/A_light_brown_bird_perched_on_a_cup_someone_is_hol.png,0.08346685022115707
FLUX-LoRA,2024,0,/shared/home/sarim.hashmi/usenix/benchmark/normalized/FLUX-LoRA/real/A_giraffe_walking_across_a_lush_green_field.png,0.1608581691980362
FLUX-LoRA,2024,0,/shared/home/sarim.hashmi/usenix/benchmark/normalized/FLUX-LoRA/real/A_picture_of_people_watching_TV_in_the_living_room.png,0.03712122142314911
FLUX-LoRA,2024,0,/shared/home/sarim.hashmi/usenix/benchmark/normalized/FLUX-LoRA/real/Black_and_white_photograph_of_person_with_birds.png,0.037754759192466736
FLUX-LoRA,2024,0,/shared/home/sarim.hashmi/usenix/benchmark/normalized/FLUX-LoRA/real/A_green_street_sign_sitting_below_a_large_tree.png,0.03588927164673805
FLUX-LoRA,2024,0,/shared/home/sarim.hashmi/usenix/benchmark/normalized/FLUX-LoRA/real/A_man_and_a_woman_standing_next_to_a_motor_cycle.png,0.025224188342690468
FLUX-LoRA,2024,0,/shared/home/sarim.hashmi/usenix/benchmark/normalized/FLUX-LoRA/real/An_empty_intersection_of_a_colorful_urban_area.png,0.032501012086868286
FLUX-LoRA,2024,0,/shared/home/sarim.hashmi/usenix/benchmark/normalized/FLUX-LoRA/real/A_view_of_a_bunch_of_toys_hanging_on_a_net.png,0.09878402948379517
FLUX-LoRA,2024,0,/shared/home/sarim.hashmi/usenix/benchmark/normalized/FLUX-LoRA/real/A_night_time_image_of_a_very_wide_and_crowded_city.png,0.02394970878958702
FLUX-LoRA,2024,0,/shared/home/sarim.hashmi/usenix/benchmark/normalized/FLUX-LoRA/real/A_small_airplane_flying_through_a_blue_sky.png,0.06532961130142212
FLUX-LoRA,2024,0,/shared/home/sarim.hashmi/usenix/benchmark/normalized/FLUX-LoRA/real/A_train_traveling_down_tracks_next_to_a__building.png,0.02098645456135273
FLUX-LoRA,2024,0,/shared/home/sarim.hashmi/usenix/benchmark/normalized/FLUX-LoRA/real/A_tower_towering_above_a_small_city_under_a_blue_s.png,0.017451731488108635
FLUX-LoRA,2024,0,/shared/home/sarim.hashmi/usenix/benchmark/normalized/FLUX-LoRA/real/A_man_standing_next_to_a_train_going_through_grand.png,0.020801108330488205
FLUX-LoRA,2024,0,/shared/home/sarim.hashmi/usenix/benchmark/normalized/FLUX-LoRA/real/A_rain_soaked_pigeon_sitting_on_a_fence.png,0.039849311113357544
FLUX-LoRA,2024,0,/shared/home/sarim.hashmi/usenix/benchmark/normalized/FLUX-LoRA/real/Several_buses_stopped_on_a_night_time_street.png,0.020685488358139992
FLUX-LoRA,2024,0,/shared/home/sarim.hashmi/usenix/benchmark/normalized/FLUX-LoRA/real/A_train_that_is_going_by_some_grass.png,0.03326159343123436
FLUX-LoRA,2024,0,/shared/home/sarim.hashmi/usenix/benchmark/normalized/FLUX-LoRA/real/A_man_playing_chess_as_a_cat_watches_in_the_other.png,0.098624587059021
FLUX-LoRA,2024,0,/shared/home/sarim.hashmi/usenix/benchmark/normalized/FLUX-LoRA/real/A_man_walking_while_holding_an_umbrella_on_a_wet_s.png,0.03807052597403526
FLUX-LoRA,2024,0,/shared/home/sarim.hashmi/usenix/benchmark/normalized/FLUX-LoRA/real/Closeup_of_a_computer_dashboard_with_flashing_ligh.png,0.05531414598226547
FLUX-LoRA,2024,0,/shared/home/sarim.hashmi/usenix/benchmark/normalized/FLUX-LoRA/real/A_series_of_photos_showing_different_restroom_item.png,0.06664329767227173
FLUX-LoRA,2024,0,/shared/home/sarim.hashmi/usenix/benchmark/normalized/FLUX-LoRA/real/A_kitchen_filled_with_lots_of_clutter_and_a_table.png,0.03160597383975983
FLUX-LoRA,2024,0,/shared/home/sarim.hashmi/usenix/benchmark/normalized/FLUX-LoRA/real/a_white_sink_and_cabinet_in_a_home_bathroom.png,0.04435732215642929
FLUX-LoRA,2024,0,/shared/home/sarim.hashmi/usenix/benchmark/normalized/FLUX-LoRA/real/A_group_of_motorcycle_riders_racing_down_a_track.png,0.091725192964077
FLUX-LoRA,2024,0,/shared/home/sarim.hashmi/usenix/benchmark/normalized/FLUX-LoRA/real/A_girl_is_dancing_in_the_bathroom_to_music_on_her.png,0.027162451297044754
FLUX-LoRA,2024,0,/shared/home/sarim.hashmi/usenix/benchmark/normalized/FLUX-LoRA/real/A_charming_country_bathroom_includes_a_hotel_style.png,0.030433019623160362
FLUX-LoRA,2024,0,/shared/home/sarim.hashmi/usenix/benchmark/normalized/FLUX-LoRA/real/Half_of_a_white_cake_with_coconuts_on_top.png,0.06051057577133179
FLUX-LoRA,2024,0,/shared/home/sarim.hashmi/usenix/benchmark/normalized/FLUX-LoRA/real/A_fire_hydrant_is_painted_to_look_like_a_dalmation.png,0.0280485637485981
FLUX-LoRA,2024,0,/shared/home/sarim.hashmi/usenix/benchmark/normalized/FLUX-LoRA/real/A_man_in_a_dress_and_two_men_in_pants_with_a_bus.png,0.03342154249548912
FLUX-LoRA,2024,0,/shared/home/sarim.hashmi/usenix/benchmark/normalized/FLUX-LoRA/real/a_close_up_of_a_toilet_with_tiled_walls.png,0.02783982828259468
FLUX-LoRA,2024,0,/shared/home/sarim.hashmi/usenix/benchmark/normalized/FLUX-LoRA/real/Red_street_lights_on_an_empty_intersection_with_no.png,0.055027976632118225
FLUX-LoRA,2024,0,/shared/home/sarim.hashmi/usenix/benchmark/normalized/FLUX-LoRA/real/A_traffic_light_sitting_in_the_middle_of_a_flooded.png,0.17034611105918884
FLUX-LoRA,2024,0,/shared/home/sarim.hashmi/usenix/benchmark/normalized/FLUX-LoRA/real/THERE_IS_A_WALL_WITH_FLOWERS_ON_IT_AND_A_BIRD.png,0.02528495527803898
FLUX-LoRA,2024,0,/shared/home/sarim.hashmi/usenix/benchmark/normalized/FLUX-LoRA/real/Black_and_white_photograph_of_cars_parked_along_a.png,0.06447622925043106
FLUX-LoRA,2024,0,/shared/home/sarim.hashmi/usenix/benchmark/normalized/FLUX-LoRA/real/A_duck_floating_on_a_lake_with_gray_and_black_feat.png,0.02480820193886757
FLUX-LoRA,2024,0,/shared/home/sarim.hashmi/usenix/benchmark/normalized/FLUX-LoRA/real/a_cat_lays_down_next_to_a_glass_with_a_straw_in_it.png,0.020973628386855125
FLUX-LoRA,2024,0,/shared/home/sarim.hashmi/usenix/benchmark/normalized/FLUX-LoRA/real/A_giraffe_stands_with_several_birds_resting_on_it.png,0.04403229430317879
FLUX-LoRA,2024,0,/shared/home/sarim.hashmi/usenix/benchmark/normalized/FLUX-LoRA/real/People_fly_kites_and_try_other_activities_in_a_par.png,0.023938482627272606
FLUX-LoRA,2024,0,/shared/home/sarim.hashmi/usenix/benchmark/normalized/FLUX-LoRA/real/A_small_dog_wearing_a_pink_and_purple_dress.png,0.03304603323340416
FLUX-LoRA,2024,0,/shared/home/sarim.hashmi/usenix/benchmark/normalized/FLUX-LoRA/real/A_kite_flying_above_in_a_crystal_clear_blue_sky.png,0.03043333627283573
FLUX-LoRA,2024,0,/shared/home/sarim.hashmi/usenix/benchmark/normalized/FLUX-LoRA/real/Heavy_snow_covers_a_picnic_bench_next_to_a_tree.png,0.021278658881783485
FLUX-LoRA,2024,0,/shared/home/sarim.hashmi/usenix/benchmark/normalized/FLUX-LoRA/real/A_white_and_blue_bird_is_perched_on_a_tree_branch.png,0.018072564154863358
FLUX-LoRA,2024,0,/shared/home/sarim.hashmi/usenix/benchmark/normalized/FLUX-LoRA/real/Street_signs_are_affixed_to_a_utility_pole.png,0.01693752594292164
FLUX-LoRA,2024,0,/shared/home/sarim.hashmi/usenix/benchmark/normalized/FLUX-LoRA/real/A_tiled_bathroom_altered_to_suit_the_needs_of_the.png,0.03893163800239563
FLUX-LoRA,2024,0,/shared/home/sarim.hashmi/usenix/benchmark/normalized/FLUX-LoRA/real/A_white_demon_hovering_next_to_a_red_stop_sign_und.png,0.06426481902599335
FLUX-LoRA,2024,0,/shared/home/sarim.hashmi/usenix/benchmark/normalized/FLUX-LoRA/real/A_large_building_with_two_white_towers_with_a_crow.png,0.11298847943544388
FLUX-LoRA,2024,0,/shared/home/sarim.hashmi/usenix/benchmark/normalized/FLUX-LoRA/real/A_bridge_filled_with_blue_and_white_buses.png,0.01482626423239708
FLUX-LoRA,2024,0,/shared/home/sarim.hashmi/usenix/benchmark/normalized/FLUX-LoRA/real/This_is_the_inside_of_someone_s_deejay_station.png,0.06324394047260284
FLUX-LoRA,2024,0,/shared/home/sarim.hashmi/usenix/benchmark/normalized/FLUX-LoRA/real/A_fire_hydrant_that_is_in_the_grass.png,0.05722794681787491
FLUX-LoRA,2024,0,/shared/home/sarim.hashmi/usenix/benchmark/normalized/FLUX-LoRA/real/A_little_girl_holding_a_kitten_next_to_a_blue_fenc.png,0.024933354929089546
FLUX-LoRA,2024,0,/shared/home/sarim.hashmi/usenix/benchmark/normalized/FLUX-LoRA/real/A_girl_and_boy_sitting_at_a_wooden_table_with_the.png,0.04929559677839279
FLUX-LoRA,2024,0,/shared/home/sarim.hashmi/usenix/benchmark/normalized/FLUX-LoRA/real/A_man_yelling_to_the_driver_of_a_truck.png,0.0751875713467598
FLUX-LoRA,2024,0,/shared/home/sarim.hashmi/usenix/benchmark/normalized/FLUX-LoRA/real/A_dog_approaches_two_sheep_in_front_of_onlookers.png,0.019780617207288742
FLUX-LoRA,2024,0,/shared/home/sarim.hashmi/usenix/benchmark/normalized/FLUX-LoRA/real/A_little_girl_is_making_a_huge_mess_with_a_birthda.png,0.0549900196492672
FLUX-LoRA,2024,0,/shared/home/sarim.hashmi/usenix/benchmark/normalized/FLUX-LoRA/real/A_basket_filled_with_ripe_bananas_on_top_of_a_tabl.png,0.03755110129714012
FLUX-LoRA,2024,0,/shared/home/sarim.hashmi/usenix/benchmark/normalized/FLUX-LoRA/real/Commercial_jetliners_fly_over_an_amusement_park_wi.png,0.02081005647778511
FLUX-LoRA,2024,0,/shared/home/sarim.hashmi/usenix/benchmark/normalized/FLUX-LoRA/real/A_traffic_light_on_a_table_with_a_checkered_cloth.png,0.060409486293792725
FLUX-LoRA,2024,0,/shared/home/sarim.hashmi/usenix/benchmark/normalized/FLUX-LoRA/real/A_child_with_a_helmet_on_a_motor_bike.png,0.026884471997618675
FLUX-LoRA,2024,0,/shared/home/sarim.hashmi/usenix/benchmark/normalized/FLUX-LoRA/real/A_kitchen_with_a_white_tile_wall_and_a_chrome_coun.png,0.02271462231874466
FLUX-LoRA,2024,0,/shared/home/sarim.hashmi/usenix/benchmark/normalized/FLUX-LoRA/real/A_bird_perched_on_top_of_a_leaf_filled_tree.png,0.022363457828760147
FLUX-LoRA,2024,0,/shared/home/sarim.hashmi/usenix/benchmark/normalized/FLUX-LoRA/real/A_bird_soaring_over_a_lush_green_park.png,0.028454529121518135
FLUX-LoRA,2024,0,/shared/home/sarim.hashmi/usenix/benchmark/normalized/FLUX-LoRA/real/a_sunset_over_the_water_with_birds_in_the_air.png,0.026212124153971672
FLUX-LoRA,2024,0,/shared/home/sarim.hashmi/usenix/benchmark/normalized/FLUX-LoRA/real/A_large_water_goblet_half_filled_with_a_liquid.png,0.08050675690174103
FLUX-LoRA,2024,0,/shared/home/sarim.hashmi/usenix/benchmark/normalized/FLUX-LoRA/real/City_neon_signs_at_dusk_with_a_lot_of_those_signs.png,0.026317546144127846
FLUX-LoRA,2024,0,/shared/home/sarim.hashmi/usenix/benchmark/normalized/FLUX-LoRA/real/This_kitchen_has_a_blue_sink_with_many_plants_hang.png,0.024363821372389793
FLUX-LoRA,2024,0,/shared/home/sarim.hashmi/usenix/benchmark/normalized/FLUX-LoRA/real/A_young_girl_walking_through_a_flower_garden.png,0.03314891457557678
FLUX-LoRA,2024,0,/shared/home/sarim.hashmi/usenix/benchmark/normalized/FLUX-LoRA/real/Small_bird_sitting_on_a_skateboard_posed_in_front.png,0.16073763370513916
FLUX-LoRA,2024,0,/shared/home/sarim.hashmi/usenix/benchmark/normalized/FLUX-LoRA/real/two_trains_parked_on_the_tracks_next_to_some_platf.png,0.035124585032463074
FLUX-LoRA,2024,0,/shared/home/sarim.hashmi/usenix/benchmark/normalized/FLUX-LoRA/real/A_bunch_of_antelopes_are_seen_roaming_the_plains.png,0.04181516543030739
FLUX-LoRA,2024,0,/shared/home/sarim.hashmi/usenix/benchmark/normalized/FLUX-LoRA/real/A_baby_giraffe_drinking_milk_from_it_s_parent.png,0.03450411185622215
FLUX-LoRA,2024,0,/shared/home/sarim.hashmi/usenix/benchmark/normalized/FLUX-LoRA/real/A_vase_filled_with_flowers_sitting_on_top_of_a_win.png,0.025861896574497223
FLUX-LoRA,2024,0,/shared/home/sarim.hashmi/usenix/benchmark/normalized/FLUX-LoRA/real/A_large_older_man_sitting_on_a_wooden_bench_in_a_p.png,0.04356211796402931
FLUX-LoRA,2024,0,/shared/home/sarim.hashmi/usenix/benchmark/normalized/FLUX-LoRA/real/A_ski_resort_that_has_a_couple_people_outside.png,0.025692623108625412
FLUX-LoRA,2024,0,/shared/home/sarim.hashmi/usenix/benchmark/normalized/FLUX-LoRA/real/A_small_blue_plane_sitting_on_top_of_a_field.png,0.022411249577999115
FLUX-LoRA,2024,0,/shared/home/sarim.hashmi/usenix/benchmark/normalized/FLUX-LoRA/real/A_red_stop_sign_sitting_next_to_country_road.png,0.029418937861919403
FLUX-LoRA,2024,0,/shared/home/sarim.hashmi/usenix/benchmark/normalized/FLUX-LoRA/real/A_man_sitting_on_top_of_a_bench_near_some_pigeons.png,0.04013886675238609
FLUX-LoRA,2024,0,/shared/home/sarim.hashmi/usenix/benchmark/normalized/FLUX-LoRA/real/Woodpeckers_on_the_side_of_trees_during_the_day.png,0.03093014657497406
FLUX-LoRA,2024,0,/shared/home/sarim.hashmi/usenix/benchmark/normalized/FLUX-LoRA/real/A_bird_sitting_on_top__of_an_orange_slice.png,0.029334204271435738
FLUX-LoRA,2024,0,/shared/home/sarim.hashmi/usenix/benchmark/normalized/FLUX-LoRA/real/A_group_of_people_fishing_next_to_a_railroad_bridg.png,0.030914688482880592
FLUX-LoRA,2024,0,/shared/home/sarim.hashmi/usenix/benchmark/normalized/FLUX-LoRA/real/A_small_bird_picking_at_pebbles_on_a_beach.png,0.02588912472128868
FLUX-LoRA,2024,0,/shared/home/sarim.hashmi/usenix/benchmark/normalized/FLUX-LoRA/real/A_cat_is_sitting_outdoors_near_a_park_bench.png,0.07140077650547028
FLUX-LoRA,2024,0,/shared/home/sarim.hashmi/usenix/benchmark/normalized/FLUX-LoRA/real/A_black_and_white_image_of_a_plane_flying_over_tre.png,0.02473496086895466
FLUX-LoRA,2024,0,/shared/home/sarim.hashmi/usenix/benchmark/normalized/FLUX-LoRA/real/A_picture_of_a_giraffe_drinking_some_water.png,0.027412088587880135
FLUX-LoRA,2024,0,/shared/home/sarim.hashmi/usenix/benchmark/normalized/FLUX-LoRA/real/There_is_a_bowl_of_fresh_fruit_on_the_table.png,0.02184547483921051
FLUX-LoRA,2024,0,/shared/home/sarim.hashmi/usenix/benchmark/normalized/FLUX-LoRA/real/A_black_and_white_photograph_of_men_on_bicycles_in.png,0.030184198170900345
FLUX-LoRA,2024,0,/shared/home/sarim.hashmi/usenix/benchmark/normalized/FLUX-LoRA/real/A_very_cute_goat_standing_in_some_very_tall_grass.png,0.033802926540374756
FLUX-LoRA,2024,0,/shared/home/sarim.hashmi/usenix/benchmark/normalized/FLUX-LoRA/real/A_yellow_bench_sitting_in_a_field_next_to_trees_an.png,0.04268734157085419
FLUX-LoRA,2024,0,/shared/home/sarim.hashmi/usenix/benchmark/normalized/FLUX-LoRA/real/Black_and_white_photo_of_a_trolley_car.png,0.021629465743899345
FLUX-LoRA,2024,0,/shared/home/sarim.hashmi/usenix/benchmark/normalized/FLUX-LoRA/real/This_is_an_open_box_containing_four_cucumbers.png,0.026909468695521355
FLUX-LoRA,2024,0,/shared/home/sarim.hashmi/usenix/benchmark/normalized/FLUX-LoRA/real/A_couple_of_people_standing_in_a_large_kitchen.png,0.03647351637482643
FLUX-LoRA,2024,0,/shared/home/sarim.hashmi/usenix/benchmark/normalized/FLUX-LoRA/real/A_couple_of_men_standing_next_to_each_other_at_a_r.png,0.055397629737854004
FLUX-LoRA,2024,0,/shared/home/sarim.hashmi/usenix/benchmark/normalized/FLUX-LoRA/real/A_trashcan_has_been_knocked_over_in_a_kitchen.png,0.04932180419564247
FLUX-LoRA,2024,0,/shared/home/sarim.hashmi/usenix/benchmark/normalized/FLUX-LoRA/real/A_lot_of_people_that_have_some_animals.png,0.03358721360564232
FLUX-LoRA,2024,0,/shared/home/sarim.hashmi/usenix/benchmark/normalized/FLUX-LoRA/real/A_blue_and_pink_fire_hydrant_spewing_out_water_ont.png,0.02612428180873394
FLUX-LoRA,2024,0,/shared/home/sarim.hashmi/usenix/benchmark/normalized/FLUX-LoRA/real/A_group_of_men_riding_motorcycle_down_a_country_ro.png,0.04597476124763489
FLUX-LoRA,2024,0,/shared/home/sarim.hashmi/usenix/benchmark/normalized/FLUX-LoRA/real/A_cat_sleeping_on_the_car_made_of_metal.png,0.05172457918524742
FLUX-LoRA,2024,1,/shared/home/sarim.hashmi/usenix/benchmark/normalized/FLUX-LoRA/fake/A_train_traveling_through_a_tree_filled_countrysid.png,0.02228963002562523
FLUX-LoRA,2024,1,/shared/home/sarim.hashmi/usenix/benchmark/normalized/FLUX-LoRA/fake/That_aircraft_is_for_display_not_for_riding.png,0.08142059296369553
FLUX-LoRA,2024,1,/shared/home/sarim.hashmi/usenix/benchmark/normalized/FLUX-LoRA/fake/A_power_line_with_lots_of_different_components.png,0.016870005056262016
FLUX-LoRA,2024,1,/shared/home/sarim.hashmi/usenix/benchmark/normalized/FLUX-LoRA/fake/A_white_toilet_sitting_in_a_bathroom_under_a_white.png,0.8261613845825195
FLUX-LoRA,2024,1,/shared/home/sarim.hashmi/usenix/benchmark/normalized/FLUX-LoRA/fake/A_white_demon_hovering_next_to_a_red_stop_sign_und.png,0.8031843900680542
FLUX-LoRA,2024,1,/shared/home/sarim.hashmi/usenix/benchmark/normalized/FLUX-LoRA/fake/The_light_shines_above_the_pan_rack_on_the_kitchen.png,0.06390449404716492
FLUX-LoRA,2024,1,/shared/home/sarim.hashmi/usenix/benchmark/normalized/FLUX-LoRA/fake/A_woman_is_kneeling_down_next_to_a_toilet.png,0.48936644196510315
FLUX-LoRA,2024,1,/shared/home/sarim.hashmi/usenix/benchmark/normalized/FLUX-LoRA/fake/A_giraffe_with_its_teeth_on_a_fence.png,0.5283451080322266
FLUX-LoRA,2024,1,/shared/home/sarim.hashmi/usenix/benchmark/normalized/FLUX-LoRA/fake/The_bench_is_empty_at_night_in_the_park.png,0.055684447288513184
FLUX-LoRA,2024,1,/shared/home/sarim.hashmi/usenix/benchmark/normalized/FLUX-LoRA/fake/A_television_with_a_video_game_logo_sits_in_front.png,0.9861106872558594
FLUX-LoRA,2024,1,/shared/home/sarim.hashmi/usenix/benchmark/normalized/FLUX-LoRA/fake/A_park_with_many_trees_and_benches_at_night.png,0.025078434497117996
FLUX-LoRA,2024,1,/shared/home/sarim.hashmi/usenix/benchmark/normalized/FLUX-LoRA/fake/A_row_of_park_benches_with_flower_beds_hanging_nex.png,0.05815618485212326
FLUX-LoRA,2024,1,/shared/home/sarim.hashmi/usenix/benchmark/normalized/FLUX-LoRA/fake/a_group_of_people_on_motorcycles_drive_down_the_ro.png,0.046690188348293304
FLUX-LoRA,2024,1,/shared/home/sarim.hashmi/usenix/benchmark/normalized/FLUX-LoRA/fake/A_red_train_car_parked_in_front_of_a_red_brick_bui.png,0.04461492970585823
FLUX-LoRA,2024,1,/shared/home/sarim.hashmi/usenix/benchmark/normalized/FLUX-LoRA/fake/A_little_girl_in_a_public_bathroom_for_kids.png,0.33674997091293335
FLUX-LoRA,2024,1,/shared/home/sarim.hashmi/usenix/benchmark/normalized/FLUX-LoRA/fake/Two_bathroom_sinks_under_two_mirrors_next_to_paper.png,0.14221855998039246
FLUX-LoRA,2024,1,/shared/home/sarim.hashmi/usenix/benchmark/normalized/FLUX-LoRA/fake/A_white_and_blue_bird_is_perched_on_a_tree_branch.png,0.31076791882514954
FLUX-LoRA,2024,1,/shared/home/sarim.hashmi/usenix/benchmark/normalized/FLUX-LoRA/fake/A_red__grey_and_white_airplane_passes_overhead.png,0.36518049240112305
FLUX-LoRA,2024,1,/shared/home/sarim.hashmi/usenix/benchmark/normalized/FLUX-LoRA/fake/A_man_and_a_woman_standing_next_to_a_motor_cycle.png,0.1687164604663849
FLUX-LoRA,2024,1,/shared/home/sarim.hashmi/usenix/benchmark/normalized/FLUX-LoRA/fake/A_tropical_bird_hanging_upside_down_on_two_wires.png,0.15702596306800842
FLUX-LoRA,2024,1,/shared/home/sarim.hashmi/usenix/benchmark/normalized/FLUX-LoRA/fake/A_woman_is_seen_in_the_mirror_drying_her_hair.png,0.5195498466491699
FLUX-LoRA,2024,1,/shared/home/sarim.hashmi/usenix/benchmark/normalized/FLUX-LoRA/fake/A_bird_with_red_eyes_perched_on_top_of_a_tree_bran.png,0.06768140941858292
FLUX-LoRA,2024,1,/shared/home/sarim.hashmi/usenix/benchmark/normalized/FLUX-LoRA/fake/A_white_toilet_sitting_up_against_a_yellow_wall.png,0.10358558595180511
FLUX-LoRA,2024,1,/shared/home/sarim.hashmi/usenix/benchmark/normalized/FLUX-LoRA/fake/People_fly_kites_and_try_other_activities_in_a_par.png,0.41288232803344727
FLUX-LoRA,2024,1,/shared/home/sarim.hashmi/usenix/benchmark/normalized/FLUX-LoRA/fake/A_boy_playing_a_multicolored_piano_on_the_street.png,0.06513593345880508
FLUX-LoRA,2024,1,/shared/home/sarim.hashmi/usenix/benchmark/normalized/FLUX-LoRA/fake/THERE_IS_A_WALL_WITH_FLOWERS_ON_IT_AND_A_BIRD.png,0.028648486360907555
FLUX-LoRA,2024,1,/shared/home/sarim.hashmi/usenix/benchmark/normalized/FLUX-LoRA/fake/A_giraffe_cranes_its_head_to_look_over_a_canopy.png,0.08083181083202362
FLUX-LoRA,2024,1,/shared/home/sarim.hashmi/usenix/benchmark/normalized/FLUX-LoRA/fake/A_wooden_ball_on_top_of_a_wooden_stick.png,0.06302696466445923
FLUX-LoRA,2024,1,/shared/home/sarim.hashmi/usenix/benchmark/normalized/FLUX-LoRA/fake/A_giraffe_standing_in_a_lush_green_field.png,0.20998835563659668
FLUX-LoRA,2024,1,/shared/home/sarim.hashmi/usenix/benchmark/normalized/FLUX-LoRA/fake/A_happy_man_roller_skiing_in_the_mist.png,0.06892260164022446
FLUX-LoRA,2024,1,/shared/home/sarim.hashmi/usenix/benchmark/normalized/FLUX-LoRA/fake/An_empty_bathroom_with_a_shower_next_to_a_toilet.png,0.7963839769363403
FLUX-LoRA,2024,1,/shared/home/sarim.hashmi/usenix/benchmark/normalized/FLUX-LoRA/fake/A_black_bird_landing_on_the_leaves_in_the_water.png,0.1709246188402176
FLUX-LoRA,2024,1,/shared/home/sarim.hashmi/usenix/benchmark/normalized/FLUX-LoRA/fake/A_couple_of_street_signs_sitting_on_top_of_a_metal.png,0.06523756682872772
FLUX-LoRA,2024,1,/shared/home/sarim.hashmi/usenix/benchmark/normalized/FLUX-LoRA/fake/A_green_7th_street_sign_hanging_from_a_wooden_pole.png,0.5562245845794678
FLUX-LoRA,2024,1,/shared/home/sarim.hashmi/usenix/benchmark/normalized/FLUX-LoRA/fake/A_danish_dessert_with_frosting_that_is_partially_e.png,0.07399162650108337
FLUX-LoRA,2024,1,/shared/home/sarim.hashmi/usenix/benchmark/normalized/FLUX-LoRA/fake/A_train_traveling_down_a_track_past_another_train.png,0.06633533537387848
FLUX-LoRA,2024,1,/shared/home/sarim.hashmi/usenix/benchmark/normalized/FLUX-LoRA/fake/A_black_and_white_picture_of_a_stop_sign.png,0.0880415216088295
FLUX-LoRA,2024,1,/shared/home/sarim.hashmi/usenix/benchmark/normalized/FLUX-LoRA/fake/a_black_and_white_sign_some_trees_fence_and_buildi.png,0.05877900868654251
FLUX-LoRA,2024,1,/shared/home/sarim.hashmi/usenix/benchmark/normalized/FLUX-LoRA/fake/A_German_language_street_directional_sign_that_rea.png,0.07046975940465927
FLUX-LoRA,2024,1,/shared/home/sarim.hashmi/usenix/benchmark/normalized/FLUX-LoRA/fake/A_plane_flies_high_in_the_middle_of_a_dark_sky.png,0.49432173371315
FLUX-LoRA,2024,1,/shared/home/sarim.hashmi/usenix/benchmark/normalized/FLUX-LoRA/fake/a_white_and_black_sea_bird_standing_in_very_shallo.png,0.03940989077091217
FLUX-LoRA,2024,1,/shared/home/sarim.hashmi/usenix/benchmark/normalized/FLUX-LoRA/fake/Black_and_white_photo_of_people_looking_at_animals.png,0.8355332016944885
FLUX-LoRA,2024,1,/shared/home/sarim.hashmi/usenix/benchmark/normalized/FLUX-LoRA/fake/A_white_church_sitting_at_the_bottom_of_a_hillside.png,0.04252338409423828
FLUX-LoRA,2024,1,/shared/home/sarim.hashmi/usenix/benchmark/normalized/FLUX-LoRA/fake/A_ski_resort_that_has_a_couple_people_outside.png,0.02705366350710392
FLUX-LoRA,2024,1,/shared/home/sarim.hashmi/usenix/benchmark/normalized/FLUX-LoRA/fake/A_large_water_goblet_half_filled_with_a_liquid.png,0.2793644070625305
FLUX-LoRA,2024,1,/shared/home/sarim.hashmi/usenix/benchmark/normalized/FLUX-LoRA/fake/A_bell_pepper_sitting_on_top_of_a_blue_cutting_boa.png,0.8032286167144775
FLUX-LoRA,2024,1,/shared/home/sarim.hashmi/usenix/benchmark/normalized/FLUX-LoRA/fake/A_girl_is_dancing_in_the_bathroom_to_music_on_her.png,0.11337202042341232
FLUX-LoRA,2024,1,/shared/home/sarim.hashmi/usenix/benchmark/normalized/FLUX-LoRA/fake/A_large_street_direction_sign_in_Tokyo_Japan.png,0.2008577287197113
FLUX-LoRA,2024,1,/shared/home/sarim.hashmi/usenix/benchmark/normalized/FLUX-LoRA/fake/Commercial_jet_airplane_flying_in_clear_blue_skies.png,0.68523108959198
FLUX-LoRA,2024,1,/shared/home/sarim.hashmi/usenix/benchmark/normalized/FLUX-LoRA/fake/A_large_building_with_two_white_towers_with_a_crow.png,0.6546118855476379
FLUX-LoRA,2024,1,/shared/home/sarim.hashmi/usenix/benchmark/normalized/FLUX-LoRA/fake/Closeup_of_a_computer_dashboard_with_flashing_ligh.png,0.04613738879561424
FLUX-LoRA,2024,1,/shared/home/sarim.hashmi/usenix/benchmark/normalized/FLUX-LoRA/fake/A_series_of_photos_showing_different_restroom_item.png,0.9903725385665894
FLUX-LoRA,2024,1,/shared/home/sarim.hashmi/usenix/benchmark/normalized/FLUX-LoRA/fake/A_black_and_white_photograph_of_a_plane_with_many.png,0.12697072327136993
FLUX-LoRA,2024,1,/shared/home/sarim.hashmi/usenix/benchmark/normalized/FLUX-LoRA/fake/Black_and_white_photo_of_a_trolley_car.png,0.9911512732505798
FLUX-LoRA,2024,1,/shared/home/sarim.hashmi/usenix/benchmark/normalized/FLUX-LoRA/fake/A_goat_in_a_field_with_a_dog_running_beside_it.png,0.16463401913642883
FLUX-LoRA,2024,1,/shared/home/sarim.hashmi/usenix/benchmark/normalized/FLUX-LoRA/fake/a_close_up_of_a_toilet_with_tiled_walls.png,0.26683562994003296
FLUX-LoRA,2024,1,/shared/home/sarim.hashmi/usenix/benchmark/normalized/FLUX-LoRA/fake/The_infamous_Big_Ben_clock_tower_towering_over_the.png,0.9155983924865723
FLUX-LoRA,2024,1,/shared/home/sarim.hashmi/usenix/benchmark/normalized/FLUX-LoRA/fake/The_man_is_sitting_on_a_bench_and_is_looking_out_a.png,0.22803166508674622
FLUX-LoRA,2024,1,/shared/home/sarim.hashmi/usenix/benchmark/normalized/FLUX-LoRA/fake/a_couple_of_people_walking_with_their_surfboards_a.png,0.23042041063308716
FLUX-LoRA,2024,1,/shared/home/sarim.hashmi/usenix/benchmark/normalized/FLUX-LoRA/fake/a_steam_locomotive_on_a_narrow_gauge_track_in_the.png,0.0526893325150013
FLUX-LoRA,2024,1,/shared/home/sarim.hashmi/usenix/benchmark/normalized/FLUX-LoRA/fake/a_close_up_of_a_dog_wearing_a_yellow_clone_hat.png,0.9558159708976746
FLUX-LoRA,2024,1,/shared/home/sarim.hashmi/usenix/benchmark/normalized/FLUX-LoRA/fake/The_small_dog_sitting_in_the_center_of_the_walkway.png,0.39871007204055786
FLUX-LoRA,2024,1,/shared/home/sarim.hashmi/usenix/benchmark/normalized/FLUX-LoRA/fake/A_foggy_day_shows_buildings_in_the_background_as_a.png,0.29370492696762085
FLUX-LoRA,2024,1,/shared/home/sarim.hashmi/usenix/benchmark/normalized/FLUX-LoRA/fake/A_rain_soaked_pigeon_sitting_on_a_fence.png,0.8464452624320984
FLUX-LoRA,2024,1,/shared/home/sarim.hashmi/usenix/benchmark/normalized/FLUX-LoRA/fake/A_cat_is_sitting_outdoors_near_a_park_bench.png,0.4397850036621094
FLUX-LoRA,2024,1,/shared/home/sarim.hashmi/usenix/benchmark/normalized/FLUX-LoRA/fake/A_train_is_moving_along_the_tracks_beside_a_house.png,0.055528342723846436
FLUX-LoRA,2024,1,/shared/home/sarim.hashmi/usenix/benchmark/normalized/FLUX-LoRA/fake/an_empty_street_and_signals_that_are_red.png,0.0706554502248764
FLUX-LoRA,2024,1,/shared/home/sarim.hashmi/usenix/benchmark/normalized/FLUX-LoRA/fake/An_adult_giraffe_grazing_on_tree_leaves_in_a_grass.png,0.1796661913394928
FLUX-LoRA,2024,1,/shared/home/sarim.hashmi/usenix/benchmark/normalized/FLUX-LoRA/fake/A_couple_of_men_standing_next_to_each_other_at_a_r.png,0.07472281903028488
FLUX-LoRA,2024,1,/shared/home/sarim.hashmi/usenix/benchmark/normalized/FLUX-LoRA/fake/A_herd_of_sheep_that_are_grazing_in_a_field.png,0.056252747774124146
FLUX-LoRA,2024,1,/shared/home/sarim.hashmi/usenix/benchmark/normalized/FLUX-LoRA/fake/A_close_up_of_an_orange_in_a_red_serving_bowl.png,0.08763623237609863
FLUX-LoRA,2024,1,/shared/home/sarim.hashmi/usenix/benchmark/normalized/FLUX-LoRA/fake/Train_on_track_as_it_approaches_a_bridge.png,0.03388921543955803
FLUX-LoRA,2024,1,/shared/home/sarim.hashmi/usenix/benchmark/normalized/FLUX-LoRA/fake/a_person_with_a_bat_near_many_tvs.png,0.3516295552253723
FLUX-LoRA,2024,1,/shared/home/sarim.hashmi/usenix/benchmark/normalized/FLUX-LoRA/fake/A_crossroads_sign_with_a_car_parked_nearby.png,0.0736900195479393
FLUX-LoRA,2024,1,/shared/home/sarim.hashmi/usenix/benchmark/normalized/FLUX-LoRA/fake/Three_people_are_sitting_on_a_bench_looking_over_a.png,0.6191262602806091
FLUX-LoRA,2024,1,/shared/home/sarim.hashmi/usenix/benchmark/normalized/FLUX-LoRA/fake/A_man_and_woman_in_western_clothing_standing_in_fr.png,0.05616402253508568
FLUX-LoRA,2024,1,/shared/home/sarim.hashmi/usenix/benchmark/normalized/FLUX-LoRA/fake/Two_metal_vats_on_a_brick_space_next_to_wall.png,0.02739325538277626
FLUX-LoRA,2024,1,/shared/home/sarim.hashmi/usenix/benchmark/normalized/FLUX-LoRA/fake/Several_people_standing_together_with_a_red_stopli.png,0.2644413411617279
FLUX-LoRA,2024,1,/shared/home/sarim.hashmi/usenix/benchmark/normalized/FLUX-LoRA/fake/a_pole_that_has_a_sign_attached_to_it.png,0.04314501956105232
FLUX-LoRA,2024,1,/shared/home/sarim.hashmi/usenix/benchmark/normalized/FLUX-LoRA/fake/Two_birds_swimming_in_the_water_with_large_bills.png,0.30601441860198975
FLUX-LoRA,2024,1,/shared/home/sarim.hashmi/usenix/benchmark/normalized/FLUX-LoRA/fake/A_red_plate_topped_with_a_chocolate_pastry.png,0.05499187856912613
FLUX-LoRA,2024,1,/shared/home/sarim.hashmi/usenix/benchmark/normalized/FLUX-LoRA/fake/A_chick_inside_of_an_oven_covered_in_herbs_and_sea.png,0.04546009749174118
FLUX-LoRA,2024,1,/shared/home/sarim.hashmi/usenix/benchmark/normalized/FLUX-LoRA/fake/A_silver_miniature_train_with_trees_in_background.png,0.7018482685089111
FLUX-LoRA,2024,1,/shared/home/sarim.hashmi/usenix/benchmark/normalized/FLUX-LoRA/fake/Two_people_using_cleaning_brushes_on_an_outdoor_mo.png,0.05185622349381447
FLUX-LoRA,2024,1,/shared/home/sarim.hashmi/usenix/benchmark/normalized/FLUX-LoRA/fake/A_lot_of_people_that_have_some_animals.png,0.09450674802064896
FLUX-LoRA,2024,1,/shared/home/sarim.hashmi/usenix/benchmark/normalized/FLUX-LoRA/fake/Clear_blue_sky_s_with_a_plane_flying_by.png,0.5097445845603943
FLUX-LoRA,2024,1,/shared/home/sarim.hashmi/usenix/benchmark/normalized/FLUX-LoRA/fake/A_picture_of_a_yellow_Cam_am_three_wheel_motorcycl.png,0.07846171408891678
FLUX-LoRA,2024,1,/shared/home/sarim.hashmi/usenix/benchmark/normalized/FLUX-LoRA/fake/A_kitchen_with_a_stove__microwave__telephone__tabl.png,0.2537745237350464
FLUX-LoRA,2024,1,/shared/home/sarim.hashmi/usenix/benchmark/normalized/FLUX-LoRA/fake/A_stop_sign_and_a_one_way_sign_are_on_the_corner_o.png,0.21105365455150604
FLUX-LoRA,2024,1,/shared/home/sarim.hashmi/usenix/benchmark/normalized/FLUX-LoRA/fake/A_traffic_light_with_a_smile_green_light_above_a_r.png,0.29016217589378357
FLUX-LoRA,2024,1,/shared/home/sarim.hashmi/usenix/benchmark/normalized/FLUX-LoRA/fake/A_snowy_scene_of_trees_and_a_road.png,0.05730200931429863
FLUX-LoRA,2024,1,/shared/home/sarim.hashmi/usenix/benchmark/normalized/FLUX-LoRA/fake/The_reflection_of_a_woman__in_a_rear_view_mirror_s.png,0.4305219352245331
FLUX-LoRA,2024,1,/shared/home/sarim.hashmi/usenix/benchmark/normalized/FLUX-LoRA/fake/a_cat_lays_down_next_to_a_glass_with_a_straw_in_it.png,0.3634936809539795
FLUX-LoRA,2024,1,/shared/home/sarim.hashmi/usenix/benchmark/normalized/FLUX-LoRA/fake/A_white_plate_topped_with_a_chocolate_cake_and_a_l.png,0.05306572839617729
FLUX-LoRA,2024,1,/shared/home/sarim.hashmi/usenix/benchmark/normalized/FLUX-LoRA/fake/A_bird_is_sitting_on_a_bench_in_the_grass.png,0.23700788617134094
FLUX-LoRA,2024,1,/shared/home/sarim.hashmi/usenix/benchmark/normalized/FLUX-LoRA/fake/A_red_and_green_walled_bathroom_with_a_toilet.png,0.9739858508110046
FLUX-LoRA,2024,1,/shared/home/sarim.hashmi/usenix/benchmark/normalized/FLUX-LoRA/fake/Older_model_stop_light_on_a_street_corner_in_a_tro.png,0.1289428323507309
FLUX-LoRA,2024,1,/shared/home/sarim.hashmi/usenix/benchmark/normalized/FLUX-LoRA/fake/A_man_on_a_bench_staring_down_at_something_in_his.png,0.32972949743270874
FLUX-LoRA,2024,1,/shared/home/sarim.hashmi/usenix/benchmark/normalized/FLUX-LoRA/fake/A_white_toilet_covered_in_feminine_toilet_covering.png,0.8764815926551819
FLUX-LoRA,2024,1,/shared/home/sarim.hashmi/usenix/benchmark/normalized/FLUX-LoRA/fake/A_group_of_motorcycle_riders_racing_down_a_track.png,0.7225315570831299
