path,label,score_clean,pred_clean,score_adv,pred_adv
/shared/home/sarim.hashmi/usenix/benchmark/newbench_norm/real/1_military_jet_fighter_flying_in_formation_alongside_a_1_military_propeller_pilot._.png,0,0.03615894168615341,0,0.9848859906196594,1
/shared/home/sarim.hashmi/usenix/benchmark/newbench_norm/real/A_CGI_man_sitting_on_top_of_a_CGI_hospital_bed..png,0,0.22323405742645264,0,0.9863477945327759,1
/shared/home/sarim.hashmi/usenix/benchmark/newbench_norm/real/A_CLEAN_AND_COLORFUL_BATHROOM_WITH_A_LARGE_MIRROR.png,0,0.03141508251428604,0,0.9869608879089355,1
/shared/home/sarim.hashmi/usenix/benchmark/newbench_norm/real/A_LOT_OF_SHEEP_IS_IN_THE_GRASS_WITH_A_SHEEP_DOG.png,0,0.036874014884233475,0,0.9870945811271667,1
/shared/home/sarim.hashmi/usenix/benchmark/newbench_norm/real/A_banana_that_is_sitting_in_a_bowl_on_the_table..png,0,0.09477852284908295,0,0.9868545532226562,1
/shared/home/sarim.hashmi/usenix/benchmark/newbench_norm/real/A_basket_filled_with_ripe_bananas_on_top_of_a_table..png,0,0.08191336691379547,0,0.9859850406646729,1
/shared/home/sarim.hashmi/usenix/benchmark/newbench_norm/real/A_bathroom_filled_with_a_white_toilet_next_to_a_sink..png,0,0.03676723688840866,0,0.9873342514038086,1
/shared/home/sarim.hashmi/usenix/benchmark/newbench_norm/real/A_bathroom_has_a_self_standing_sink_on_the_wall..png,0,0.03155047819018364,0,0.9868329167366028,1
"/shared/home/sarim.hashmi/usenix/benchmark/newbench_norm/real/A_bathroom_has_a_toilet,_sink,_mirror_and_bidet..png",0,0.05845964327454567,0,0.986872673034668,1
/shared/home/sarim.hashmi/usenix/benchmark/newbench_norm/real/A_bathroom_is_photographed_with_a_fisheye_filter..png,0,0.0423782579600811,0,0.9867460131645203,1
"/shared/home/sarim.hashmi/usenix/benchmark/newbench_norm/real/A_bathroom_is_shown_with_a_toilet,_sink,_and_shower..png",0,0.038273219019174576,0,0.9874128103256226,1
"/shared/home/sarim.hashmi/usenix/benchmark/newbench_norm/real/A_bathroom_scene_with_a_toilet,_sink_and_a_mirror..png",0,0.04123036563396454,0,0.9864379167556763,1
/shared/home/sarim.hashmi/usenix/benchmark/newbench_norm/real/A_bathroom_showing_a_necklace_rack_and_toiletries_grouped_on_the_sink_.png,0,0.03818751871585846,0,0.9863823652267456,1
/shared/home/sarim.hashmi/usenix/benchmark/newbench_norm/real/A_bathroom_sink_sitting_under_a_large_mirror..png,0,0.08778902888298035,0,0.9868272542953491,1
/shared/home/sarim.hashmi/usenix/benchmark/newbench_norm/real/A_bathroom_sink_under_a_mirror_in_a_bathroom..png,0,0.06883107125759125,0,0.9872178435325623,1
"/shared/home/sarim.hashmi/usenix/benchmark/newbench_norm/real/A_bathroom_sink_with_a_toothbrush,_soap_dispenser_and_mirror..png",0,0.052210234105587006,0,0.9861294627189636,1
/shared/home/sarim.hashmi/usenix/benchmark/newbench_norm/real/A_bathroom_sink_with_wood_finish_cabinets._.png,0,0.05734432116150856,0,0.9872974157333374,1
/shared/home/sarim.hashmi/usenix/benchmark/newbench_norm/real/A_bathroom_that_has_a_special_shelf_for_towels._.png,0,0.053586650639772415,0,0.9874182939529419,1
/shared/home/sarim.hashmi/usenix/benchmark/newbench_norm/real/A_bathroom_toilet_with_yellow_liquid_inside_and_a_dirty_tub..png,0,0.03591984137892723,0,0.9864444136619568,1
"/shared/home/sarim.hashmi/usenix/benchmark/newbench_norm/real/A_bathroom_with_a_shower_curtain,_a_toilet,_a_sink_and_cabinets..png",0,0.051872335374355316,0,0.9863687753677368,1
"/shared/home/sarim.hashmi/usenix/benchmark/newbench_norm/real/A_bathroom_with_a_sink,_counter,_toilet_and_shower_curtain..png",0,0.05486244708299637,0,0.9861837029457092,1
/shared/home/sarim.hashmi/usenix/benchmark/newbench_norm/real/A_bathroom_with_a_standing_shower_next_to_a_sink_and_mirror..png,0,0.04016370326280594,0,0.9867511987686157,1
"/shared/home/sarim.hashmi/usenix/benchmark/newbench_norm/real/A_bathroom_with_a_toilet,_tub,_mirror_and_shower_curtain._.png",0,0.07410615682601929,0,0.9861376881599426,1
/shared/home/sarim.hashmi/usenix/benchmark/newbench_norm/real/A_bathroom_with_a_toilet_bowl_and_shower..png,0,0.044283393770456314,0,0.9877459406852722,1
/shared/home/sarim.hashmi/usenix/benchmark/newbench_norm/real/A_bathroom_with_a_vanity_mirror_toilette_and_kitchen_sink_next_to_a_shower..png,0,0.05409730598330498,0,0.9878283739089966,1
/shared/home/sarim.hashmi/usenix/benchmark/newbench_norm/real/A_bathroom_with_a_white_bath_tub_and_two_sinks..png,0,0.0372529961168766,0,0.9864280819892883,1
/shared/home/sarim.hashmi/usenix/benchmark/newbench_norm/real/A_bathroom_with_a_white_sink_next_to_a_toilet_paper_roller..png,0,0.07067936658859253,0,0.9831364750862122,1
/shared/home/sarim.hashmi/usenix/benchmark/newbench_norm/real/A_bathroom_with_a_white_toilet_next_to_a_shower..png,0,0.03777742758393288,0,0.9874260425567627,1
/shared/home/sarim.hashmi/usenix/benchmark/newbench_norm/real/A_bathroom_with_two_toilets_look_in_very_bad_shape..png,0,0.05075589567422867,0,0.9874146580696106,1
/shared/home/sarim.hashmi/usenix/benchmark/newbench_norm/real/A_bathroom_with_white_colored_cabinets_and_toilet.png,0,0.06038738042116165,0,0.9867324233055115,1
/shared/home/sarim.hashmi/usenix/benchmark/newbench_norm/real/A_bathroom_with_white_urinals_amd_sinks_and_brown_stall_doors..png,0,0.03647841885685921,0,0.9877404570579529,1
/shared/home/sarim.hashmi/usenix/benchmark/newbench_norm/real/A_bathtub_with_candles_lit_up_around_it_and_a_stool_next_to_it..png,0,0.06399282068014145,0,0.987256646156311,1
/shared/home/sarim.hashmi/usenix/benchmark/newbench_norm/real/A_beautiful_kitchen_with_lots_of_windows_and_wooden_cabinets._.png,0,0.050786424428224564,0,0.9875214695930481,1
/shared/home/sarim.hashmi/usenix/benchmark/newbench_norm/real/A_beige_bathroom_with_a_phone_beside_the_toilet..png,0,0.08425363898277283,0,0.9845770001411438,1
/shared/home/sarim.hashmi/usenix/benchmark/newbench_norm/real/A_bench_partially_buried_in_sand_on_a_beach_near_the_ocean..png,0,0.03377274423837662,0,0.9859222173690796,1
/shared/home/sarim.hashmi/usenix/benchmark/newbench_norm/real/A_bench_that_looks_like_a_round_hut..png,0,0.07623007148504257,0,0.9867225289344788,1
/shared/home/sarim.hashmi/usenix/benchmark/newbench_norm/real/A_bicycle_resting_outside_of_a_building_door.png,0,0.04126083105802536,0,0.986822247505188,1
/shared/home/sarim.hashmi/usenix/benchmark/newbench_norm/real/A_bicyclist_is_riding_across_the_street_next_to_someone_on_a_motorcycle._.png,0,0.03460315242409706,0,0.9873019456863403,1
/shared/home/sarim.hashmi/usenix/benchmark/newbench_norm/real/A_big_commercial_plane_flying_in_cloudy_skies..png,0,0.047475144267082214,0,0.9868452548980713,1
/shared/home/sarim.hashmi/usenix/benchmark/newbench_norm/real/A_big_locomotive_stopped_in_a_train_station.png,0,0.03205049782991409,0,0.9868554472923279,1
/shared/home/sarim.hashmi/usenix/benchmark/newbench_norm/real/A_bike_is_parked_alongside_the_lake_shore..png,0,0.05593401566147804,0,0.9871013164520264,1
/shared/home/sarim.hashmi/usenix/benchmark/newbench_norm/real/A_bike_is_shown_attached_to_a_rack..png,0,0.02613895758986473,0,0.986943244934082,1
/shared/home/sarim.hashmi/usenix/benchmark/newbench_norm/real/A_bike_parked_in_front_of_a_store_with_a_basket..png,0,0.03958701342344284,0,0.9878674745559692,1
/shared/home/sarim.hashmi/usenix/benchmark/newbench_norm/real/A_bike_sitting_In_a_glass_window_in_a_building.png,0,0.034558046609163284,0,0.9876318573951721,1
/shared/home/sarim.hashmi/usenix/benchmark/newbench_norm/real/A_bird_flying_through_the_air_while_flapping_it's_wings..png,0,0.05271102115511894,0,0.9868424534797668,1
/shared/home/sarim.hashmi/usenix/benchmark/newbench_norm/real/A_bird_is_standing_upright_in_the_water_and_leaves..png,0,0.04903998225927353,0,0.9872152805328369,1
/shared/home/sarim.hashmi/usenix/benchmark/newbench_norm/real/A_bird_perched_on_the_back_of_a_white_bench..png,0,0.14171533286571503,0,0.9867331385612488,1
/shared/home/sarim.hashmi/usenix/benchmark/newbench_norm/real/A_bird_perched_on_top_of_a_wooden_power_pole..png,0,0.0606878325343132,0,0.9869124889373779,1
/shared/home/sarim.hashmi/usenix/benchmark/newbench_norm/real/A_bird_stands_on_the_ground_among_dried_leaves..png,0,0.06548289954662323,0,0.986323893070221,1
/shared/home/sarim.hashmi/usenix/benchmark/newbench_norm/real/A_bird_that_is_on_a_tree_limb..png,0,0.03607621788978577,0,0.9870795607566833,1
/shared/home/sarim.hashmi/usenix/benchmark/newbench_norm/real/A_bird_with_a_fish_in_its_hand_on_a_beach..png,0,0.047571565955877304,0,0.9873708486557007,1
/shared/home/sarim.hashmi/usenix/benchmark/newbench_norm/real/A_birthday_cake_is_decorated_like_a_fire_engine..png,0,0.11091576516628265,0,0.9866689443588257,1
/shared/home/sarim.hashmi/usenix/benchmark/newbench_norm/real/A_black_and_white_dog_on_a_brown_tile_floor_next_to_counter..png,0,0.09553384780883789,0,0.9876797199249268,1
/shared/home/sarim.hashmi/usenix/benchmark/newbench_norm/real/A_black_and_white_photo_of_an_old_locomotive..png,0,0.03958054631948471,0,0.9875230193138123,1
/shared/home/sarim.hashmi/usenix/benchmark/newbench_norm/real/A_black_and_white_photo_of_four_young_children..png,0,0.04547689110040665,0,0.9855787754058838,1
/shared/home/sarim.hashmi/usenix/benchmark/newbench_norm/real/A_black_and_white_toilet_with_a_plunger..png,0,0.04634380340576172,0,0.9866834282875061,1
/shared/home/sarim.hashmi/usenix/benchmark/newbench_norm/real/A_black_and_yellow_fire_hydrant_on_a_city_sidewalk..png,0,0.09135127067565918,0,0.9870908260345459,1
/shared/home/sarim.hashmi/usenix/benchmark/newbench_norm/real/A_black_cat_half-submerged_in_a_toilet_while_drinking_out_of_it..png,0,0.043587278574705124,0,0.987051248550415,1
/shared/home/sarim.hashmi/usenix/benchmark/newbench_norm/real/A_black_cat_wearing_a_black_beanie_while_laying_on_a_red_couch...png,0,0.03341006115078926,0,0.9866365790367126,1
/shared/home/sarim.hashmi/usenix/benchmark/newbench_norm/real/A_black_lab_waits_at_a_picnic_table_for_it's_master..png,0,0.06381215155124664,0,0.985970675945282,1
/shared/home/sarim.hashmi/usenix/benchmark/newbench_norm/real/A_blonde_woman_standing_in_front_of_a_red_double_decker_bus..png,0,0.032365210354328156,0,0.9872668385505676,1
/shared/home/sarim.hashmi/usenix/benchmark/newbench_norm/real/A_blue_bike_parked_next_to_a_tree_in_a_planter..png,0,0.0423542782664299,0,0.986135721206665,1
/shared/home/sarim.hashmi/usenix/benchmark/newbench_norm/real/A_blue_bowl_sitting_on_a_table_with_a_banana_in_it._.png,0,0.05437741428613663,0,0.9875471591949463,1
/shared/home/sarim.hashmi/usenix/benchmark/newbench_norm/real/A_blue_bus_driving_down_a_street_next_to_trees..png,0,0.03707781806588173,0,0.9860995411872864,1
/shared/home/sarim.hashmi/usenix/benchmark/newbench_norm/real/A_blue_bus_is_crossing_the_intersection_with_various_vehicles_behind_it..png,0,0.05512411147356033,0,0.9868614077568054,1
/shared/home/sarim.hashmi/usenix/benchmark/newbench_norm/real/A_blue_motor_scooter_parked_in_a_parking_lot..png,0,0.03668176382780075,0,0.9870207905769348,1
/shared/home/sarim.hashmi/usenix/benchmark/newbench_norm/real/A_blue_motor_scooter_with_a_cat_sitting_on_it..png,0,0.03757611662149429,0,0.9873829483985901,1
/shared/home/sarim.hashmi/usenix/benchmark/newbench_norm/real/A_boat_sitting_next_to_a_beach_in_the_ocean_covered_with_birds..png,0,0.0606561154127121,0,0.9869361519813538,1
/shared/home/sarim.hashmi/usenix/benchmark/newbench_norm/real/A_boat_that_is_on_the_sand_and_people_nearby._.png,0,0.22049321234226227,0,0.9828943610191345,1
/shared/home/sarim.hashmi/usenix/benchmark/newbench_norm/real/A_bowl_in_a_sink_and_window_in_a_room..png,0,0.06872837245464325,0,0.9862533211708069,1
"/shared/home/sarim.hashmi/usenix/benchmark/newbench_norm/real/A_bowl_of_cereal_with_milk,_bananas,_raspberries_and_blueberries..png",0,0.04817970097064972,0,0.9874731302261353,1
/shared/home/sarim.hashmi/usenix/benchmark/newbench_norm/real/A_boy_carrying_a_surfboard_on_a_busy_sidewalk..png,0,0.04410197585821152,0,0.987575113773346,1
/shared/home/sarim.hashmi/usenix/benchmark/newbench_norm/real/A_boy_in_blue_hat_riding_on_a_carousel..png,0,0.04615694284439087,0,0.9875434637069702,1
/shared/home/sarim.hashmi/usenix/benchmark/newbench_norm/real/A_bright_blue_and_white_AMX_jet_is_in_the_clear_sky..png,0,0.04564676806330681,0,0.9863232374191284,1
/shared/home/sarim.hashmi/usenix/benchmark/newbench_norm/real/A_brown_duck_floats_by_itself_on_the_water.png,0,0.0444682314991951,0,0.9863643050193787,1
/shared/home/sarim.hashmi/usenix/benchmark/newbench_norm/real/A_brown_plane_is_parked_at_air_port.png,0,0.05339612439274788,0,0.9872245788574219,1
/shared/home/sarim.hashmi/usenix/benchmark/newbench_norm/real/A_brown_songbird_perched_on_the_handlebars_of_a_bicycle..png,0,0.04533732682466507,0,0.9866377115249634,1
/shared/home/sarim.hashmi/usenix/benchmark/newbench_norm/real/A_building_in_the_sky_that_has_the_lights_on..png,0,0.061835914850234985,0,0.9862132668495178,1
/shared/home/sarim.hashmi/usenix/benchmark/newbench_norm/real/A_bunch_of_airplanes_are_parked_on_the_runway._.png,0,0.051407650113105774,0,0.9867572784423828,1
/shared/home/sarim.hashmi/usenix/benchmark/newbench_norm/real/A_bunch_of_antelopes_are_seen_roaming_the_plains..png,0,0.04353844374418259,0,0.9871953725814819,1
/shared/home/sarim.hashmi/usenix/benchmark/newbench_norm/real/A_bunch_of_bananas_hanging_from_a_green_tree..png,0,0.09680391103029251,0,0.9852100014686584,1
/shared/home/sarim.hashmi/usenix/benchmark/newbench_norm/real/A_bunch_of_bicycles_parked_on_the_street_with_items_sitting_around_them_.png,0,0.05730517953634262,0,0.9875609278678894,1
/shared/home/sarim.hashmi/usenix/benchmark/newbench_norm/real/A_bunch_of_giraffes_that_are_standing_in_the_dirt..png,0,0.029381463304162025,0,0.9876318573951721,1
/shared/home/sarim.hashmi/usenix/benchmark/newbench_norm/real/A_bunch_of_goats_are_eating_out_of_a_box.png,0,0.054968539625406265,0,0.9858177304267883,1
/shared/home/sarim.hashmi/usenix/benchmark/newbench_norm/real/A_bunch_of_sheep_smile_are_they_walk_by..png,0,0.05207923799753189,0,0.986947774887085,1
/shared/home/sarim.hashmi/usenix/benchmark/newbench_norm/real/A_bunk_bed_sits_next_to_an_open_window._.png,0,0.037156958132982254,0,0.9865259528160095,1
/shared/home/sarim.hashmi/usenix/benchmark/newbench_norm/real/A_bus_all_lite_up_inside_and_out_with_diffrent_colors_._.png,0,0.05361173674464226,0,0.9874847531318665,1
/shared/home/sarim.hashmi/usenix/benchmark/newbench_norm/real/A_bus_driving_down_a_city_street_during_the_day..png,0,0.03964027762413025,0,0.985413670539856,1
/shared/home/sarim.hashmi/usenix/benchmark/newbench_norm/real/A_bus_is_parked_in_front_of_a_building..png,0,0.037419650703668594,0,0.9863065481185913,1
/shared/home/sarim.hashmi/usenix/benchmark/newbench_norm/real/A_bus_is_parked_on_the_street_away_from_some_cars..png,0,0.03895144909620285,0,0.9861515164375305,1
/shared/home/sarim.hashmi/usenix/benchmark/newbench_norm/real/A_bus_on_a_divided_street_near_a_stop_light..png,0,0.03324214369058609,0,0.9856105446815491,1
/shared/home/sarim.hashmi/usenix/benchmark/newbench_norm/real/A_bus_pulled_up_to_the_curb_along_a_road..png,0,0.037888992577791214,0,0.9870571494102478,1
/shared/home/sarim.hashmi/usenix/benchmark/newbench_norm/real/A_bus_stop_next_to_a_curvy_road_surrounded_by_traffic_lights..png,0,0.07876458764076233,0,0.9861956834793091,1
/shared/home/sarim.hashmi/usenix/benchmark/newbench_norm/real/A_bus_stop_sign_on_a_city_street..png,0,0.05158349126577377,0,0.9859859943389893,1
/shared/home/sarim.hashmi/usenix/benchmark/newbench_norm/real/A_bus_stops_next_to_a_street_sign..png,0,0.041254494339227676,0,0.987472414970398,1
/shared/home/sarim.hashmi/usenix/benchmark/newbench_norm/real/A_bus_traveling_down_a_road_next_to_a_bus_stop..png,0,0.029871005564928055,0,0.9862384796142578,1
/shared/home/sarim.hashmi/usenix/benchmark/newbench_norm/real/A_bus_travels_on_a_road_near_buildings_and_parked_vehicles.png,0,0.04165022447705269,0,0.9874695539474487,1
/shared/home/sarim.hashmi/usenix/benchmark/newbench_norm/real/A_bus_window_with_finger_writing_on_it..png,0,0.22312624752521515,0,0.9857655763626099,1
/shared/home/sarim.hashmi/usenix/benchmark/newbench_norm/real/A_bus_with_a_mural_on_the_side_and_front..png,0,0.039717983454465866,0,0.9859888553619385,1
/shared/home/sarim.hashmi/usenix/benchmark/newbench_norm/real/A_busy_city_street_filled_with_people_walling_and_street_signs..png,0,0.05763133615255356,0,0.9849880337715149,1
/shared/home/sarim.hashmi/usenix/benchmark/newbench_norm/real/A_busy_city_street_with_dimly_lit_trees_at_night..png,0,0.04341128095984459,0,0.9873824715614319,1
/shared/home/sarim.hashmi/usenix/benchmark/newbench_norm/real/A_cage_packed_full_of_yellow_parakeets._.png,0,0.09908104687929153,0,0.9862037897109985,1
/shared/home/sarim.hashmi/usenix/benchmark/newbench_norm/real/A_cake_cover_is_made_to_look_like_a_wire_birdcage._.png,0,0.15817365050315857,0,0.9868402481079102,1
/shared/home/sarim.hashmi/usenix/benchmark/newbench_norm/real/A_calico_cat_drinking_water_from_a_running_tap_in_a_bathroom..png,0,0.03982578217983246,0,0.9865224957466125,1
/shared/home/sarim.hashmi/usenix/benchmark/newbench_norm/real/A_car_is_parked_on_the_street_by_some_signs..png,0,0.02701238915324211,0,0.986559271812439,1
/shared/home/sarim.hashmi/usenix/benchmark/newbench_norm/real/A_car_is_waiting_beside_people_standing_on_the_sidewalk..png,0,0.04408929497003555,0,0.9869755506515503,1
/shared/home/sarim.hashmi/usenix/benchmark/newbench_norm/real/A_cat_in_a_birthday_hat_is_lying_on_a_couch..png,0,0.04959627240896225,0,0.9869768023490906,1
/shared/home/sarim.hashmi/usenix/benchmark/newbench_norm/real/A_cat_is_drinking_water_from_the_toilet_bowl.png,0,0.06183077394962311,0,0.9872635006904602,1
/shared/home/sarim.hashmi/usenix/benchmark/newbench_norm/real/A_cat_laying_next_to_a_stainless_steel_bowl..png,0,0.03405611589550972,0,0.9870707392692566,1
/shared/home/sarim.hashmi/usenix/benchmark/newbench_norm/real/A_cat_laying_on_a_cushion_on_top_of_a_table..png,0,0.05447842553257942,0,0.9873058795928955,1
/shared/home/sarim.hashmi/usenix/benchmark/newbench_norm/real/A_cat_looking_out_of_a_vehicle_window_during_rain..png,0,0.037818580865859985,0,0.9861071109771729,1
/shared/home/sarim.hashmi/usenix/benchmark/newbench_norm/real/A_cat_lying_in_a_white_sink_in_the_bathroom._.png,0,0.041290171444416046,0,0.9860597848892212,1
/shared/home/sarim.hashmi/usenix/benchmark/newbench_norm/real/A_cat_sits_on_the_edge_of_a_bathroom_sink..png,0,0.04927298426628113,0,0.9868398904800415,1
/shared/home/sarim.hashmi/usenix/benchmark/newbench_norm/real/A_cat_sitting_on_top_of_a_green_car..png,0,0.04881410300731659,0,0.984588086605072,1
/shared/home/sarim.hashmi/usenix/benchmark/newbench_norm/real/A_cat_sitting_on_top_of_a_window_sill_over_a_sink..png,0,0.03726979345083237,0,0.9881166219711304,1
/shared/home/sarim.hashmi/usenix/benchmark/newbench_norm/real/A_cat_sitting_outside_on_a_bench_on_a_sunny_day..png,0,0.024812527000904083,0,0.9871565699577332,1
/shared/home/sarim.hashmi/usenix/benchmark/newbench_norm/real/A_cat_sitting_outside_on_some_cobble_stone..png,0,0.05303673446178436,0,0.9874601364135742,1
/shared/home/sarim.hashmi/usenix/benchmark/newbench_norm/real/A_cat_standing_on_top_of_a_toilet_seat_next_to_a_sink..png,0,0.0496051087975502,0,0.9874651432037354,1
/shared/home/sarim.hashmi/usenix/benchmark/newbench_norm/real/A_cat_standing_on_top_of_a_wooden_bench..png,0,0.05554000660777092,0,0.9863598942756653,1
/shared/home/sarim.hashmi/usenix/benchmark/newbench_norm/real/A_center_island_in_a_kitchen_covered_in_a_fan..png,0,0.03871089220046997,0,0.9870856404304504,1
/shared/home/sarim.hashmi/usenix/benchmark/newbench_norm/real/A_chair_and_a_table_in_a_small_room..png,0,0.04124295711517334,0,0.9868899583816528,1
/shared/home/sarim.hashmi/usenix/benchmark/newbench_norm/real/A_cheesy_pastry_sitting_on_top_of_a_plate..png,0,0.07062410563230515,0,0.9868273735046387,1
/shared/home/sarim.hashmi/usenix/benchmark/newbench_norm/real/A_church_with_a_massively_tall_tower_covered_in_a_clock..png,0,0.033856939524412155,0,0.986970067024231,1
/shared/home/sarim.hashmi/usenix/benchmark/newbench_norm/real/A_city_street_filled_with_lots_of_traffic..png,0,0.032016728073358536,0,0.9870154857635498,1
/shared/home/sarim.hashmi/usenix/benchmark/newbench_norm/real/A_city_street_filled_with_traffic_and_parking_lights..png,0,0.037187885493040085,0,0.9850946664810181,1
/shared/home/sarim.hashmi/usenix/benchmark/newbench_norm/real/A_city_traffic_light_is_red_with_a_large_billow_of_smoke_in_the_background..png,0,0.04048558324575424,0,0.9856868386268616,1
/shared/home/sarim.hashmi/usenix/benchmark/newbench_norm/real/A_classic_car_waiting_at_a_3-way_stop_sign..png,0,0.03087509796023369,0,0.9882544279098511,1
/shared/home/sarim.hashmi/usenix/benchmark/newbench_norm/real/A_clock_mounted_on_a_wall_over_the_doorway_of_a_kitchen..png,0,0.029324451461434364,0,0.9882910847663879,1
/shared/home/sarim.hashmi/usenix/benchmark/newbench_norm/real/A_close-up_of_a_tropical_bird_with_a_mirror_behind_it..png,0,0.05374976992607117,0,0.9879359006881714,1
/shared/home/sarim.hashmi/usenix/benchmark/newbench_norm/real/A_close-up_shot_of_a_metal_squat_toilet..png,0,0.06918314844369888,0,0.9863055944442749,1
/shared/home/sarim.hashmi/usenix/benchmark/newbench_norm/real/A_close-up_view_of_a_green_and_yellow_fire_hydrant..png,0,0.03755932301282883,0,0.9861761927604675,1
/shared/home/sarim.hashmi/usenix/benchmark/newbench_norm/real/A_close_up_of_a_peacock_who_is_behind_an_enclosure._.png,0,0.8287824988365173,1,0.9864223599433899,1
/shared/home/sarim.hashmi/usenix/benchmark/newbench_norm/real/A_colorful_bus_is_parked_on_the_street..png,0,0.0400480292737484,0,0.9880021810531616,1
/shared/home/sarim.hashmi/usenix/benchmark/newbench_norm/real/A_commercial_airplane_either_landing_or_preparing_for_take_off..png,0,0.04937775433063507,0,0.9870598316192627,1
/shared/home/sarim.hashmi/usenix/benchmark/newbench_norm/real/A_corner_of_street_with_a_building_showing_a_bowling_pin..png,0,0.04073597490787506,0,0.9850996136665344,1
/shared/home/sarim.hashmi/usenix/benchmark/newbench_norm/real/A_couch_on_the_side_of_the_street_with_a_television_on_it..png,0,0.04317302256822586,0,0.987007200717926,1
/shared/home/sarim.hashmi/usenix/benchmark/newbench_norm/real/A_couple_of_baby_sheep_standing_next_to_each_other..png,0,0.03908985108137131,0,0.987250030040741,1
/shared/home/sarim.hashmi/usenix/benchmark/newbench_norm/real/A_couple_of_bathrooms_one_with_a_standing_toilet_next_to_one_with_a_sitting_toilet..png,0,0.07409248501062393,0,0.9860801100730896,1
/shared/home/sarim.hashmi/usenix/benchmark/newbench_norm/real/A_couple_of_bicycles_sitting_in_a_large_garden..png,0,0.09455761313438416,0,0.9859439134597778,1
/shared/home/sarim.hashmi/usenix/benchmark/newbench_norm/real/A_couple_of_birds_fly_through_a_blue_cloudy_sky..png,0,0.056191667914390564,0,0.985464870929718,1
/shared/home/sarim.hashmi/usenix/benchmark/newbench_norm/real/A_couple_of_birds_standing_on_top_of__a_wooden_bench..png,0,0.07239281386137009,0,0.9876055717468262,1
/shared/home/sarim.hashmi/usenix/benchmark/newbench_norm/real/A_couple_of_captive_giraffes_look_around_the_ground_in_the_zoo._.png,0,0.13283129036426544,0,0.9874739646911621,1
/shared/home/sarim.hashmi/usenix/benchmark/newbench_norm/real/A_couple_of_giraffe_in_a_field_near_some_trees..png,0,0.08691247552633286,0,0.988006055355072,1
/shared/home/sarim.hashmi/usenix/benchmark/newbench_norm/real/A_couple_of_giraffe_standing_next_to_a_doorway..png,0,0.0405389778316021,0,0.9872623085975647,1
/shared/home/sarim.hashmi/usenix/benchmark/newbench_norm/real/A_couple_of_giraffe_standing_next_to_each_other..png,0,0.04234441742300987,0,0.987322986125946,1
/shared/home/sarim.hashmi/usenix/benchmark/newbench_norm/real/A_couple_of_older_men_sitting_on_top_of_a_bench..png,0,0.04282987490296364,0,0.9874109625816345,1
/shared/home/sarim.hashmi/usenix/benchmark/newbench_norm/real/A_couple_of_people_flying_kites_on_top_of_a_beach..png,0,0.06088677793741226,0,0.9865486025810242,1
/shared/home/sarim.hashmi/usenix/benchmark/newbench_norm/real/A_couple_of_people_standing_in_a_field_flying_a_giant_kite..png,0,0.0697023943066597,0,0.9872461557388306,1
/shared/home/sarim.hashmi/usenix/benchmark/newbench_norm/real/A_couple_of_people_standing_next_to_a_food_cart_filled_with_smoke..png,0,0.057498473674058914,0,0.9871082901954651,1
/shared/home/sarim.hashmi/usenix/benchmark/newbench_norm/real/A_couple_of_people_that_are_holding_an_umbrellas..png,0,0.06134573370218277,0,0.9862757921218872,1
/shared/home/sarim.hashmi/usenix/benchmark/newbench_norm/real/A_couple_of_red_motorcycles_parked_in_front_of_a_building..png,0,0.03525245934724808,0,0.9862120151519775,1
/shared/home/sarim.hashmi/usenix/benchmark/newbench_norm/real/A_couple_of_red_trains_parked_in_a_train_station..png,0,0.034525468945503235,0,0.9870772361755371,1
/shared/home/sarim.hashmi/usenix/benchmark/newbench_norm/real/A_couple_of_wooden_benches_sitting_across_from_each_other..png,0,0.027716653421521187,0,0.9877451062202454,1
/shared/home/sarim.hashmi/usenix/benchmark/newbench_norm/real/A_couple_of_zebra_walking_next_to_a_giraffe_on_a_lush_green_field..png,0,0.03979407250881195,0,0.9877439141273499,1
/shared/home/sarim.hashmi/usenix/benchmark/newbench_norm/real/A_crowded_city_street_filled_with_traffic_at_night..png,0,0.04287458583712578,0,0.9872491955757141,1
/shared/home/sarim.hashmi/usenix/benchmark/newbench_norm/real/A_crystal_bowl_filled_with_oranges_on_top_of_a_table..png,0,0.057672034949064255,0,0.9863036274909973,1
/shared/home/sarim.hashmi/usenix/benchmark/newbench_norm/real/A_custom_cake_featuring_a_fisherman_for_a_man's_65th_birthday._.png,0,0.07426414638757706,0,0.986851155757904,1
/shared/home/sarim.hashmi/usenix/benchmark/newbench_norm/real/A_desktop_computer_in_a_kitchen_with_a_lamp_next_to_it..png,0,0.05662139505147934,0,0.9856218695640564,1
/shared/home/sarim.hashmi/usenix/benchmark/newbench_norm/real/A_dinning_room_table_sitting_next_to_a_small_fireplace..png,0,0.03300317004323006,0,0.9876101016998291,1
/shared/home/sarim.hashmi/usenix/benchmark/newbench_norm/real/A_dirty_toilet_that_is_in_a_bathroom..png,0,0.0381086990237236,0,0.9868156313896179,1
/shared/home/sarim.hashmi/usenix/benchmark/newbench_norm/real/A_distant_airplane_flying_between_two_large_buildings..png,0,0.052643071860075,0,0.9843034744262695,1
/shared/home/sarim.hashmi/usenix/benchmark/newbench_norm/real/A_distant_shot_with_people_approaching_the_bus._.png,0,0.04356752336025238,0,0.986738920211792,1
/shared/home/sarim.hashmi/usenix/benchmark/newbench_norm/real/A_dog_and_a_goat_with_their_noses_touching_at_fence..png,0,0.052824635058641434,0,0.9875152111053467,1
/shared/home/sarim.hashmi/usenix/benchmark/newbench_norm/real/A_dog_is_posing_on_top_of_a_motorcycle._.png,0,0.050103411078453064,0,0.9874147772789001,1
/shared/home/sarim.hashmi/usenix/benchmark/newbench_norm/real/A_dog_laying_on_the_dashboard_of_a_vehicle..png,0,0.07566865533590317,0,0.9850586652755737,1
/shared/home/sarim.hashmi/usenix/benchmark/newbench_norm/real/A_dog_sitting_in_the_passenger_seat_of_a_car..png,0,0.03406057879328728,0,0.9876230955123901,1
/shared/home/sarim.hashmi/usenix/benchmark/newbench_norm/real/A_dog_wearing_a_Santa_Claus_hat._.png,0,0.08152475208044052,0,0.9848092198371887,1
/shared/home/sarim.hashmi/usenix/benchmark/newbench_norm/real/A_donkey_leads_a_herd_of_sheep_down_a_busy_street..png,0,0.045474812388420105,0,0.9862650036811829,1
"/shared/home/sarim.hashmi/usenix/benchmark/newbench_norm/real/A_doorway_view_with_a_toilet,_shower_and_a_sink..png",0,0.0530083030462265,0,0.9875542521476746,1
/shared/home/sarim.hashmi/usenix/benchmark/newbench_norm/real/A_double_decker_bus_driving_down_a_street..png,0,0.05452454835176468,0,0.98585444688797,1
/shared/home/sarim.hashmi/usenix/benchmark/newbench_norm/real/A_double_decker_bus_driving_down_a_street_past_a_tall_building..png,0,0.0371188260614872,0,0.9854684472084045,1
/shared/home/sarim.hashmi/usenix/benchmark/newbench_norm/real/A_duck_and_baby_ducks_are_in_the_blue_water..png,0,0.028200360015034676,0,0.9871640205383301,1
/shared/home/sarim.hashmi/usenix/benchmark/newbench_norm/real/A_faded_red_fire_hydrant_sitting_on_the_side_of_a_street..png,0,0.04555394500494003,0,0.9878913164138794,1
/shared/home/sarim.hashmi/usenix/benchmark/newbench_norm/real/A_family_of_giraffes_standing_next_to_a_pile_of_logs..png,0,0.04058540612459183,0,0.9873316884040833,1
/shared/home/sarim.hashmi/usenix/benchmark/newbench_norm/real/A_fancy_motorcycle_parked_on_a_red_carpet.png,0,0.048926714807748795,0,0.9876688122749329,1
/shared/home/sarim.hashmi/usenix/benchmark/newbench_norm/real/A_field_full_of_lots_of_yellow_flowers_with_a_train_passing_it_by..png,0,0.048531629145145416,0,0.9879041314125061,1
/shared/home/sarim.hashmi/usenix/benchmark/newbench_norm/real/A_fire_burns_while_a_person_rides_a_green_motorcycle_and_several_motorcycles_are_flipping_in_the_air.png,0,0.07770947366952896,0,0.9864931702613831,1
/shared/home/sarim.hashmi/usenix/benchmark/newbench_norm/real/A_fire_hydrant_covered_up_halfway_with_snow..png,0,0.04153433069586754,0,0.9877529144287109,1
/shared/home/sarim.hashmi/usenix/benchmark/newbench_norm/real/A_fire_hydrant_in_the_grass_near_the_curb_with_the_remnants_of_melting_snow.png,0,0.10531903058290482,0,0.9859111309051514,1
"/shared/home/sarim.hashmi/usenix/benchmark/newbench_norm/real/A_fire_hydrant_on_the_side_of_the_road,_it_looks_old..png",0,0.04574872553348541,0,0.987770676612854,1
/shared/home/sarim.hashmi/usenix/benchmark/newbench_norm/real/A_fire_hydrant_sitting_next_to_a_tree_in_a_forest..png,0,0.050463125109672546,0,0.9860272407531738,1
/shared/home/sarim.hashmi/usenix/benchmark/newbench_norm/real/A_fire_hydrant_that_is_red_on_top_and_says_to_open..png,0,0.03638064116239548,0,0.9877145290374756,1
/shared/home/sarim.hashmi/usenix/benchmark/newbench_norm/real/A_fire_hydrant_that_is_spewing_water_in_the_middle_of_a_city..png,0,0.11102942377328873,0,0.987486720085144,1
/shared/home/sarim.hashmi/usenix/benchmark/newbench_norm/real/A_flock_of_birds_are_flying_above_the_spire_of_a_building_tower..png,0,0.15253609418869019,0,0.9860456585884094,1
/shared/home/sarim.hashmi/usenix/benchmark/newbench_norm/real/A_flock_of_sheep_graze_on_a_hillside..png,0,0.058592792600393295,0,0.9849356412887573,1
/shared/home/sarim.hashmi/usenix/benchmark/newbench_norm/real/A_flock_of_sheep_grazing_in_a_field_of_grass..png,0,0.0397045724093914,0,0.9870009422302246,1
/shared/home/sarim.hashmi/usenix/benchmark/newbench_norm/real/A_folk_of_birds_flying_over_a_military_ship..png,0,0.04369167983531952,0,0.9863748550415039,1
/shared/home/sarim.hashmi/usenix/benchmark/newbench_norm/real/A_formation_of_birds_in_a_sky_at_sunset..png,0,0.13693352043628693,0,0.9844599962234497,1
/shared/home/sarim.hashmi/usenix/benchmark/newbench_norm/real/A_four_engine_Air_Algerie_prop_plane_with_landing_gear_out.png,0,0.048713505268096924,0,0.9862352013587952,1
/shared/home/sarim.hashmi/usenix/benchmark/newbench_norm/real/A_frozen_fire_hydrant_spewing_ice_out_into_a_street..png,0,0.05231275409460068,0,0.9874168634414673,1
"/shared/home/sarim.hashmi/usenix/benchmark/newbench_norm/real/A_full_perspective_of_a_restroom_view_with_a_few_things._
.png",0,0.04090093448758125,0,0.9867947697639465,1
/shared/home/sarim.hashmi/usenix/benchmark/newbench_norm/real/A_full_view_of_a_nice_and_comfortable_bed_with_pillows._.png,0,0.06113814935088158,0,0.986760139465332,1
/shared/home/sarim.hashmi/usenix/benchmark/newbench_norm/real/A_gang_of_bikers_riding_down_a_street_next_to_tall_buildings..png,0,0.04128427058458328,0,0.9864940643310547,1
/shared/home/sarim.hashmi/usenix/benchmark/newbench_norm/real/A_garden_is_surrounded_by_a_train_and_phone_booth._.png,0,0.04059743881225586,0,0.986257016658783,1
/shared/home/sarim.hashmi/usenix/benchmark/newbench_norm/real/A_giraffe_grazing_from_a_tree_with_rock_wall_in_background..png,0,0.042222701013088226,0,0.9867333769798279,1
/shared/home/sarim.hashmi/usenix/benchmark/newbench_norm/real/A_giraffe_in_a_grassy_field_near_a_hill..png,0,0.08405937254428864,0,0.9871445298194885,1
/shared/home/sarim.hashmi/usenix/benchmark/newbench_norm/real/A_giraffe_laying_on_the_ground_near_a_fence..png,0,0.04537835344672203,0,0.9866798520088196,1
/shared/home/sarim.hashmi/usenix/benchmark/newbench_norm/real/A_giraffe_stand_in_front_of_large_rocks_and_looks_at_a_tree..png,0,0.046809300780296326,0,0.9871405959129333,1
/shared/home/sarim.hashmi/usenix/benchmark/newbench_norm/real/A_giraffe_standing_next_to_a_tall_tree..png,0,0.047923389822244644,0,0.987877607345581,1
/shared/home/sarim.hashmi/usenix/benchmark/newbench_norm/real/A_giraffe_standing_on_a_dirt_road_next_to_plants..png,0,0.04317047819495201,0,0.9869745969772339,1
/shared/home/sarim.hashmi/usenix/benchmark/newbench_norm/real/A_giraffe_standing_on_top_of_a_lush_green_field..png,0,0.04490072652697563,0,0.9869784116744995,1
/shared/home/sarim.hashmi/usenix/benchmark/newbench_norm/real/A_giraffe_stands_with_several_birds_resting_on_it's_neck._.png,0,0.035189516842365265,0,0.9869250059127808,1
/shared/home/sarim.hashmi/usenix/benchmark/newbench_norm/real/A_giraffe_walking_across_a_dirt_and_grass_field..png,0,0.06229552626609802,0,0.9872488379478455,1
/shared/home/sarim.hashmi/usenix/benchmark/newbench_norm/real/A_giraffe_walking_across_a_lush_green_field..png,0,0.031734298914670944,0,0.9872424602508545,1
/shared/home/sarim.hashmi/usenix/benchmark/newbench_norm/real/A_giraffe_walking_in_a_field_with_gazelle's_looking_on._.png,0,0.03743086755275726,0,0.9868769645690918,1
/shared/home/sarim.hashmi/usenix/benchmark/newbench_norm/real/A_giraffe_walking_in_a_sandy_enclosure_.png,0,0.02998928725719452,0,0.9872839450836182,1
/shared/home/sarim.hashmi/usenix/benchmark/newbench_norm/real/A_girl_holding_a_skewer_with_a_banana_on_the_end.__.png,0,0.062199994921684265,0,0.9871013164520264,1
/shared/home/sarim.hashmi/usenix/benchmark/newbench_norm/real/A_girl_in_white_shirt_painting_a_black_umbrella..png,0,0.06284650415182114,0,0.9874390959739685,1
/shared/home/sarim.hashmi/usenix/benchmark/newbench_norm/real/A_girl_takes_a_picture_of_herself_in_the_mirror..png,0,0.04569168761372566,0,0.9869289398193359,1
/shared/home/sarim.hashmi/usenix/benchmark/newbench_norm/real/A_goat_standing_next_to_a_tree_in_the_open..png,0,0.040405794978141785,0,0.9856448173522949,1
/shared/home/sarim.hashmi/usenix/benchmark/newbench_norm/real/A_goat_with_very_long_horns_standing_in_front_of_a_tree..png,0,0.04280681535601616,0,0.9863772392272949,1
/shared/home/sarim.hashmi/usenix/benchmark/newbench_norm/real/A_gray_and_black_bird_sitting_next_to_the_ocean..png,0,0.034917522221803665,0,0.9871826171875,1
/shared/home/sarim.hashmi/usenix/benchmark/newbench_norm/real/A_gray_and_white_cat_sitting_in_blue_bowl..png,0,0.034409262239933014,0,0.9863966107368469,1
/shared/home/sarim.hashmi/usenix/benchmark/newbench_norm/real/A_gray_and_yellow_train_traveling_along_the_tracks.png,0,0.03123163804411888,0,0.9874102473258972,1
/shared/home/sarim.hashmi/usenix/benchmark/newbench_norm/real/A_gray_motorcycle_parked_in_a_parking_lot..png,0,0.039883166551589966,0,0.9869163036346436,1
/shared/home/sarim.hashmi/usenix/benchmark/newbench_norm/real/A_green_and_blue_bus_stopped_to_discharge_passengers..png,0,0.05006907507777214,0,0.9869278073310852,1
/shared/home/sarim.hashmi/usenix/benchmark/newbench_norm/real/A_green_and_white_bus_driving_down_a__city_street..png,0,0.029392901808023453,0,0.9855020046234131,1
/shared/home/sarim.hashmi/usenix/benchmark/newbench_norm/real/A_green_mailbox_with_graffiti_on_the_side.png,0,0.04981432855129242,0,0.9864488244056702,1
/shared/home/sarim.hashmi/usenix/benchmark/newbench_norm/real/A_green_mountain_bike_sitting_next_to_a_bridge_as_a_train_passes_by..png,0,0.05340287461876869,0,0.9871161580085754,1
/shared/home/sarim.hashmi/usenix/benchmark/newbench_norm/real/A_green_street_sign_sitting_below_a_large_tree..png,0,0.04795971140265465,0,0.9839021563529968,1
/shared/home/sarim.hashmi/usenix/benchmark/newbench_norm/real/A_green_train_traveling_down_train_tracks_next_to_another_train..png,0,0.05631686747074127,0,0.9872968196868896,1
/shared/home/sarim.hashmi/usenix/benchmark/newbench_norm/real/A_green_truck_parked_in_the_middle_of_a_garage..png,0,0.02941167913377285,0,0.9868924021720886,1
/shared/home/sarim.hashmi/usenix/benchmark/newbench_norm/real/A_grey_and_white_cat_outside_looking_into_a_window..png,0,0.022603292018175125,0,0.9875444173812866,1
/shared/home/sarim.hashmi/usenix/benchmark/newbench_norm/real/A_group_of_bikers_parked_in_the_middle_of_a_street..png,0,0.04386522248387337,0,0.9858106374740601,1
/shared/home/sarim.hashmi/usenix/benchmark/newbench_norm/real/A_group_of_birds_eating_at_a_bird_feeder.png,0,0.04619169235229492,0,0.9871238470077515,1
/shared/home/sarim.hashmi/usenix/benchmark/newbench_norm/real/A_group_of_elephants_are_standing_under_a_roof_cover..png,0,0.06340424716472626,0,0.9876367449760437,1
/shared/home/sarim.hashmi/usenix/benchmark/newbench_norm/real/A_group_of_giraffe_standing_next_to_each_other_on_a_field..png,0,0.04431239888072014,0,0.9871811270713806,1
/shared/home/sarim.hashmi/usenix/benchmark/newbench_norm/real/A_group_of_giraffe_standing_on_top_of_a_dirt_field..png,0,0.04001065716147423,0,0.9868925213813782,1
/shared/home/sarim.hashmi/usenix/benchmark/newbench_norm/real/A_group_of_giraffes_next_to_a_fence..png,0,0.05010250210762024,0,0.9868099689483643,1
/shared/home/sarim.hashmi/usenix/benchmark/newbench_norm/real/A_group_of_knives_mounted_to_a_kitchen_wall..png,0,0.0600041002035141,0,0.9858011603355408,1
/shared/home/sarim.hashmi/usenix/benchmark/newbench_norm/real/A_group_of_men_standing_around_a_luggage_cart..png,0,0.05414395034313202,0,0.9875108003616333,1
/shared/home/sarim.hashmi/usenix/benchmark/newbench_norm/real/A_group_of_men_standing_in_front_of_a_bar_having_a_conversation..png,0,0.07415080070495605,0,0.9876655340194702,1
/shared/home/sarim.hashmi/usenix/benchmark/newbench_norm/real/A_group_of_motorcycles_parked_in_front_of_a_building..png,0,0.04881050065159798,0,0.9862061142921448,1
/shared/home/sarim.hashmi/usenix/benchmark/newbench_norm/real/A_group_of_people_are_playing_some_musical_instruments..png,0,0.06517679989337921,0,0.9872564077377319,1
/shared/home/sarim.hashmi/usenix/benchmark/newbench_norm/real/A_group_of_people_eating_at_tables_under_umbrellas_in_front_of_a_restaurant..png,0,0.042468100786209106,0,0.9856768846511841,1
/shared/home/sarim.hashmi/usenix/benchmark/newbench_norm/real/A_group_of_people_in_suits_standing_in_a_kitchen..png,0,0.05509498342871666,0,0.9867979884147644,1
/shared/home/sarim.hashmi/usenix/benchmark/newbench_norm/real/A_group_of_people_on_a_city_street..png,0,0.04926809296011925,0,0.9874128103256226,1
/shared/home/sarim.hashmi/usenix/benchmark/newbench_norm/real/A_group_of_people_on_motorbikes_ride_on_a_path..png,0,0.04532653093338013,0,0.9865004420280457,1
/shared/home/sarim.hashmi/usenix/benchmark/newbench_norm/real/A_group_of_people_sitting_and_laying_next_to_each_other..png,0,0.04353735223412514,0,0.9865806102752686,1
/shared/home/sarim.hashmi/usenix/benchmark/newbench_norm/real/A_group_of_people_sitting_on_motor_bikes_on_a_street..png,0,0.10801813751459122,0,0.985680103302002,1
/shared/home/sarim.hashmi/usenix/benchmark/newbench_norm/real/A_group_of_people_sitting_on_strange_looking_benches._.png,0,0.05033824220299721,0,0.9875807762145996,1
/shared/home/sarim.hashmi/usenix/benchmark/newbench_norm/real/A_group_of_people_standing_outside_of_a_small_airplane..png,0,0.03378523886203766,0,0.9863522052764893,1
/shared/home/sarim.hashmi/usenix/benchmark/newbench_norm/real/A_group_of_police_officer_standing_in_front_of_a_red_bus..png,0,0.048943985253572464,0,0.986958920955658,1
/shared/home/sarim.hashmi/usenix/benchmark/newbench_norm/real/A_group_of_sheep_being_herded_by_a_black_dog..png,0,0.04639468714594841,0,0.9876282215118408,1
/shared/home/sarim.hashmi/usenix/benchmark/newbench_norm/real/A_group_of_sheep_is_standing_in_a_grassy_field..png,0,0.03971552103757858,0,0.9863309860229492,1
/shared/home/sarim.hashmi/usenix/benchmark/newbench_norm/real/A_group_of_sheep_sitting_next_to_a_tree..png,0,0.0380079559981823,0,0.9875203371047974,1
/shared/home/sarim.hashmi/usenix/benchmark/newbench_norm/real/A_group_of_small_exotic_birds_standing_on_a_large_bamboo_stick..png,0,0.042232319712638855,0,0.9871561527252197,1
/shared/home/sarim.hashmi/usenix/benchmark/newbench_norm/real/A_group_of_three_women_sitting_at_a_table_sharing_a_cup_of_tea..png,0,0.04865375533699989,0,0.9867604970932007,1
/shared/home/sarim.hashmi/usenix/benchmark/newbench_norm/real/A_group_of_women_standing_next_to_each_other_in_an_office..png,0,0.046701621264219284,0,0.9858272075653076,1
/shared/home/sarim.hashmi/usenix/benchmark/newbench_norm/real/A_guy_rides_a_bike_in_a_race_and_has_fun.png,0,0.03852275386452675,0,0.9864800572395325,1
/shared/home/sarim.hashmi/usenix/benchmark/newbench_norm/real/A_herd_of_animals_laying_down_in_a_lush_green_field..png,0,0.05108880251646042,0,0.9863604307174683,1
/shared/home/sarim.hashmi/usenix/benchmark/newbench_norm/real/A_herd_of_sheep_standing_on_a_grass_covered_hillside..png,0,0.03933718800544739,0,0.9873251914978027,1
/shared/home/sarim.hashmi/usenix/benchmark/newbench_norm/real/A_highway_scene_with_focus_on_an_exit_sign..png,0,0.04357180744409561,0,0.9859932661056519,1
/shared/home/sarim.hashmi/usenix/benchmark/newbench_norm/real/A_jet_is_flying_through_the_air_leaving_smoke_behind_it..png,0,0.05885212868452072,0,0.9853214621543884,1
"/shared/home/sarim.hashmi/usenix/benchmark/newbench_norm/real/A_kitchen_area_with_shelves,_counter_and_bar_stools..png",0,0.0560295395553112,0,0.9869066476821899,1
/shared/home/sarim.hashmi/usenix/benchmark/newbench_norm/real/A_kitchen_filled_with_appliances_and_track_lighting..png,0,0.04154147207736969,0,0.9875079989433289,1
/shared/home/sarim.hashmi/usenix/benchmark/newbench_norm/real/A_kitchen_filled_with_clutter_all_over_it's_counter..png,0,0.03681955114006996,0,0.9870284795761108,1
/shared/home/sarim.hashmi/usenix/benchmark/newbench_norm/real/A_kitchen_filled_with_wooden_cabinets_and_a_table..png,0,0.04469112306833267,0,0.9880808591842651,1
"/shared/home/sarim.hashmi/usenix/benchmark/newbench_norm/real/A_kitchen_is_displayed,_showing_wooden_cabinets_and_a_blue_tiled_counter_top..png",0,0.06298566609621048,0,0.9867110848426819,1
/shared/home/sarim.hashmi/usenix/benchmark/newbench_norm/real/A_kitchen_scene_with_focus_on_a_sink_and_oven..png,0,0.04743398725986481,0,0.9879750609397888,1
/shared/home/sarim.hashmi/usenix/benchmark/newbench_norm/real/A_kitchen_that_has_a_sink_and_cabinets_in_it..png,0,0.04290018603205681,0,0.9876419305801392,1
"/shared/home/sarim.hashmi/usenix/benchmark/newbench_norm/real/A_kitchen_that_has_different_types_of_pots,_and_pans_on_a_stove..png",0,0.085793636739254,0,0.9878653883934021,1
"/shared/home/sarim.hashmi/usenix/benchmark/newbench_norm/real/A_kitchen_that_includes_a_stove,_ovens_and_refrigerator..png",0,0.037460628896951675,0,0.988166868686676,1
/shared/home/sarim.hashmi/usenix/benchmark/newbench_norm/real/A_kitchen_that_is_ready_to_have_appliances_put_into_it..png,0,0.043309468775987625,0,0.9871793389320374,1
"/shared/home/sarim.hashmi/usenix/benchmark/newbench_norm/real/A_kitchen_with_a_refrigerator,_sink,_drawers_and_cabinets._.png",0,0.0605955608189106,0,0.9874024391174316,1
/shared/home/sarim.hashmi/usenix/benchmark/newbench_norm/real/A_kitchen_with_a_stove_and_a_microwave..png,0,0.03662190958857536,0,0.986885666847229,1
/shared/home/sarim.hashmi/usenix/benchmark/newbench_norm/real/A_kitchen_with_a_wooden_table__with_a_cat_sleeping_on_top_of_it..png,0,0.0362265482544899,0,0.9878415465354919,1
"/shared/home/sarim.hashmi/usenix/benchmark/newbench_norm/real/A_kitchen_with_an_oven,_stove_,_sink,_microwave_and_refrigerator..png",0,0.04346673563122749,0,0.9873043894767761,1
/shared/home/sarim.hashmi/usenix/benchmark/newbench_norm/real/A_kitchen_with_granite_counter_tops_and_a_large_oven..png,0,0.035918790847063065,0,0.9877457022666931,1
/shared/home/sarim.hashmi/usenix/benchmark/newbench_norm/real/A_kitchen_with_lots_of_black_counter_top_space..png,0,0.03977507725358009,0,0.9879916310310364,1
/shared/home/sarim.hashmi/usenix/benchmark/newbench_norm/real/A_kitchen_with_lots_of_clutter_a_door_with_a_large_window..png,0,0.05029929429292679,0,0.9869471788406372,1
/shared/home/sarim.hashmi/usenix/benchmark/newbench_norm/real/A_kitchen_with_wooden_cabinets_and_a_fridge.png,0,0.07085593789815903,0,0.9857369661331177,1
/shared/home/sarim.hashmi/usenix/benchmark/newbench_norm/real/A_kitchen_with_wooden_counter_tops_and_a_stove_top_oven..png,0,0.04008326679468155,0,0.9874511957168579,1
/shared/home/sarim.hashmi/usenix/benchmark/newbench_norm/real/A_kitchen_with_wooden_walls_and_cabinets_with_lighting..png,0,0.0481250174343586,0,0.9874211549758911,1
/shared/home/sarim.hashmi/usenix/benchmark/newbench_norm/real/A_kitten_eating_food_out_of_a_dish_on_the_kitchen_floor..png,0,0.03622310981154442,0,0.9866068363189697,1
/shared/home/sarim.hashmi/usenix/benchmark/newbench_norm/real/A_lady_in_bed_with_oxygen_tube_and_a_dog..png,0,0.0385034903883934,0,0.9865418672561646,1
/shared/home/sarim.hashmi/usenix/benchmark/newbench_norm/real/A_lady_with_a_flower_in_her_hair_taking_of_picture_of_herself_in_a_mirror..png,0,0.13652680814266205,0,0.9869217872619629,1
/shared/home/sarim.hashmi/usenix/benchmark/newbench_norm/real/A_laptop_computer_on_a_table_in_the_passenger_cabin_of_an_airplane..png,0,0.15083132684230804,0,0.9848849773406982,1
/shared/home/sarim.hashmi/usenix/benchmark/newbench_norm/real/A_laptop_computer_sitting_on_top_of_a_computer_desk..png,0,0.08654236048460007,0,0.9874230623245239,1
/shared/home/sarim.hashmi/usenix/benchmark/newbench_norm/real/A_large_air_plane_smoking_and_parked_in_the_snow_._.png,0,0.04578062891960144,0,0.9866069555282593,1
/shared/home/sarim.hashmi/usenix/benchmark/newbench_norm/real/A_large_airplane_flies_overhead_through_the_sky..png,0,0.043853603303432465,0,0.9859358072280884,1
/shared/home/sarim.hashmi/usenix/benchmark/newbench_norm/real/A_large_airplane_flying_over_a_lush_green_hillside..png,0,0.12301753461360931,0,0.9859116077423096,1
/shared/home/sarim.hashmi/usenix/benchmark/newbench_norm/real/A_large_bird_sitting_on_top_of_a_tree..png,0,0.07864600419998169,0,0.9870387315750122,1
/shared/home/sarim.hashmi/usenix/benchmark/newbench_norm/real/A_large_blue_train_on_a_steel_track..png,0,0.026414506137371063,0,0.9861187934875488,1
/shared/home/sarim.hashmi/usenix/benchmark/newbench_norm/real/A_large_body_of_water_in_front_of_a_shoreline_with_a_long_train_bridge..png,0,0.053001873195171356,0,0.986330509185791,1
/shared/home/sarim.hashmi/usenix/benchmark/newbench_norm/real/A_large_collection_of_cooking_utensils_hanging_on_a_wall..png,0,0.05164649337530136,0,0.9870294332504272,1
/shared/home/sarim.hashmi/usenix/benchmark/newbench_norm/real/A_large_exit_street_sign_laying_on_the_ground..png,0,0.041321128606796265,0,0.9849908947944641,1
"/shared/home/sarim.hashmi/usenix/benchmark/newbench_norm/real/A_large_filled_with_lots_of_purple_flowers_behind_a_blue_sign
.png",0,0.037259541451931,0,0.9850832223892212,1
/shared/home/sarim.hashmi/usenix/benchmark/newbench_norm/real/A_large_giraffe_standing_behind_a_wire_fence..png,0,0.055371977388858795,0,0.9876648783683777,1
/shared/home/sarim.hashmi/usenix/benchmark/newbench_norm/real/A_large_group_of_tall_giraffe_in_a_room..png,0,0.04735545814037323,0,0.9878540635108948,1
/shared/home/sarim.hashmi/usenix/benchmark/newbench_norm/real/A_large_jet_flying_through_a_cloudy_blue_sky..png,0,0.04435701668262482,0,0.9869523048400879,1
/shared/home/sarim.hashmi/usenix/benchmark/newbench_norm/real/A_large_jet_sitting_on_top_of_an_airport_tarmac..png,0,0.035462044179439545,0,0.9872902035713196,1
/shared/home/sarim.hashmi/usenix/benchmark/newbench_norm/real/A_large_jetliner_flying_over_a_tall_building_in_the_sky..png,0,0.2347649484872818,0,0.9825372099876404,1
/shared/home/sarim.hashmi/usenix/benchmark/newbench_norm/real/A_large_jetliner_flying_through_a_cloudy_blue_sky..png,0,0.043031420558691025,0,0.9864024519920349,1
/shared/home/sarim.hashmi/usenix/benchmark/newbench_norm/real/A_large_jetliner_sitting_on_top_of_an_airport_runway..png,0,0.03668743744492531,0,0.9861613512039185,1
/shared/home/sarim.hashmi/usenix/benchmark/newbench_norm/real/A_large_jetliner_sitting_on_top_of_an_airport_tarmac..png,0,0.059596817940473557,0,0.9869475364685059,1
/shared/home/sarim.hashmi/usenix/benchmark/newbench_norm/real/A_large_long_train_on_a_steel_track..png,0,0.031052283942699432,0,0.9870095252990723,1
/shared/home/sarim.hashmi/usenix/benchmark/newbench_norm/real/A_large_modern_bathroom_features_an_oversize_tub_and_walk-in_shower..png,0,0.04633292928338051,0,0.9877711534500122,1
/shared/home/sarim.hashmi/usenix/benchmark/newbench_norm/real/A_large_open_room_with_a_long_white_staircase..png,0,0.0599805973470211,0,0.9877433776855469,1
/shared/home/sarim.hashmi/usenix/benchmark/newbench_norm/real/A_large_passenger_jet_flying_over_the_top_of_a_forest..png,0,0.07140515744686127,0,0.985592246055603,1
/shared/home/sarim.hashmi/usenix/benchmark/newbench_norm/real/A_large_white_airplane_with_blue_tail_parked..png,0,0.03773371875286102,0,0.9873554110527039,1
/shared/home/sarim.hashmi/usenix/benchmark/newbench_norm/real/A_large_white_bush_driving_down_a_city_street..png,0,0.028258739039301872,0,0.9861704111099243,1
/shared/home/sarim.hashmi/usenix/benchmark/newbench_norm/real/A_large_white_castle_like_building_with_a_statue_in_front._.png,0,0.029042692855000496,0,0.9856231212615967,1
/shared/home/sarim.hashmi/usenix/benchmark/newbench_norm/real/A_large_white_dog_statue_sitting_next_to_a_clock..png,0,0.04345658794045448,0,0.9875580072402954,1
/shared/home/sarim.hashmi/usenix/benchmark/newbench_norm/real/A_larger_passenger_jet_flying_through_a_blue_sky..png,0,0.04468424618244171,0,0.9868425726890564,1
"/shared/home/sarim.hashmi/usenix/benchmark/newbench_norm/real/A_left_turn_signal,_stoplight_and_street_sign_are_hanging_on_a_pole..png",0,0.041683632880449295,0,0.9856577515602112,1
/shared/home/sarim.hashmi/usenix/benchmark/newbench_norm/real/A_little_boy_in_the_airport_watching_an_airplane..png,0,0.06048634275794029,0,0.9871422052383423,1
/shared/home/sarim.hashmi/usenix/benchmark/newbench_norm/real/A_little_boy_wearing_a_hat_and_leather_boots..png,0,0.05794065445661545,0,0.9858220219612122,1
/shared/home/sarim.hashmi/usenix/benchmark/newbench_norm/real/A_little_girl_climbing_up_steps_to_touch_a_giraffe..png,0,0.07262837141752243,0,0.9872118830680847,1
"/shared/home/sarim.hashmi/usenix/benchmark/newbench_norm/real/A_little_girl_lies_on_a_wooden_bench,_eating_snacks_from_a_bag..png",0,0.04243054613471031,0,0.9872310757637024,1
/shared/home/sarim.hashmi/usenix/benchmark/newbench_norm/real/A_lone_woman_stands_at_an_empty_train_station..png,0,0.04475562646985054,0,0.9862892627716064,1
/shared/home/sarim.hashmi/usenix/benchmark/newbench_norm/real/A_long_bench_sitting_next_to_a_large_fence..png,0,0.031135953962802887,0,0.9849997162818909,1
/shared/home/sarim.hashmi/usenix/benchmark/newbench_norm/real/A_lot_of_birds_flying_around_on_a_beach..png,0,0.04725939407944679,0,0.9870913028717041,1
/shared/home/sarim.hashmi/usenix/benchmark/newbench_norm/real/A_lot_of_thought_went_into_decorating_this_rustic_bathroom..png,0,0.054978713393211365,0,0.9883649349212646,1
/shared/home/sarim.hashmi/usenix/benchmark/newbench_norm/real/A_man's_reflection_is_in_a_mirror_of_a_bathroom..png,0,0.054623376578092575,0,0.9875909090042114,1
"/shared/home/sarim.hashmi/usenix/benchmark/newbench_norm/real/A_man,_woman_and_child_in_an_advertisement_vehicle_for_a_seafood_restaurant..png",0,0.037937719374895096,0,0.9866194725036621,1
/shared/home/sarim.hashmi/usenix/benchmark/newbench_norm/real/A_man_admiring_a_dog_on_a_bench_made_of_books..png,0,0.03658876568078995,0,0.987826406955719,1
/shared/home/sarim.hashmi/usenix/benchmark/newbench_norm/real/A_man_and_two_women_are_standing_beside_an_airplane..png,0,0.059981297701597214,0,0.9864627718925476,1
/shared/home/sarim.hashmi/usenix/benchmark/newbench_norm/real/A_man_and_two_women_walking_their_dogs_and_hiking_in_the_woods..png,0,0.04110780358314514,0,0.9873352646827698,1
/shared/home/sarim.hashmi/usenix/benchmark/newbench_norm/real/A_man_cycling_and_a_Stop_sign_at_the_front.png,0,0.031942736357450485,0,0.9852334856987,1
/shared/home/sarim.hashmi/usenix/benchmark/newbench_norm/real/A_man_drives_fast_in_a_motorcycle_with_kids_in_the_sidecar.png,0,0.05507922172546387,0,0.9876525402069092,1
/shared/home/sarim.hashmi/usenix/benchmark/newbench_norm/real/A_man_fixing_a_traffic_light_while_on_a_cherry_picker..png,0,0.04192247614264488,0,0.9867488741874695,1
/shared/home/sarim.hashmi/usenix/benchmark/newbench_norm/real/A_man_flying_through_the_air_while_riding_a_snowboard..png,0,0.0594373494386673,0,0.9869592785835266,1
/shared/home/sarim.hashmi/usenix/benchmark/newbench_norm/real/A_man_flying_through_the_air_while_riding_a_surfboard..png,0,0.0927225723862648,0,0.9874402284622192,1
/shared/home/sarim.hashmi/usenix/benchmark/newbench_norm/real/A_man_in_a_dress_riding_a_tiger_motorcycle..png,0,0.06967885047197342,0,0.9873034358024597,1
/shared/home/sarim.hashmi/usenix/benchmark/newbench_norm/real/A_man_in_a_gray_jacket_standing_in_a_kitchen_next_to_a_black_dog..png,0,0.04767729341983795,0,0.9868674278259277,1
/shared/home/sarim.hashmi/usenix/benchmark/newbench_norm/real/A_man_in_a_wetsuit_is_holding_his_surfboard_on_the_pier._.png,0,0.054543036967515945,0,0.9844448566436768,1
/shared/home/sarim.hashmi/usenix/benchmark/newbench_norm/real/A_man_in_hipster_clothes_straddling_a_bicycle_on_the_sidewalk..png,0,0.04314030706882477,0,0.9864288568496704,1
/shared/home/sarim.hashmi/usenix/benchmark/newbench_norm/real/A_man_is_feeding_a_griaffe_off_of_the_stand.png,0,0.04261958226561546,0,0.9876931309700012,1
/shared/home/sarim.hashmi/usenix/benchmark/newbench_norm/real/A_man_is_sitting_in_a_beige_chair_in_a_living_room.png,0,0.0522187277674675,0,0.9880335330963135,1
/shared/home/sarim.hashmi/usenix/benchmark/newbench_norm/real/A_man_is_sitting_on_a_bench_reading_a_book..png,0,0.05376170203089714,0,0.9867250919342041,1
/shared/home/sarim.hashmi/usenix/benchmark/newbench_norm/real/A_man_laying_on_the_ground_in_front_of_a_motorcycle..png,0,0.11063539981842041,0,0.9872354865074158,1
/shared/home/sarim.hashmi/usenix/benchmark/newbench_norm/real/A_man_on_a_motorcycle_with_a_group_of_people_standing_around_it..png,0,0.048230305314064026,0,0.9873292446136475,1
/shared/home/sarim.hashmi/usenix/benchmark/newbench_norm/real/A_man_on_a_motorcycle_with_a_woman_on_back.png,0,0.0897476077079773,0,0.9872806668281555,1
/shared/home/sarim.hashmi/usenix/benchmark/newbench_norm/real/A_man_on_a_skateboard_riding_on_a_street..png,0,0.12333344668149948,0,0.9862889051437378,1
/shared/home/sarim.hashmi/usenix/benchmark/newbench_norm/real/A_man_on_bicycle_carrying_bunches_of_bananas_through_street..png,0,0.1015145555138588,0,0.986227810382843,1
/shared/home/sarim.hashmi/usenix/benchmark/newbench_norm/real/A_man_preparing_food_in_a_restaurant_kitchen._.png,0,0.08227680623531342,0,0.987204372882843,1
/shared/home/sarim.hashmi/usenix/benchmark/newbench_norm/real/A_man_races_a_motorcycle_on_a_track..png,0,0.03843672573566437,0,0.9869029521942139,1
/shared/home/sarim.hashmi/usenix/benchmark/newbench_norm/real/A_man_riding_a_bike_down_a_dark_city_street..png,0,0.04484667629003525,0,0.9879388809204102,1
/shared/home/sarim.hashmi/usenix/benchmark/newbench_norm/real/A_man_riding_a_bike_down_a_street..png,0,0.05449817702174187,0,0.9874699115753174,1
/shared/home/sarim.hashmi/usenix/benchmark/newbench_norm/real/A_man_riding_a_bike_down_a_street_past_a_young_man..png,0,0.042500995099544525,0,0.9875039458274841,1
/shared/home/sarim.hashmi/usenix/benchmark/newbench_norm/real/A_man_riding_a_bike_on_a_dirt_path_through_a_forest..png,0,0.034079354256391525,0,0.9877967238426208,1
/shared/home/sarim.hashmi/usenix/benchmark/newbench_norm/real/A_man_riding_a_motorcycle_across_a_sandy_beach..png,0,0.10695333033800125,0,0.9865292310714722,1
/shared/home/sarim.hashmi/usenix/benchmark/newbench_norm/real/A_man_riding_a_motorcycle_next_to_a_red_stop_sign..png,0,0.039406176656484604,0,0.9866170883178711,1
/shared/home/sarim.hashmi/usenix/benchmark/newbench_norm/real/A_man_riding_a_motorcycle_with_a_helmet_on._.png,0,0.08429014682769775,0,0.987991988658905,1
/shared/home/sarim.hashmi/usenix/benchmark/newbench_norm/real/A_man_riding_on_the_back_of_another_mans_bike_in_the_street.png,0,0.04419847950339317,0,0.9865973591804504,1
/shared/home/sarim.hashmi/usenix/benchmark/newbench_norm/real/A_man_sees_a_double_reflection_in_his_mirror..png,0,0.04832771420478821,0,0.9884082674980164,1
/shared/home/sarim.hashmi/usenix/benchmark/newbench_norm/real/A_man_sitting_at_a_park_working_on_a_laptop_computer..png,0,0.05780940502882004,0,0.9865480065345764,1
/shared/home/sarim.hashmi/usenix/benchmark/newbench_norm/real/A_man_sitting_on_his_skateboard_in_a_field..png,0,0.031602464616298676,0,0.9867662191390991,1
/shared/home/sarim.hashmi/usenix/benchmark/newbench_norm/real/A_man_sleeping_on_a_navy_blue_pillow_with_a_TV_monitor_in_place_of_his_head._.png,0,0.0905422568321228,0,0.9863073229789734,1
/shared/home/sarim.hashmi/usenix/benchmark/newbench_norm/real/A_man_standing_in_front_of_a_mirror_above_a_counter..png,0,0.04575945809483528,0,0.9879081845283508,1
/shared/home/sarim.hashmi/usenix/benchmark/newbench_norm/real/A_man_standing_next_to_a_car_in_the_snow..png,0,0.0429893434047699,0,0.9860763549804688,1
/shared/home/sarim.hashmi/usenix/benchmark/newbench_norm/real/A_man_standing_next_to_a_motorcycle_on_the_side_of_a_hill..png,0,0.037530720233917236,0,0.98737633228302,1
/shared/home/sarim.hashmi/usenix/benchmark/newbench_norm/real/A_man_standing_next_to_a_parked_motorcycle..png,0,0.034830622375011444,0,0.9876299500465393,1
/shared/home/sarim.hashmi/usenix/benchmark/newbench_norm/real/A_man_standing_next_to_a_woman_in_a_room..png,0,0.05525292456150055,0,0.9872380495071411,1
/shared/home/sarim.hashmi/usenix/benchmark/newbench_norm/real/A_man_standing_outdoors_next_to_a_dirt_bike_and_ATV..png,0,0.029930898919701576,0,0.9826579689979553,1
/shared/home/sarim.hashmi/usenix/benchmark/newbench_norm/real/A_man_standing_outside_of_a_building_next_to_bicycles..png,0,0.09488838165998459,0,0.987501859664917,1
/shared/home/sarim.hashmi/usenix/benchmark/newbench_norm/real/A_man_taking_a_picture_of_his_reflection_in_the_bathroom.png,0,0.05562414601445198,0,0.9861894249916077,1
/shared/home/sarim.hashmi/usenix/benchmark/newbench_norm/real/A_man_that_has_a_happy_new__year_hat_on..png,0,0.04261855036020279,0,0.9877747297286987,1
/shared/home/sarim.hashmi/usenix/benchmark/newbench_norm/real/A_man_thinks_as_he_stands_in_front_of_a_sign..png,0,0.13344958424568176,0,0.986483633518219,1
/shared/home/sarim.hashmi/usenix/benchmark/newbench_norm/real/A_man_walking_down_a_road_in_front_of_a_double_decker_bus..png,0,0.03564227744936943,0,0.9865902662277222,1
/shared/home/sarim.hashmi/usenix/benchmark/newbench_norm/real/A_man_walking_down_a_road_with_a_horse_and_carriage_coming_at_him..png,0,0.038989827036857605,0,0.9869934320449829,1
/shared/home/sarim.hashmi/usenix/benchmark/newbench_norm/real/A_man_walking_towards_a_stop_sign_on_the_sidewalk..png,0,0.03585253283381462,0,0.9865574240684509,1
/shared/home/sarim.hashmi/usenix/benchmark/newbench_norm/real/A_man_walking_while_holding_an_umbrella_on_a_wet_sidewalk..png,0,0.04923436418175697,0,0.9871130585670471,1
/shared/home/sarim.hashmi/usenix/benchmark/newbench_norm/real/A_man_walks_across_a_street_with_a_stop_sign_in_the_foreground..png,0,0.05070720240473747,0,0.9865017533302307,1
/shared/home/sarim.hashmi/usenix/benchmark/newbench_norm/real/A_man_watching_a_single_engine_plane_make_an_approach_to_land..png,0,0.05304655432701111,0,0.9853969216346741,1
/shared/home/sarim.hashmi/usenix/benchmark/newbench_norm/real/A_man_wearing_a_glove_with_a_bird_on_top_of_it..png,0,0.06920156627893448,0,0.9878180027008057,1
/shared/home/sarim.hashmi/usenix/benchmark/newbench_norm/real/A_man_wearing_a_hat_riding_a_motorcycle..png,0,0.06068962439894676,0,0.9875563979148865,1
/shared/home/sarim.hashmi/usenix/benchmark/newbench_norm/real/A_man_wearing_jeans_sitting_on_a_parked_motorcycle..png,0,0.043801650404930115,0,0.9865686893463135,1
/shared/home/sarim.hashmi/usenix/benchmark/newbench_norm/real/A_man_with_camera_watching_a_group_of_giraffes.png,0,0.04384135827422142,0,0.987316370010376,1
/shared/home/sarim.hashmi/usenix/benchmark/newbench_norm/real/A_man_with_glasses_riding_in_a_car_with_an_adorable_dog_in_the_backseat..png,0,0.09781971573829651,0,0.9867808222770691,1
/shared/home/sarim.hashmi/usenix/benchmark/newbench_norm/real/A_marble_tiled_bathroom_with_double_sinks_and_wooden_cabinets.png,0,0.03577551990747452,0,0.9876489043235779,1
/shared/home/sarim.hashmi/usenix/benchmark/newbench_norm/real/A_men's_public_washroom_with_a_blue_floor._.png,0,0.03330910950899124,0,0.9858497977256775,1
/shared/home/sarim.hashmi/usenix/benchmark/newbench_norm/real/A_messy_desk_is_shown_with_a_laptop_computer..png,0,0.03691726177930832,0,0.9872892498970032,1
/shared/home/sarim.hashmi/usenix/benchmark/newbench_norm/real/A_metal_pole_with_four_different_street_signs_hanging_on_it's_side..png,0,0.044379569590091705,0,0.98616623878479,1
/shared/home/sarim.hashmi/usenix/benchmark/newbench_norm/real/A_metal_sink_and_a_row_of_white_urinals.png,0,0.02793610841035843,0,0.9863736629486084,1
/shared/home/sarim.hashmi/usenix/benchmark/newbench_norm/real/A_military_air_craft_flies_in_the_sky_with_landing_gear_down._.png,0,0.053538814187049866,0,0.9875726699829102,1
/shared/home/sarim.hashmi/usenix/benchmark/newbench_norm/real/A_miniature_train_in_a_park_full_of_people..png,0,0.033985573798418045,0,0.9865152835845947,1
/shared/home/sarim.hashmi/usenix/benchmark/newbench_norm/real/A_modern_bathroom_is_shown_with_a_square_sink..png,0,0.05957474187016487,0,0.9866095185279846,1
/shared/home/sarim.hashmi/usenix/benchmark/newbench_norm/real/A_modern_jet_airplane_coming_in_to_park_at_the_gate_of_an_airport.png,0,0.042343903332948685,0,0.9865638017654419,1
/shared/home/sarim.hashmi/usenix/benchmark/newbench_norm/real/A_modified_motorcycle_parked_with_other_motorcycles_on_the_pavement..png,0,0.03360704705119133,0,0.9881017208099365,1
/shared/home/sarim.hashmi/usenix/benchmark/newbench_norm/real/A_monitor_showing_a_film_on_an_airplane..png,0,0.05962608754634857,0,0.9866687059402466,1
/shared/home/sarim.hashmi/usenix/benchmark/newbench_norm/real/A_mother_bird_and_her_offspring_walk_in_a_meadow..png,0,0.03796698898077011,0,0.9871211647987366,1
/shared/home/sarim.hashmi/usenix/benchmark/newbench_norm/real/A_motorcycle_carrying_a_bicycle_is_parked_in_the_gravel._.png,0,0.03572893515229225,0,0.9873015880584717,1
/shared/home/sarim.hashmi/usenix/benchmark/newbench_norm/real/A_motorcycle_is_in_a_parking_lot_with_a_helmet_on_top..png,0,0.041136275976896286,0,0.9884347915649414,1
/shared/home/sarim.hashmi/usenix/benchmark/newbench_norm/real/A_motorcycle_is_parked_in_the_gravel_alongside_a_street..png,0,0.03423099219799042,0,0.9874498844146729,1
/shared/home/sarim.hashmi/usenix/benchmark/newbench_norm/real/A_motorcycle_parked_behind_a_truck_on_a_green_field..png,0,0.049712885171175,0,0.9881908893585205,1
/shared/home/sarim.hashmi/usenix/benchmark/newbench_norm/real/A_motorcycle_parked_next_to_a_few_bicycles..png,0,0.024295127019286156,0,0.9853519797325134,1
/shared/home/sarim.hashmi/usenix/benchmark/newbench_norm/real/A_motorcycle_parked_next_to_each_other_near_people...png,0,0.03236710652709007,0,0.9875139594078064,1
/shared/home/sarim.hashmi/usenix/benchmark/newbench_norm/real/A_motorcycle_parked_on_top_of_a_tiled_floor..png,0,0.03446832671761513,0,0.9871529936790466,1
/shared/home/sarim.hashmi/usenix/benchmark/newbench_norm/real/A_motorcycle_sits_parked_across_from_a_herd_of_livestock..png,0,0.03650728985667229,0,0.9879911541938782,1
/shared/home/sarim.hashmi/usenix/benchmark/newbench_norm/real/A_nice_spacious_bathroom_with_light_brown_tile..png,0,0.037102680653333664,0,0.987051248550415,1
/shared/home/sarim.hashmi/usenix/benchmark/newbench_norm/real/A_no_left_turn_sign_hanging_from_the_side_of_a_wooden_pole..png,0,0.03658190742135048,0,0.987644612789154,1
/shared/home/sarim.hashmi/usenix/benchmark/newbench_norm/real/A_pair_of_remote_controlled_planes_flying_through_the_air..png,0,0.046126946806907654,0,0.9868971705436707,1
/shared/home/sarim.hashmi/usenix/benchmark/newbench_norm/real/A_pair_of_sheep_looking_eagerly_at_something_through_a_fence..png,0,0.038264062255620956,0,0.9874332547187805,1
/shared/home/sarim.hashmi/usenix/benchmark/newbench_norm/real/A_pair_of_sneakers_hang_in_the_background_at_this_street_corner..png,0,0.052940111607313156,0,0.9841629266738892,1
/shared/home/sarim.hashmi/usenix/benchmark/newbench_norm/real/A_pan_filled_with_veggies_and_a_block_of_butter..png,0,0.061126530170440674,0,0.987646222114563,1
/shared/home/sarim.hashmi/usenix/benchmark/newbench_norm/real/A_parked_motorcycle_sitting_next_to_a_white_brick_wall..png,0,0.03751189634203911,0,0.9858669638633728,1
/shared/home/sarim.hashmi/usenix/benchmark/newbench_norm/real/A_parking_lot_filled_with_large_passenger_buses..png,0,0.05668450891971588,0,0.9866198301315308,1
/shared/home/sarim.hashmi/usenix/benchmark/newbench_norm/real/A_parking_meter_lies_askew_on_a_street..png,0,0.041143275797367096,0,0.986492931842804,1
/shared/home/sarim.hashmi/usenix/benchmark/newbench_norm/real/A_parking_sign_is_displaying_spaces_available_on_a_city_street.png,0,0.04261216148734093,0,0.9838235378265381,1
/shared/home/sarim.hashmi/usenix/benchmark/newbench_norm/real/A_passenger_jet_aircraft_flying_in_the_sky..png,0,0.06027548015117645,0,0.9853693842887878,1
/shared/home/sarim.hashmi/usenix/benchmark/newbench_norm/real/A_passenger_jet_that_is_pulled_in_next_to_the_terminal..png,0,0.04133201763033867,0,0.9871845841407776,1
/shared/home/sarim.hashmi/usenix/benchmark/newbench_norm/real/A_passenger_plane_that_is_parked_on_the_runway..png,0,0.09385541826486588,0,0.9856154918670654,1
/shared/home/sarim.hashmi/usenix/benchmark/newbench_norm/real/A_patch_of_grass_with_lots_of_bikes_parked_on_it..png,0,0.04236875846982002,0,0.9876387119293213,1
/shared/home/sarim.hashmi/usenix/benchmark/newbench_norm/real/A_person_drives_a_bus_on_a_busy_road._.png,0,0.04894958436489105,0,0.9872592091560364,1
/shared/home/sarim.hashmi/usenix/benchmark/newbench_norm/real/A_person_driving_a_car_towards_an_overpass..png,0,0.031613320112228394,0,0.9858276844024658,1
/shared/home/sarim.hashmi/usenix/benchmark/newbench_norm/real/A_person_feeding_a_giraffe_while_wearing_a_hat..png,0,0.038036175072193146,0,0.9873868823051453,1
/shared/home/sarim.hashmi/usenix/benchmark/newbench_norm/real/A_person_holding_a_black_cat_next_to_their_face..png,0,0.030187038704752922,0,0.9871267676353455,1
/shared/home/sarim.hashmi/usenix/benchmark/newbench_norm/real/A_person_holding_up_a_piece_of_banana_to_the_camera..png,0,0.06502890586853027,0,0.9862070083618164,1
/shared/home/sarim.hashmi/usenix/benchmark/newbench_norm/real/A_person_is_driving_a_speedboat_quickly_through_the_water..png,0,0.053727805614471436,0,0.987000048160553,1
/shared/home/sarim.hashmi/usenix/benchmark/newbench_norm/real/A_person_is_on_a_bench_near_a_grassy_field..png,0,0.17461656033992767,0,0.9866560697555542,1
/shared/home/sarim.hashmi/usenix/benchmark/newbench_norm/real/A_person_laying_on_an_inflatable_mattress_with_two_sleeping_bags..png,0,0.07106523215770721,0,0.9873835444450378,1
/shared/home/sarim.hashmi/usenix/benchmark/newbench_norm/real/A_person_leading_a_herd_of_sheep_with_a_dog..png,0,0.03215304762125015,0,0.9866477251052856,1
/shared/home/sarim.hashmi/usenix/benchmark/newbench_norm/real/A_person_on_a_street_next_to_a_motor_bike..png,0,0.054075535386800766,0,0.9868444204330444,1
/shared/home/sarim.hashmi/usenix/benchmark/newbench_norm/real/A_person_riding_a_speed_motorcycle_on_a_track..png,0,0.03994486480951309,0,0.9867183566093445,1
/shared/home/sarim.hashmi/usenix/benchmark/newbench_norm/real/A_person_sitting_on_top_of_a_bench_with_their_arms_spread_out..png,0,0.0996425449848175,0,0.9849643111228943,1
/shared/home/sarim.hashmi/usenix/benchmark/newbench_norm/real/A_person_standing_next_to_a_couple_of_motor_bikes..png,0,0.055299416184425354,0,0.9868576526641846,1
/shared/home/sarim.hashmi/usenix/benchmark/newbench_norm/real/A_person_walking_in_the_rain_on_the_sidewalk._.png,0,0.07091211527585983,0,0.9863718152046204,1
/shared/home/sarim.hashmi/usenix/benchmark/newbench_norm/real/A_person_with_an_umbrella_is_standing_by_a_fountain..png,0,0.03853880614042282,0,0.9873254299163818,1
/shared/home/sarim.hashmi/usenix/benchmark/newbench_norm/real/A_photo_of_a_restroom_containing_two_toilets..png,0,0.03414985537528992,0,0.986583411693573,1
/shared/home/sarim.hashmi/usenix/benchmark/newbench_norm/real/A_picture_of_a_group_of_fighter_jets_flying_together..png,0,0.07326816022396088,0,0.9872194528579712,1
/shared/home/sarim.hashmi/usenix/benchmark/newbench_norm/real/A_picture_of_a_stone_bench_in_a_park..png,0,0.03432333841919899,0,0.9865095019340515,1
/shared/home/sarim.hashmi/usenix/benchmark/newbench_norm/real/A_picture_of_a_train_coming_out_of_a_house..png,0,0.04142039269208908,0,0.987106442451477,1
/shared/home/sarim.hashmi/usenix/benchmark/newbench_norm/real/A_picture_of_a_wooden_container_with_crosses_on_it..png,0,0.04978027567267418,0,0.986652135848999,1
/shared/home/sarim.hashmi/usenix/benchmark/newbench_norm/real/A_picture_of_large_glass_door_trimmed_in_white_and_a_large_beige_structure_beside_it..png,0,0.14436419308185577,0,0.9866525530815125,1
/shared/home/sarim.hashmi/usenix/benchmark/newbench_norm/real/A_picture_taken_from_the_driver_seat_of_car_at_a_stop_sign..png,0,0.03553137928247452,0,0.9845383167266846,1
/shared/home/sarim.hashmi/usenix/benchmark/newbench_norm/real/A_pigeon_perched_on_a_ledge_with_a_street_behind_it..png,0,0.05302964895963669,0,0.9871156811714172,1
/shared/home/sarim.hashmi/usenix/benchmark/newbench_norm/real/A_pile_of_toilet_paper_sitting_on_top_of_a_toilet..png,0,0.03538054972887039,0,0.9856947064399719,1
/shared/home/sarim.hashmi/usenix/benchmark/newbench_norm/real/A_pirstine_white_and_black_bathroom_with_a_tub_by_a_window.png,0,0.04395590350031853,0,0.9874858260154724,1
/shared/home/sarim.hashmi/usenix/benchmark/newbench_norm/real/A_plane_is_parked_near_the_pretty_blue_ocean._.png,0,0.05216344818472862,0,0.9875613451004028,1
/shared/home/sarim.hashmi/usenix/benchmark/newbench_norm/real/A_police_man_on_a_motorcycle_drives_down_the_road..png,0,0.0401618629693985,0,0.987362265586853,1
/shared/home/sarim.hashmi/usenix/benchmark/newbench_norm/real/A_police_officer_directing_traffic_in_front_of_a_yellow_double_deck_bus..png,0,0.042685434222221375,0,0.9874070882797241,1
/shared/home/sarim.hashmi/usenix/benchmark/newbench_norm/real/A_pretty_bird_is_sitting_on_a_tree_branch..png,0,0.12026156485080719,0,0.9868432879447937,1
/shared/home/sarim.hashmi/usenix/benchmark/newbench_norm/real/A_professional_motorcycle_driver_riding_his_bike_on_the_track..png,0,0.042071953415870667,0,0.9870108366012573,1
"/shared/home/sarim.hashmi/usenix/benchmark/newbench_norm/real/A_rear_view_mirror_on_a_bike_is_reflecting_a_poster_on_building.
.png",0,0.056018780916929245,0,0.9863219261169434,1
"/shared/home/sarim.hashmi/usenix/benchmark/newbench_norm/real/A_red,_white_and_blue_train_next_to_satellites..png",0,0.027707427740097046,0,0.9866857528686523,1
/shared/home/sarim.hashmi/usenix/benchmark/newbench_norm/real/A_red_all_terrain_vehicle_next_to_a_man_with_a_green_dirt_bike..png,0,0.03851725533604622,0,0.9856845140457153,1
/shared/home/sarim.hashmi/usenix/benchmark/newbench_norm/real/A_red_and_black_motorcycle_parked_near_another_bike..png,0,0.041507966816425323,0,0.9880943894386292,1
/shared/home/sarim.hashmi/usenix/benchmark/newbench_norm/real/A_red_and_white_fire_hydrant_is_on_the_lawn..png,0,0.049799662083387375,0,0.9868735671043396,1
/shared/home/sarim.hashmi/usenix/benchmark/newbench_norm/real/A_red_and_white_fire_hydrant_on_a_sidewalk_at_the_park..png,0,0.04458678886294365,0,0.9861273765563965,1
"/shared/home/sarim.hashmi/usenix/benchmark/newbench_norm/real/A_red_and_yellow_bus_sits_on_the_back_of_a_flatbed_truck,_driving_down_the_highway..png",0,0.056627240031957626,0,0.9859426617622375,1
/shared/home/sarim.hashmi/usenix/benchmark/newbench_norm/real/A_red_fire_hydrant_between_two_trees_in_front_of_a_building..png,0,0.022039007395505905,0,0.9881044030189514,1
/shared/home/sarim.hashmi/usenix/benchmark/newbench_norm/real/A_red_fire_hydrant_on_the_side_of_a_street..png,0,0.03762220963835716,0,0.9868506193161011,1
/shared/home/sarim.hashmi/usenix/benchmark/newbench_norm/real/A_red_fire_hydrant_with_a_green_cap_with_a_bird_on_top_of_it..png,0,0.05282130092382431,0,0.9862530827522278,1
/shared/home/sarim.hashmi/usenix/benchmark/newbench_norm/real/A_red_motorcycle_is_parked_in_between_white_lines..png,0,0.028889626264572144,0,0.9876124262809753,1
/shared/home/sarim.hashmi/usenix/benchmark/newbench_norm/real/A_red_motorcycle_riding_down_one_side_of_the_street_and_a_cow_walking_down_the_other_side_of_the_str.png,0,0.08670570701360703,0,0.9858314990997314,1
/shared/home/sarim.hashmi/usenix/benchmark/newbench_norm/real/A_red_small_engine_plane_in_motion_on_a_field..png,0,0.05600038543343544,0,0.987301230430603,1
/shared/home/sarim.hashmi/usenix/benchmark/newbench_norm/real/A_red_stop_sign_mounted_to_the_top_of_a_metal_pole..png,0,0.040405355393886566,0,0.9871900677680969,1
/shared/home/sarim.hashmi/usenix/benchmark/newbench_norm/real/A_red_stop_sign_on_a_gate_next_to_a_grass_covered_field..png,0,0.1386844515800476,0,0.985275149345398,1
/shared/home/sarim.hashmi/usenix/benchmark/newbench_norm/real/A_red_stop_sign_on_the_side_of_a_brick_road..png,0,0.024915235117077827,0,0.9867495894432068,1
/shared/home/sarim.hashmi/usenix/benchmark/newbench_norm/real/A_red_stop_sign_sitting_on_the_side_of_a_pole..png,0,0.042998623102903366,0,0.9863579869270325,1
/shared/home/sarim.hashmi/usenix/benchmark/newbench_norm/real/A_red_stop_sign_sitting_on_the_side_of_a_road..png,0,0.03225861117243767,0,0.9855713844299316,1
/shared/home/sarim.hashmi/usenix/benchmark/newbench_norm/real/A_red_stop_sign_with_a_sticker_of_a_man_holding_up_a_sword..png,0,0.102558933198452,0,0.987179696559906,1
/shared/home/sarim.hashmi/usenix/benchmark/newbench_norm/real/A_red_traffic_with_a_mirror_hanging_off_the_side_of_it..png,0,0.051579851657152176,0,0.9860095977783203,1
/shared/home/sarim.hashmi/usenix/benchmark/newbench_norm/real/A_red_train_driving_on_a_train_train_track_next_to_an_elevated_stone_sidewalk..png,0,0.030270302668213844,0,0.9865509271621704,1
/shared/home/sarim.hashmi/usenix/benchmark/newbench_norm/real/A_red_train_traveling_under_a_bridge_on_train_tracks..png,0,0.048207469284534454,0,0.9870947003364563,1
/shared/home/sarim.hashmi/usenix/benchmark/newbench_norm/real/A_red_trolly_bus_driving_down_a_dirt_road..png,0,0.02971315011382103,0,0.9873101711273193,1
/shared/home/sarim.hashmi/usenix/benchmark/newbench_norm/real/A_road_sign_on_the_side_of_a_road..png,0,0.08870316296815872,0,0.9872149229049683,1
/shared/home/sarim.hashmi/usenix/benchmark/newbench_norm/real/A_room_with_white_walls_and_bright_lights..png,0,0.08949067443609238,0,0.9864375591278076,1
/shared/home/sarim.hashmi/usenix/benchmark/newbench_norm/real/A_row_of_birds_are_flying_against_a_blue_sky..png,0,0.10096365213394165,0,0.9860876202583313,1
/shared/home/sarim.hashmi/usenix/benchmark/newbench_norm/real/A_row_of_motorcycles_sitting_on_top_of_a_parking_lot..png,0,0.04406335949897766,0,0.9876921772956848,1
/shared/home/sarim.hashmi/usenix/benchmark/newbench_norm/real/A_row_of_red_and_white_umbrellas_stand_above_tables_in_an_outdoor_eating_area..png,0,0.035177018493413925,0,0.9866998195648193,1
/shared/home/sarim.hashmi/usenix/benchmark/newbench_norm/real/A_row_of_wall_mounted_urinals_under_aquariums..png,0,0.10167154669761658,0,0.9870368242263794,1
/shared/home/sarim.hashmi/usenix/benchmark/newbench_norm/real/A_rusty_side_car_of_a_train_that_has_been_vandalized_with_artwork..png,0,0.1226142942905426,0,0.9866932034492493,1
/shared/home/sarim.hashmi/usenix/benchmark/newbench_norm/real/A_scooter_is_parked_on_the_street_in_front_of_a_car._.png,0,0.037018682807683945,0,0.9877732396125793,1
/shared/home/sarim.hashmi/usenix/benchmark/newbench_norm/real/A_set_of_three_wall_mounted_urinals_with_pictures_of_men_on_top_of_them..png,0,0.06745529919862747,0,0.9859436750411987,1
/shared/home/sarim.hashmi/usenix/benchmark/newbench_norm/real/A_shelf_of_various_cups_and_glasses_mounted_to_the_wall..png,0,0.05768805369734764,0,0.987636923789978,1
/shared/home/sarim.hashmi/usenix/benchmark/newbench_norm/real/A_shower_and_a_white_toilet_in_a_small_bathroom..png,0,0.05761333927512169,0,0.9868531227111816,1
/shared/home/sarim.hashmi/usenix/benchmark/newbench_norm/real/A_sidewalk_sitting_along_side_of_a_building_at_night..png,0,0.05690766125917435,0,0.9866135716438293,1
/shared/home/sarim.hashmi/usenix/benchmark/newbench_norm/real/A_sidewalk_sitting_along_side_of_a_street_under_a_billboard..png,0,0.03703031316399574,0,0.987527072429657,1
/shared/home/sarim.hashmi/usenix/benchmark/newbench_norm/real/A_sign_near_a_wooden_fence_and_a_tree..png,0,0.07707006484270096,0,0.9873520135879517,1
/shared/home/sarim.hashmi/usenix/benchmark/newbench_norm/real/A_sign_on_top_of_a_restaurant_next_to_a_traffic_light..png,0,0.04544848948717117,0,0.9868084788322449,1
/shared/home/sarim.hashmi/usenix/benchmark/newbench_norm/real/A_sign_says_fashion_district_near_some_buildings..png,0,0.03092528134584427,0,0.9872320890426636,1
/shared/home/sarim.hashmi/usenix/benchmark/newbench_norm/real/A_sign_warning_drivers_that_there_are_children_at_play..png,0,0.033868975937366486,0,0.981734037399292,1
/shared/home/sarim.hashmi/usenix/benchmark/newbench_norm/real/A_silver_and_red_bus_in_parking_lot_next_to_cars..png,0,0.057302072644233704,0,0.9873243570327759,1
/shared/home/sarim.hashmi/usenix/benchmark/newbench_norm/real/A_silver_train_passing_under_high_beams_and_trees..png,0,0.03736760467290878,0,0.9870415925979614,1
/shared/home/sarim.hashmi/usenix/benchmark/newbench_norm/real/A_silver_train_that_is_sitting_on_a_track..png,0,0.03400076925754547,0,0.987916111946106,1
/shared/home/sarim.hashmi/usenix/benchmark/newbench_norm/real/A_simple_bathroom_has_various_classic_decorations_around_it..png,0,0.07389074563980103,0,0.9875224232673645,1
/shared/home/sarim.hashmi/usenix/benchmark/newbench_norm/real/A_simple_white_residential_kitchen_with_breakfast_bar.png,0,0.04062607139348984,0,0.9877324104309082,1
/shared/home/sarim.hashmi/usenix/benchmark/newbench_norm/real/A_simple_wooden_bench_is_in_the_woods..png,0,0.13266383111476898,0,0.9875515103340149,1
/shared/home/sarim.hashmi/usenix/benchmark/newbench_norm/real/A_skier_in_the_midst_of_a_jump.png,0,0.13844521343708038,0,0.9857926964759827,1
/shared/home/sarim.hashmi/usenix/benchmark/newbench_norm/real/A_small_bathroom_with_a_shower_curtain_and_toilet.png,0,0.17481178045272827,0,0.9859783053398132,1
/shared/home/sarim.hashmi/usenix/benchmark/newbench_norm/real/A_small_bird_is_perched_on_an_empty_bird_feeder..png,0,0.047818493098020554,0,0.9880679249763489,1
/shared/home/sarim.hashmi/usenix/benchmark/newbench_norm/real/A_small_bird_perched_on_some_metal_bar_.png,0,0.07138866931200027,0,0.9871288537979126,1
/shared/home/sarim.hashmi/usenix/benchmark/newbench_norm/real/A_small_bird_sitting_on_a_beach_next_to_the_ocean..png,0,0.036487020552158356,0,0.9868848323822021,1
/shared/home/sarim.hashmi/usenix/benchmark/newbench_norm/real/A_small_bird_sitting_on_the_handle_of_a_car_door..png,0,0.039304837584495544,0,0.9867688417434692,1
/shared/home/sarim.hashmi/usenix/benchmark/newbench_norm/real/A_small_bird_sitting_on_top_of_a_plastic_cup_of_water..png,0,0.046848855912685394,0,0.9872329235076904,1
/shared/home/sarim.hashmi/usenix/benchmark/newbench_norm/real/A_small_black_dog_sitting_in_front_of_a_TV..png,0,0.03965519741177559,0,0.9847263693809509,1
/shared/home/sarim.hashmi/usenix/benchmark/newbench_norm/real/A_small_blue_car_on_a_city_road..png,0,0.05102661997079849,0,0.987403154373169,1
/shared/home/sarim.hashmi/usenix/benchmark/newbench_norm/real/A_small_calf_is_in_a_pen_with_bails_of_hay..png,0,0.04605993628501892,0,0.9871337413787842,1
/shared/home/sarim.hashmi/usenix/benchmark/newbench_norm/real/A_small_car_is_parked_in_front_of_a_scooter.png,0,0.05283273756504059,0,0.9866762757301331,1
/shared/home/sarim.hashmi/usenix/benchmark/newbench_norm/real/A_small_cat_is_standing_near_the_computer_keyboard._.png,0,0.028224680572748184,0,0.987600564956665,1
/shared/home/sarim.hashmi/usenix/benchmark/newbench_norm/real/A_small_dog_laying_next_to_a_door..png,0,0.054069820791482925,0,0.9873858690261841,1
/shared/home/sarim.hashmi/usenix/benchmark/newbench_norm/real/A_small_dog_walking_past_a_red_fire_hydrant..png,0,0.07363729178905487,0,0.987226665019989,1
/shared/home/sarim.hashmi/usenix/benchmark/newbench_norm/real/A_small_green_car_has_a_plaque_with_writing_in_front_of_it._.png,0,0.05218306556344032,0,0.9860957264900208,1
/shared/home/sarim.hashmi/usenix/benchmark/newbench_norm/real/A_small_plane_flying_through_a_cloudy_blue_sky..png,0,0.0592496432363987,0,0.9869736433029175,1
/shared/home/sarim.hashmi/usenix/benchmark/newbench_norm/real/A_small_plane_landing_in__a_grassy_field.png,0,0.08270204812288284,0,0.9874114394187927,1
/shared/home/sarim.hashmi/usenix/benchmark/newbench_norm/real/A_small_sailboat_docked_at_a_local_shore..png,0,0.03896096348762512,0,0.985877513885498,1
/shared/home/sarim.hashmi/usenix/benchmark/newbench_norm/real/A_small_town_street_filled_with_traffic_beneath_a_mountain..png,0,0.032407213002443314,0,0.9865810871124268,1
/shared/home/sarim.hashmi/usenix/benchmark/newbench_norm/real/A_small_white_airplane_high_up_in_the_sky..png,0,0.03712945431470871,0,0.9862518906593323,1
/shared/home/sarim.hashmi/usenix/benchmark/newbench_norm/real/A_small_white_bird_standing_on_top_of_a_dirt_field..png,0,0.0433490090072155,0,0.9868476986885071,1
/shared/home/sarim.hashmi/usenix/benchmark/newbench_norm/real/A_small_white_dog_standing_next_to_a_red_fire_hydrant..png,0,0.06365256011486053,0,0.9879580736160278,1
/shared/home/sarim.hashmi/usenix/benchmark/newbench_norm/real/A_small_woman_standing_in_front_of_a_baby_elephant..png,0,0.07670630514621735,0,0.9882180094718933,1
/shared/home/sarim.hashmi/usenix/benchmark/newbench_norm/real/A_smiling_man_in_a_nice_hat_in_a_car..png,0,0.07170677185058594,0,0.9865655303001404,1
/shared/home/sarim.hashmi/usenix/benchmark/newbench_norm/real/A_snowy_scene_of_trees_and_a_road..png,0,0.04585143178701401,0,0.9833233952522278,1
/shared/home/sarim.hashmi/usenix/benchmark/newbench_norm/real/A_spring_form_bird_feeder_filled_with_corn_to_eat..png,0,0.0717286467552185,0,0.9878491759300232,1
/shared/home/sarim.hashmi/usenix/benchmark/newbench_norm/real/A_square_white_sink_beneath_an_elegant_mirror.png,0,0.05430386960506439,0,0.9861035346984863,1
/shared/home/sarim.hashmi/usenix/benchmark/newbench_norm/real/A_stop_light_with_green_arrows_on_Woodbine_Ave._.png,0,0.04996989667415619,0,0.9869378805160522,1
/shared/home/sarim.hashmi/usenix/benchmark/newbench_norm/real/A_stop_sign_and_a_fire_hydrant_on_the_corner_of_a_grassy_sidewalk..png,0,0.027213864028453827,0,0.9860150814056396,1
"/shared/home/sarim.hashmi/usenix/benchmark/newbench_norm/real/A_store_room_holds_sinks,_bathtubs_and_toilets.png",0,0.05504366755485535,0,0.9875428676605225,1
/shared/home/sarim.hashmi/usenix/benchmark/newbench_norm/real/A_stove_top_oven_sitting_next_to_a_tiled_wall..png,0,0.04210706055164337,0,0.9867588877677917,1
/shared/home/sarim.hashmi/usenix/benchmark/newbench_norm/real/A_stove_top_with_a_tea_kettle_sitting_on_top_of_it..png,0,0.04365686699748039,0,0.986906111240387,1
/shared/home/sarim.hashmi/usenix/benchmark/newbench_norm/real/A_stove_top_with_lots_of_pots_and_pans..png,0,0.03501667082309723,0,0.9871560335159302,1
/shared/home/sarim.hashmi/usenix/benchmark/newbench_norm/real/A_street_light_and_other_road_signs._.png,0,0.04318811744451523,0,0.986746609210968,1
/shared/home/sarim.hashmi/usenix/benchmark/newbench_norm/real/A_street_scene_looking_down_at_cars_and_motorcycles_parked..png,0,0.040321234613657,0,0.9869821667671204,1
/shared/home/sarim.hashmi/usenix/benchmark/newbench_norm/real/A_street_sign_is_filled_with_various_stickers.__.png,0,0.07145128399133682,0,0.9866387844085693,1
/shared/home/sarim.hashmi/usenix/benchmark/newbench_norm/real/A_street_sign_next_to_a_bend_in_the_road..png,0,0.054065950214862823,0,0.9875118732452393,1
/shared/home/sarim.hashmi/usenix/benchmark/newbench_norm/real/A_street_sign_saying_S._Gay_st_while_a_traffic_light_is_yellow..png,0,0.05911525711417198,0,0.9849433898925781,1
/shared/home/sarim.hashmi/usenix/benchmark/newbench_norm/real/A_street_sign_showing_a_person_walking_with_a_child_and_a_bike_sits_on_the_sit_of_the_road._.png,0,0.03342398628592491,0,0.983205258846283,1
/shared/home/sarim.hashmi/usenix/benchmark/newbench_norm/real/A_street_sign_showing_they_are_making_improvements.png,0,0.03541060909628868,0,0.986011266708374,1
/shared/home/sarim.hashmi/usenix/benchmark/newbench_norm/real/A_street_sign_showing_what_roads_go_which_ways..png,0,0.03639684617519379,0,0.9853484034538269,1
/shared/home/sarim.hashmi/usenix/benchmark/newbench_norm/real/A_street_sign_sitting_along_side_of_train_tracks..png,0,0.031707458198070526,0,0.9872932434082031,1
"/shared/home/sarim.hashmi/usenix/benchmark/newbench_norm/real/A_street_sign_with_the_name_of_two_streets_and_a_stop_sign,_and_parked_cars_and_buildings_in_the_dis.png",0,0.037953559309244156,0,0.9828264117240906,1
/shared/home/sarim.hashmi/usenix/benchmark/newbench_norm/real/A_stuffed_bear_is_sitting_next_to_a_computer_monitor..png,0,0.05271552875638008,0,0.9865455031394958,1
/shared/home/sarim.hashmi/usenix/benchmark/newbench_norm/real/A_subway_train_with_a_row_of_orange_and_white_seats..png,0,0.039722077548503876,0,0.9878107309341431,1
/shared/home/sarim.hashmi/usenix/benchmark/newbench_norm/real/A_sun_spot_is_the_only_mark_in_a_clear_sky_with_a_plane_traveling_over_a_snowy_expanse_with_a_bunch_.png,0,0.060042500495910645,0,0.9865534901618958,1
/shared/home/sarim.hashmi/usenix/benchmark/newbench_norm/real/A_table_full_of_items_and_on_a_sunny_day._.png,0,0.05879907310009003,0,0.9872833490371704,1
/shared/home/sarim.hashmi/usenix/benchmark/newbench_norm/real/A_tall_giraffe_in_a_green_grassy_field..png,0,0.033355969935655594,0,0.9874840378761292,1
/shared/home/sarim.hashmi/usenix/benchmark/newbench_norm/real/A_tall_giraffe_standing_next_to_a_herd_of_deer..png,0,0.03686719015240669,0,0.9873987436294556,1
/shared/home/sarim.hashmi/usenix/benchmark/newbench_norm/real/A_taxi_cab_parked_next_to_a_fire_hydrant..png,0,0.090877465903759,0,0.9867730736732483,1
/shared/home/sarim.hashmi/usenix/benchmark/newbench_norm/real/A_television_sits_on_a_cabinet_in_a_room..png,0,0.034372568130493164,0,0.9860879778862,1
/shared/home/sarim.hashmi/usenix/benchmark/newbench_norm/real/A_tie-dyed_cyclist_stands_beside_his_bicycle_in_front_of_fellow_cyclists..png,0,0.06159240007400513,0,0.987013041973114,1
"/shared/home/sarim.hashmi/usenix/benchmark/newbench_norm/real/A_tiled_bathroom_with_a_single_vanity,_toilet_and_shower..png",0,0.04403482750058174,0,0.9865828156471252,1
/shared/home/sarim.hashmi/usenix/benchmark/newbench_norm/real/A_toilet_in_a_stall_with_remote_control_buttons..png,0,0.05625706538558006,0,0.9873164892196655,1
/shared/home/sarim.hashmi/usenix/benchmark/newbench_norm/real/A_toilet_seat_sits_on_top_of_a_hole_in_the_ground..png,0,0.07946431636810303,0,0.986262321472168,1
/shared/home/sarim.hashmi/usenix/benchmark/newbench_norm/real/A_toilet_sitting_outside_a_building_in_an_alley..png,0,0.04911629855632782,0,0.9871751666069031,1
/shared/home/sarim.hashmi/usenix/benchmark/newbench_norm/real/A_toilet_that_is_very_clean_in_a_bathroom..png,0,0.03957265242934227,0,0.9875568151473999,1
/shared/home/sarim.hashmi/usenix/benchmark/newbench_norm/real/A_tow_truck_driving_past_a_very_old_stop_sign..png,0,0.05341445654630661,0,0.9879656434059143,1
/shared/home/sarim.hashmi/usenix/benchmark/newbench_norm/real/A_towel_hangs_beneath_a_sink_in_a_bathroom..png,0,0.08004742115736008,0,0.9861131310462952,1
/shared/home/sarim.hashmi/usenix/benchmark/newbench_norm/real/A_traffic_light_and_cars_on_a_street..png,0,0.06386560946702957,0,0.9873902797698975,1
/shared/home/sarim.hashmi/usenix/benchmark/newbench_norm/real/A_traffic_light_glows_red_on_a_cloudy_day.png,0,0.03430642560124397,0,0.9852531552314758,1
/shared/home/sarim.hashmi/usenix/benchmark/newbench_norm/real/A_traffic_light_on_a_street_with_some_people..png,0,0.05441970005631447,0,0.9855125546455383,1
/shared/home/sarim.hashmi/usenix/benchmark/newbench_norm/real/A_traffic_light_sitting_next_to_a_cluster_of_traffic_cones..png,0,0.04593366011977196,0,0.985886812210083,1
/shared/home/sarim.hashmi/usenix/benchmark/newbench_norm/real/A_traffic_light_sitting_on_the_side_of_a_road..png,0,0.040845807641744614,0,0.9873868823051453,1
/shared/home/sarim.hashmi/usenix/benchmark/newbench_norm/real/A_traffic_sign_hung_upside_down_on_a_pole._.png,0,0.04876279458403587,0,0.9862706661224365,1
/shared/home/sarim.hashmi/usenix/benchmark/newbench_norm/real/A_train_coming_up_to_a_railroad_crossing..png,0,0.040399160236120224,0,0.9871230125427246,1
/shared/home/sarim.hashmi/usenix/benchmark/newbench_norm/real/A_train_covered_in_graffiti_sitting_on_top_of__train_tracks..png,0,0.053071800619363785,0,0.9868794083595276,1
/shared/home/sarim.hashmi/usenix/benchmark/newbench_norm/real/A_train_covered_in_graffiti_traveling_down_railroad_tracks..png,0,0.06073727831244469,0,0.9875990152359009,1
/shared/home/sarim.hashmi/usenix/benchmark/newbench_norm/real/A_train_going_down_the_tracks_that_has_just_gone_under_a_bridge..png,0,0.042555004358291626,0,0.9853416085243225,1
/shared/home/sarim.hashmi/usenix/benchmark/newbench_norm/real/A_train_is_moving_along_train_tracks_through_the_woods..png,0,0.03021068125963211,0,0.9876799583435059,1
/shared/home/sarim.hashmi/usenix/benchmark/newbench_norm/real/A_train_is_stopped_in_front_of_an_industrial_area..png,0,0.02551443502306938,0,0.9868000745773315,1
/shared/home/sarim.hashmi/usenix/benchmark/newbench_norm/real/A_train_making_its_way_through_a_rail_yard..png,0,0.02915331907570362,0,0.9863640666007996,1
/shared/home/sarim.hashmi/usenix/benchmark/newbench_norm/real/A_train_sitting_in_front_of_a_tin_building_and_a_dry_grass_field..png,0,0.033417005091905594,0,0.9868810176849365,1
/shared/home/sarim.hashmi/usenix/benchmark/newbench_norm/real/A_train_sitting_inside_of_a_train_station_near_a_skylight..png,0,0.042867742478847504,0,0.9871196746826172,1
/shared/home/sarim.hashmi/usenix/benchmark/newbench_norm/real/A_train_traveling_along_a_rocky_mountain_side..png,0,0.026848578825592995,0,0.9866052269935608,1
/shared/home/sarim.hashmi/usenix/benchmark/newbench_norm/real/A_train_traveling_down_train_tracks_next_to_a_building..png,0,0.06559062749147415,0,0.9861568212509155,1
/shared/home/sarim.hashmi/usenix/benchmark/newbench_norm/real/A_train_traveling_through_rural_countryside_under_power_lines..png,0,0.037846602499485016,0,0.9861686825752258,1
/shared/home/sarim.hashmi/usenix/benchmark/newbench_norm/real/A_train_with_a_green_and_orange_stripe_is_sitting_on_the_tracks..png,0,0.034170541912317276,0,0.9860396385192871,1
/shared/home/sarim.hashmi/usenix/benchmark/newbench_norm/real/A_trash_can_made_to_look_like_a_soup_can..png,0,0.0329737588763237,0,0.9848435521125793,1
/shared/home/sarim.hashmi/usenix/benchmark/newbench_norm/real/A_travel_guide_taking_a_photo_as_the_tour_bus_arrives.png,0,0.02595089003443718,0,0.9854151010513306,1
/shared/home/sarim.hashmi/usenix/benchmark/newbench_norm/real/A_tree_sitting_next_to_a_bench_near_a_lake..png,0,0.03729654476046562,0,0.9861052632331848,1
/shared/home/sarim.hashmi/usenix/benchmark/newbench_norm/real/A_tree_sitting_on_top_of_a_hillside_near_a_bench..png,0,0.03219721466302872,0,0.9863683581352234,1
/shared/home/sarim.hashmi/usenix/benchmark/newbench_norm/real/A_very_skinny_red_fire_hydrant_with_silver_top_and_sides._.png,0,0.0906531810760498,0,0.9853103160858154,1
/shared/home/sarim.hashmi/usenix/benchmark/newbench_norm/real/A_very_tall_building_sitting_on_the_side_of_a_road..png,0,0.04008425772190094,0,0.9857585430145264,1
/shared/home/sarim.hashmi/usenix/benchmark/newbench_norm/real/A_very_tall_building_with_a_clock_mounted_to_it's_side..png,0,0.04320603609085083,0,0.9856557846069336,1
/shared/home/sarim.hashmi/usenix/benchmark/newbench_norm/real/A_very_tall_building_with_lots_of_windows..png,0,0.05867766588926315,0,0.9843839406967163,1
/shared/home/sarim.hashmi/usenix/benchmark/newbench_norm/real/A_very_upscale_looking_hotel_room_with_large_bed_and_a_bathroom_in_the_next_room..png,0,0.038806620985269547,0,0.9870221018791199,1
/shared/home/sarim.hashmi/usenix/benchmark/newbench_norm/real/A_view_from_the_street_of_two_traffic_lights_and_a_building._.png,0,0.04150961712002754,0,0.9866587519645691,1
"/shared/home/sarim.hashmi/usenix/benchmark/newbench_norm/real/A_view_of_a_kitchen_sink,_knives,_hanging_cups,_and_wine_glasses..png",0,0.07227371633052826,0,0.9863777160644531,1
/shared/home/sarim.hashmi/usenix/benchmark/newbench_norm/real/A_vintage_STOP_sign_in_black_&_white.png,0,0.3844749331474304,0,0.9846587181091309,1
/shared/home/sarim.hashmi/usenix/benchmark/newbench_norm/real/A_walk_in_shower_next_to_a_tub_in_a_bathroom..png,0,0.03271639347076416,0,0.987014889717102,1
/shared/home/sarim.hashmi/usenix/benchmark/newbench_norm/real/A_wall_mounted_oven_inside_of_a_kitchen_with_a_large_entrance..png,0,0.04273514822125435,0,0.987379789352417,1
/shared/home/sarim.hashmi/usenix/benchmark/newbench_norm/real/A_water-stained_cathedral_clock-tower_enveloped_by_various_green_vines..png,0,0.081367127597332,0,0.9873374104499817,1
/shared/home/sarim.hashmi/usenix/benchmark/newbench_norm/real/A_water_foul_near_the_shore_in_a_body_of_water_with_an_island_in_the_middle_of_it..png,0,0.09080789238214493,0,0.9868879914283752,1
/shared/home/sarim.hashmi/usenix/benchmark/newbench_norm/real/A_white_and_black_bird_perched_on_a_wooden_fence_rail..png,0,0.046130333095788956,0,0.9859673380851746,1
/shared/home/sarim.hashmi/usenix/benchmark/newbench_norm/real/A_white_and_black_checkered_floor_in_a_kitchen..png,0,0.03093213587999344,0,0.9878783822059631,1
/shared/home/sarim.hashmi/usenix/benchmark/newbench_norm/real/A_white_and_blue_bus_parked_on_the_side_of_a_road..png,0,0.035348836332559586,0,0.9868177175521851,1
/shared/home/sarim.hashmi/usenix/benchmark/newbench_norm/real/A_white_and_orange_cat_sitting_on_top_of_a_sidewalk..png,0,0.08013968169689178,0,0.9861099720001221,1
/shared/home/sarim.hashmi/usenix/benchmark/newbench_norm/real/A_white_bath_tub_sitting_under_a_window_next_to_a_toilet..png,0,0.0846223384141922,0,0.9844754338264465,1
/shared/home/sarim.hashmi/usenix/benchmark/newbench_norm/real/A_white_bathroom_mirror_mounted_to_it's_wall..png,0,0.11894727498292923,0,0.9859764575958252,1
/shared/home/sarim.hashmi/usenix/benchmark/newbench_norm/real/A_white_bathroom_sink_sitting_next_to_a_toilet..png,0,0.041016586124897,0,0.9871001243591309,1
/shared/home/sarim.hashmi/usenix/benchmark/newbench_norm/real/A_white_cake_topped_with_coconut_on_a_counter..png,0,0.06265109777450562,0,0.9874497652053833,1
/shared/home/sarim.hashmi/usenix/benchmark/newbench_norm/real/A_white_car_with_chrome_rims_parked_next_to_an_older_lady..png,0,0.03267134726047516,0,0.9877294898033142,1
/shared/home/sarim.hashmi/usenix/benchmark/newbench_norm/real/A_white_church_sitting_at_the_bottom_of_a_hillside..png,0,0.03328046202659607,0,0.987245500087738,1
/shared/home/sarim.hashmi/usenix/benchmark/newbench_norm/real/A_white_city_bus_pulling_onto_a_street_near_a_cross_walk..png,0,0.04424559324979782,0,0.9873435497283936,1
/shared/home/sarim.hashmi/usenix/benchmark/newbench_norm/real/A_white_compact_car_parked_on_a_sandy_dirt_road..png,0,0.05832232907414436,0,0.986775815486908,1
/shared/home/sarim.hashmi/usenix/benchmark/newbench_norm/real/A_white_kitchen_with_marble_countertops_and_stone_floors..png,0,0.029877640306949615,0,0.987158477306366,1
/shared/home/sarim.hashmi/usenix/benchmark/newbench_norm/real/A_white_park_bench_sitting_in_the_middle_of_a_forest..png,0,0.04188932850956917,0,0.9872753620147705,1
/shared/home/sarim.hashmi/usenix/benchmark/newbench_norm/real/A_white_sink_under_a_mirror_in_a_bathroom_next_to_a_light_switch..png,0,0.039838530123233795,0,0.9869853854179382,1
/shared/home/sarim.hashmi/usenix/benchmark/newbench_norm/real/A_white_stove_top_oven_sitting_inside_of_a_kitchen..png,0,0.03221343457698822,0,0.9871877431869507,1
/shared/home/sarim.hashmi/usenix/benchmark/newbench_norm/real/A_white_stove_with_two_metal_pots_on_its_back_burners._.png,0,0.05229596421122551,0,0.9840666055679321,1
/shared/home/sarim.hashmi/usenix/benchmark/newbench_norm/real/A_white_toilet_in_a_bathroom_next_to_toilet_paper..png,0,0.06809643656015396,0,0.9863046407699585,1
/shared/home/sarim.hashmi/usenix/benchmark/newbench_norm/real/A_white_toilet_sitting_in_a_bathroom_next_to_a_counter..png,0,0.07880587130784988,0,0.9857684969902039,1
/shared/home/sarim.hashmi/usenix/benchmark/newbench_norm/real/A_white_toilet_sitting_inside_of_a_bathroom..png,0,0.03406010940670967,0,0.9852434396743774,1
/shared/home/sarim.hashmi/usenix/benchmark/newbench_norm/real/A_white_toilet_sitting_on_top_of_a_bathroom_floor..png,0,0.04578138515353203,0,0.9857950210571289,1
/shared/home/sarim.hashmi/usenix/benchmark/newbench_norm/real/A_white_toilet_sitting_underneath_a_window_next_to_a_sink..png,0,0.03036416694521904,0,0.9877036809921265,1
/shared/home/sarim.hashmi/usenix/benchmark/newbench_norm/real/A_white_toilet_with_a_black_lid_and_red_painting_on_it._.png,0,0.0699874684214592,0,0.9878231287002563,1
/shared/home/sarim.hashmi/usenix/benchmark/newbench_norm/real/A_white_trunk_parked_next_to_a_stop_sign..png,0,0.11492551118135452,0,0.9867222309112549,1
/shared/home/sarim.hashmi/usenix/benchmark/newbench_norm/real/A_white_tub_sitting_underneath_a_couple_of_windows..png,0,0.0431981198489666,0,0.9871917963027954,1
/shared/home/sarim.hashmi/usenix/benchmark/newbench_norm/real/A_whole_bunch_of_traffic_stop_signs_huddled_together..png,0,0.040169574320316315,0,0.9840971231460571,1
/shared/home/sarim.hashmi/usenix/benchmark/newbench_norm/real/A_window_shot_of_a_plane_in_the_air_with_another_plane_present._.png,0,0.051332421600818634,0,0.9866471290588379,1
/shared/home/sarim.hashmi/usenix/benchmark/newbench_norm/real/A_woman_and_two_men_sitting_on_a_bench_in_front_of_a_store..png,0,0.03117489255964756,0,0.9863399267196655,1
/shared/home/sarim.hashmi/usenix/benchmark/newbench_norm/real/A_woman_eating_vegetables_in_front_of_a_stove..png,0,0.056065432727336884,0,0.9865738749504089,1
/shared/home/sarim.hashmi/usenix/benchmark/newbench_norm/real/A_woman_holding_up_measuring_cups_and_a_cat_watching_on_the_counter..png,0,0.052463799715042114,0,0.9878666400909424,1
/shared/home/sarim.hashmi/usenix/benchmark/newbench_norm/real/A_woman_is_kneeling_down_next_to_a_toilet..png,0,0.061397846788167953,0,0.9859857559204102,1
/shared/home/sarim.hashmi/usenix/benchmark/newbench_norm/real/A_woman_is_riding_an_orange_sports_motorcycle..png,0,0.08420005440711975,0,0.987041711807251,1
/shared/home/sarim.hashmi/usenix/benchmark/newbench_norm/real/A_woman_is_standing_on_a_kitchen_floor..png,0,0.13710670173168182,0,0.9880592226982117,1
/shared/home/sarim.hashmi/usenix/benchmark/newbench_norm/real/A_woman_is_unloading_a_bag_in_a_large_kitchen..png,0,0.03194795921444893,0,0.9878368973731995,1
/shared/home/sarim.hashmi/usenix/benchmark/newbench_norm/real/A_woman_is_walking_a_dog_in_the_city..png,0,0.11441093683242798,0,0.9870233535766602,1
/shared/home/sarim.hashmi/usenix/benchmark/newbench_norm/real/A_woman_preparing_food_inside_of_a_kitchen..png,0,0.060413941740989685,0,0.9859011769294739,1
/shared/home/sarim.hashmi/usenix/benchmark/newbench_norm/real/A_woman_riding_a_green_bike_with_a_small_white_dog_on_the_back..png,0,0.04190221056342125,0,0.986783504486084,1
/shared/home/sarim.hashmi/usenix/benchmark/newbench_norm/real/A_woman_sitting_on_a_bench_in_a_field_in_front_of_a_pond..png,0,0.12255439162254333,0,0.9844743013381958,1
/shared/home/sarim.hashmi/usenix/benchmark/newbench_norm/real/A_woman_sitting_on_a_motorcycle_while_talking_to_a_child_with_a_man_laying_in_a_hammock_behind_them..png,0,0.053415361791849136,0,0.9873500466346741,1
/shared/home/sarim.hashmi/usenix/benchmark/newbench_norm/real/A_woman_standing_in_a_kitchen_holding_a_jug_of_milk..png,0,0.03926786780357361,0,0.9873256683349609,1
/shared/home/sarim.hashmi/usenix/benchmark/newbench_norm/real/A_woman_standing_in_a_kitchen_next_to_a_sink..png,0,0.05423303693532944,0,0.9866366982460022,1
/shared/home/sarim.hashmi/usenix/benchmark/newbench_norm/real/A_woman_standing_in_front_of_a_bathroom_mirror_next_to_a_sink..png,0,0.039579905569553375,0,0.9868819117546082,1
/shared/home/sarim.hashmi/usenix/benchmark/newbench_norm/real/A_woman_standing_in_front_of_a_table_with_lots_of_salad..png,0,0.05413015931844711,0,0.9866819381713867,1
/shared/home/sarim.hashmi/usenix/benchmark/newbench_norm/real/A_woman_standing_next_to_a_standing_toilet..png,0,0.09099424630403519,0,0.9868975877761841,1
/shared/home/sarim.hashmi/usenix/benchmark/newbench_norm/real/A_woman_standing_next_to_a_traffic_signal_on_a_street_corner..png,0,0.03572343289852142,0,0.98598712682724,1
/shared/home/sarim.hashmi/usenix/benchmark/newbench_norm/real/A_woman_standing_with_a_bi-wing_airplane_on_a_runway..png,0,0.06297047436237335,0,0.9879486560821533,1
/shared/home/sarim.hashmi/usenix/benchmark/newbench_norm/real/A_woman_walking_a_dog_down_a_street..png,0,0.16974462568759918,0,0.9876819252967834,1
/shared/home/sarim.hashmi/usenix/benchmark/newbench_norm/real/A_wooden_bench_near_tall_vegetation_in_front_of_a_house..png,0,0.06308939307928085,0,0.9874117374420166,1
/shared/home/sarim.hashmi/usenix/benchmark/newbench_norm/real/A_wooden_bench_sitting_on_a_lush_green_park..png,0,0.03321545198559761,0,0.9873285293579102,1
/shared/home/sarim.hashmi/usenix/benchmark/newbench_norm/real/A_wooden_bench_that_is_next_to_a_meter..png,0,0.09052007645368576,0,0.9872888326644897,1
/shared/home/sarim.hashmi/usenix/benchmark/newbench_norm/real/A_wooden_bench_with_snow_in_a__forest..png,0,0.04131313040852547,0,0.9875076413154602,1
/shared/home/sarim.hashmi/usenix/benchmark/newbench_norm/real/A_wooden_park_bench_with_a_remote_control_on_top_of_it..png,0,0.04503297060728073,0,0.9867619276046753,1
/shared/home/sarim.hashmi/usenix/benchmark/newbench_norm/real/A_yellow_and_blue_bus_driving_down_a_curvy_road..png,0,0.03353923559188843,0,0.9845286011695862,1
/shared/home/sarim.hashmi/usenix/benchmark/newbench_norm/real/A_yellow_and_green_train_pulling_out_of_a_tunnel_next_to_a_red_car..png,0,0.03095436841249466,0,0.987671971321106,1
/shared/home/sarim.hashmi/usenix/benchmark/newbench_norm/real/A_yellow_bus_carrying_passengers_riding_along_the_road..png,0,0.03287423029541969,0,0.9877843856811523,1
/shared/home/sarim.hashmi/usenix/benchmark/newbench_norm/real/A_yellow_dune_buggy_on_display_amongst_other_automobiles..png,0,0.05650167167186737,0,0.9877574443817139,1
/shared/home/sarim.hashmi/usenix/benchmark/newbench_norm/real/A_yellow_fire_hydrant_in_front_of_a_bike_leaning_against_four_poles.png,0,0.02879360131919384,0,0.9871932864189148,1
/shared/home/sarim.hashmi/usenix/benchmark/newbench_norm/real/A_yellow_motorcycle_in_front_of_a_street_with_several_people._.png,0,0.036553215235471725,0,0.9857317805290222,1
/shared/home/sarim.hashmi/usenix/benchmark/newbench_norm/real/A_yellow_sign_sitting_on_the_side_of_a_road..png,0,0.08102819323539734,0,0.9847744107246399,1
/shared/home/sarim.hashmi/usenix/benchmark/newbench_norm/real/A_yellow_stripped_cat_sitting_in_a_bathroom_sink..png,0,0.035335805267095566,0,0.9875363707542419,1
/shared/home/sarim.hashmi/usenix/benchmark/newbench_norm/real/A_young_boy_seems_to_be_trying_to_feed_a_giraffe._.png,0,0.03759308531880379,0,0.9881442189216614,1
/shared/home/sarim.hashmi/usenix/benchmark/newbench_norm/real/A_young_cat_with_a_beautiful_coat_standing_alone._.png,0,0.02549913339316845,0,0.9864674210548401,1
/shared/home/sarim.hashmi/usenix/benchmark/newbench_norm/real/A_young_girl_standing_on_a_field_with_a_flock_of_birds..png,0,0.036417096853256226,0,0.9867896437644958,1
/shared/home/sarim.hashmi/usenix/benchmark/newbench_norm/real/A_young_woman_lays_a_hand_on_the_neck_of_the_horse_she_is_riding..png,0,0.039542872458696365,0,0.9870636463165283,1
/shared/home/sarim.hashmi/usenix/benchmark/newbench_norm/real/A_zebra_and_giraffe_that_is_in_the_dirt..png,0,0.04461603984236717,0,0.9871864318847656,1
/shared/home/sarim.hashmi/usenix/benchmark/newbench_norm/real/Adult_lying_obscurely_on_park_bench_in_wide_open_area..png,0,0.1313890814781189,0,0.9868739247322083,1
/shared/home/sarim.hashmi/usenix/benchmark/newbench_norm/real/Aerial_tricks_performed_on_red_bike_over_stacked_skateboards_with_photographer_in_background..png,0,0.05347047373652458,0,0.9875487089157104,1
/shared/home/sarim.hashmi/usenix/benchmark/newbench_norm/real/All_of_the_bunches_of_bananas_are_yellow_and_ripe..png,0,0.07318882644176483,0,0.9874435067176819,1
/shared/home/sarim.hashmi/usenix/benchmark/newbench_norm/real/An_All_Nippon_Airways_777_sitting_at_a_gate_on_the_tarmac..png,0,0.03553682938218117,0,0.985663115978241,1
/shared/home/sarim.hashmi/usenix/benchmark/newbench_norm/real/An_airplane_flying_in_the_sky_with_smoke_coming_out_of_it._.png,0,0.06194308400154114,0,0.985994815826416,1
/shared/home/sarim.hashmi/usenix/benchmark/newbench_norm/real/An_airplane_is_flying_against_a_partly_cloudy_sky..png,0,0.06643437594175339,0,0.9843071699142456,1
/shared/home/sarim.hashmi/usenix/benchmark/newbench_norm/real/An_airplane_nose_sits_in_a_hangar._.png,0,0.061124734580516815,0,0.9867619276046753,1
/shared/home/sarim.hashmi/usenix/benchmark/newbench_norm/real/An_airplane_on_a_runway_with_snow_on_it..png,0,0.028056466951966286,0,0.9875980019569397,1
/shared/home/sarim.hashmi/usenix/benchmark/newbench_norm/real/An_animal_surrounded_by_a_flock_of_birds.png,0,0.06460334360599518,0,0.9859488010406494,1
/shared/home/sarim.hashmi/usenix/benchmark/newbench_norm/real/An_assortment_of_flying_objects_including_kites_and_airplanes_hung_inside_a_building..png,0,0.0535360686480999,0,0.9858582615852356,1
/shared/home/sarim.hashmi/usenix/benchmark/newbench_norm/real/An_empty_bathroom_with_a_shower_next_to_a_toilet..png,0,0.07756423205137253,0,0.9863269329071045,1
/shared/home/sarim.hashmi/usenix/benchmark/newbench_norm/real/An_empty_kitchen_with_lots_of_tile_blue_counter_top_space..png,0,0.03946733474731445,0,0.9864559173583984,1
/shared/home/sarim.hashmi/usenix/benchmark/newbench_norm/real/An_intersection_features_a_directional_sign_to_local_towns._.png,0,0.04081805795431137,0,0.984534502029419,1
/shared/home/sarim.hashmi/usenix/benchmark/newbench_norm/real/An_intersection_of_wires_and_cables_stretching_over_a_traffic_light..png,0,0.07421623170375824,0,0.9827431440353394,1
/shared/home/sarim.hashmi/usenix/benchmark/newbench_norm/real/An_odd_couple_of_formal_woman_in_black_dress_and_pearls_with_casual_boy_in_a_cap_and_untidy_clothes_.png,0,0.04194154590368271,0,0.9870833158493042,1
/shared/home/sarim.hashmi/usenix/benchmark/newbench_norm/real/An_office_cubicle_with_clutter_on_the_desk.png,0,0.06417644023895264,0,0.986488401889801,1
"/shared/home/sarim.hashmi/usenix/benchmark/newbench_norm/real/An_old,_rusty_fire_hydrant,_in_front_of_the_pole._.png",0,0.046161048114299774,0,0.9869170188903809,1
/shared/home/sarim.hashmi/usenix/benchmark/newbench_norm/real/An_old_black_and_white_picture_of_a_bus_and_homes_in_the_background._.png,0,0.12948660552501678,0,0.9867254495620728,1
/shared/home/sarim.hashmi/usenix/benchmark/newbench_norm/real/An_old_bus_makes_its_way_down_a_city_street..png,0,0.04568323865532875,0,0.987883985042572,1
/shared/home/sarim.hashmi/usenix/benchmark/newbench_norm/real/An_old_clock_bordered_by_a_tire_in_front_of_a_rusted_door..png,0,0.08942551910877228,0,0.9871438145637512,1
/shared/home/sarim.hashmi/usenix/benchmark/newbench_norm/real/An_old_fashioned_biplane_with_its_propeller_spinning..png,0,0.044259026646614075,0,0.9862822890281677,1
/shared/home/sarim.hashmi/usenix/benchmark/newbench_norm/real/An_old_fire_hydrant_in_the_middle_of_the_woods..png,0,0.05914442613720894,0,0.9871029257774353,1
/shared/home/sarim.hashmi/usenix/benchmark/newbench_norm/real/An_old_lady_smiling_in_a_pink_kitchen..png,0,0.050944991409778595,0,0.9878358244895935,1
/shared/home/sarim.hashmi/usenix/benchmark/newbench_norm/real/An_old_toilet_outside_against_an_old_painted_wall..png,0,0.17500951886177063,0,0.9861512780189514,1
/shared/home/sarim.hashmi/usenix/benchmark/newbench_norm/real/An_old_train_moving_on_a_train_track..png,0,0.03942340239882469,0,0.9864971041679382,1
/shared/home/sarim.hashmi/usenix/benchmark/newbench_norm/real/An_older_model_passenger_bus_in_a_city..png,0,0.05141860619187355,0,0.9873607158660889,1
"/shared/home/sarim.hashmi/usenix/benchmark/newbench_norm/real/An_open_door_leading_to_a_bathroom_toilet,_with_a_shower_rack_and_bureau_visible..png",0,0.03317468985915184,0,0.9876206517219543,1
/shared/home/sarim.hashmi/usenix/benchmark/newbench_norm/real/An_open_toilet_with_a_sign_posted_on_it..png,0,0.04505513235926628,0,0.98396897315979,1
/shared/home/sarim.hashmi/usenix/benchmark/newbench_norm/real/An_orange_fire_hydrant_sitting_next_to_a_stone_wall..png,0,0.051048167049884796,0,0.9856774806976318,1
/shared/home/sarim.hashmi/usenix/benchmark/newbench_norm/real/An_orange_sign_that_has_a_picture_of_a_man_holding_a_flag..png,0,0.033222611993551254,0,0.9853413701057434,1
/shared/home/sarim.hashmi/usenix/benchmark/newbench_norm/real/An_worn_out_rainbow_colored_park_bench_seat.png,0,0.17249538004398346,0,0.987273097038269,1
/shared/home/sarim.hashmi/usenix/benchmark/newbench_norm/real/Bench_and_window_with_shutters_with_bricked_wall.png,0,0.06684894859790802,0,0.9862157106399536,1
/shared/home/sarim.hashmi/usenix/benchmark/newbench_norm/real/Birds_perched_up_on_a_tree_branch_next_to_a_window..png,0,0.05255602300167084,0,0.9860740900039673,1
/shared/home/sarim.hashmi/usenix/benchmark/newbench_norm/real/Black_and_white_photo_of_a_clocktower_and_a_bird..png,0,0.09260392189025879,0,0.984657347202301,1
/shared/home/sarim.hashmi/usenix/benchmark/newbench_norm/real/Car_parked_in_the_parking_lot_next_to_the_pier.png,0,0.039797522127628326,0,0.9875239133834839,1
/shared/home/sarim.hashmi/usenix/benchmark/newbench_norm/real/Cars_parked_and_driving_in_front_of_a_school..png,0,0.06283725053071976,0,0.9861395359039307,1
/shared/home/sarim.hashmi/usenix/benchmark/newbench_norm/real/City_bus_loading_on_a_busy_metropolitan_street._.png,0,0.03622228652238846,0,0.9849737882614136,1
/shared/home/sarim.hashmi/usenix/benchmark/newbench_norm/real/City_bus_on_an_empty_city_street_near_a_STOP_sign._.png,0,0.028438180685043335,0,0.987265944480896,1
/shared/home/sarim.hashmi/usenix/benchmark/newbench_norm/real/Cliffs_rise_on_the_edge_of_a_placid_lake..png,0,0.054512061178684235,0,0.9871705174446106,1
/shared/home/sarim.hashmi/usenix/benchmark/newbench_norm/real/Closeup_of_view_of_the_cabin_and_wing_of_a_large_commercial_airliner..png,0,0.025175364688038826,0,0.9856494069099426,1
/shared/home/sarim.hashmi/usenix/benchmark/newbench_norm/real/Colorful_passenger_cars_are_parked_at_an_empty_station..png,0,0.035060442984104156,0,0.9878661632537842,1
/shared/home/sarim.hashmi/usenix/benchmark/newbench_norm/real/Construction_worker_holding_a_stop_sign_on_the_side_of_a_road_on_a_sunny_day..png,0,0.053993433713912964,0,0.9859040379524231,1
/shared/home/sarim.hashmi/usenix/benchmark/newbench_norm/real/Cute_multi_colored_kitten_sitting_in_woman's_lap.png,0,0.023693574592471123,0,0.9868821501731873,1
/shared/home/sarim.hashmi/usenix/benchmark/newbench_norm/real/Double_decker_city_bus_passing_under_an_overpass._.png,0,0.04478631913661957,0,0.9882305860519409,1
/shared/home/sarim.hashmi/usenix/benchmark/newbench_norm/real/Emergency_vehicles_are_on_the_scene_of_the_accident..png,0,0.06406647711992264,0,0.9877681136131287,1
/shared/home/sarim.hashmi/usenix/benchmark/newbench_norm/real/Fruit_in_a_jar_filled_with_liquid_sitting_on_a_wooden_table..png,0,0.1096043810248375,0,0.9876670837402344,1
/shared/home/sarim.hashmi/usenix/benchmark/newbench_norm/real/Full_grown_cat_laying_down_and_sleeping_on_top_of_a_car._.png,0,0.042752280831336975,0,0.9875324368476868,1
/shared/home/sarim.hashmi/usenix/benchmark/newbench_norm/real/Giraffe_walking_through_a_field_next_to_a_forest..png,0,0.09579727053642273,0,0.9877874255180359,1
/shared/home/sarim.hashmi/usenix/benchmark/newbench_norm/real/Giraffe_with_large_trees_grazing_in_gray_sky.png,0,0.03213334456086159,0,0.9877648949623108,1
/shared/home/sarim.hashmi/usenix/benchmark/newbench_norm/real/Group_of_giraffes_standing_near_a_puddle_on_the_savannah..png,0,0.03685184195637703,0,0.9876847267150879,1
/shared/home/sarim.hashmi/usenix/benchmark/newbench_norm/real/Jet_liner_flying_off_into_the_distance_on_an_overcast_day.png,0,0.06850684434175491,0,0.9862107634544373,1
/shared/home/sarim.hashmi/usenix/benchmark/newbench_norm/real/Large_commuter_train_parked_on_the_track_with_no_people_around..png,0,0.029705479741096497,0,0.9863191843032837,1
/shared/home/sarim.hashmi/usenix/benchmark/newbench_norm/real/Lots_of_fruit_sits_on_bowls_on_the_counter_of_this_kitchen._.png,0,0.048150885850191116,0,0.9873194694519043,1
/shared/home/sarim.hashmi/usenix/benchmark/newbench_norm/real/Man_on_bike_on_street_corner_with_buildings_and_stoplight.png,0,0.044185295701026917,0,0.9875842928886414,1
/shared/home/sarim.hashmi/usenix/benchmark/newbench_norm/real/Man_on_blue_and_white_motorcycle_riding_on_one_wheel._.png,0,0.07062632590532303,0,0.9870824813842773,1
/shared/home/sarim.hashmi/usenix/benchmark/newbench_norm/real/Many_motorcycles_are_parked_around_a_crowd_of_people..png,0,0.04471316188573837,0,0.9876840710639954,1
/shared/home/sarim.hashmi/usenix/benchmark/newbench_norm/real/Many_people_bike_through_the_streets_at_night..png,0,0.035332635045051575,0,0.9867912530899048,1
/shared/home/sarim.hashmi/usenix/benchmark/newbench_norm/real/Many_planes_are_arranged_in_a_large_building..png,0,0.10022382438182831,0,0.9874377846717834,1
/shared/home/sarim.hashmi/usenix/benchmark/newbench_norm/real/Many_plates_and_dishes_line_a_kitchen_cabinet._.png,0,0.06486506015062332,0,0.9877707958221436,1
/shared/home/sarim.hashmi/usenix/benchmark/newbench_norm/real/Men_and_women_are_riding_on_motorcycles_on_the_street.png,0,0.05608010292053223,0,0.9872807860374451,1
/shared/home/sarim.hashmi/usenix/benchmark/newbench_norm/real/Multiple_lane_road_in_large_city_on_sunny_day..png,0,0.06255055963993073,0,0.9862511157989502,1
"/shared/home/sarim.hashmi/usenix/benchmark/newbench_norm/real/Non_passenger_train,_slowly_coming_down_the_tracks.png",0,0.02926558256149292,0,0.9863629937171936,1
/shared/home/sarim.hashmi/usenix/benchmark/newbench_norm/real/One_giraffe_in_the_foreground_with_two_giraffes_in_the_background..png,0,0.04806220531463623,0,0.9879183173179626,1
/shared/home/sarim.hashmi/usenix/benchmark/newbench_norm/real/People_are_sitting_and_standing_outside_between_train_cars..png,0,0.06867168843746185,0,0.9870970249176025,1
/shared/home/sarim.hashmi/usenix/benchmark/newbench_norm/real/People_are_waiting_for_the_bus_near_a_bus_stop..png,0,0.05076543986797333,0,0.9875046610832214,1
/shared/home/sarim.hashmi/usenix/benchmark/newbench_norm/real/People_are_waiting_for_the_train_to_arrive.png,0,0.03952404111623764,0,0.9865375757217407,1
/shared/home/sarim.hashmi/usenix/benchmark/newbench_norm/real/People_at_a_bus_stop_waiting_on_a_bus..png,0,0.05786372721195221,0,0.9872472286224365,1
/shared/home/sarim.hashmi/usenix/benchmark/newbench_norm/real/People_crossing_the_street_at_a_busy_intersection.png,0,0.03322915360331535,0,0.9872461557388306,1
/shared/home/sarim.hashmi/usenix/benchmark/newbench_norm/real/People_sitting_on_benches_next_to_each_other..png,0,0.054496459662914276,0,0.9864230751991272,1
/shared/home/sarim.hashmi/usenix/benchmark/newbench_norm/real/People_standing_around_looking_at_a_small_train_on_a_track.png,0,0.04684382304549217,0,0.9882726073265076,1
/shared/home/sarim.hashmi/usenix/benchmark/newbench_norm/real/People_standing_on_a_sidewalk_near_a_parked_bus_at_night..png,0,0.028731022030115128,0,0.9853948354721069,1
/shared/home/sarim.hashmi/usenix/benchmark/newbench_norm/real/People_walking_around_downtown_and_a_man_riding_his_bike..png,0,0.036550916731357574,0,0.9857711791992188,1
/shared/home/sarim.hashmi/usenix/benchmark/newbench_norm/real/Red_and_white_plane_sitting_in_a_green_field..png,0,0.03158237412571907,0,0.9871460199356079,1
/shared/home/sarim.hashmi/usenix/benchmark/newbench_norm/real/Red_brick_building_with_fire_hydrant_and_car_with_cloudy_sky.png,0,0.05774550512433052,0,0.9859122633934021,1
/shared/home/sarim.hashmi/usenix/benchmark/newbench_norm/real/Red_bus_passing_by_a_famous_clock_tower._.png,0,0.048547692596912384,0,0.9855009913444519,1
/shared/home/sarim.hashmi/usenix/benchmark/newbench_norm/real/Red_train_at_a_stop_and_a_man_that_is_waiting._.png,0,0.03458971902728081,0,0.9858685731887817,1
/shared/home/sarim.hashmi/usenix/benchmark/newbench_norm/real/Red_wrong_way_sign_in_front_of_a_church.png,0,0.04418720677495003,0,0.9864407181739807,1
/shared/home/sarim.hashmi/usenix/benchmark/newbench_norm/real/Row_of_motorcycles_parked_at_curb_in_outdoor_area..png,0,0.037164364010095596,0,0.9875094294548035,1
/shared/home/sarim.hashmi/usenix/benchmark/newbench_norm/real/Rows_of_gray_and_black_keyboards_make_up_several_different_pictures..png,0,0.21562334895133972,0,0.9854174256324768,1
/shared/home/sarim.hashmi/usenix/benchmark/newbench_norm/real/Separate_men_sitting_on_park_benches_playing_on_phone_and_reading..png,0,0.04149676114320755,0,0.9873421788215637,1
/shared/home/sarim.hashmi/usenix/benchmark/newbench_norm/real/Seven_giraffe_are_standing_around_a_bush_in_a_field..png,0,0.036954764276742935,0,0.9872637391090393,1
/shared/home/sarim.hashmi/usenix/benchmark/newbench_norm/real/Several_bicycles_lined_up_against_a_brick_building..png,0,0.07305829972028732,0,0.9864189028739929,1
/shared/home/sarim.hashmi/usenix/benchmark/newbench_norm/real/Several_buses_stopped_on_a_night_time_street..png,0,0.044998764991760254,0,0.9872960448265076,1
/shared/home/sarim.hashmi/usenix/benchmark/newbench_norm/real/Several_different_pots_place_on_a_stone_floor..png,0,0.05771942436695099,0,0.9860718846321106,1
/shared/home/sarim.hashmi/usenix/benchmark/newbench_norm/real/Several_motorcycles_and_cars_parked_on_a_city_street..png,0,0.0599779337644577,0,0.9863794445991516,1
/shared/home/sarim.hashmi/usenix/benchmark/newbench_norm/real/Several_people_are_seen_sitting_around_and_smoking..png,0,0.038950785994529724,0,0.9871168732643127,1
/shared/home/sarim.hashmi/usenix/benchmark/newbench_norm/real/Several_people_stand_on_a_sidewalk_by_a_train_next_to_a_cart_stacked_with_materials..png,0,0.08069933950901031,0,0.9870858788490295,1
/shared/home/sarim.hashmi/usenix/benchmark/newbench_norm/real/Several_sheep_are_in_a_grassy_field_with_trees..png,0,0.11602640897035599,0,0.9856753945350647,1
/shared/home/sarim.hashmi/usenix/benchmark/newbench_norm/real/Sign_over_city_street_above_traffic_lights_by_a_building..png,0,0.03333045542240143,0,0.9858484268188477,1
/shared/home/sarim.hashmi/usenix/benchmark/newbench_norm/real/Signs_with_red_men_for_go_and_stop.png,0,0.07009853422641754,0,0.9838511347770691,1
/shared/home/sarim.hashmi/usenix/benchmark/newbench_norm/real/Small_bathroom_with_toilet_and_sink_connected_to_each_other._.png,0,0.07977868616580963,0,0.9870104789733887,1
/shared/home/sarim.hashmi/usenix/benchmark/newbench_norm/real/Small_black_bird_standing_on_a_wooden_table_or_deck..png,0,0.05440407618880272,0,0.9865656495094299,1
/shared/home/sarim.hashmi/usenix/benchmark/newbench_norm/real/Small_kitchen_with_white_cabinets_and_white_appliances_with_a_city_view._.png,0,0.05101296678185463,0,0.9875162839889526,1
/shared/home/sarim.hashmi/usenix/benchmark/newbench_norm/real/Some_cars_are_traveling_on_the_streets_on_a_cloudy_day._.png,0,0.045675694942474365,0,0.986924409866333,1
/shared/home/sarim.hashmi/usenix/benchmark/newbench_norm/real/Street_sign_in_front_of_a_large_building_and_clear_skies..png,0,0.039917703717947006,0,0.9862552881240845,1
/shared/home/sarim.hashmi/usenix/benchmark/newbench_norm/real/Street_signs_are_advising_people_to_proceed_while_being_aware_of_their_surroundings..png,0,0.08601832389831543,0,0.9846308827400208,1
"/shared/home/sarim.hashmi/usenix/benchmark/newbench_norm/real/Street_signs_at_an_intersection,_silhouetted_against_trees_and_a_blue_sky.png",0,0.03131420165300369,0,0.9851552844047546,1
/shared/home/sarim.hashmi/usenix/benchmark/newbench_norm/real/THERE_IS_A_PARK_BENCH_FACING_A_SNOW_COVERED_MOUNTAIN_.png,0,0.04592316225171089,0,0.9876865744590759,1
/shared/home/sarim.hashmi/usenix/benchmark/newbench_norm/real/TWO_PEOPLE_IN_A_VERY_SMALL_APARTMENT_SIZE_KITCHEN.png,0,0.05155578628182411,0,0.9872573018074036,1
/shared/home/sarim.hashmi/usenix/benchmark/newbench_norm/real/That_looks_like_a_wall_mural_in_the_background_of_this_photo_with_a_lot_of_sheet..png,0,0.02792963758111,0,0.986583411693573,1
/shared/home/sarim.hashmi/usenix/benchmark/newbench_norm/real/The_airplane_flies_low_to_the_ground_during_sunset..png,0,0.04273531213402748,0,0.9830660820007324,1
/shared/home/sarim.hashmi/usenix/benchmark/newbench_norm/real/The_airplane_is_majestic_as_it_takes_off_into_the_air..png,0,0.03978969156742096,0,0.9872081875801086,1
/shared/home/sarim.hashmi/usenix/benchmark/newbench_norm/real/The_back_door_with_a_window_in_the_kitchen..png,0,0.062059056013822556,0,0.9872698783874512,1
/shared/home/sarim.hashmi/usenix/benchmark/newbench_norm/real/The_baseball_player_is_prominent_in_all_the_featured_pictures..png,0,0.0439380444586277,0,0.9866411089897156,1
/shared/home/sarim.hashmi/usenix/benchmark/newbench_norm/real/The_bathroom_has_two_large_windows_with_a_ledge..png,0,0.04022456705570221,0,0.9870913028717041,1
/shared/home/sarim.hashmi/usenix/benchmark/newbench_norm/real/The_bathroom_is_clean_for_the_guests_to_use._.png,0,0.04386596009135246,0,0.9873059988021851,1
"/shared/home/sarim.hashmi/usenix/benchmark/newbench_norm/real/The_bathroom_is_small_but_clean_and_neat_looking,_with_an_immaculate_black_and_white_tub___shower..png",0,0.11016567796468735,0,0.9873343706130981,1
/shared/home/sarim.hashmi/usenix/benchmark/newbench_norm/real/The_bird_is_perched_alone_on_the_bannister._.png,0,0.047831010073423386,0,0.9874207377433777,1
/shared/home/sarim.hashmi/usenix/benchmark/newbench_norm/real/The_black_cat_is_laying_on_top_of_books_on_the_shelf._.png,0,0.0469382107257843,0,0.9849521517753601,1
/shared/home/sarim.hashmi/usenix/benchmark/newbench_norm/real/The_car_is_traveling_down_the_road_while_the_dog_watches..png,0,0.04893379658460617,0,0.9884739518165588,1
/shared/home/sarim.hashmi/usenix/benchmark/newbench_norm/real/The_clock_on_the_side_of_the_metal_building_is_gold_and_black._.png,0,0.03907991200685501,0,0.9860386848449707,1
/shared/home/sarim.hashmi/usenix/benchmark/newbench_norm/real/The_couple_is_riding_the_motorcycle_together._.png,0,0.08026856929063797,0,0.9860802292823792,1
/shared/home/sarim.hashmi/usenix/benchmark/newbench_norm/real/The_fire_hydrant_is_sitting_on_the_side_of_the_road.png,0,0.06418395787477493,0,0.9872241020202637,1
/shared/home/sarim.hashmi/usenix/benchmark/newbench_norm/real/The_four_urinals_have_a_very_modern_design..png,0,0.0443611703813076,0,0.9859905242919922,1
/shared/home/sarim.hashmi/usenix/benchmark/newbench_norm/real/The_freight_train_is_speeding_through_the_crossing..png,0,0.04036816954612732,0,0.9875542521476746,1
"/shared/home/sarim.hashmi/usenix/benchmark/newbench_norm/real/The_german_shepherd_is_guarding_the_front_of_the_barred_door,.png",0,0.15347078442573547,0,0.9866176247596741,1
/shared/home/sarim.hashmi/usenix/benchmark/newbench_norm/real/The_giraffe_eats_from_a_reachable_limb_of_the_tree..png,0,0.03314480185508728,0,0.9870516061782837,1
/shared/home/sarim.hashmi/usenix/benchmark/newbench_norm/real/The_infamous_Big_Ben_clock_tower_towering_over_the_city_of_London..png,0,0.06153177469968796,0,0.9854987859725952,1
/shared/home/sarim.hashmi/usenix/benchmark/newbench_norm/real/The_kitchen_sits_empty_and_unused_during_the_day..png,0,0.027310669422149658,0,0.9870777130126953,1
/shared/home/sarim.hashmi/usenix/benchmark/newbench_norm/real/The_large_green_city_bus_is_driving_on_a_road..png,0,0.04052562639117241,0,0.9863675236701965,1
/shared/home/sarim.hashmi/usenix/benchmark/newbench_norm/real/The_lights_are_on_above_the_mirror_of_the_bathroom_sink..png,0,0.0281202532351017,0,0.9877033233642578,1
/shared/home/sarim.hashmi/usenix/benchmark/newbench_norm/real/The_little_girl_is_standing_between_the_low_shrub_and_the_fire_plug.png,0,0.06948009133338928,0,0.9876067042350769,1
/shared/home/sarim.hashmi/usenix/benchmark/newbench_norm/real/The_motorcycle_has_a_large_cargo_box_attached_to_the_seat..png,0,0.033167168498039246,0,0.9873232245445251,1
/shared/home/sarim.hashmi/usenix/benchmark/newbench_norm/real/The_officer_is_riding_a_horse_threw_the_streets._.png,0,0.03754294291138649,0,0.9876773953437805,1
/shared/home/sarim.hashmi/usenix/benchmark/newbench_norm/real/The_person_stands_in_a_field_flying_a_yellow_kite._.png,0,0.11238262802362442,0,0.9865999817848206,1
/shared/home/sarim.hashmi/usenix/benchmark/newbench_norm/real/The_red_bus_has_an_anime_girl_on_it._.png,0,0.05994529277086258,0,0.9861538410186768,1
/shared/home/sarim.hashmi/usenix/benchmark/newbench_norm/real/The_shoreline_of_a_beach_on_a_cloudy_day._.png,0,0.058534570038318634,0,0.9871276617050171,1
/shared/home/sarim.hashmi/usenix/benchmark/newbench_norm/real/The_skilled_skier_is_taking_the_downhill_route..png,0,0.058805305510759354,0,0.987054705619812,1
/shared/home/sarim.hashmi/usenix/benchmark/newbench_norm/real/The_sleek_fighter_jet_is_flying_sideways_through_the_air._.png,0,0.06588474661111832,0,0.9872385263442993,1
/shared/home/sarim.hashmi/usenix/benchmark/newbench_norm/real/The_small_bathroom_has_an_old_bathtub_in_it..png,0,0.09129713475704193,0,0.9865933656692505,1
/shared/home/sarim.hashmi/usenix/benchmark/newbench_norm/real/The_small_street_is_crowded_with_small_shops..png,0,0.03805066645145416,0,0.9865461587905884,1
/shared/home/sarim.hashmi/usenix/benchmark/newbench_norm/real/The_snow_covered_mountain_looks_over_the_small_city..png,0,0.09193882346153259,0,0.9854804873466492,1
/shared/home/sarim.hashmi/usenix/benchmark/newbench_norm/real/The_stop_sign_with_an_apartment_building_in_the_backgroundis_shot_from_below..png,0,0.05094350129365921,0,0.9844309687614441,1
/shared/home/sarim.hashmi/usenix/benchmark/newbench_norm/real/The_street_sign_is_across_from_an_electronic_sign_of_a_restaurant..png,0,0.0435575395822525,0,0.9872663617134094,1
/shared/home/sarim.hashmi/usenix/benchmark/newbench_norm/real/The_three_giraffe_stand_next_to_a_pile_of_logs..png,0,0.0408763624727726,0,0.9869820475578308,1
/shared/home/sarim.hashmi/usenix/benchmark/newbench_norm/real/The_train_could_be_going_as_fast_as_lightning.png,0,0.030130406841635704,0,0.9869144558906555,1
/shared/home/sarim.hashmi/usenix/benchmark/newbench_norm/real/The_train_is_passing_by_the_open_field..png,0,0.04222648963332176,0,0.9876948595046997,1
/shared/home/sarim.hashmi/usenix/benchmark/newbench_norm/real/The_view_from_the_airplane_shows_a_mountain_range..png,0,0.030977888032794,0,0.9860771894454956,1
/shared/home/sarim.hashmi/usenix/benchmark/newbench_norm/real/The_windows_of_a_railroad_train_photographed_against_a_cloudy_background..png,0,0.05122624337673187,0,0.9860265254974365,1
/shared/home/sarim.hashmi/usenix/benchmark/newbench_norm/real/The_woman_smiles_while_posing_with_a_big_cat_in_her_arms..png,0,0.029436029493808746,0,0.9874014258384705,1
/shared/home/sarim.hashmi/usenix/benchmark/newbench_norm/real/The_woman_stands_near_the_stove_near_a_baby_chair_on_the_ground._.png,0,0.05284997820854187,0,0.9875733256340027,1
/shared/home/sarim.hashmi/usenix/benchmark/newbench_norm/real/There's_an_outdoor_dining_area_featuring_a_fountain._.png,0,0.051860108971595764,0,0.9875327944755554,1
/shared/home/sarim.hashmi/usenix/benchmark/newbench_norm/real/There_are_billboards_on_the_side_of_the_road..png,0,0.07180372625589371,0,0.9871473908424377,1
/shared/home/sarim.hashmi/usenix/benchmark/newbench_norm/real/There_are_many_cars_parked_next_to_the_ship..png,0,0.04417140409350395,0,0.9857128858566284,1
/shared/home/sarim.hashmi/usenix/benchmark/newbench_norm/real/There_are_stop_signs_and_one_way_signs_at_this_intersection..png,0,0.05264836549758911,0,0.9872924089431763,1
/shared/home/sarim.hashmi/usenix/benchmark/newbench_norm/real/There_are_two_men_sitting_on_a_park_bench.png,0,0.07693222165107727,0,0.9864131212234497,1
/shared/home/sarim.hashmi/usenix/benchmark/newbench_norm/real/There_are_two_sinks_next_to_two_mirrors..png,0,0.07449810206890106,0,0.9875656962394714,1
/shared/home/sarim.hashmi/usenix/benchmark/newbench_norm/real/There_is_a_blue_and_yellow_train_stopped_at_a_train_stop.png,0,0.030970247462391853,0,0.986483633518219,1
/shared/home/sarim.hashmi/usenix/benchmark/newbench_norm/real/There_is_a_man_picking_bananas_next_to_a_street..png,0,0.05838635563850403,0,0.9873837828636169,1
/shared/home/sarim.hashmi/usenix/benchmark/newbench_norm/real/This_hazy_picture_depicts_traffic_on_a_busy_street..png,0,0.1417890191078186,0,0.9865108728408813,1
/shared/home/sarim.hashmi/usenix/benchmark/newbench_norm/real/This_is_an_image_of_an_elevated_train_in_the_city..png,0,0.035999998450279236,0,0.986504316329956,1
/shared/home/sarim.hashmi/usenix/benchmark/newbench_norm/real/This_is_an_open_box_containing_four_cucumbers..png,0,0.12156819552183151,0,0.9855076670646667,1
/shared/home/sarim.hashmi/usenix/benchmark/newbench_norm/real/This_quaint_backyard_has_a_shed_and_a_bench.png,0,0.08690532296895981,0,0.9867718815803528,1
/shared/home/sarim.hashmi/usenix/benchmark/newbench_norm/real/Thomas_the_tank_traveling_down_train_tracks_next_to_a__bush..png,0,0.04184800013899803,0,0.9873478412628174,1
/shared/home/sarim.hashmi/usenix/benchmark/newbench_norm/real/Three_airliners_are_preparing_to_load_passengers_onto_a_plane..png,0,0.044870179146528244,0,0.9868163466453552,1
/shared/home/sarim.hashmi/usenix/benchmark/newbench_norm/real/Three_giraffe_eating_greens_in_a_field_next_to_lots_of_trees..png,0,0.06301060318946838,0,0.9873139262199402,1
/shared/home/sarim.hashmi/usenix/benchmark/newbench_norm/real/Three_giraffe_standing_near_trees_and_one_eating_on_a_tree.__.png,0,0.05709091201424599,0,0.9869070053100586,1
/shared/home/sarim.hashmi/usenix/benchmark/newbench_norm/real/Three_light_sheep_are_grazing_on_grass_in_a_ring_and_a_dark_sheep_is_eating_by_himself..png,0,0.03663785383105278,0,0.9877581000328064,1
"/shared/home/sarim.hashmi/usenix/benchmark/newbench_norm/real/Three_men_in_military_suits_are_sitting_on_a_bench,.png",0,0.04665443301200867,0,0.9853007197380066,1
/shared/home/sarim.hashmi/usenix/benchmark/newbench_norm/real/Three_monitors_sitting_on_a_table_one_with_a_view_of_a_baseball_game..png,0,0.11366533488035202,0,0.9872734546661377,1
/shared/home/sarim.hashmi/usenix/benchmark/newbench_norm/real/Three_people_on_a_motorcycle_in_the_middle_of_a_city..png,0,0.040090497583150864,0,0.9860111474990845,1
/shared/home/sarim.hashmi/usenix/benchmark/newbench_norm/real/Three_people_riding_horses_on_a_beach_next_to_the_ocean...png,0,0.0527837797999382,0,0.987159013748169,1
/shared/home/sarim.hashmi/usenix/benchmark/newbench_norm/real/Three_sheep_in_the_process_of_running_on_grass_outside..png,0,0.052938055247068405,0,0.9856600761413574,1
/shared/home/sarim.hashmi/usenix/benchmark/newbench_norm/real/Three_white_storks_with_black_legs_and_beaks_wading_in_some_water..png,0,0.06881635636091232,0,0.9872474670410156,1
/shared/home/sarim.hashmi/usenix/benchmark/newbench_norm/real/Traffic_lights_next_to_traffic_signs_on_a_bridge..png,0,0.036424241960048676,0,0.985532820224762,1
/shared/home/sarim.hashmi/usenix/benchmark/newbench_norm/real/Train_track_running_alongside_a_mountain_with_an_orange_train_car_in_distance..png,0,0.058173734694719315,0,0.9858672022819519,1
/shared/home/sarim.hashmi/usenix/benchmark/newbench_norm/real/Train_with_four_cars_traveling_through_the_wooded_area..png,0,0.02911890298128128,0,0.9870993494987488,1
/shared/home/sarim.hashmi/usenix/benchmark/newbench_norm/real/Twin_baby_girls_wearing_hats_eat_ice_cream..png,0,0.06377388536930084,0,0.9875695109367371,1
/shared/home/sarim.hashmi/usenix/benchmark/newbench_norm/real/Two_No_Parking_Signs_emphasize_the_law_on_this_street..png,0,0.03454800695180893,0,0.9865943193435669,1
/shared/home/sarim.hashmi/usenix/benchmark/newbench_norm/real/Two_airplanes_flying_through_a_blue_sky_with_smoke_pouring_out_of_their_rear_ends..png,0,0.060955483466386795,0,0.9865967631340027,1
/shared/home/sarim.hashmi/usenix/benchmark/newbench_norm/real/Two_bathroom_sinks_under_two_mirrors_next_to_paper_towel_dispenser..png,0,0.04389021545648575,0,0.9874639511108398,1
/shared/home/sarim.hashmi/usenix/benchmark/newbench_norm/real/Two_black_horses_standing_next_to_each_other..png,0,0.0406571626663208,0,0.9867883920669556,1
/shared/home/sarim.hashmi/usenix/benchmark/newbench_norm/real/Two_buses_passing_each_other_by_while_traveling_under_a_bridge..png,0,0.034455522894859314,0,0.9870314002037048,1
/shared/home/sarim.hashmi/usenix/benchmark/newbench_norm/real/Two_busses_on_street_next_to_cars_with_buildings_in_the_background..png,0,0.04040960595011711,0,0.9867558479309082,1
/shared/home/sarim.hashmi/usenix/benchmark/newbench_norm/real/Two_cats_sitting_on_a__sill_looking_out_the_window.png,0,0.035614851862192154,0,0.9875823259353638,1
/shared/home/sarim.hashmi/usenix/benchmark/newbench_norm/real/Two_giraffe_standing_next_to_each_other_around_a_tree..png,0,0.08699177205562592,0,0.9874653220176697,1
/shared/home/sarim.hashmi/usenix/benchmark/newbench_norm/real/Two_giraffe_standing_next_to_each_other_on_a_field..png,0,0.045444611459970474,0,0.987675666809082,1
/shared/home/sarim.hashmi/usenix/benchmark/newbench_norm/real/Two_giraffe_standing_next_to_each_other_on_a_lush_green_field..png,0,0.039113592356443405,0,0.9875099658966064,1
/shared/home/sarim.hashmi/usenix/benchmark/newbench_norm/real/Two_giraffes_are_walking_and_standing_in_the_open_field.png,0,0.04599316790699959,0,0.9874353408813477,1
/shared/home/sarim.hashmi/usenix/benchmark/newbench_norm/real/Two_giraffes_in_a_outdoor_shelter_under_a_net..png,0,0.084663026034832,0,0.9863731861114502,1
/shared/home/sarim.hashmi/usenix/benchmark/newbench_norm/real/Two_giraffes_in_a_room_with_people_looking_at_them..png,0,0.04843652993440628,0,0.9862720966339111,1
/shared/home/sarim.hashmi/usenix/benchmark/newbench_norm/real/Two_giraffes_near_a_tree_in_the_wild..png,0,0.07834599912166595,0,0.987255334854126,1
/shared/home/sarim.hashmi/usenix/benchmark/newbench_norm/real/Two_giraffes_stand_in_a_dirt_yard_next_to_a_wooden_structure..png,0,0.05070344731211662,0,0.9860381484031677,1
/shared/home/sarim.hashmi/usenix/benchmark/newbench_norm/real/Two_giraffes_standing_next_to_each_other_looking_over_a_fence..png,0,0.045626383274793625,0,0.982833981513977,1
/shared/home/sarim.hashmi/usenix/benchmark/newbench_norm/real/Two_goat_kids_and_one_young_lamb_are_in_a_field.__.png,0,0.03352126479148865,0,0.986542820930481,1
/shared/home/sarim.hashmi/usenix/benchmark/newbench_norm/real/Two_large_colorful_birds_touch_their_beaks_together..png,0,0.05483274906873703,0,0.9871506690979004,1
/shared/home/sarim.hashmi/usenix/benchmark/newbench_norm/real/Two_large_passenger_jets_flying_over_a_beach_filled_with_birds..png,0,0.08603791147470474,0,0.9871718287467957,1
/shared/home/sarim.hashmi/usenix/benchmark/newbench_norm/real/Two_men_riding_on_a_motorcycle_with_a_young_girl..png,0,0.045954629778862,0,0.9865960478782654,1
/shared/home/sarim.hashmi/usenix/benchmark/newbench_norm/real/Two_mountain_goats_standing_on_the_side_of_a_mountain..png,0,0.027244485914707184,0,0.9871583580970764,1
/shared/home/sarim.hashmi/usenix/benchmark/newbench_norm/real/Two_people_are_looking_at_a_truck_while_a_dog_is_being_walked..png,0,0.044115107506513596,0,0.9870492815971375,1
/shared/home/sarim.hashmi/usenix/benchmark/newbench_norm/real/Two_people_are_sitting_at_a_picnic_table_by_a_lake..png,0,0.03786463662981987,0,0.9856014847755432,1
/shared/home/sarim.hashmi/usenix/benchmark/newbench_norm/real/Two_people_ride_on_a_motorcycle_on_a_street._.png,0,0.04352238401770592,0,0.9875310063362122,1
/shared/home/sarim.hashmi/usenix/benchmark/newbench_norm/real/Two_people_sit_in_the_sand_with_their_surf_boards._.png,0,0.04930070415139198,0,0.9866956472396851,1
/shared/home/sarim.hashmi/usenix/benchmark/newbench_norm/real/Two_people_standing_in_the_grass_flying_a_kite..png,0,0.15113800764083862,0,0.986519455909729,1
/shared/home/sarim.hashmi/usenix/benchmark/newbench_norm/real/Two_photos_of_an_airplane_in_the_air..png,0,0.05980919301509857,0,0.9858834147453308,1
/shared/home/sarim.hashmi/usenix/benchmark/newbench_norm/real/Two_sheep_are_looking_over_a_cement_wall..png,0,0.053257767111063004,0,0.9870759844779968,1
/shared/home/sarim.hashmi/usenix/benchmark/newbench_norm/real/Two_sheep_graze_in_a_valley_near_a_small_town..png,0,0.04827142879366875,0,0.9880581498146057,1
/shared/home/sarim.hashmi/usenix/benchmark/newbench_norm/real/Two_sheep_one_with_a_bell_tied_to_its_neck_walking_in_a_green_field..png,0,0.11083360016345978,0,0.9868676662445068,1
/shared/home/sarim.hashmi/usenix/benchmark/newbench_norm/real/Two_sheep_that_are_standing_in_the_grass..png,0,0.03979979455471039,0,0.9874451160430908,1
/shared/home/sarim.hashmi/usenix/benchmark/newbench_norm/real/Two_signs_in_front_of_a_red_brick_building_that_say_Tow_Away_No_Stopping_from_4pm_to_6pm_and_No_Park.png,0,0.027523167431354523,0,0.9795755743980408,1
/shared/home/sarim.hashmi/usenix/benchmark/newbench_norm/real/Two_stuffed_animals_are_cutting_bread_and_spreading_jelly_on_it..png,0,0.073151595890522,0,0.9855700135231018,1
/shared/home/sarim.hashmi/usenix/benchmark/newbench_norm/real/Two_tall_giraffe_standing_next_to_a_green_leaf_filled_tree.png,0,0.09130480885505676,0,0.9855232238769531,1
/shared/home/sarim.hashmi/usenix/benchmark/newbench_norm/real/Two_toilets_sit_near_each_other_in_the_same_room..png,0,0.08122476935386658,0,0.9871129393577576,1
/shared/home/sarim.hashmi/usenix/benchmark/newbench_norm/real/Two_urinals_in_wall_with_a_white_divider..png,0,0.08364704996347427,0,0.9867766499519348,1
/shared/home/sarim.hashmi/usenix/benchmark/newbench_norm/real/Vet_supplies_laying_on_the_floor_of_a_room..png,0,0.050745029002428055,0,0.9884076714515686,1
/shared/home/sarim.hashmi/usenix/benchmark/newbench_norm/real/Water_is_spewing_form_the_ground_while_people_watch_on..png,0,0.06818841397762299,0,0.9859224557876587,1
/shared/home/sarim.hashmi/usenix/benchmark/newbench_norm/real/We_are_looking_at_a_model_train_coming_down_the_track..png,0,0.08602023124694824,0,0.9856598377227783,1
/shared/home/sarim.hashmi/usenix/benchmark/newbench_norm/real/White_and_gray_cat_looking_past_spoked_wheel..png,0,0.03627191483974457,0,0.9853307008743286,1
/shared/home/sarim.hashmi/usenix/benchmark/newbench_norm/real/Woman_interacting_with_giraffe_at_fence_in_zoo..png,0,0.0627632886171341,0,0.9865545034408569,1
/shared/home/sarim.hashmi/usenix/benchmark/newbench_norm/real/Woman_riding_her_bike_down_a_small_side_path..png,0,0.07299294322729111,0,0.987179160118103,1
/shared/home/sarim.hashmi/usenix/benchmark/newbench_norm/real/Women_taking_picture_of_themselves_while_brushing_their_teeth..png,0,0.07758904993534088,0,0.9866076707839966,1
/shared/home/sarim.hashmi/usenix/benchmark/newbench_norm/real/Woodpeckers_on_the_side_of_trees_during_the_day..png,0,0.3047070801258087,0,0.9849416017532349,1
"/shared/home/sarim.hashmi/usenix/benchmark/newbench_norm/real/_A_bathroom_with_a_toilet,_sink,_counter_and_large_mirror.png",0,0.041324716061353683,0,0.9871178865432739,1
/shared/home/sarim.hashmi/usenix/benchmark/newbench_norm/real/_A_sidewalk_with_street_sings_next_to_a_road..png,0,0.04772070422768593,0,0.9868927597999573,1
/shared/home/sarim.hashmi/usenix/benchmark/newbench_norm/real/_a_street_sign_with_the_red_light_glowing_brightly_on_it_.png,0,0.04236245155334473,0,0.9853658676147461,1
/shared/home/sarim.hashmi/usenix/benchmark/newbench_norm/real/a_bath_room_with_a_toilet_a_sink_and_a_bath_tub.png,0,0.06580208241939545,0,0.9864979982376099,1
/shared/home/sarim.hashmi/usenix/benchmark/newbench_norm/real/a_bath_room_with_a_toilet_a_stool_and_handle_bars.png,0,0.05755190923810005,0,0.9883483052253723,1
/shared/home/sarim.hashmi/usenix/benchmark/newbench_norm/real/a_bath_room_with_two_sinks_a_large_mirror_a_bath_tub.png,0,0.05305140092968941,0,0.9875500798225403,1
/shared/home/sarim.hashmi/usenix/benchmark/newbench_norm/real/a_bathroom_counter_with_two_sinks_on_it_.png,0,0.03833084926009178,0,0.986954391002655,1
/shared/home/sarim.hashmi/usenix/benchmark/newbench_norm/real/a_bathroom_with_a_bath_tub_a_toilet_and_a_sink.png,0,0.051740098744630814,0,0.9873586297035217,1
/shared/home/sarim.hashmi/usenix/benchmark/newbench_norm/real/a_bathroom_with_a_sink_a_mirror_and_a_toilet.png,0,0.04117603972554207,0,0.9840717911720276,1
/shared/home/sarim.hashmi/usenix/benchmark/newbench_norm/real/a_bathroom_with_a_white_sink_next_to_a_white_bath_tub..png,0,0.045630693435668945,0,0.9866302013397217,1
/shared/home/sarim.hashmi/usenix/benchmark/newbench_norm/real/a_bathroom_with_bright_lights_and_white_carpet_.png,0,0.047166600823402405,0,0.9868184328079224,1
/shared/home/sarim.hashmi/usenix/benchmark/newbench_norm/real/a_beautiful_lady_with_a_very_nice_motor_bike.png,0,0.043560612946748734,0,0.9878000020980835,1
/shared/home/sarim.hashmi/usenix/benchmark/newbench_norm/real/a_bench_in_the_woods_covered_in_snow_.png,0,0.02670149691402912,0,0.9875553250312805,1
/shared/home/sarim.hashmi/usenix/benchmark/newbench_norm/real/a_big_red_fire_hydrant_on_the_side_of_a_building..png,0,0.05598938465118408,0,0.9866569638252258,1
/shared/home/sarim.hashmi/usenix/benchmark/newbench_norm/real/a_black_and_white_photo_of_a_long_bench_for_sitting_near_a_building.png,0,0.07780106365680695,0,0.9862258434295654,1
/shared/home/sarim.hashmi/usenix/benchmark/newbench_norm/real/a_blue_sign_in_the_sidewalk_of_a_walking_trail.png,0,0.08437766879796982,0,0.9868537187576294,1
/shared/home/sarim.hashmi/usenix/benchmark/newbench_norm/real/a_bluish_motorcycle_parked_on_sidewalk_in_park.png,0,0.030547672882676125,0,0.9877851009368896,1
/shared/home/sarim.hashmi/usenix/benchmark/newbench_norm/real/a_brown_and_white_dog_is_sitting_in_some_grass_and_a_red_and_white_fire_hydrant.png,0,0.10701774060726166,0,0.9853795170783997,1
/shared/home/sarim.hashmi/usenix/benchmark/newbench_norm/real/a_cat_is_sitting_on_a_wooden_bench_outside.png,0,0.02639726735651493,0,0.986310601234436,1
/shared/home/sarim.hashmi/usenix/benchmark/newbench_norm/real/a_close_up_of_a_cat_on_a_desk_near_a_sandwich_.png,0,0.03767520934343338,0,0.987030565738678,1
/shared/home/sarim.hashmi/usenix/benchmark/newbench_norm/real/a_close_up_of_a_pot_with_a_cell_phone_.png,0,0.06682457774877548,0,0.9862034320831299,1
/shared/home/sarim.hashmi/usenix/benchmark/newbench_norm/real/a_close_up_of_two_giraffes_with_a_rock_background.png,0,0.0373847596347332,0,0.9863255620002747,1
/shared/home/sarim.hashmi/usenix/benchmark/newbench_norm/real/a_colofrul_biplane_flying_above_some_trees_.png,0,0.049947094172239304,0,0.9876496195793152,1
/shared/home/sarim.hashmi/usenix/benchmark/newbench_norm/real/a_commercial_plane_is_on_the_airport_runway.png,0,0.03410615026950836,0,0.9865105748176575,1
/shared/home/sarim.hashmi/usenix/benchmark/newbench_norm/real/a_counter_with_cleaning_supplies_ice_cube_trays_and_racks_from_a_fridge_and_a_drawer_missing.png,0,0.041981976479291916,0,0.9857568144798279,1
/shared/home/sarim.hashmi/usenix/benchmark/newbench_norm/real/a_couple_of_anmails_standing_next_to_a_truck.png,0,0.039112020283937454,0,0.9871647357940674,1
/shared/home/sarim.hashmi/usenix/benchmark/newbench_norm/real/a_couple_of_buildings_grouped_together_next_to_some_power_lines_.png,0,0.0384085550904274,0,0.9867286086082458,1
/shared/home/sarim.hashmi/usenix/benchmark/newbench_norm/real/a_couple_of_cats_sit_in_front_of_a_tub_full_of_water_.png,0,0.07420898973941803,0,0.984525740146637,1
/shared/home/sarim.hashmi/usenix/benchmark/newbench_norm/real/a_couple_of_fire_trucks_that_are_by_a_motorcycle.png,0,0.04078478366136551,0,0.9866403937339783,1
/shared/home/sarim.hashmi/usenix/benchmark/newbench_norm/real/a_couple_of_people_in_uniforms_are_sitting_together.png,0,0.04425172507762909,0,0.9864171743392944,1
/shared/home/sarim.hashmi/usenix/benchmark/newbench_norm/real/a_couple_of_planes_are_out_on_a_runway.png,0,0.05531718209385872,0,0.985217273235321,1
/shared/home/sarim.hashmi/usenix/benchmark/newbench_norm/real/a_couple_of_sgns_are_on_poles_in_the_ground.png,0,0.031640004366636276,0,0.9868616461753845,1
/shared/home/sarim.hashmi/usenix/benchmark/newbench_norm/real/a_couple_of_sheep_walking_across_a_grass_covered_field..png,0,0.03564339503645897,0,0.9872583746910095,1
/shared/home/sarim.hashmi/usenix/benchmark/newbench_norm/real/a_cyclist_with_a_motorbike_moving_very_fast.png,0,0.030492732301354408,0,0.987518846988678,1
/shared/home/sarim.hashmi/usenix/benchmark/newbench_norm/real/a_desk_with_a_banana_a_keyboard_and_a_mouse.png,0,0.05417785793542862,0,0.9868009090423584,1
/shared/home/sarim.hashmi/usenix/benchmark/newbench_norm/real/a_dog_walking_beside_a_man_carrying_a_surf_board.png,0,0.052065059542655945,0,0.9876341819763184,1
/shared/home/sarim.hashmi/usenix/benchmark/newbench_norm/real/a_double_decker_red_bus_stopped_outside_of_a_brick_building.png,0,0.030591677874326706,0,0.9858826398849487,1
/shared/home/sarim.hashmi/usenix/benchmark/newbench_norm/real/a_fancy_white_train_parked_by_the_platform_.png,0,0.020964300259947777,0,0.9871084094047546,1
/shared/home/sarim.hashmi/usenix/benchmark/newbench_norm/real/a_female_in_a_gray_top_is_holding_a_cellphone.png,0,0.08905253559350967,0,0.9863280057907104,1
/shared/home/sarim.hashmi/usenix/benchmark/newbench_norm/real/a_giraffe_in_a_field_with_another_in_the_background.png,0,0.047565799206495285,0,0.9870051145553589,1
/shared/home/sarim.hashmi/usenix/benchmark/newbench_norm/real/a_giraffe_reaching_up_to_eat_some_grass_from_a_cage_.png,0,0.0405050665140152,0,0.9869047999382019,1
/shared/home/sarim.hashmi/usenix/benchmark/newbench_norm/real/a_giraffe_walking_on_a_street_with_trees.png,0,0.04694616049528122,0,0.9878928065299988,1
/shared/home/sarim.hashmi/usenix/benchmark/newbench_norm/real/a_girl_wearing_a_cowboy_hat_while_holding_a_dog_.png,0,0.05022279918193817,0,0.9876964688301086,1
/shared/home/sarim.hashmi/usenix/benchmark/newbench_norm/real/a_green_double_Decker_bus_stopped_on_the_street.png,0,0.03959226980805397,0,0.986575186252594,1
/shared/home/sarim.hashmi/usenix/benchmark/newbench_norm/real/a_green_train_engine_sitting_at_the_end_of_the_train_and_next_to_the_buidling.png,0,0.04375174641609192,0,0.9855045676231384,1
/shared/home/sarim.hashmi/usenix/benchmark/newbench_norm/real/a_group_of_light_resting_on_a_post_with_a_street_sign_on_it.png,0,0.03579184412956238,0,0.9841541051864624,1
/shared/home/sarim.hashmi/usenix/benchmark/newbench_norm/real/a_group_of_people_on_motorcycles_drive_down_the_road.png,0,0.07043901085853577,0,0.9856518507003784,1
/shared/home/sarim.hashmi/usenix/benchmark/newbench_norm/real/a_group_of_people_that_are_taking_a_picture.png,0,0.0323265939950943,0,0.9859424233436584,1
/shared/home/sarim.hashmi/usenix/benchmark/newbench_norm/real/a_group_of_urinals_is_near_the_trees.png,0,0.06065129488706589,0,0.9877778887748718,1
/shared/home/sarim.hashmi/usenix/benchmark/newbench_norm/real/a_group_of_vehicles_parked_next_to_a_firehydrant.png,0,0.04518335685133934,0,0.9875747561454773,1
/shared/home/sarim.hashmi/usenix/benchmark/newbench_norm/real/a_herd_of_sheep_standing_around_in_a_big_grassy_field_.png,0,0.023226352408528328,0,0.9873420596122742,1
/shared/home/sarim.hashmi/usenix/benchmark/newbench_norm/real/a_home_made_stop_sign_in_the_middle_of_nowhere.png,0,0.03982287272810936,0,0.9873270392417908,1
/shared/home/sarim.hashmi/usenix/benchmark/newbench_norm/real/a_kitchen_that_makes_food_has_pots_and_pans..png,0,0.030042041093111038,0,0.9880573749542236,1
/shared/home/sarim.hashmi/usenix/benchmark/newbench_norm/real/a_kitchen_with_a__sink_surrounded_by_a_bunch_of_cluttered_items.png,0,0.03860219568014145,0,0.9863258004188538,1
/shared/home/sarim.hashmi/usenix/benchmark/newbench_norm/real/a_kitchen_with_a_nasty_dirty_kitchen_with_a_light_beam_through_the_window.png,0,0.05589380860328674,0,0.987542450428009,1
/shared/home/sarim.hashmi/usenix/benchmark/newbench_norm/real/a_large_air_plane_flying_in_the_air.png,0,0.06660798192024231,0,0.9871259331703186,1
/shared/home/sarim.hashmi/usenix/benchmark/newbench_norm/real/a_large_body_of_water_with_trees_in_the_background.png,0,0.09985760599374771,0,0.9861454963684082,1
/shared/home/sarim.hashmi/usenix/benchmark/newbench_norm/real/a_line_of_cars_with_a_motorcycle_in_front.png,0,0.033700376749038696,0,0.9875537157058716,1
/shared/home/sarim.hashmi/usenix/benchmark/newbench_norm/real/a_lit_up_counter_with_two_fancy_sinks_on_it.png,0,0.0473935604095459,0,0.9877163767814636,1
/shared/home/sarim.hashmi/usenix/benchmark/newbench_norm/real/a_little_giraffe_sitting_on_the_ground_next_to_a_somewhat_bigger_one_.png,0,0.02819218672811985,0,0.9871702790260315,1
/shared/home/sarim.hashmi/usenix/benchmark/newbench_norm/real/a_living_room_with_some_fancy_curtains_behind_a_couch_.png,0,0.05325914919376373,0,0.9868137836456299,1
/shared/home/sarim.hashmi/usenix/benchmark/newbench_norm/real/a_man_assisting_a_woman_shearing_a_sheep_with_several_children_watching.png,0,0.050321973860263824,0,0.9873589873313904,1
/shared/home/sarim.hashmi/usenix/benchmark/newbench_norm/real/a_man_on_skis_holds_onto_the_hands_of_a_small_girl_on_skis.png,0,0.032334230840206146,0,0.9860873818397522,1
/shared/home/sarim.hashmi/usenix/benchmark/newbench_norm/real/a_man_riding_a_small_motorcycle_in_the_bustling_streets.png,0,0.045586295425891876,0,0.9878727197647095,1
/shared/home/sarim.hashmi/usenix/benchmark/newbench_norm/real/a_man_sits_by_himself_on_a_bench_in_a_stone-paved_square_in_front_of_a_large_bed_of_flowers.png,0,0.06044160947203636,0,0.9851292371749878,1
/shared/home/sarim.hashmi/usenix/benchmark/newbench_norm/real/a_man_standing_next_to_a_red_train_near_a_train_track_.png,0,0.051755763590335846,0,0.9879354238510132,1
/shared/home/sarim.hashmi/usenix/benchmark/newbench_norm/real/a_man_standing_on_the_side_walk_while_holding_a_sign_.png,0,0.03754432871937752,0,0.9868937730789185,1
/shared/home/sarim.hashmi/usenix/benchmark/newbench_norm/real/a_man_taking_a_nap_on_the_bench_in_the_middle_of_a_park.png,0,0.09455814212560654,0,0.9866657853126526,1
/shared/home/sarim.hashmi/usenix/benchmark/newbench_norm/real/a_modern_flush_toilet_in_a_bathroom_with_tile._.png,0,0.04775743559002876,0,0.9873954653739929,1
"/shared/home/sarim.hashmi/usenix/benchmark/newbench_norm/real/a_modern_kitchen_with_an_oven,_stove,_and_a_fridge_.png",0,0.047477006912231445,0,0.9879910349845886,1
/shared/home/sarim.hashmi/usenix/benchmark/newbench_norm/real/a_motorcycle_is_parked_near_a_building_by_the_curb.png,0,0.043777383863925934,0,0.9876367449760437,1
/shared/home/sarim.hashmi/usenix/benchmark/newbench_norm/real/a_motorcycle_parked_in_a_field_with_a_sky_background_.png,0,0.04052042216062546,0,0.9860660433769226,1
/shared/home/sarim.hashmi/usenix/benchmark/newbench_norm/real/a_number_of_birds_flying_near_a_nest_.png,0,0.028855936601758003,0,0.9868444204330444,1
/shared/home/sarim.hashmi/usenix/benchmark/newbench_norm/real/a_person_driving_a_motorcycle_on_a_closed_course.png,0,0.034133218228816986,0,0.9857169389724731,1
/shared/home/sarim.hashmi/usenix/benchmark/newbench_norm/real/a_person_in_an_office_setting_sitting_in_a_chair.png,0,0.060238711535930634,0,0.9856342673301697,1
/shared/home/sarim.hashmi/usenix/benchmark/newbench_norm/real/a_person_on_the_back_of_a_parked_truck.png,0,0.04728124663233757,0,0.9872270226478577,1
/shared/home/sarim.hashmi/usenix/benchmark/newbench_norm/real/a_person_riding_a_dirt_bike_in_the_air_with_a_sky_background.png,0,0.04718351364135742,0,0.9871640205383301,1
/shared/home/sarim.hashmi/usenix/benchmark/newbench_norm/real/a_person_riding_a_motorcycle_on_a_road_.png,0,0.0364542119204998,0,0.9869749546051025,1
/shared/home/sarim.hashmi/usenix/benchmark/newbench_norm/real/a_person_riding_a_motorcycle_on_a_road_with_a_hill_in_the_background.png,0,0.07796692103147507,0,0.9872667193412781,1
/shared/home/sarim.hashmi/usenix/benchmark/newbench_norm/real/a_person_sitting_on_a_bike_near_many_other_parked_bikes_.png,0,0.08542554825544357,0,0.987694263458252,1
/shared/home/sarim.hashmi/usenix/benchmark/newbench_norm/real/a_person_that_is_riding_a_bike_next_to_some_seats.png,0,0.08691463619470596,0,0.986684262752533,1
/shared/home/sarim.hashmi/usenix/benchmark/newbench_norm/real/a_picture_of_a_water_hydrant_with_many_snow._.png,0,0.05241163447499275,0,0.9860198497772217,1
/shared/home/sarim.hashmi/usenix/benchmark/newbench_norm/real/a_pole_that_has_a_sign_attached_to_it.png,0,0.3617517948150635,0,0.9808192849159241,1
/shared/home/sarim.hashmi/usenix/benchmark/newbench_norm/real/a_policeman_on_a_motorcycling_driving_on_the_road_smiling.png,0,0.04298849031329155,0,0.9865129590034485,1
/shared/home/sarim.hashmi/usenix/benchmark/newbench_norm/real/a_public_bathroom_with_a_toilet_and_hand_rail.png,0,0.1054019182920456,0,0.9840400815010071,1
/shared/home/sarim.hashmi/usenix/benchmark/newbench_norm/real/a_public_transit_train_on_a_train_track_with_trees_in_the_background.png,0,0.02681157737970352,0,0.9879937171936035,1
/shared/home/sarim.hashmi/usenix/benchmark/newbench_norm/real/a_red_bus_that_has_stuff_wrote_on_the_outside.png,0,0.0373985655605793,0,0.9859793782234192,1
/shared/home/sarim.hashmi/usenix/benchmark/newbench_norm/real/a_red_fire_hydrogen_next_to_a_road_in_front_of_a_bus.png,0,0.036820825189352036,0,0.9864794611930847,1
/shared/home/sarim.hashmi/usenix/benchmark/newbench_norm/real/a_sculpture_made_of_spoons_and_an_old_toaster.png,0,0.061192795634269714,0,0.9881155490875244,1
/shared/home/sarim.hashmi/usenix/benchmark/newbench_norm/real/a_sign_hanging_up_that_says_waterman_ave.png,0,0.033507317304611206,0,0.9868583679199219,1
/shared/home/sarim.hashmi/usenix/benchmark/newbench_norm/real/a_small_air_plane_on_an_air_plane_run_way.png,0,0.0633067712187767,0,0.9868766069412231,1
/shared/home/sarim.hashmi/usenix/benchmark/newbench_norm/real/a_small_bathroom_with_a_mirror_and_sink.png,0,0.05918573960661888,0,0.9872006177902222,1
/shared/home/sarim.hashmi/usenix/benchmark/newbench_norm/real/a_steam_locomotive_on_a_narrow_gauge_track_in_the_snow.png,0,0.03964664414525032,0,0.9862581491470337,1
/shared/home/sarim.hashmi/usenix/benchmark/newbench_norm/real/a_stop_sign_and_railway_crossing_sign_on_a_pole.png,0,0.041954156011343,0,0.985739529132843,1
/shared/home/sarim.hashmi/usenix/benchmark/newbench_norm/real/a_store_sits_in_front_of_a_fire_hydrant_.png,0,0.059177469462156296,0,0.9859641790390015,1
/shared/home/sarim.hashmi/usenix/benchmark/newbench_norm/real/a_street_light_hanging_fron_one_of_many_wires_connected_to_a_power_pole.png,0,0.053846508264541626,0,0.9860292077064514,1
/shared/home/sarim.hashmi/usenix/benchmark/newbench_norm/real/a_street_with_people_and_vehicles_in_the_middle_of_it.png,0,0.10250810533761978,0,0.9867945313453674,1
/shared/home/sarim.hashmi/usenix/benchmark/newbench_norm/real/a_stuffed_animal_and_a_figurine_are_sitting_on_a_bench_and_water.png,0,0.05621577426791191,0,0.9862863421440125,1
/shared/home/sarim.hashmi/usenix/benchmark/newbench_norm/real/a_table_top_with_some_laptops_on_it_.png,0,0.08098386228084564,0,0.9867454171180725,1
/shared/home/sarim.hashmi/usenix/benchmark/newbench_norm/real/a_toilet_sits_in_front_of_a_bath_tub.png,0,0.0842771902680397,0,0.9866873621940613,1
/shared/home/sarim.hashmi/usenix/benchmark/newbench_norm/real/a_toilet_sits_next_to_a_bath_tub_as_a_bunch_of_tiles_sit_piled_up_.png,0,0.041898295283317566,0,0.9873108863830566,1
/shared/home/sarim.hashmi/usenix/benchmark/newbench_norm/real/a_traffic_light_above_a_road_with_a_building_in_the_background.png,0,0.03744581714272499,0,0.9870421886444092,1
/shared/home/sarim.hashmi/usenix/benchmark/newbench_norm/real/a_train_getting_ready_to_go_into_a_tunnel_.png,0,0.054073676466941833,0,0.9871107339859009,1
/shared/home/sarim.hashmi/usenix/benchmark/newbench_norm/real/a_train_on_a_train_track_at_a_station_.png,0,0.024820949882268906,0,0.9854359030723572,1
/shared/home/sarim.hashmi/usenix/benchmark/newbench_norm/real/a_train_that_is_on_a_train_track.png,0,0.03845038264989853,0,0.9862879514694214,1
/shared/home/sarim.hashmi/usenix/benchmark/newbench_norm/real/a_tree_surrounded_by_a_little_bench_with_someone_sitting_on_it.png,0,0.03288690745830536,0,0.9885401129722595,1
/shared/home/sarim.hashmi/usenix/benchmark/newbench_norm/real/a_very_big_boat_that_is_in_some_water.png,0,0.054169662296772,0,0.9867282509803772,1
/shared/home/sarim.hashmi/usenix/benchmark/newbench_norm/real/a_very_big_bus_moving_on_the_street_with_no_people.png,0,0.03145299479365349,0,0.9868267774581909,1
/shared/home/sarim.hashmi/usenix/benchmark/newbench_norm/real/a_view_of_a_bathroom_area_with_a_white_long_flusher_and_window_behind_it_.png,0,0.035547029227018356,0,0.9867283701896667,1
/shared/home/sarim.hashmi/usenix/benchmark/newbench_norm/real/a_white_and_black_sea_bird_standing_in_very_shallow_water.png,0,0.07782136648893356,0,0.9867688417434692,1
/shared/home/sarim.hashmi/usenix/benchmark/newbench_norm/real/a_white_bus_is_on_a_busy_street.png,0,0.032743796706199646,0,0.9842103719711304,1
/shared/home/sarim.hashmi/usenix/benchmark/newbench_norm/real/a_woman_in_kitchen_cooking_chips_in_fry.png,0,0.03321302682161331,0,0.9878182411193848,1
/shared/home/sarim.hashmi/usenix/benchmark/newbench_norm/real/a_woman_is_out_in_a_field_with_sheep_.png,0,0.04900599271059036,0,0.9872635006904602,1
/shared/home/sarim.hashmi/usenix/benchmark/newbench_norm/real/a_woman_is_standing_next_to_an_oven.png,0,0.05911510810256004,0,0.9872651100158691,1
/shared/home/sarim.hashmi/usenix/benchmark/newbench_norm/real/a_woman_posing_on_a_wooden_bench_in_the_woods.png,0,0.0770220160484314,0,0.9866260886192322,1
/shared/home/sarim.hashmi/usenix/benchmark/newbench_norm/real/a_woman_riding_a_horse_while_holding_a_flag.png,0,0.04406379163265228,0,0.9871905446052551,1
/shared/home/sarim.hashmi/usenix/benchmark/newbench_norm/real/a_wooden_and_metal_bench_near_a_over_grown_bush.png,0,0.02829359658062458,0,0.9879008531570435,1
/shared/home/sarim.hashmi/usenix/benchmark/newbench_norm/real/a_young_female_siting_on_a_bench_near_a_small_stagnant_lake.png,0,0.050716832280159,0,0.9864833950996399,1
/shared/home/sarim.hashmi/usenix/benchmark/newbench_norm/real/an_image_of_a_a_plane_that_is_flying_in_the_air.png,0,0.06175622716546059,0,0.986012876033783,1
/shared/home/sarim.hashmi/usenix/benchmark/newbench_norm/real/an_image_of_a_cat_in_a_toilet_with_the_water.png,0,0.03203912824392319,0,0.9865725040435791,1
/shared/home/sarim.hashmi/usenix/benchmark/newbench_norm/real/an_image_of_a_tourbus_stopping_on_a_route.png,0,0.026834692806005478,0,0.9863683581352234,1
/shared/home/sarim.hashmi/usenix/benchmark/newbench_norm/real/an_up_close_picture_of_mechanic_of_a_bike_.png,0,0.06727629154920578,0,0.9865329265594482,1
/shared/home/sarim.hashmi/usenix/benchmark/newbench_norm/real/cars_wait_at_red_light_at_an_intersection_by_mountains.png,0,0.04479937627911568,0,0.9867026209831238,1
"/shared/home/sarim.hashmi/usenix/benchmark/newbench_norm/real/group_of_giraffes_mingling_in_a_stand_of_trees
.png",0,0.06529755145311356,0,0.9876028895378113,1
/shared/home/sarim.hashmi/usenix/benchmark/newbench_norm/real/many_bikes_parked_in_a_parking_lot_very_close_to_each_other.png,0,0.043435052037239075,0,0.9865766763687134,1
"/shared/home/sarim.hashmi/usenix/benchmark/newbench_norm/real/older_women_sit_on_a_bench,_with_one_of_the_women_holding_crutches.png",0,0.05888906121253967,0,0.9858048558235168,1
/shared/home/sarim.hashmi/usenix/benchmark/newbench_norm/real/people_at_costume_party_dressed_up_in_costumes.png,0,0.08034234493970871,0,0.9858145117759705,1
/shared/home/sarim.hashmi/usenix/benchmark/newbench_norm/real/people_riding_bikes_near_a_beach_and_others_swimming.png,0,0.08308713138103485,0,0.9865386486053467,1
/shared/home/sarim.hashmi/usenix/benchmark/newbench_norm/real/people_standing_outside_a_building_with_clocks_built_into_the_side_of_it.png,0,0.03954707458615303,0,0.98581463098526,1
/shared/home/sarim.hashmi/usenix/benchmark/newbench_norm/real/several_motorcycles_are_parked_next_to_each_other.png,0,0.03153147175908089,0,0.9868816137313843,1
/shared/home/sarim.hashmi/usenix/benchmark/newbench_norm/real/some_blurred_sheep_are_running_and_some_green_grass.png,0,0.5366691946983337,1,0.9876036047935486,1
/shared/home/sarim.hashmi/usenix/benchmark/newbench_norm/real/some_people_on_a_park_bench_in_a_field.png,0,0.0858132541179657,0,0.9865890741348267,1
/shared/home/sarim.hashmi/usenix/benchmark/newbench_norm/real/there_are_blue_lights_shining_threw_palm_trees_.png,0,0.04836345091462135,0,0.9867933392524719,1
/shared/home/sarim.hashmi/usenix/benchmark/newbench_norm/real/there_are_many_rocks_on_the_side_of_this_road.png,0,0.07404225319623947,0,0.9862868189811707,1
/shared/home/sarim.hashmi/usenix/benchmark/newbench_norm/real/there_are_several_stop_signs_along_side_the_grass.png,0,0.0697956383228302,0,0.9863786697387695,1
/shared/home/sarim.hashmi/usenix/benchmark/newbench_norm/real/there_are_two_very_tall_giraffes_in_this_zoo_by_the_water.png,0,0.04948680102825165,0,0.9871182441711426,1
/shared/home/sarim.hashmi/usenix/benchmark/newbench_norm/real/there_is_a_one_way_street_sign_under_a_street_name_sign.png,0,0.03299453482031822,0,0.9852419495582581,1
/shared/home/sarim.hashmi/usenix/benchmark/newbench_norm/real/there_is_a_sheep_behind_a_fence_standing_in_the_snow.png,0,0.04153153672814369,0,0.9867383241653442,1
/shared/home/sarim.hashmi/usenix/benchmark/newbench_norm/real/there_is_a_stop_sign_at_the_end_of_this_cross_walk.png,0,0.03969762101769447,0,0.9870015382766724,1
/shared/home/sarim.hashmi/usenix/benchmark/newbench_norm/real/this_fire_hydrant_has_a_painting_on_it.png,0,0.06637496501207352,0,0.987557053565979,1
/shared/home/sarim.hashmi/usenix/benchmark/newbench_norm/real/this_is_a_bus_with_an_ad_for_a_casino.png,0,0.05427975580096245,0,0.9869430065155029,1
/shared/home/sarim.hashmi/usenix/benchmark/newbench_norm/real/this_is_a_close_up_picture_of_a_roosters_neck.png,0,0.1313621550798416,0,0.9863011837005615,1
/shared/home/sarim.hashmi/usenix/benchmark/newbench_norm/real/this_man_is_riding_a_board_near_a_field.png,0,0.04811520874500275,0,0.9862333536148071,1
/shared/home/sarim.hashmi/usenix/benchmark/newbench_norm/real/three_children_sitting_on_a_bench_near_one_another.png,0,0.03974094241857529,0,0.9873062372207642,1
/shared/home/sarim.hashmi/usenix/benchmark/newbench_norm/real/train_pulling_up_the_track_while_people_wait_on_the_sidewalk.png,0,0.036294400691986084,0,0.9872252345085144,1
/shared/home/sarim.hashmi/usenix/benchmark/newbench_norm/real/two_birds_flying_over_some_water_and_their_reflection.png,0,0.0629347711801529,0,0.9874380230903625,1
/shared/home/sarim.hashmi/usenix/benchmark/newbench_norm/real/two_large_air_planes_on_a_run_way.png,0,0.039758097380399704,0,0.9854133725166321,1
/shared/home/sarim.hashmi/usenix/benchmark/newbench_norm/real/two_people_riding_on_a_motorcycle_on_a_road.png,0,0.07125681638717651,0,0.9875460267066956,1
/shared/home/sarim.hashmi/usenix/benchmark/newbench_norm/fake/1_military_jet_fighter_flying_in_formation_alongside_a_1_military_propeller_pilot._.png,1,0.1346697062253952,0,0.01330395508557558,0
/shared/home/sarim.hashmi/usenix/benchmark/newbench_norm/fake/A_CGI_man_sitting_on_top_of_a_CGI_hospital_bed..png,1,0.06864851713180542,0,0.012652589939534664,0
/shared/home/sarim.hashmi/usenix/benchmark/newbench_norm/fake/A_CLEAN_AND_COLORFUL_BATHROOM_WITH_A_LARGE_MIRROR.png,1,0.045963868498802185,0,0.012126903980970383,0
/shared/home/sarim.hashmi/usenix/benchmark/newbench_norm/fake/A_LOT_OF_SHEEP_IS_IN_THE_GRASS_WITH_A_SHEEP_DOG.png,1,0.14980441331863403,0,0.012626232579350471,0
/shared/home/sarim.hashmi/usenix/benchmark/newbench_norm/fake/A_banana_that_is_sitting_in_a_bowl_on_the_table..png,1,0.07799963653087616,0,0.01315668597817421,0
/shared/home/sarim.hashmi/usenix/benchmark/newbench_norm/fake/A_basket_filled_with_ripe_bananas_on_top_of_a_table..png,1,0.05777328461408615,0,0.013437327928841114,0
/shared/home/sarim.hashmi/usenix/benchmark/newbench_norm/fake/A_bathroom_filled_with_a_white_toilet_next_to_a_sink..png,1,0.03456569090485573,0,0.012694050557911396,0
/shared/home/sarim.hashmi/usenix/benchmark/newbench_norm/fake/A_bathroom_has_a_self_standing_sink_on_the_wall..png,1,0.06176409870386124,0,0.011722509749233723,0
"/shared/home/sarim.hashmi/usenix/benchmark/newbench_norm/fake/A_bathroom_has_a_toilet,_sink,_mirror_and_bidet..png",1,0.068191759288311,0,0.012331169098615646,0
/shared/home/sarim.hashmi/usenix/benchmark/newbench_norm/fake/A_bathroom_is_photographed_with_a_fisheye_filter..png,1,0.05401843786239624,0,0.012018742971122265,0
"/shared/home/sarim.hashmi/usenix/benchmark/newbench_norm/fake/A_bathroom_is_shown_with_a_toilet,_sink,_and_shower..png",1,0.0465351939201355,0,0.012892225757241249,0
"/shared/home/sarim.hashmi/usenix/benchmark/newbench_norm/fake/A_bathroom_scene_with_a_toilet,_sink_and_a_mirror..png",1,0.06581191718578339,0,0.011715374886989594,0
/shared/home/sarim.hashmi/usenix/benchmark/newbench_norm/fake/A_bathroom_showing_a_necklace_rack_and_toiletries_grouped_on_the_sink_.png,1,0.049806080758571625,0,0.012536759488284588,0
/shared/home/sarim.hashmi/usenix/benchmark/newbench_norm/fake/A_bathroom_sink_sitting_under_a_large_mirror..png,1,0.031019529327750206,0,0.012806852348148823,0
/shared/home/sarim.hashmi/usenix/benchmark/newbench_norm/fake/A_bathroom_sink_under_a_mirror_in_a_bathroom..png,1,0.10112493485212326,0,0.012950634583830833,0
"/shared/home/sarim.hashmi/usenix/benchmark/newbench_norm/fake/A_bathroom_sink_with_a_toothbrush,_soap_dispenser_and_mirror..png",1,0.06666646897792816,0,0.01250777393579483,0
/shared/home/sarim.hashmi/usenix/benchmark/newbench_norm/fake/A_bathroom_sink_with_wood_finish_cabinets._.png,1,0.07863135635852814,0,0.01216062344610691,0
/shared/home/sarim.hashmi/usenix/benchmark/newbench_norm/fake/A_bathroom_that_has_a_special_shelf_for_towels._.png,1,0.07540975511074066,0,0.01294848881661892,0
/shared/home/sarim.hashmi/usenix/benchmark/newbench_norm/fake/A_bathroom_toilet_with_yellow_liquid_inside_and_a_dirty_tub..png,1,0.048482637852430344,0,0.01327187567949295,0
"/shared/home/sarim.hashmi/usenix/benchmark/newbench_norm/fake/A_bathroom_with_a_shower_curtain,_a_toilet,_a_sink_and_cabinets..png",1,0.033724360167980194,0,0.011392499320209026,0
"/shared/home/sarim.hashmi/usenix/benchmark/newbench_norm/fake/A_bathroom_with_a_sink,_counter,_toilet_and_shower_curtain..png",1,0.09967696666717529,0,0.012176156044006348,0
/shared/home/sarim.hashmi/usenix/benchmark/newbench_norm/fake/A_bathroom_with_a_standing_shower_next_to_a_sink_and_mirror..png,1,0.06842701137065887,0,0.013140792027115822,0
"/shared/home/sarim.hashmi/usenix/benchmark/newbench_norm/fake/A_bathroom_with_a_toilet,_tub,_mirror_and_shower_curtain._.png",1,0.04236133024096489,0,0.012007576413452625,0
/shared/home/sarim.hashmi/usenix/benchmark/newbench_norm/fake/A_bathroom_with_a_toilet_bowl_and_shower..png,1,0.09017033874988556,0,0.012390143238008022,0
/shared/home/sarim.hashmi/usenix/benchmark/newbench_norm/fake/A_bathroom_with_a_vanity_mirror_toilette_and_kitchen_sink_next_to_a_shower..png,1,0.051739972084760666,0,0.012016981840133667,0
/shared/home/sarim.hashmi/usenix/benchmark/newbench_norm/fake/A_bathroom_with_a_white_bath_tub_and_two_sinks..png,1,0.03781432285904884,0,0.011481556110084057,0
/shared/home/sarim.hashmi/usenix/benchmark/newbench_norm/fake/A_bathroom_with_a_white_sink_next_to_a_toilet_paper_roller..png,1,0.06868113577365875,0,0.012201246805489063,0
/shared/home/sarim.hashmi/usenix/benchmark/newbench_norm/fake/A_bathroom_with_a_white_toilet_next_to_a_shower..png,1,0.09042201191186905,0,0.013094112277030945,0
/shared/home/sarim.hashmi/usenix/benchmark/newbench_norm/fake/A_bathroom_with_two_toilets_look_in_very_bad_shape..png,1,0.08387430012226105,0,0.012415925040841103,0
/shared/home/sarim.hashmi/usenix/benchmark/newbench_norm/fake/A_bathroom_with_white_colored_cabinets_and_toilet.png,1,0.061145152896642685,0,0.01122117880731821,0
/shared/home/sarim.hashmi/usenix/benchmark/newbench_norm/fake/A_bathroom_with_white_urinals_amd_sinks_and_brown_stall_doors..png,1,0.054130781441926956,0,0.012381387874484062,0
/shared/home/sarim.hashmi/usenix/benchmark/newbench_norm/fake/A_bathtub_with_candles_lit_up_around_it_and_a_stool_next_to_it..png,1,0.05721517652273178,0,0.013671371154487133,0
/shared/home/sarim.hashmi/usenix/benchmark/newbench_norm/fake/A_beautiful_kitchen_with_lots_of_windows_and_wooden_cabinets._.png,1,0.037171170115470886,0,0.011907333508133888,0
/shared/home/sarim.hashmi/usenix/benchmark/newbench_norm/fake/A_beige_bathroom_with_a_phone_beside_the_toilet..png,1,0.09902794659137726,0,0.011686200276017189,0
/shared/home/sarim.hashmi/usenix/benchmark/newbench_norm/fake/A_bench_partially_buried_in_sand_on_a_beach_near_the_ocean..png,1,0.07358118146657944,0,0.0128853227943182,0
/shared/home/sarim.hashmi/usenix/benchmark/newbench_norm/fake/A_bench_that_looks_like_a_round_hut..png,1,0.03130505606532097,0,0.01155254989862442,0
/shared/home/sarim.hashmi/usenix/benchmark/newbench_norm/fake/A_bicycle_resting_outside_of_a_building_door.png,1,0.04868520423769951,0,0.012025012634694576,0
/shared/home/sarim.hashmi/usenix/benchmark/newbench_norm/fake/A_bicyclist_is_riding_across_the_street_next_to_someone_on_a_motorcycle._.png,1,0.13318318128585815,0,0.012425330467522144,0
/shared/home/sarim.hashmi/usenix/benchmark/newbench_norm/fake/A_big_commercial_plane_flying_in_cloudy_skies..png,1,0.04628760740160942,0,0.011719721369445324,0
/shared/home/sarim.hashmi/usenix/benchmark/newbench_norm/fake/A_big_locomotive_stopped_in_a_train_station.png,1,0.08976063877344131,0,0.012138968333601952,0
/shared/home/sarim.hashmi/usenix/benchmark/newbench_norm/fake/A_bike_is_parked_alongside_the_lake_shore..png,1,0.10262889415025711,0,0.012998509220778942,0
/shared/home/sarim.hashmi/usenix/benchmark/newbench_norm/fake/A_bike_is_shown_attached_to_a_rack..png,1,0.077208511531353,0,0.012377114966511726,0
/shared/home/sarim.hashmi/usenix/benchmark/newbench_norm/fake/A_bike_parked_in_front_of_a_store_with_a_basket..png,1,0.0723118707537651,0,0.012421772815287113,0
/shared/home/sarim.hashmi/usenix/benchmark/newbench_norm/fake/A_bike_sitting_In_a_glass_window_in_a_building.png,1,0.08116529136896133,0,0.011902161873877048,0
/shared/home/sarim.hashmi/usenix/benchmark/newbench_norm/fake/A_bird_flying_through_the_air_while_flapping_it's_wings..png,1,0.07929111272096634,0,0.0120164155960083,0
/shared/home/sarim.hashmi/usenix/benchmark/newbench_norm/fake/A_bird_is_standing_upright_in_the_water_and_leaves..png,1,0.06923838704824448,0,0.012027556076645851,0
/shared/home/sarim.hashmi/usenix/benchmark/newbench_norm/fake/A_bird_perched_on_the_back_of_a_white_bench..png,1,0.09543931484222412,0,0.012538990937173367,0
/shared/home/sarim.hashmi/usenix/benchmark/newbench_norm/fake/A_bird_perched_on_top_of_a_wooden_power_pole..png,1,0.044517166912555695,0,0.011674970388412476,0
/shared/home/sarim.hashmi/usenix/benchmark/newbench_norm/fake/A_bird_stands_on_the_ground_among_dried_leaves..png,1,0.0705796405673027,0,0.01231004111468792,0
/shared/home/sarim.hashmi/usenix/benchmark/newbench_norm/fake/A_bird_that_is_on_a_tree_limb..png,1,0.028646552935242653,0,0.011808323673903942,0
/shared/home/sarim.hashmi/usenix/benchmark/newbench_norm/fake/A_bird_with_a_fish_in_its_hand_on_a_beach..png,1,0.05528305470943451,0,0.011924682185053825,0
/shared/home/sarim.hashmi/usenix/benchmark/newbench_norm/fake/A_birthday_cake_is_decorated_like_a_fire_engine..png,1,0.04534585028886795,0,0.0137025136500597,0
/shared/home/sarim.hashmi/usenix/benchmark/newbench_norm/fake/A_black_and_white_dog_on_a_brown_tile_floor_next_to_counter..png,1,0.025029245764017105,0,0.01146948803216219,0
/shared/home/sarim.hashmi/usenix/benchmark/newbench_norm/fake/A_black_and_white_photo_of_an_old_locomotive..png,1,0.06453901529312134,0,0.012440575286746025,0
/shared/home/sarim.hashmi/usenix/benchmark/newbench_norm/fake/A_black_and_white_photo_of_four_young_children..png,1,0.03590961545705795,0,0.012129913084208965,0
/shared/home/sarim.hashmi/usenix/benchmark/newbench_norm/fake/A_black_and_white_toilet_with_a_plunger..png,1,0.1090710237622261,0,0.013059286400675774,0
/shared/home/sarim.hashmi/usenix/benchmark/newbench_norm/fake/A_black_and_yellow_fire_hydrant_on_a_city_sidewalk..png,1,0.03863904997706413,0,0.012375395745038986,0
/shared/home/sarim.hashmi/usenix/benchmark/newbench_norm/fake/A_black_cat_half-submerged_in_a_toilet_while_drinking_out_of_it..png,1,0.03991830721497536,0,0.012275355868041515,0
/shared/home/sarim.hashmi/usenix/benchmark/newbench_norm/fake/A_black_cat_wearing_a_black_beanie_while_laying_on_a_red_couch...png,1,0.04563112556934357,0,0.011493099853396416,0
/shared/home/sarim.hashmi/usenix/benchmark/newbench_norm/fake/A_black_lab_waits_at_a_picnic_table_for_it's_master..png,1,0.04407954961061478,0,0.013099387288093567,0
/shared/home/sarim.hashmi/usenix/benchmark/newbench_norm/fake/A_blonde_woman_standing_in_front_of_a_red_double_decker_bus..png,1,0.09770139306783676,0,0.012548062950372696,0
/shared/home/sarim.hashmi/usenix/benchmark/newbench_norm/fake/A_blue_bike_parked_next_to_a_tree_in_a_planter..png,1,0.03496014326810837,0,0.012641043402254581,0
/shared/home/sarim.hashmi/usenix/benchmark/newbench_norm/fake/A_blue_bowl_sitting_on_a_table_with_a_banana_in_it._.png,1,0.09572160243988037,0,0.012658131308853626,0
/shared/home/sarim.hashmi/usenix/benchmark/newbench_norm/fake/A_blue_bus_driving_down_a_street_next_to_trees..png,1,0.09966002404689789,0,0.012366202659904957,0
/shared/home/sarim.hashmi/usenix/benchmark/newbench_norm/fake/A_blue_bus_is_crossing_the_intersection_with_various_vehicles_behind_it..png,1,0.027532892301678658,0,0.01146541815251112,0
/shared/home/sarim.hashmi/usenix/benchmark/newbench_norm/fake/A_blue_motor_scooter_parked_in_a_parking_lot..png,1,0.04008911922574043,0,0.013266202062368393,0
/shared/home/sarim.hashmi/usenix/benchmark/newbench_norm/fake/A_blue_motor_scooter_with_a_cat_sitting_on_it..png,1,0.07390008866786957,0,0.011389085091650486,0
/shared/home/sarim.hashmi/usenix/benchmark/newbench_norm/fake/A_boat_sitting_next_to_a_beach_in_the_ocean_covered_with_birds..png,1,0.18153053522109985,0,0.012518567964434624,0
/shared/home/sarim.hashmi/usenix/benchmark/newbench_norm/fake/A_boat_that_is_on_the_sand_and_people_nearby._.png,1,0.05077870190143585,0,0.011857807636260986,0
/shared/home/sarim.hashmi/usenix/benchmark/newbench_norm/fake/A_bowl_in_a_sink_and_window_in_a_room..png,1,0.12510332465171814,0,0.01186131127178669,0
"/shared/home/sarim.hashmi/usenix/benchmark/newbench_norm/fake/A_bowl_of_cereal_with_milk,_bananas,_raspberries_and_blueberries..png",1,0.044360920786857605,0,0.013366732746362686,0
/shared/home/sarim.hashmi/usenix/benchmark/newbench_norm/fake/A_boy_carrying_a_surfboard_on_a_busy_sidewalk..png,1,0.04746749624609947,0,0.012833954766392708,0
/shared/home/sarim.hashmi/usenix/benchmark/newbench_norm/fake/A_boy_in_blue_hat_riding_on_a_carousel..png,1,0.05750549957156181,0,0.012164530344307423,0
/shared/home/sarim.hashmi/usenix/benchmark/newbench_norm/fake/A_bright_blue_and_white_AMX_jet_is_in_the_clear_sky..png,1,0.04652421176433563,0,0.012277466244995594,0
/shared/home/sarim.hashmi/usenix/benchmark/newbench_norm/fake/A_brown_duck_floats_by_itself_on_the_water.png,1,0.1385643631219864,0,0.01240033470094204,0
/shared/home/sarim.hashmi/usenix/benchmark/newbench_norm/fake/A_brown_plane_is_parked_at_air_port.png,1,0.06076372414827347,0,0.012010552920401096,0
/shared/home/sarim.hashmi/usenix/benchmark/newbench_norm/fake/A_brown_songbird_perched_on_the_handlebars_of_a_bicycle..png,1,0.054330214858055115,0,0.012383398599922657,0
/shared/home/sarim.hashmi/usenix/benchmark/newbench_norm/fake/A_building_in_the_sky_that_has_the_lights_on..png,1,0.10130087286233902,0,0.012316512875258923,0
/shared/home/sarim.hashmi/usenix/benchmark/newbench_norm/fake/A_bunch_of_airplanes_are_parked_on_the_runway._.png,1,0.11227978765964508,0,0.011870172806084156,0
/shared/home/sarim.hashmi/usenix/benchmark/newbench_norm/fake/A_bunch_of_antelopes_are_seen_roaming_the_plains..png,1,0.07420430332422256,0,0.011370871216058731,0
/shared/home/sarim.hashmi/usenix/benchmark/newbench_norm/fake/A_bunch_of_bananas_hanging_from_a_green_tree..png,1,0.0565621517598629,0,0.012115922756493092,0
/shared/home/sarim.hashmi/usenix/benchmark/newbench_norm/fake/A_bunch_of_bicycles_parked_on_the_street_with_items_sitting_around_them_.png,1,0.07194685190916061,0,0.011834882199764252,0
/shared/home/sarim.hashmi/usenix/benchmark/newbench_norm/fake/A_bunch_of_giraffes_that_are_standing_in_the_dirt..png,1,0.09164071083068848,0,0.012332893908023834,0
/shared/home/sarim.hashmi/usenix/benchmark/newbench_norm/fake/A_bunch_of_goats_are_eating_out_of_a_box.png,1,0.06008356809616089,0,0.012083951383829117,0
/shared/home/sarim.hashmi/usenix/benchmark/newbench_norm/fake/A_bunch_of_sheep_smile_are_they_walk_by..png,1,0.10924364626407623,0,0.011883603408932686,0
/shared/home/sarim.hashmi/usenix/benchmark/newbench_norm/fake/A_bunk_bed_sits_next_to_an_open_window._.png,1,0.04701869562268257,0,0.01142387930303812,0
/shared/home/sarim.hashmi/usenix/benchmark/newbench_norm/fake/A_bus_all_lite_up_inside_and_out_with_diffrent_colors_._.png,1,0.09849298000335693,0,0.012437751516699791,0
/shared/home/sarim.hashmi/usenix/benchmark/newbench_norm/fake/A_bus_driving_down_a_city_street_during_the_day..png,1,0.028310446068644524,0,0.011846224777400494,0
/shared/home/sarim.hashmi/usenix/benchmark/newbench_norm/fake/A_bus_is_parked_in_front_of_a_building..png,1,0.026059318333864212,0,0.012888663448393345,0
/shared/home/sarim.hashmi/usenix/benchmark/newbench_norm/fake/A_bus_is_parked_on_the_street_away_from_some_cars..png,1,0.02472977712750435,0,0.011620083823800087,0
/shared/home/sarim.hashmi/usenix/benchmark/newbench_norm/fake/A_bus_on_a_divided_street_near_a_stop_light..png,1,0.03463267162442207,0,0.01218781154602766,0
/shared/home/sarim.hashmi/usenix/benchmark/newbench_norm/fake/A_bus_pulled_up_to_the_curb_along_a_road..png,1,0.03551322966814041,0,0.01251328643411398,0
/shared/home/sarim.hashmi/usenix/benchmark/newbench_norm/fake/A_bus_stop_next_to_a_curvy_road_surrounded_by_traffic_lights..png,1,0.05121290683746338,0,0.011821863241493702,0
/shared/home/sarim.hashmi/usenix/benchmark/newbench_norm/fake/A_bus_stop_sign_on_a_city_street..png,1,0.05913254991173744,0,0.012781092897057533,0
/shared/home/sarim.hashmi/usenix/benchmark/newbench_norm/fake/A_bus_stops_next_to_a_street_sign..png,1,0.09968161582946777,0,0.014419905841350555,0
/shared/home/sarim.hashmi/usenix/benchmark/newbench_norm/fake/A_bus_traveling_down_a_road_next_to_a_bus_stop..png,1,0.12352944910526276,0,0.012434285134077072,0
/shared/home/sarim.hashmi/usenix/benchmark/newbench_norm/fake/A_bus_travels_on_a_road_near_buildings_and_parked_vehicles.png,1,0.05163830518722534,0,0.011666753329336643,0
/shared/home/sarim.hashmi/usenix/benchmark/newbench_norm/fake/A_bus_window_with_finger_writing_on_it..png,1,0.10711010545492172,0,0.011887092143297195,0
/shared/home/sarim.hashmi/usenix/benchmark/newbench_norm/fake/A_bus_with_a_mural_on_the_side_and_front..png,1,0.104062519967556,0,0.012629913166165352,0
/shared/home/sarim.hashmi/usenix/benchmark/newbench_norm/fake/A_busy_city_street_filled_with_people_walling_and_street_signs..png,1,0.06059618294239044,0,0.011895183473825455,0
/shared/home/sarim.hashmi/usenix/benchmark/newbench_norm/fake/A_busy_city_street_with_dimly_lit_trees_at_night..png,1,0.163397416472435,0,0.012240133248269558,0
/shared/home/sarim.hashmi/usenix/benchmark/newbench_norm/fake/A_cage_packed_full_of_yellow_parakeets._.png,1,0.15296335518360138,0,0.0189815703779459,0
/shared/home/sarim.hashmi/usenix/benchmark/newbench_norm/fake/A_cake_cover_is_made_to_look_like_a_wire_birdcage._.png,1,0.05844356119632721,0,0.0133444145321846,0
/shared/home/sarim.hashmi/usenix/benchmark/newbench_norm/fake/A_calico_cat_drinking_water_from_a_running_tap_in_a_bathroom..png,1,0.03283406421542168,0,0.011327330954372883,0
/shared/home/sarim.hashmi/usenix/benchmark/newbench_norm/fake/A_car_is_parked_on_the_street_by_some_signs..png,1,0.128031387925148,0,0.011424067430198193,0
/shared/home/sarim.hashmi/usenix/benchmark/newbench_norm/fake/A_car_is_waiting_beside_people_standing_on_the_sidewalk..png,1,0.1818314641714096,0,0.013485639356076717,0
/shared/home/sarim.hashmi/usenix/benchmark/newbench_norm/fake/A_cat_in_a_birthday_hat_is_lying_on_a_couch..png,1,0.05823109298944473,0,0.010978955775499344,0
/shared/home/sarim.hashmi/usenix/benchmark/newbench_norm/fake/A_cat_is_drinking_water_from_the_toilet_bowl.png,1,0.032599255442619324,0,0.011861908249557018,0
/shared/home/sarim.hashmi/usenix/benchmark/newbench_norm/fake/A_cat_laying_next_to_a_stainless_steel_bowl..png,1,0.046561092138290405,0,0.012303479947149754,0
/shared/home/sarim.hashmi/usenix/benchmark/newbench_norm/fake/A_cat_laying_on_a_cushion_on_top_of_a_table..png,1,0.3056192696094513,0,0.011440147645771503,0
/shared/home/sarim.hashmi/usenix/benchmark/newbench_norm/fake/A_cat_looking_out_of_a_vehicle_window_during_rain..png,1,0.09316801279783249,0,0.012137503363192081,0
/shared/home/sarim.hashmi/usenix/benchmark/newbench_norm/fake/A_cat_lying_in_a_white_sink_in_the_bathroom._.png,1,0.0448712557554245,0,0.011704707518219948,0
/shared/home/sarim.hashmi/usenix/benchmark/newbench_norm/fake/A_cat_sits_on_the_edge_of_a_bathroom_sink..png,1,0.02718057669699192,0,0.010551639832556248,0
/shared/home/sarim.hashmi/usenix/benchmark/newbench_norm/fake/A_cat_sitting_on_top_of_a_green_car..png,1,0.04510810971260071,0,0.011500328779220581,0
/shared/home/sarim.hashmi/usenix/benchmark/newbench_norm/fake/A_cat_sitting_on_top_of_a_window_sill_over_a_sink..png,1,0.042559072375297546,0,0.011389165185391903,0
/shared/home/sarim.hashmi/usenix/benchmark/newbench_norm/fake/A_cat_sitting_outside_on_a_bench_on_a_sunny_day..png,1,0.05978623777627945,0,0.01125490851700306,0
/shared/home/sarim.hashmi/usenix/benchmark/newbench_norm/fake/A_cat_sitting_outside_on_some_cobble_stone..png,1,0.07715117931365967,0,0.012744035571813583,0
/shared/home/sarim.hashmi/usenix/benchmark/newbench_norm/fake/A_cat_standing_on_top_of_a_toilet_seat_next_to_a_sink..png,1,0.04229125380516052,0,0.011890100315213203,0
/shared/home/sarim.hashmi/usenix/benchmark/newbench_norm/fake/A_cat_standing_on_top_of_a_wooden_bench..png,1,0.03716038912534714,0,0.012007655575871468,0
/shared/home/sarim.hashmi/usenix/benchmark/newbench_norm/fake/A_center_island_in_a_kitchen_covered_in_a_fan..png,1,0.046986743807792664,0,0.012141655199229717,0
/shared/home/sarim.hashmi/usenix/benchmark/newbench_norm/fake/A_chair_and_a_table_in_a_small_room..png,1,0.09141798317432404,0,0.01277428399771452,0
/shared/home/sarim.hashmi/usenix/benchmark/newbench_norm/fake/A_cheesy_pastry_sitting_on_top_of_a_plate..png,1,0.03754176199436188,0,0.012274738401174545,0
/shared/home/sarim.hashmi/usenix/benchmark/newbench_norm/fake/A_church_with_a_massively_tall_tower_covered_in_a_clock..png,1,0.09931053966283798,0,0.012218711897730827,0
/shared/home/sarim.hashmi/usenix/benchmark/newbench_norm/fake/A_city_street_filled_with_lots_of_traffic..png,1,0.036547861993312836,0,0.01174627710133791,0
/shared/home/sarim.hashmi/usenix/benchmark/newbench_norm/fake/A_city_street_filled_with_traffic_and_parking_lights..png,1,0.08853539824485779,0,0.012284512631595135,0
/shared/home/sarim.hashmi/usenix/benchmark/newbench_norm/fake/A_city_traffic_light_is_red_with_a_large_billow_of_smoke_in_the_background..png,1,0.049222514033317566,0,0.013237643986940384,0
/shared/home/sarim.hashmi/usenix/benchmark/newbench_norm/fake/A_classic_car_waiting_at_a_3-way_stop_sign..png,1,0.06530129909515381,0,0.011537754908204079,0
/shared/home/sarim.hashmi/usenix/benchmark/newbench_norm/fake/A_clock_mounted_on_a_wall_over_the_doorway_of_a_kitchen..png,1,0.07631250470876694,0,0.012947282753884792,0
/shared/home/sarim.hashmi/usenix/benchmark/newbench_norm/fake/A_close-up_of_a_tropical_bird_with_a_mirror_behind_it..png,1,0.0595906563103199,0,0.012794445268809795,0
/shared/home/sarim.hashmi/usenix/benchmark/newbench_norm/fake/A_close-up_shot_of_a_metal_squat_toilet..png,1,0.07057808339595795,0,0.014749581925570965,0
/shared/home/sarim.hashmi/usenix/benchmark/newbench_norm/fake/A_close-up_view_of_a_green_and_yellow_fire_hydrant..png,1,0.11216103285551071,0,0.015063667669892311,0
/shared/home/sarim.hashmi/usenix/benchmark/newbench_norm/fake/A_close_up_of_a_peacock_who_is_behind_an_enclosure._.png,1,0.07293467968702316,0,0.012780306860804558,0
/shared/home/sarim.hashmi/usenix/benchmark/newbench_norm/fake/A_colorful_bus_is_parked_on_the_street..png,1,0.10115508735179901,0,0.012821829877793789,0
/shared/home/sarim.hashmi/usenix/benchmark/newbench_norm/fake/A_commercial_airplane_either_landing_or_preparing_for_take_off..png,1,0.0878012478351593,0,0.011887215077877045,0
/shared/home/sarim.hashmi/usenix/benchmark/newbench_norm/fake/A_corner_of_street_with_a_building_showing_a_bowling_pin..png,1,0.0793517604470253,0,0.011965775862336159,0
/shared/home/sarim.hashmi/usenix/benchmark/newbench_norm/fake/A_couch_on_the_side_of_the_street_with_a_television_on_it..png,1,0.08153105527162552,0,0.011936119757592678,0
/shared/home/sarim.hashmi/usenix/benchmark/newbench_norm/fake/A_couple_of_baby_sheep_standing_next_to_each_other..png,1,0.07045089453458786,0,0.01224286574870348,0
/shared/home/sarim.hashmi/usenix/benchmark/newbench_norm/fake/A_couple_of_bathrooms_one_with_a_standing_toilet_next_to_one_with_a_sitting_toilet..png,1,0.03845572844147682,0,0.012476819567382336,0
/shared/home/sarim.hashmi/usenix/benchmark/newbench_norm/fake/A_couple_of_bicycles_sitting_in_a_large_garden..png,1,0.03743010386824608,0,0.012905873358249664,0
/shared/home/sarim.hashmi/usenix/benchmark/newbench_norm/fake/A_couple_of_birds_fly_through_a_blue_cloudy_sky..png,1,0.06358668208122253,0,0.011874686926603317,0
/shared/home/sarim.hashmi/usenix/benchmark/newbench_norm/fake/A_couple_of_birds_standing_on_top_of__a_wooden_bench..png,1,0.0393628291785717,0,0.01195235550403595,0
/shared/home/sarim.hashmi/usenix/benchmark/newbench_norm/fake/A_couple_of_captive_giraffes_look_around_the_ground_in_the_zoo._.png,1,0.17011433839797974,0,0.013067125342786312,0
/shared/home/sarim.hashmi/usenix/benchmark/newbench_norm/fake/A_couple_of_giraffe_in_a_field_near_some_trees..png,1,0.08251193165779114,0,0.01321400236338377,0
/shared/home/sarim.hashmi/usenix/benchmark/newbench_norm/fake/A_couple_of_giraffe_standing_next_to_a_doorway..png,1,0.04843267425894737,0,0.012092020362615585,0
/shared/home/sarim.hashmi/usenix/benchmark/newbench_norm/fake/A_couple_of_giraffe_standing_next_to_each_other..png,1,0.06322568655014038,0,0.012336471118032932,0
/shared/home/sarim.hashmi/usenix/benchmark/newbench_norm/fake/A_couple_of_older_men_sitting_on_top_of_a_bench..png,1,0.0824834406375885,0,0.01217570248991251,0
/shared/home/sarim.hashmi/usenix/benchmark/newbench_norm/fake/A_couple_of_people_flying_kites_on_top_of_a_beach..png,1,0.05462808161973953,0,0.012868580408394337,0
/shared/home/sarim.hashmi/usenix/benchmark/newbench_norm/fake/A_couple_of_people_standing_in_a_field_flying_a_giant_kite..png,1,0.17021989822387695,0,0.01283979881554842,0
/shared/home/sarim.hashmi/usenix/benchmark/newbench_norm/fake/A_couple_of_people_standing_next_to_a_food_cart_filled_with_smoke..png,1,0.07737500220537186,0,0.011922439560294151,0
/shared/home/sarim.hashmi/usenix/benchmark/newbench_norm/fake/A_couple_of_people_that_are_holding_an_umbrellas..png,1,0.04863154515624046,0,0.012058107182383537,0
/shared/home/sarim.hashmi/usenix/benchmark/newbench_norm/fake/A_couple_of_red_motorcycles_parked_in_front_of_a_building..png,1,0.11116094887256622,0,0.012450444512069225,0
/shared/home/sarim.hashmi/usenix/benchmark/newbench_norm/fake/A_couple_of_red_trains_parked_in_a_train_station..png,1,0.02553509548306465,0,0.01143717672675848,0
/shared/home/sarim.hashmi/usenix/benchmark/newbench_norm/fake/A_couple_of_wooden_benches_sitting_across_from_each_other..png,1,0.08161582797765732,0,0.011595595628023148,0
/shared/home/sarim.hashmi/usenix/benchmark/newbench_norm/fake/A_couple_of_zebra_walking_next_to_a_giraffe_on_a_lush_green_field..png,1,0.06561711430549622,0,0.013497565872967243,0
/shared/home/sarim.hashmi/usenix/benchmark/newbench_norm/fake/A_crowded_city_street_filled_with_traffic_at_night..png,1,0.07133650034666061,0,0.012281549163162708,0
/shared/home/sarim.hashmi/usenix/benchmark/newbench_norm/fake/A_crystal_bowl_filled_with_oranges_on_top_of_a_table..png,1,0.06636323779821396,0,0.012086108326911926,0
/shared/home/sarim.hashmi/usenix/benchmark/newbench_norm/fake/A_custom_cake_featuring_a_fisherman_for_a_man's_65th_birthday._.png,1,0.08636779338121414,0,0.013620072975754738,0
/shared/home/sarim.hashmi/usenix/benchmark/newbench_norm/fake/A_desktop_computer_in_a_kitchen_with_a_lamp_next_to_it..png,1,0.15217004716396332,0,0.0119402427226305,0
/shared/home/sarim.hashmi/usenix/benchmark/newbench_norm/fake/A_dinning_room_table_sitting_next_to_a_small_fireplace..png,1,0.044193290174007416,0,0.011348497122526169,0
/shared/home/sarim.hashmi/usenix/benchmark/newbench_norm/fake/A_dirty_toilet_that_is_in_a_bathroom..png,1,0.05012804642319679,0,0.0133625827729702,0
/shared/home/sarim.hashmi/usenix/benchmark/newbench_norm/fake/A_distant_airplane_flying_between_two_large_buildings..png,1,0.10750515013933182,0,0.012450586073100567,0
/shared/home/sarim.hashmi/usenix/benchmark/newbench_norm/fake/A_distant_shot_with_people_approaching_the_bus._.png,1,0.096678227186203,0,0.012462926097214222,0
/shared/home/sarim.hashmi/usenix/benchmark/newbench_norm/fake/A_dog_and_a_goat_with_their_noses_touching_at_fence..png,1,0.06444571912288666,0,0.012185433879494667,0
/shared/home/sarim.hashmi/usenix/benchmark/newbench_norm/fake/A_dog_is_posing_on_top_of_a_motorcycle._.png,1,0.07409172505140305,0,0.012094561010599136,0
/shared/home/sarim.hashmi/usenix/benchmark/newbench_norm/fake/A_dog_laying_on_the_dashboard_of_a_vehicle..png,1,0.07314739376306534,0,0.012081647291779518,0
/shared/home/sarim.hashmi/usenix/benchmark/newbench_norm/fake/A_dog_sitting_in_the_passenger_seat_of_a_car..png,1,0.050680626183748245,0,0.011025341227650642,0
/shared/home/sarim.hashmi/usenix/benchmark/newbench_norm/fake/A_dog_wearing_a_Santa_Claus_hat._.png,1,0.19814041256904602,0,0.012712277472019196,0
/shared/home/sarim.hashmi/usenix/benchmark/newbench_norm/fake/A_donkey_leads_a_herd_of_sheep_down_a_busy_street..png,1,0.07280845940113068,0,0.011955030262470245,0
"/shared/home/sarim.hashmi/usenix/benchmark/newbench_norm/fake/A_doorway_view_with_a_toilet,_shower_and_a_sink..png",1,0.05506177619099617,0,0.011897272430360317,0
/shared/home/sarim.hashmi/usenix/benchmark/newbench_norm/fake/A_double_decker_bus_driving_down_a_street..png,1,0.02459949627518654,0,0.012100677005946636,0
/shared/home/sarim.hashmi/usenix/benchmark/newbench_norm/fake/A_double_decker_bus_driving_down_a_street_past_a_tall_building..png,1,0.0821380615234375,0,0.012149665504693985,0
/shared/home/sarim.hashmi/usenix/benchmark/newbench_norm/fake/A_duck_and_baby_ducks_are_in_the_blue_water..png,1,0.2095096856355667,0,0.013477541506290436,0
/shared/home/sarim.hashmi/usenix/benchmark/newbench_norm/fake/A_faded_red_fire_hydrant_sitting_on_the_side_of_a_street..png,1,0.03763171657919884,0,0.011850238777697086,0
/shared/home/sarim.hashmi/usenix/benchmark/newbench_norm/fake/A_family_of_giraffes_standing_next_to_a_pile_of_logs..png,1,0.08680283278226852,0,0.0127585269510746,0
/shared/home/sarim.hashmi/usenix/benchmark/newbench_norm/fake/A_fancy_motorcycle_parked_on_a_red_carpet.png,1,0.04837090149521828,0,0.011744185350835323,0
/shared/home/sarim.hashmi/usenix/benchmark/newbench_norm/fake/A_field_full_of_lots_of_yellow_flowers_with_a_train_passing_it_by..png,1,0.06555762887001038,0,0.012810488231480122,0
/shared/home/sarim.hashmi/usenix/benchmark/newbench_norm/fake/A_fire_burns_while_a_person_rides_a_green_motorcycle_and_several_motorcycles_are_flipping_in_the_air.png,1,0.03968507796525955,0,0.014053930528461933,0
/shared/home/sarim.hashmi/usenix/benchmark/newbench_norm/fake/A_fire_hydrant_covered_up_halfway_with_snow..png,1,0.04738464578986168,0,0.013094001449644566,0
/shared/home/sarim.hashmi/usenix/benchmark/newbench_norm/fake/A_fire_hydrant_in_the_grass_near_the_curb_with_the_remnants_of_melting_snow.png,1,0.04089929163455963,0,0.012803120538592339,0
"/shared/home/sarim.hashmi/usenix/benchmark/newbench_norm/fake/A_fire_hydrant_on_the_side_of_the_road,_it_looks_old..png",1,0.03414826840162277,0,0.012596556916832924,0
/shared/home/sarim.hashmi/usenix/benchmark/newbench_norm/fake/A_fire_hydrant_sitting_next_to_a_tree_in_a_forest..png,1,0.02683188021183014,0,0.011947321705520153,0
/shared/home/sarim.hashmi/usenix/benchmark/newbench_norm/fake/A_fire_hydrant_that_is_red_on_top_and_says_to_open..png,1,0.029442472383379936,0,0.012910508550703526,0
/shared/home/sarim.hashmi/usenix/benchmark/newbench_norm/fake/A_fire_hydrant_that_is_spewing_water_in_the_middle_of_a_city..png,1,0.07722950726747513,0,0.013207674957811832,0
/shared/home/sarim.hashmi/usenix/benchmark/newbench_norm/fake/A_flock_of_birds_are_flying_above_the_spire_of_a_building_tower..png,1,0.06356684118509293,0,0.012816333211958408,0
/shared/home/sarim.hashmi/usenix/benchmark/newbench_norm/fake/A_flock_of_sheep_graze_on_a_hillside..png,1,0.051817428320646286,0,0.011689736507833004,0
/shared/home/sarim.hashmi/usenix/benchmark/newbench_norm/fake/A_flock_of_sheep_grazing_in_a_field_of_grass..png,1,0.04041411727666855,0,0.011931633576750755,0
/shared/home/sarim.hashmi/usenix/benchmark/newbench_norm/fake/A_folk_of_birds_flying_over_a_military_ship..png,1,0.06007694453001022,0,0.013686361722648144,0
/shared/home/sarim.hashmi/usenix/benchmark/newbench_norm/fake/A_formation_of_birds_in_a_sky_at_sunset..png,1,0.08503235876560211,0,0.014685309492051601,0
/shared/home/sarim.hashmi/usenix/benchmark/newbench_norm/fake/A_four_engine_Air_Algerie_prop_plane_with_landing_gear_out.png,1,0.04270815849304199,0,0.012663113884627819,0
/shared/home/sarim.hashmi/usenix/benchmark/newbench_norm/fake/A_frozen_fire_hydrant_spewing_ice_out_into_a_street..png,1,0.06856334209442139,0,0.012637057341635227,0
"/shared/home/sarim.hashmi/usenix/benchmark/newbench_norm/fake/A_full_perspective_of_a_restroom_view_with_a_few_things._
.png",1,0.06142590939998627,0,0.01252178754657507,0
/shared/home/sarim.hashmi/usenix/benchmark/newbench_norm/fake/A_full_view_of_a_nice_and_comfortable_bed_with_pillows._.png,1,0.05428358167409897,0,0.012771989218890667,0
/shared/home/sarim.hashmi/usenix/benchmark/newbench_norm/fake/A_gang_of_bikers_riding_down_a_street_next_to_tall_buildings..png,1,0.04653843119740486,0,0.012888330034911633,0
/shared/home/sarim.hashmi/usenix/benchmark/newbench_norm/fake/A_garden_is_surrounded_by_a_train_and_phone_booth._.png,1,0.12303238362073898,0,0.011933708563446999,0
/shared/home/sarim.hashmi/usenix/benchmark/newbench_norm/fake/A_giraffe_grazing_from_a_tree_with_rock_wall_in_background..png,1,0.039660919457674026,0,0.012510176748037338,0
/shared/home/sarim.hashmi/usenix/benchmark/newbench_norm/fake/A_giraffe_in_a_grassy_field_near_a_hill..png,1,0.0411035530269146,0,0.012967370450496674,0
/shared/home/sarim.hashmi/usenix/benchmark/newbench_norm/fake/A_giraffe_laying_on_the_ground_near_a_fence..png,1,0.06313227117061615,0,0.011973929591476917,0
/shared/home/sarim.hashmi/usenix/benchmark/newbench_norm/fake/A_giraffe_stand_in_front_of_large_rocks_and_looks_at_a_tree..png,1,0.04388026148080826,0,0.01272971834987402,0
/shared/home/sarim.hashmi/usenix/benchmark/newbench_norm/fake/A_giraffe_standing_next_to_a_tall_tree..png,1,0.07477586716413498,0,0.01226383913308382,0
/shared/home/sarim.hashmi/usenix/benchmark/newbench_norm/fake/A_giraffe_standing_on_a_dirt_road_next_to_plants..png,1,0.04445230960845947,0,0.011824943125247955,0
/shared/home/sarim.hashmi/usenix/benchmark/newbench_norm/fake/A_giraffe_standing_on_top_of_a_lush_green_field..png,1,0.07482344657182693,0,0.013255364261567593,0
/shared/home/sarim.hashmi/usenix/benchmark/newbench_norm/fake/A_giraffe_stands_with_several_birds_resting_on_it's_neck._.png,1,0.0897083654999733,0,0.012136543169617653,0
/shared/home/sarim.hashmi/usenix/benchmark/newbench_norm/fake/A_giraffe_walking_across_a_dirt_and_grass_field..png,1,0.0740763247013092,0,0.01239223126322031,0
/shared/home/sarim.hashmi/usenix/benchmark/newbench_norm/fake/A_giraffe_walking_across_a_lush_green_field..png,1,0.09955670684576035,0,0.012618054635822773,0
/shared/home/sarim.hashmi/usenix/benchmark/newbench_norm/fake/A_giraffe_walking_in_a_field_with_gazelle's_looking_on._.png,1,0.048129986971616745,0,0.012243015691637993,0
/shared/home/sarim.hashmi/usenix/benchmark/newbench_norm/fake/A_giraffe_walking_in_a_sandy_enclosure_.png,1,0.044872086495161057,0,0.012965576723217964,0
/shared/home/sarim.hashmi/usenix/benchmark/newbench_norm/fake/A_girl_holding_a_skewer_with_a_banana_on_the_end.__.png,1,0.0914839655160904,0,0.012624223716557026,0
/shared/home/sarim.hashmi/usenix/benchmark/newbench_norm/fake/A_girl_in_white_shirt_painting_a_black_umbrella..png,1,0.09769255667924881,0,0.012703993357717991,0
/shared/home/sarim.hashmi/usenix/benchmark/newbench_norm/fake/A_girl_takes_a_picture_of_herself_in_the_mirror..png,1,0.09487142413854599,0,0.01195437740534544,0
/shared/home/sarim.hashmi/usenix/benchmark/newbench_norm/fake/A_goat_standing_next_to_a_tree_in_the_open..png,1,0.03415621072053909,0,0.012420158833265305,0
/shared/home/sarim.hashmi/usenix/benchmark/newbench_norm/fake/A_goat_with_very_long_horns_standing_in_front_of_a_tree..png,1,0.03453173488378525,0,0.011789725162088871,0
/shared/home/sarim.hashmi/usenix/benchmark/newbench_norm/fake/A_gray_and_black_bird_sitting_next_to_the_ocean..png,1,0.036205001175403595,0,0.011739066801965237,0
/shared/home/sarim.hashmi/usenix/benchmark/newbench_norm/fake/A_gray_and_white_cat_sitting_in_blue_bowl..png,1,0.030133472755551338,0,0.010994909331202507,0
/shared/home/sarim.hashmi/usenix/benchmark/newbench_norm/fake/A_gray_and_yellow_train_traveling_along_the_tracks.png,1,0.044670470058918,0,0.011113493703305721,0
/shared/home/sarim.hashmi/usenix/benchmark/newbench_norm/fake/A_gray_motorcycle_parked_in_a_parking_lot..png,1,0.03396843001246452,0,0.01213049702346325,0
/shared/home/sarim.hashmi/usenix/benchmark/newbench_norm/fake/A_green_and_blue_bus_stopped_to_discharge_passengers..png,1,0.04056096076965332,0,0.011564862914383411,0
/shared/home/sarim.hashmi/usenix/benchmark/newbench_norm/fake/A_green_and_white_bus_driving_down_a__city_street..png,1,0.0277008768171072,0,0.011543652042746544,0
/shared/home/sarim.hashmi/usenix/benchmark/newbench_norm/fake/A_green_mailbox_with_graffiti_on_the_side.png,1,0.0674508586525917,0,0.015104148536920547,0
/shared/home/sarim.hashmi/usenix/benchmark/newbench_norm/fake/A_green_mountain_bike_sitting_next_to_a_bridge_as_a_train_passes_by..png,1,0.04111521691083908,0,0.011438588611781597,0
/shared/home/sarim.hashmi/usenix/benchmark/newbench_norm/fake/A_green_street_sign_sitting_below_a_large_tree..png,1,0.0443384051322937,0,0.012303306721150875,0
/shared/home/sarim.hashmi/usenix/benchmark/newbench_norm/fake/A_green_train_traveling_down_train_tracks_next_to_another_train..png,1,0.0351162850856781,0,0.011996125802397728,0
/shared/home/sarim.hashmi/usenix/benchmark/newbench_norm/fake/A_green_truck_parked_in_the_middle_of_a_garage..png,1,0.030160294845700264,0,0.012245265766978264,0
/shared/home/sarim.hashmi/usenix/benchmark/newbench_norm/fake/A_grey_and_white_cat_outside_looking_into_a_window..png,1,0.04405265301465988,0,0.012772433459758759,0
/shared/home/sarim.hashmi/usenix/benchmark/newbench_norm/fake/A_group_of_bikers_parked_in_the_middle_of_a_street..png,1,0.07099488377571106,0,0.011981012299656868,0
/shared/home/sarim.hashmi/usenix/benchmark/newbench_norm/fake/A_group_of_birds_eating_at_a_bird_feeder.png,1,0.09909530729055405,0,0.01300437655299902,0
/shared/home/sarim.hashmi/usenix/benchmark/newbench_norm/fake/A_group_of_elephants_are_standing_under_a_roof_cover..png,1,0.06688272953033447,0,0.013509837910532951,0
/shared/home/sarim.hashmi/usenix/benchmark/newbench_norm/fake/A_group_of_giraffe_standing_next_to_each_other_on_a_field..png,1,0.13486622273921967,0,0.014745811931788921,0
/shared/home/sarim.hashmi/usenix/benchmark/newbench_norm/fake/A_group_of_giraffe_standing_on_top_of_a_dirt_field..png,1,0.13157714903354645,0,0.01324338000267744,0
/shared/home/sarim.hashmi/usenix/benchmark/newbench_norm/fake/A_group_of_giraffes_next_to_a_fence..png,1,0.0666859894990921,0,0.011848659254610538,0
/shared/home/sarim.hashmi/usenix/benchmark/newbench_norm/fake/A_group_of_knives_mounted_to_a_kitchen_wall..png,1,0.08128531277179718,0,0.01238477136939764,0
/shared/home/sarim.hashmi/usenix/benchmark/newbench_norm/fake/A_group_of_men_standing_around_a_luggage_cart..png,1,0.04692371189594269,0,0.012081328779459,0
/shared/home/sarim.hashmi/usenix/benchmark/newbench_norm/fake/A_group_of_men_standing_in_front_of_a_bar_having_a_conversation..png,1,0.09733589738607407,0,0.01318600308150053,0
/shared/home/sarim.hashmi/usenix/benchmark/newbench_norm/fake/A_group_of_motorcycles_parked_in_front_of_a_building..png,1,0.049017615616321564,0,0.012408004142343998,0
/shared/home/sarim.hashmi/usenix/benchmark/newbench_norm/fake/A_group_of_people_are_playing_some_musical_instruments..png,1,0.028057463467121124,0,0.011824319139122963,0
/shared/home/sarim.hashmi/usenix/benchmark/newbench_norm/fake/A_group_of_people_eating_at_tables_under_umbrellas_in_front_of_a_restaurant..png,1,0.20259590446949005,0,0.011802454479038715,0
/shared/home/sarim.hashmi/usenix/benchmark/newbench_norm/fake/A_group_of_people_in_suits_standing_in_a_kitchen..png,1,0.04635663703083992,0,0.012638372369110584,0
/shared/home/sarim.hashmi/usenix/benchmark/newbench_norm/fake/A_group_of_people_on_a_city_street..png,1,0.10865897685289383,0,0.01150270365178585,0
/shared/home/sarim.hashmi/usenix/benchmark/newbench_norm/fake/A_group_of_people_on_motorbikes_ride_on_a_path..png,1,0.06487443298101425,0,0.011811645701527596,0
/shared/home/sarim.hashmi/usenix/benchmark/newbench_norm/fake/A_group_of_people_sitting_and_laying_next_to_each_other..png,1,0.14603950083255768,0,0.01903240755200386,0
/shared/home/sarim.hashmi/usenix/benchmark/newbench_norm/fake/A_group_of_people_sitting_on_motor_bikes_on_a_street..png,1,0.17404156923294067,0,0.012369324453175068,0
/shared/home/sarim.hashmi/usenix/benchmark/newbench_norm/fake/A_group_of_people_sitting_on_strange_looking_benches._.png,1,0.0672234296798706,0,0.011627133935689926,0
/shared/home/sarim.hashmi/usenix/benchmark/newbench_norm/fake/A_group_of_people_standing_outside_of_a_small_airplane..png,1,0.10705839842557907,0,0.012370657175779343,0
/shared/home/sarim.hashmi/usenix/benchmark/newbench_norm/fake/A_group_of_police_officer_standing_in_front_of_a_red_bus..png,1,0.07157798111438751,0,0.013075522147119045,0
/shared/home/sarim.hashmi/usenix/benchmark/newbench_norm/fake/A_group_of_sheep_being_herded_by_a_black_dog..png,1,0.055043384432792664,0,0.011698697693645954,0
/shared/home/sarim.hashmi/usenix/benchmark/newbench_norm/fake/A_group_of_sheep_is_standing_in_a_grassy_field..png,1,0.1544395238161087,0,0.012518119998276234,0
/shared/home/sarim.hashmi/usenix/benchmark/newbench_norm/fake/A_group_of_sheep_sitting_next_to_a_tree..png,1,0.13334445655345917,0,0.013347930274903774,0
/shared/home/sarim.hashmi/usenix/benchmark/newbench_norm/fake/A_group_of_small_exotic_birds_standing_on_a_large_bamboo_stick..png,1,0.0710030272603035,0,0.012129205279052258,0
/shared/home/sarim.hashmi/usenix/benchmark/newbench_norm/fake/A_group_of_three_women_sitting_at_a_table_sharing_a_cup_of_tea..png,1,0.44528430700302124,0,0.013206953182816505,0
/shared/home/sarim.hashmi/usenix/benchmark/newbench_norm/fake/A_group_of_women_standing_next_to_each_other_in_an_office..png,1,0.08235113322734833,0,0.012085853144526482,0
/shared/home/sarim.hashmi/usenix/benchmark/newbench_norm/fake/A_guy_rides_a_bike_in_a_race_and_has_fun.png,1,0.052656710147857666,0,0.012012170627713203,0
/shared/home/sarim.hashmi/usenix/benchmark/newbench_norm/fake/A_herd_of_animals_laying_down_in_a_lush_green_field..png,1,0.032386183738708496,0,0.011059715412557125,0
/shared/home/sarim.hashmi/usenix/benchmark/newbench_norm/fake/A_herd_of_sheep_standing_on_a_grass_covered_hillside..png,1,0.053586702793836594,0,0.01245921291410923,0
/shared/home/sarim.hashmi/usenix/benchmark/newbench_norm/fake/A_highway_scene_with_focus_on_an_exit_sign..png,1,0.032384369522333145,0,0.01172300148755312,0
/shared/home/sarim.hashmi/usenix/benchmark/newbench_norm/fake/A_jet_is_flying_through_the_air_leaving_smoke_behind_it..png,1,0.15041248500347137,0,0.013626051135361195,0
"/shared/home/sarim.hashmi/usenix/benchmark/newbench_norm/fake/A_kitchen_area_with_shelves,_counter_and_bar_stools..png",1,0.0824107751250267,0,0.01152037177234888,0
/shared/home/sarim.hashmi/usenix/benchmark/newbench_norm/fake/A_kitchen_filled_with_appliances_and_track_lighting..png,1,0.050393298268318176,0,0.01108499150723219,0
/shared/home/sarim.hashmi/usenix/benchmark/newbench_norm/fake/A_kitchen_filled_with_clutter_all_over_it's_counter..png,1,0.1325707584619522,0,0.012336727231740952,0
/shared/home/sarim.hashmi/usenix/benchmark/newbench_norm/fake/A_kitchen_filled_with_wooden_cabinets_and_a_table..png,1,0.043848443776369095,0,0.011588030494749546,0
"/shared/home/sarim.hashmi/usenix/benchmark/newbench_norm/fake/A_kitchen_is_displayed,_showing_wooden_cabinets_and_a_blue_tiled_counter_top..png",1,0.038171567022800446,0,0.011563255451619625,0
/shared/home/sarim.hashmi/usenix/benchmark/newbench_norm/fake/A_kitchen_scene_with_focus_on_a_sink_and_oven..png,1,0.04598243907094002,0,0.011850479058921337,0
/shared/home/sarim.hashmi/usenix/benchmark/newbench_norm/fake/A_kitchen_that_has_a_sink_and_cabinets_in_it..png,1,0.07836358994245529,0,0.011931105516850948,0
"/shared/home/sarim.hashmi/usenix/benchmark/newbench_norm/fake/A_kitchen_that_has_different_types_of_pots,_and_pans_on_a_stove..png",1,0.04257946461439133,0,0.011732164770364761,0
"/shared/home/sarim.hashmi/usenix/benchmark/newbench_norm/fake/A_kitchen_that_includes_a_stove,_ovens_and_refrigerator..png",1,0.03376154229044914,0,0.011010334827005863,0
/shared/home/sarim.hashmi/usenix/benchmark/newbench_norm/fake/A_kitchen_that_is_ready_to_have_appliances_put_into_it..png,1,0.0938207358121872,0,0.012328903190791607,0
"/shared/home/sarim.hashmi/usenix/benchmark/newbench_norm/fake/A_kitchen_with_a_refrigerator,_sink,_drawers_and_cabinets._.png",1,0.06681462377309799,0,0.011367329396307468,0
/shared/home/sarim.hashmi/usenix/benchmark/newbench_norm/fake/A_kitchen_with_a_stove_and_a_microwave..png,1,0.052578769624233246,0,0.011187816970050335,0
/shared/home/sarim.hashmi/usenix/benchmark/newbench_norm/fake/A_kitchen_with_a_wooden_table__with_a_cat_sleeping_on_top_of_it..png,1,0.0345458947122097,0,0.011554989032447338,0
"/shared/home/sarim.hashmi/usenix/benchmark/newbench_norm/fake/A_kitchen_with_an_oven,_stove_,_sink,_microwave_and_refrigerator..png",1,0.038709741085767746,0,0.011161798611283302,0
/shared/home/sarim.hashmi/usenix/benchmark/newbench_norm/fake/A_kitchen_with_granite_counter_tops_and_a_large_oven..png,1,0.03740711510181427,0,0.010865629650652409,0
/shared/home/sarim.hashmi/usenix/benchmark/newbench_norm/fake/A_kitchen_with_lots_of_black_counter_top_space..png,1,0.03517428785562515,0,0.011322477832436562,0
/shared/home/sarim.hashmi/usenix/benchmark/newbench_norm/fake/A_kitchen_with_lots_of_clutter_a_door_with_a_large_window..png,1,0.12715554237365723,0,0.011854410171508789,0
/shared/home/sarim.hashmi/usenix/benchmark/newbench_norm/fake/A_kitchen_with_wooden_cabinets_and_a_fridge.png,1,0.029464002698659897,0,0.011341843754053116,0
/shared/home/sarim.hashmi/usenix/benchmark/newbench_norm/fake/A_kitchen_with_wooden_counter_tops_and_a_stove_top_oven..png,1,0.039256978780031204,0,0.012121346779167652,0
/shared/home/sarim.hashmi/usenix/benchmark/newbench_norm/fake/A_kitchen_with_wooden_walls_and_cabinets_with_lighting..png,1,0.04128626361489296,0,0.01165064424276352,0
/shared/home/sarim.hashmi/usenix/benchmark/newbench_norm/fake/A_kitten_eating_food_out_of_a_dish_on_the_kitchen_floor..png,1,0.03242223709821701,0,0.011144393123686314,0
/shared/home/sarim.hashmi/usenix/benchmark/newbench_norm/fake/A_lady_in_bed_with_oxygen_tube_and_a_dog..png,1,0.056331515312194824,0,0.01195074524730444,0
/shared/home/sarim.hashmi/usenix/benchmark/newbench_norm/fake/A_lady_with_a_flower_in_her_hair_taking_of_picture_of_herself_in_a_mirror..png,1,0.0962018370628357,0,0.012356805615127087,0
/shared/home/sarim.hashmi/usenix/benchmark/newbench_norm/fake/A_laptop_computer_on_a_table_in_the_passenger_cabin_of_an_airplane..png,1,0.1761121302843094,0,0.012651683762669563,0
/shared/home/sarim.hashmi/usenix/benchmark/newbench_norm/fake/A_laptop_computer_sitting_on_top_of_a_computer_desk..png,1,0.3225387930870056,0,0.013287647627294064,0
/shared/home/sarim.hashmi/usenix/benchmark/newbench_norm/fake/A_large_air_plane_smoking_and_parked_in_the_snow_._.png,1,0.11376829445362091,0,0.012101828120648861,0
/shared/home/sarim.hashmi/usenix/benchmark/newbench_norm/fake/A_large_airplane_flies_overhead_through_the_sky..png,1,0.058284588158130646,0,0.011975041590631008,0
/shared/home/sarim.hashmi/usenix/benchmark/newbench_norm/fake/A_large_airplane_flying_over_a_lush_green_hillside..png,1,0.08581355214118958,0,0.013620002195239067,0
/shared/home/sarim.hashmi/usenix/benchmark/newbench_norm/fake/A_large_bird_sitting_on_top_of_a_tree..png,1,0.04383135586977005,0,0.012609729543328285,0
/shared/home/sarim.hashmi/usenix/benchmark/newbench_norm/fake/A_large_blue_train_on_a_steel_track..png,1,0.04950519651174545,0,0.012456110678613186,0
/shared/home/sarim.hashmi/usenix/benchmark/newbench_norm/fake/A_large_body_of_water_in_front_of_a_shoreline_with_a_long_train_bridge..png,1,0.06578733772039413,0,0.011994115076959133,0
/shared/home/sarim.hashmi/usenix/benchmark/newbench_norm/fake/A_large_collection_of_cooking_utensils_hanging_on_a_wall..png,1,0.07192306965589523,0,0.012878408655524254,0
/shared/home/sarim.hashmi/usenix/benchmark/newbench_norm/fake/A_large_exit_street_sign_laying_on_the_ground..png,1,0.05164346843957901,0,0.013485545292496681,0
"/shared/home/sarim.hashmi/usenix/benchmark/newbench_norm/fake/A_large_filled_with_lots_of_purple_flowers_behind_a_blue_sign
.png",1,0.034833893179893494,0,0.012173987925052643,0
/shared/home/sarim.hashmi/usenix/benchmark/newbench_norm/fake/A_large_giraffe_standing_behind_a_wire_fence..png,1,0.05487176775932312,0,0.01257424708455801,0
/shared/home/sarim.hashmi/usenix/benchmark/newbench_norm/fake/A_large_group_of_tall_giraffe_in_a_room..png,1,0.06424258649349213,0,0.012231080792844296,0
/shared/home/sarim.hashmi/usenix/benchmark/newbench_norm/fake/A_large_jet_flying_through_a_cloudy_blue_sky..png,1,0.13694553077220917,0,0.012107067741453648,0
/shared/home/sarim.hashmi/usenix/benchmark/newbench_norm/fake/A_large_jet_sitting_on_top_of_an_airport_tarmac..png,1,0.03107832930982113,0,0.01143841166049242,0
/shared/home/sarim.hashmi/usenix/benchmark/newbench_norm/fake/A_large_jetliner_flying_over_a_tall_building_in_the_sky..png,1,0.13474729657173157,0,0.013481898233294487,0
/shared/home/sarim.hashmi/usenix/benchmark/newbench_norm/fake/A_large_jetliner_flying_through_a_cloudy_blue_sky..png,1,0.04287632554769516,0,0.012223225086927414,0
/shared/home/sarim.hashmi/usenix/benchmark/newbench_norm/fake/A_large_jetliner_sitting_on_top_of_an_airport_runway..png,1,0.030095715075731277,0,0.011787593364715576,0
/shared/home/sarim.hashmi/usenix/benchmark/newbench_norm/fake/A_large_jetliner_sitting_on_top_of_an_airport_tarmac..png,1,0.029364855960011482,0,0.011442584916949272,0
/shared/home/sarim.hashmi/usenix/benchmark/newbench_norm/fake/A_large_long_train_on_a_steel_track..png,1,0.19831371307373047,0,0.012881233356893063,0
/shared/home/sarim.hashmi/usenix/benchmark/newbench_norm/fake/A_large_modern_bathroom_features_an_oversize_tub_and_walk-in_shower..png,1,0.10510854423046112,0,0.012812551110982895,0
/shared/home/sarim.hashmi/usenix/benchmark/newbench_norm/fake/A_large_open_room_with_a_long_white_staircase..png,1,0.04984784498810768,0,0.012092487886548042,0
/shared/home/sarim.hashmi/usenix/benchmark/newbench_norm/fake/A_large_passenger_jet_flying_over_the_top_of_a_forest..png,1,0.04959042742848396,0,0.012687060050666332,0
/shared/home/sarim.hashmi/usenix/benchmark/newbench_norm/fake/A_large_white_airplane_with_blue_tail_parked..png,1,0.039403460919857025,0,0.011766581796109676,0
/shared/home/sarim.hashmi/usenix/benchmark/newbench_norm/fake/A_large_white_bush_driving_down_a_city_street..png,1,0.07776650786399841,0,0.011712279170751572,0
/shared/home/sarim.hashmi/usenix/benchmark/newbench_norm/fake/A_large_white_castle_like_building_with_a_statue_in_front._.png,1,0.02736182138323784,0,0.011122185736894608,0
/shared/home/sarim.hashmi/usenix/benchmark/newbench_norm/fake/A_large_white_dog_statue_sitting_next_to_a_clock..png,1,0.050936464220285416,0,0.012403921224176884,0
/shared/home/sarim.hashmi/usenix/benchmark/newbench_norm/fake/A_larger_passenger_jet_flying_through_a_blue_sky..png,1,0.08192455768585205,0,0.013474537059664726,0
"/shared/home/sarim.hashmi/usenix/benchmark/newbench_norm/fake/A_left_turn_signal,_stoplight_and_street_sign_are_hanging_on_a_pole..png",1,0.03382570296525955,0,0.011768711730837822,0
/shared/home/sarim.hashmi/usenix/benchmark/newbench_norm/fake/A_little_boy_in_the_airport_watching_an_airplane..png,1,0.18705463409423828,0,0.012135159224271774,0
/shared/home/sarim.hashmi/usenix/benchmark/newbench_norm/fake/A_little_boy_wearing_a_hat_and_leather_boots..png,1,0.08091473579406738,0,0.01253181416541338,0
/shared/home/sarim.hashmi/usenix/benchmark/newbench_norm/fake/A_little_girl_climbing_up_steps_to_touch_a_giraffe..png,1,0.05168680474162102,0,0.01256190799176693,0
"/shared/home/sarim.hashmi/usenix/benchmark/newbench_norm/fake/A_little_girl_lies_on_a_wooden_bench,_eating_snacks_from_a_bag..png",1,0.03889649733901024,0,0.012830796651542187,0
/shared/home/sarim.hashmi/usenix/benchmark/newbench_norm/fake/A_lone_woman_stands_at_an_empty_train_station..png,1,0.10757432132959366,0,0.012493029236793518,0
/shared/home/sarim.hashmi/usenix/benchmark/newbench_norm/fake/A_long_bench_sitting_next_to_a_large_fence..png,1,0.0928790271282196,0,0.012056185863912106,0
/shared/home/sarim.hashmi/usenix/benchmark/newbench_norm/fake/A_lot_of_birds_flying_around_on_a_beach..png,1,0.08225367218255997,0,0.013354199007153511,0
/shared/home/sarim.hashmi/usenix/benchmark/newbench_norm/fake/A_lot_of_thought_went_into_decorating_this_rustic_bathroom..png,1,0.05633203685283661,0,0.011328596621751785,0
/shared/home/sarim.hashmi/usenix/benchmark/newbench_norm/fake/A_man's_reflection_is_in_a_mirror_of_a_bathroom..png,1,0.06321567296981812,0,0.011498834006488323,0
"/shared/home/sarim.hashmi/usenix/benchmark/newbench_norm/fake/A_man,_woman_and_child_in_an_advertisement_vehicle_for_a_seafood_restaurant..png",1,0.05303835868835449,0,0.012808720581233501,0
/shared/home/sarim.hashmi/usenix/benchmark/newbench_norm/fake/A_man_admiring_a_dog_on_a_bench_made_of_books..png,1,0.10358455777168274,0,0.011499777436256409,0
/shared/home/sarim.hashmi/usenix/benchmark/newbench_norm/fake/A_man_and_two_women_are_standing_beside_an_airplane..png,1,0.18727807700634003,0,0.013237737119197845,0
/shared/home/sarim.hashmi/usenix/benchmark/newbench_norm/fake/A_man_and_two_women_walking_their_dogs_and_hiking_in_the_woods..png,1,0.128459170460701,0,0.012287601828575134,0
/shared/home/sarim.hashmi/usenix/benchmark/newbench_norm/fake/A_man_cycling_and_a_Stop_sign_at_the_front.png,1,0.027757197618484497,0,0.012063595466315746,0
/shared/home/sarim.hashmi/usenix/benchmark/newbench_norm/fake/A_man_drives_fast_in_a_motorcycle_with_kids_in_the_sidecar.png,1,0.03196089342236519,0,0.01317798811942339,0
/shared/home/sarim.hashmi/usenix/benchmark/newbench_norm/fake/A_man_fixing_a_traffic_light_while_on_a_cherry_picker..png,1,0.07817427068948746,0,0.013080975040793419,0
/shared/home/sarim.hashmi/usenix/benchmark/newbench_norm/fake/A_man_flying_through_the_air_while_riding_a_snowboard..png,1,0.09534099698066711,0,0.013397826813161373,0
/shared/home/sarim.hashmi/usenix/benchmark/newbench_norm/fake/A_man_flying_through_the_air_while_riding_a_surfboard..png,1,0.06186997890472412,0,0.013615736737847328,0
/shared/home/sarim.hashmi/usenix/benchmark/newbench_norm/fake/A_man_in_a_dress_riding_a_tiger_motorcycle..png,1,0.032378826290369034,0,0.012675276026129723,0
/shared/home/sarim.hashmi/usenix/benchmark/newbench_norm/fake/A_man_in_a_gray_jacket_standing_in_a_kitchen_next_to_a_black_dog..png,1,0.0530257411301136,0,0.01100622396916151,0
/shared/home/sarim.hashmi/usenix/benchmark/newbench_norm/fake/A_man_in_a_wetsuit_is_holding_his_surfboard_on_the_pier._.png,1,0.11247076839208603,0,0.013152947649359703,0
/shared/home/sarim.hashmi/usenix/benchmark/newbench_norm/fake/A_man_in_hipster_clothes_straddling_a_bicycle_on_the_sidewalk..png,1,0.10745250433683395,0,0.012099861167371273,0
/shared/home/sarim.hashmi/usenix/benchmark/newbench_norm/fake/A_man_is_feeding_a_griaffe_off_of_the_stand.png,1,0.039621751755476,0,0.011440913192927837,0
/shared/home/sarim.hashmi/usenix/benchmark/newbench_norm/fake/A_man_is_sitting_in_a_beige_chair_in_a_living_room.png,1,0.13637325167655945,0,0.012671922333538532,0
/shared/home/sarim.hashmi/usenix/benchmark/newbench_norm/fake/A_man_is_sitting_on_a_bench_reading_a_book..png,1,0.045210566371679306,0,0.012579107657074928,0
/shared/home/sarim.hashmi/usenix/benchmark/newbench_norm/fake/A_man_laying_on_the_ground_in_front_of_a_motorcycle..png,1,0.11633293330669403,0,0.013438555411994457,0
/shared/home/sarim.hashmi/usenix/benchmark/newbench_norm/fake/A_man_on_a_motorcycle_with_a_group_of_people_standing_around_it..png,1,0.0995553731918335,0,0.011943275108933449,0
/shared/home/sarim.hashmi/usenix/benchmark/newbench_norm/fake/A_man_on_a_motorcycle_with_a_woman_on_back.png,1,0.07694410532712936,0,0.012722504325211048,0
/shared/home/sarim.hashmi/usenix/benchmark/newbench_norm/fake/A_man_on_a_skateboard_riding_on_a_street..png,1,0.03809954971075058,0,0.012722659856081009,0
/shared/home/sarim.hashmi/usenix/benchmark/newbench_norm/fake/A_man_on_bicycle_carrying_bunches_of_bananas_through_street..png,1,0.0458248071372509,0,0.0134207708761096,0
/shared/home/sarim.hashmi/usenix/benchmark/newbench_norm/fake/A_man_preparing_food_in_a_restaurant_kitchen._.png,1,0.03579771891236305,0,0.011760174296796322,0
/shared/home/sarim.hashmi/usenix/benchmark/newbench_norm/fake/A_man_races_a_motorcycle_on_a_track..png,1,0.13043546676635742,0,0.012168869376182556,0
/shared/home/sarim.hashmi/usenix/benchmark/newbench_norm/fake/A_man_riding_a_bike_down_a_dark_city_street..png,1,0.1186121255159378,0,0.014318680390715599,0
/shared/home/sarim.hashmi/usenix/benchmark/newbench_norm/fake/A_man_riding_a_bike_down_a_street..png,1,0.1058235689997673,0,0.012356357648968697,0
/shared/home/sarim.hashmi/usenix/benchmark/newbench_norm/fake/A_man_riding_a_bike_down_a_street_past_a_young_man..png,1,0.08930424600839615,0,0.011892554350197315,0
/shared/home/sarim.hashmi/usenix/benchmark/newbench_norm/fake/A_man_riding_a_bike_on_a_dirt_path_through_a_forest..png,1,0.06339895725250244,0,0.013250356540083885,0
/shared/home/sarim.hashmi/usenix/benchmark/newbench_norm/fake/A_man_riding_a_motorcycle_across_a_sandy_beach..png,1,0.032812897115945816,0,0.01160640548914671,0
/shared/home/sarim.hashmi/usenix/benchmark/newbench_norm/fake/A_man_riding_a_motorcycle_next_to_a_red_stop_sign..png,1,0.12336553633213043,0,0.012269056402146816,0
/shared/home/sarim.hashmi/usenix/benchmark/newbench_norm/fake/A_man_riding_a_motorcycle_with_a_helmet_on._.png,1,0.061972327530384064,0,0.011817535385489464,0
/shared/home/sarim.hashmi/usenix/benchmark/newbench_norm/fake/A_man_riding_on_the_back_of_another_mans_bike_in_the_street.png,1,0.03821444883942604,0,0.012320109643042088,0
/shared/home/sarim.hashmi/usenix/benchmark/newbench_norm/fake/A_man_sees_a_double_reflection_in_his_mirror..png,1,0.1555834412574768,0,0.012966015376150608,0
/shared/home/sarim.hashmi/usenix/benchmark/newbench_norm/fake/A_man_sitting_at_a_park_working_on_a_laptop_computer..png,1,0.0638442188501358,0,0.01435077004134655,0
/shared/home/sarim.hashmi/usenix/benchmark/newbench_norm/fake/A_man_sitting_on_his_skateboard_in_a_field..png,1,0.17221295833587646,0,0.01192730013281107,0
/shared/home/sarim.hashmi/usenix/benchmark/newbench_norm/fake/A_man_sleeping_on_a_navy_blue_pillow_with_a_TV_monitor_in_place_of_his_head._.png,1,0.10684853047132492,0,0.014274919405579567,0
/shared/home/sarim.hashmi/usenix/benchmark/newbench_norm/fake/A_man_standing_in_front_of_a_mirror_above_a_counter..png,1,0.07682815939188004,0,0.011270243674516678,0
/shared/home/sarim.hashmi/usenix/benchmark/newbench_norm/fake/A_man_standing_next_to_a_car_in_the_snow..png,1,0.10561899840831757,0,0.011903900653123856,0
/shared/home/sarim.hashmi/usenix/benchmark/newbench_norm/fake/A_man_standing_next_to_a_motorcycle_on_the_side_of_a_hill..png,1,0.10170566290616989,0,0.013183694332838058,0
/shared/home/sarim.hashmi/usenix/benchmark/newbench_norm/fake/A_man_standing_next_to_a_parked_motorcycle..png,1,0.07551704347133636,0,0.011659426614642143,0
/shared/home/sarim.hashmi/usenix/benchmark/newbench_norm/fake/A_man_standing_next_to_a_woman_in_a_room..png,1,0.07053836435079575,0,0.011685776524245739,0
/shared/home/sarim.hashmi/usenix/benchmark/newbench_norm/fake/A_man_standing_outdoors_next_to_a_dirt_bike_and_ATV..png,1,0.09502051770687103,0,0.01217699982225895,0
/shared/home/sarim.hashmi/usenix/benchmark/newbench_norm/fake/A_man_standing_outside_of_a_building_next_to_bicycles..png,1,0.06369119137525558,0,0.012461988255381584,0
/shared/home/sarim.hashmi/usenix/benchmark/newbench_norm/fake/A_man_taking_a_picture_of_his_reflection_in_the_bathroom.png,1,0.14673881232738495,0,0.012789249420166016,0
/shared/home/sarim.hashmi/usenix/benchmark/newbench_norm/fake/A_man_that_has_a_happy_new__year_hat_on..png,1,0.12035617977380753,0,0.012488411739468575,0
/shared/home/sarim.hashmi/usenix/benchmark/newbench_norm/fake/A_man_thinks_as_he_stands_in_front_of_a_sign..png,1,0.10217603296041489,0,0.01340445876121521,0
/shared/home/sarim.hashmi/usenix/benchmark/newbench_norm/fake/A_man_walking_down_a_road_in_front_of_a_double_decker_bus..png,1,0.08643073588609695,0,0.012678916566073895,0
/shared/home/sarim.hashmi/usenix/benchmark/newbench_norm/fake/A_man_walking_down_a_road_with_a_horse_and_carriage_coming_at_him..png,1,0.0730169266462326,0,0.011831548064947128,0
/shared/home/sarim.hashmi/usenix/benchmark/newbench_norm/fake/A_man_walking_towards_a_stop_sign_on_the_sidewalk..png,1,0.08195879310369492,0,0.013564113527536392,0
/shared/home/sarim.hashmi/usenix/benchmark/newbench_norm/fake/A_man_walking_while_holding_an_umbrella_on_a_wet_sidewalk..png,1,0.07537886500358582,0,0.012592232786118984,0
/shared/home/sarim.hashmi/usenix/benchmark/newbench_norm/fake/A_man_walks_across_a_street_with_a_stop_sign_in_the_foreground..png,1,0.12248346209526062,0,0.01203245297074318,0
/shared/home/sarim.hashmi/usenix/benchmark/newbench_norm/fake/A_man_watching_a_single_engine_plane_make_an_approach_to_land..png,1,0.2023610770702362,0,0.014428101480007172,0
/shared/home/sarim.hashmi/usenix/benchmark/newbench_norm/fake/A_man_wearing_a_glove_with_a_bird_on_top_of_it..png,1,0.04422593489289284,0,0.012305287644267082,0
/shared/home/sarim.hashmi/usenix/benchmark/newbench_norm/fake/A_man_wearing_a_hat_riding_a_motorcycle..png,1,0.0824483335018158,0,0.012292111292481422,0
/shared/home/sarim.hashmi/usenix/benchmark/newbench_norm/fake/A_man_wearing_jeans_sitting_on_a_parked_motorcycle..png,1,0.1625249683856964,0,0.013020391575992107,0
/shared/home/sarim.hashmi/usenix/benchmark/newbench_norm/fake/A_man_with_camera_watching_a_group_of_giraffes.png,1,0.08683743327856064,0,0.012345388531684875,0
/shared/home/sarim.hashmi/usenix/benchmark/newbench_norm/fake/A_man_with_glasses_riding_in_a_car_with_an_adorable_dog_in_the_backseat..png,1,0.09591515362262726,0,0.011812948621809483,0
/shared/home/sarim.hashmi/usenix/benchmark/newbench_norm/fake/A_marble_tiled_bathroom_with_double_sinks_and_wooden_cabinets.png,1,0.049248989671468735,0,0.012152573093771935,0
/shared/home/sarim.hashmi/usenix/benchmark/newbench_norm/fake/A_men's_public_washroom_with_a_blue_floor._.png,1,0.0963955894112587,0,0.012433569878339767,0
/shared/home/sarim.hashmi/usenix/benchmark/newbench_norm/fake/A_messy_desk_is_shown_with_a_laptop_computer..png,1,0.0400564968585968,0,0.013141384348273277,0
/shared/home/sarim.hashmi/usenix/benchmark/newbench_norm/fake/A_metal_pole_with_four_different_street_signs_hanging_on_it's_side..png,1,0.047552380710840225,0,0.011690232902765274,0
/shared/home/sarim.hashmi/usenix/benchmark/newbench_norm/fake/A_metal_sink_and_a_row_of_white_urinals.png,1,0.04731670022010803,0,0.011723565869033337,0
/shared/home/sarim.hashmi/usenix/benchmark/newbench_norm/fake/A_military_air_craft_flies_in_the_sky_with_landing_gear_down._.png,1,0.04251742735505104,0,0.011608780361711979,0
/shared/home/sarim.hashmi/usenix/benchmark/newbench_norm/fake/A_miniature_train_in_a_park_full_of_people..png,1,0.026908334344625473,0,0.012113742530345917,0
/shared/home/sarim.hashmi/usenix/benchmark/newbench_norm/fake/A_modern_bathroom_is_shown_with_a_square_sink..png,1,0.0515516959130764,0,0.011784282512962818,0
/shared/home/sarim.hashmi/usenix/benchmark/newbench_norm/fake/A_modern_jet_airplane_coming_in_to_park_at_the_gate_of_an_airport.png,1,0.08442288637161255,0,0.011960708536207676,0
/shared/home/sarim.hashmi/usenix/benchmark/newbench_norm/fake/A_modified_motorcycle_parked_with_other_motorcycles_on_the_pavement..png,1,0.0603356696665287,0,0.011663454584777355,0
/shared/home/sarim.hashmi/usenix/benchmark/newbench_norm/fake/A_monitor_showing_a_film_on_an_airplane..png,1,0.04065380617976189,0,0.012375343590974808,0
/shared/home/sarim.hashmi/usenix/benchmark/newbench_norm/fake/A_mother_bird_and_her_offspring_walk_in_a_meadow..png,1,0.03806207701563835,0,0.01137323584407568,0
/shared/home/sarim.hashmi/usenix/benchmark/newbench_norm/fake/A_motorcycle_carrying_a_bicycle_is_parked_in_the_gravel._.png,1,0.06797903776168823,0,0.011729810386896133,0
/shared/home/sarim.hashmi/usenix/benchmark/newbench_norm/fake/A_motorcycle_is_in_a_parking_lot_with_a_helmet_on_top..png,1,0.050981614738702774,0,0.011456169188022614,0
/shared/home/sarim.hashmi/usenix/benchmark/newbench_norm/fake/A_motorcycle_is_parked_in_the_gravel_alongside_a_street..png,1,0.027228057384490967,0,0.011277669109404087,0
/shared/home/sarim.hashmi/usenix/benchmark/newbench_norm/fake/A_motorcycle_parked_behind_a_truck_on_a_green_field..png,1,0.10546715557575226,0,0.012358278036117554,0
/shared/home/sarim.hashmi/usenix/benchmark/newbench_norm/fake/A_motorcycle_parked_next_to_a_few_bicycles..png,1,0.07221109420061111,0,0.012054222635924816,0
/shared/home/sarim.hashmi/usenix/benchmark/newbench_norm/fake/A_motorcycle_parked_next_to_each_other_near_people...png,1,0.07834682613611221,0,0.01206705067306757,0
/shared/home/sarim.hashmi/usenix/benchmark/newbench_norm/fake/A_motorcycle_parked_on_top_of_a_tiled_floor..png,1,0.04236902669072151,0,0.011808685027062893,0
/shared/home/sarim.hashmi/usenix/benchmark/newbench_norm/fake/A_motorcycle_sits_parked_across_from_a_herd_of_livestock..png,1,0.02828563190996647,0,0.010729167610406876,0
/shared/home/sarim.hashmi/usenix/benchmark/newbench_norm/fake/A_nice_spacious_bathroom_with_light_brown_tile..png,1,0.047850385308265686,0,0.0125398775562644,0
/shared/home/sarim.hashmi/usenix/benchmark/newbench_norm/fake/A_no_left_turn_sign_hanging_from_the_side_of_a_wooden_pole..png,1,0.07483155280351639,0,0.012776455841958523,0
/shared/home/sarim.hashmi/usenix/benchmark/newbench_norm/fake/A_pair_of_remote_controlled_planes_flying_through_the_air..png,1,0.07649549096822739,0,0.01351400651037693,0
/shared/home/sarim.hashmi/usenix/benchmark/newbench_norm/fake/A_pair_of_sheep_looking_eagerly_at_something_through_a_fence..png,1,0.05458742752671242,0,0.012082511559128761,0
/shared/home/sarim.hashmi/usenix/benchmark/newbench_norm/fake/A_pair_of_sneakers_hang_in_the_background_at_this_street_corner..png,1,0.14696446061134338,0,0.014042431488633156,0
/shared/home/sarim.hashmi/usenix/benchmark/newbench_norm/fake/A_pan_filled_with_veggies_and_a_block_of_butter..png,1,0.039726413786411285,0,0.013297039084136486,0
/shared/home/sarim.hashmi/usenix/benchmark/newbench_norm/fake/A_parked_motorcycle_sitting_next_to_a_white_brick_wall..png,1,0.07588666677474976,0,0.011943257413804531,0
/shared/home/sarim.hashmi/usenix/benchmark/newbench_norm/fake/A_parking_lot_filled_with_large_passenger_buses..png,1,0.15848128497600555,0,0.012330697849392891,0
/shared/home/sarim.hashmi/usenix/benchmark/newbench_norm/fake/A_parking_meter_lies_askew_on_a_street..png,1,0.07719264924526215,0,0.01207351591438055,0
/shared/home/sarim.hashmi/usenix/benchmark/newbench_norm/fake/A_parking_sign_is_displaying_spaces_available_on_a_city_street.png,1,0.12713174521923065,0,0.012753074988722801,0
/shared/home/sarim.hashmi/usenix/benchmark/newbench_norm/fake/A_passenger_jet_aircraft_flying_in_the_sky..png,1,0.053437259048223495,0,0.011982367374002934,0
/shared/home/sarim.hashmi/usenix/benchmark/newbench_norm/fake/A_passenger_jet_that_is_pulled_in_next_to_the_terminal..png,1,0.09683908522129059,0,0.01249663531780243,0
/shared/home/sarim.hashmi/usenix/benchmark/newbench_norm/fake/A_passenger_plane_that_is_parked_on_the_runway..png,1,0.04897548630833626,0,0.011494558304548264,0
/shared/home/sarim.hashmi/usenix/benchmark/newbench_norm/fake/A_patch_of_grass_with_lots_of_bikes_parked_on_it..png,1,0.042839933186769485,0,0.012600298970937729,0
/shared/home/sarim.hashmi/usenix/benchmark/newbench_norm/fake/A_person_drives_a_bus_on_a_busy_road._.png,1,0.1453319787979126,0,0.011639744974672794,0
/shared/home/sarim.hashmi/usenix/benchmark/newbench_norm/fake/A_person_driving_a_car_towards_an_overpass..png,1,0.04853102192282677,0,0.011946533806622028,0
/shared/home/sarim.hashmi/usenix/benchmark/newbench_norm/fake/A_person_feeding_a_giraffe_while_wearing_a_hat..png,1,0.06093142554163933,0,0.011500854976475239,0
/shared/home/sarim.hashmi/usenix/benchmark/newbench_norm/fake/A_person_holding_a_black_cat_next_to_their_face..png,1,0.04138273000717163,0,0.011615298688411713,0
/shared/home/sarim.hashmi/usenix/benchmark/newbench_norm/fake/A_person_holding_up_a_piece_of_banana_to_the_camera..png,1,0.13818754255771637,0,0.01228153333067894,0
/shared/home/sarim.hashmi/usenix/benchmark/newbench_norm/fake/A_person_is_driving_a_speedboat_quickly_through_the_water..png,1,0.0478694848716259,0,0.012870046310126781,0
/shared/home/sarim.hashmi/usenix/benchmark/newbench_norm/fake/A_person_is_on_a_bench_near_a_grassy_field..png,1,0.14879028499126434,0,0.014348667114973068,0
/shared/home/sarim.hashmi/usenix/benchmark/newbench_norm/fake/A_person_laying_on_an_inflatable_mattress_with_two_sleeping_bags..png,1,0.2214914858341217,0,0.012774350121617317,0
/shared/home/sarim.hashmi/usenix/benchmark/newbench_norm/fake/A_person_leading_a_herd_of_sheep_with_a_dog..png,1,0.07172124832868576,0,0.012329130433499813,0
/shared/home/sarim.hashmi/usenix/benchmark/newbench_norm/fake/A_person_on_a_street_next_to_a_motor_bike..png,1,0.03437051177024841,0,0.01250415202230215,0
/shared/home/sarim.hashmi/usenix/benchmark/newbench_norm/fake/A_person_riding_a_speed_motorcycle_on_a_track..png,1,0.09625948220491409,0,0.012331638485193253,0
/shared/home/sarim.hashmi/usenix/benchmark/newbench_norm/fake/A_person_sitting_on_top_of_a_bench_with_their_arms_spread_out..png,1,0.2838342487812042,0,0.017164984717965126,0
/shared/home/sarim.hashmi/usenix/benchmark/newbench_norm/fake/A_person_standing_next_to_a_couple_of_motor_bikes..png,1,0.14687062799930573,0,0.014897922985255718,0
/shared/home/sarim.hashmi/usenix/benchmark/newbench_norm/fake/A_person_walking_in_the_rain_on_the_sidewalk._.png,1,0.07923883199691772,0,0.012417293153703213,0
/shared/home/sarim.hashmi/usenix/benchmark/newbench_norm/fake/A_person_with_an_umbrella_is_standing_by_a_fountain..png,1,0.1496822088956833,0,0.014117222279310226,0
/shared/home/sarim.hashmi/usenix/benchmark/newbench_norm/fake/A_photo_of_a_restroom_containing_two_toilets..png,1,0.07333523780107498,0,0.012820183299481869,0
/shared/home/sarim.hashmi/usenix/benchmark/newbench_norm/fake/A_picture_of_a_group_of_fighter_jets_flying_together..png,1,0.0675722062587738,0,0.012233723886311054,0
/shared/home/sarim.hashmi/usenix/benchmark/newbench_norm/fake/A_picture_of_a_stone_bench_in_a_park..png,1,0.03531714156270027,0,0.011102698743343353,0
/shared/home/sarim.hashmi/usenix/benchmark/newbench_norm/fake/A_picture_of_a_train_coming_out_of_a_house..png,1,0.03838643804192543,0,0.01235450804233551,0
/shared/home/sarim.hashmi/usenix/benchmark/newbench_norm/fake/A_picture_of_a_wooden_container_with_crosses_on_it..png,1,0.1710345447063446,0,0.011922918260097504,0
/shared/home/sarim.hashmi/usenix/benchmark/newbench_norm/fake/A_picture_of_large_glass_door_trimmed_in_white_and_a_large_beige_structure_beside_it..png,1,0.12568534910678864,0,0.01189397182315588,0
/shared/home/sarim.hashmi/usenix/benchmark/newbench_norm/fake/A_picture_taken_from_the_driver_seat_of_car_at_a_stop_sign..png,1,0.1551564484834671,0,0.011903984472155571,0
/shared/home/sarim.hashmi/usenix/benchmark/newbench_norm/fake/A_pigeon_perched_on_a_ledge_with_a_street_behind_it..png,1,0.0421144925057888,0,0.012281792238354683,0
/shared/home/sarim.hashmi/usenix/benchmark/newbench_norm/fake/A_pile_of_toilet_paper_sitting_on_top_of_a_toilet..png,1,0.057307396084070206,0,0.014516371302306652,0
/shared/home/sarim.hashmi/usenix/benchmark/newbench_norm/fake/A_pirstine_white_and_black_bathroom_with_a_tub_by_a_window.png,1,0.042520277202129364,0,0.012468591332435608,0
/shared/home/sarim.hashmi/usenix/benchmark/newbench_norm/fake/A_plane_is_parked_near_the_pretty_blue_ocean._.png,1,0.03656872734427452,0,0.012470043264329433,0
/shared/home/sarim.hashmi/usenix/benchmark/newbench_norm/fake/A_police_man_on_a_motorcycle_drives_down_the_road..png,1,0.10491901636123657,0,0.012263631448149681,0
/shared/home/sarim.hashmi/usenix/benchmark/newbench_norm/fake/A_police_officer_directing_traffic_in_front_of_a_yellow_double_deck_bus..png,1,0.041227180510759354,0,0.012065050192177296,0
/shared/home/sarim.hashmi/usenix/benchmark/newbench_norm/fake/A_pretty_bird_is_sitting_on_a_tree_branch..png,1,0.0833095982670784,0,0.012607531622052193,0
/shared/home/sarim.hashmi/usenix/benchmark/newbench_norm/fake/A_professional_motorcycle_driver_riding_his_bike_on_the_track..png,1,0.06357186287641525,0,0.012734753079712391,0
"/shared/home/sarim.hashmi/usenix/benchmark/newbench_norm/fake/A_rear_view_mirror_on_a_bike_is_reflecting_a_poster_on_building.
.png",1,0.19984832406044006,0,0.013276036828756332,0
"/shared/home/sarim.hashmi/usenix/benchmark/newbench_norm/fake/A_red,_white_and_blue_train_next_to_satellites..png",1,0.03206401318311691,0,0.011590050533413887,0
/shared/home/sarim.hashmi/usenix/benchmark/newbench_norm/fake/A_red_all_terrain_vehicle_next_to_a_man_with_a_green_dirt_bike..png,1,0.0613054484128952,0,0.012387575581669807,0
/shared/home/sarim.hashmi/usenix/benchmark/newbench_norm/fake/A_red_and_black_motorcycle_parked_near_another_bike..png,1,0.08793691545724869,0,0.012714924290776253,0
/shared/home/sarim.hashmi/usenix/benchmark/newbench_norm/fake/A_red_and_white_fire_hydrant_is_on_the_lawn..png,1,0.06031155586242676,0,0.01263599842786789,0
/shared/home/sarim.hashmi/usenix/benchmark/newbench_norm/fake/A_red_and_white_fire_hydrant_on_a_sidewalk_at_the_park..png,1,0.035932667553424835,0,0.012410757131874561,0
"/shared/home/sarim.hashmi/usenix/benchmark/newbench_norm/fake/A_red_and_yellow_bus_sits_on_the_back_of_a_flatbed_truck,_driving_down_the_highway..png",1,0.03700542822480202,0,0.011391757987439632,0
/shared/home/sarim.hashmi/usenix/benchmark/newbench_norm/fake/A_red_fire_hydrant_between_two_trees_in_front_of_a_building..png,1,0.03251155465841293,0,0.012290751561522484,0
/shared/home/sarim.hashmi/usenix/benchmark/newbench_norm/fake/A_red_fire_hydrant_on_the_side_of_a_street..png,1,0.025562886148691177,0,0.012791585177183151,0
/shared/home/sarim.hashmi/usenix/benchmark/newbench_norm/fake/A_red_fire_hydrant_with_a_green_cap_with_a_bird_on_top_of_it..png,1,0.07667171210050583,0,0.013986952602863312,0
/shared/home/sarim.hashmi/usenix/benchmark/newbench_norm/fake/A_red_motorcycle_is_parked_in_between_white_lines..png,1,0.09187211096286774,0,0.011943010613322258,0
/shared/home/sarim.hashmi/usenix/benchmark/newbench_norm/fake/A_red_motorcycle_riding_down_one_side_of_the_street_and_a_cow_walking_down_the_other_side_of_the_str.png,1,0.18784914910793304,0,0.012205084785819054,0
/shared/home/sarim.hashmi/usenix/benchmark/newbench_norm/fake/A_red_small_engine_plane_in_motion_on_a_field..png,1,0.0682637095451355,0,0.012316281907260418,0
/shared/home/sarim.hashmi/usenix/benchmark/newbench_norm/fake/A_red_stop_sign_mounted_to_the_top_of_a_metal_pole..png,1,0.027516378089785576,0,0.013015968725085258,0
/shared/home/sarim.hashmi/usenix/benchmark/newbench_norm/fake/A_red_stop_sign_on_a_gate_next_to_a_grass_covered_field..png,1,0.03482498973608017,0,0.014392247423529625,0
/shared/home/sarim.hashmi/usenix/benchmark/newbench_norm/fake/A_red_stop_sign_on_the_side_of_a_brick_road..png,1,0.06858938187360764,0,0.01226184144616127,0
/shared/home/sarim.hashmi/usenix/benchmark/newbench_norm/fake/A_red_stop_sign_sitting_on_the_side_of_a_pole..png,1,0.032314177602529526,0,0.012515738606452942,0
/shared/home/sarim.hashmi/usenix/benchmark/newbench_norm/fake/A_red_stop_sign_sitting_on_the_side_of_a_road..png,1,0.06480070948600769,0,0.013204089365899563,0
/shared/home/sarim.hashmi/usenix/benchmark/newbench_norm/fake/A_red_stop_sign_with_a_sticker_of_a_man_holding_up_a_sword..png,1,0.10436757653951645,0,0.014609957113862038,0
/shared/home/sarim.hashmi/usenix/benchmark/newbench_norm/fake/A_red_traffic_with_a_mirror_hanging_off_the_side_of_it..png,1,0.054497357457876205,0,0.012179919518530369,0
/shared/home/sarim.hashmi/usenix/benchmark/newbench_norm/fake/A_red_train_driving_on_a_train_train_track_next_to_an_elevated_stone_sidewalk..png,1,0.043481431901454926,0,0.012871688231825829,0
/shared/home/sarim.hashmi/usenix/benchmark/newbench_norm/fake/A_red_train_traveling_under_a_bridge_on_train_tracks..png,1,0.05626862123608589,0,0.011591329239308834,0
/shared/home/sarim.hashmi/usenix/benchmark/newbench_norm/fake/A_red_trolly_bus_driving_down_a_dirt_road..png,1,0.023911846801638603,0,0.011927389539778233,0
/shared/home/sarim.hashmi/usenix/benchmark/newbench_norm/fake/A_road_sign_on_the_side_of_a_road..png,1,0.07005485147237778,0,0.011209238320589066,0
/shared/home/sarim.hashmi/usenix/benchmark/newbench_norm/fake/A_room_with_white_walls_and_bright_lights..png,1,0.09092351794242859,0,0.014991619624197483,0
/shared/home/sarim.hashmi/usenix/benchmark/newbench_norm/fake/A_row_of_birds_are_flying_against_a_blue_sky..png,1,0.07095831632614136,0,0.013916309922933578,0
/shared/home/sarim.hashmi/usenix/benchmark/newbench_norm/fake/A_row_of_motorcycles_sitting_on_top_of_a_parking_lot..png,1,0.03520617261528969,0,0.011389932595193386,0
/shared/home/sarim.hashmi/usenix/benchmark/newbench_norm/fake/A_row_of_red_and_white_umbrellas_stand_above_tables_in_an_outdoor_eating_area..png,1,0.029968619346618652,0,0.012636045925319195,0
/shared/home/sarim.hashmi/usenix/benchmark/newbench_norm/fake/A_row_of_wall_mounted_urinals_under_aquariums..png,1,0.053103841841220856,0,0.012543597258627415,0
/shared/home/sarim.hashmi/usenix/benchmark/newbench_norm/fake/A_rusty_side_car_of_a_train_that_has_been_vandalized_with_artwork..png,1,0.12118200212717056,0,0.012130038812756538,0
/shared/home/sarim.hashmi/usenix/benchmark/newbench_norm/fake/A_scooter_is_parked_on_the_street_in_front_of_a_car._.png,1,0.06496387720108032,0,0.011705524288117886,0
/shared/home/sarim.hashmi/usenix/benchmark/newbench_norm/fake/A_set_of_three_wall_mounted_urinals_with_pictures_of_men_on_top_of_them..png,1,0.10985805094242096,0,0.01285505574196577,0
/shared/home/sarim.hashmi/usenix/benchmark/newbench_norm/fake/A_shelf_of_various_cups_and_glasses_mounted_to_the_wall..png,1,0.058037105947732925,0,0.011998048052191734,0
/shared/home/sarim.hashmi/usenix/benchmark/newbench_norm/fake/A_shower_and_a_white_toilet_in_a_small_bathroom..png,1,0.06982723623514175,0,0.012030201964080334,0
/shared/home/sarim.hashmi/usenix/benchmark/newbench_norm/fake/A_sidewalk_sitting_along_side_of_a_building_at_night..png,1,0.09027594327926636,0,0.011865464970469475,0
/shared/home/sarim.hashmi/usenix/benchmark/newbench_norm/fake/A_sidewalk_sitting_along_side_of_a_street_under_a_billboard..png,1,0.08453698456287384,0,0.01201249286532402,0
/shared/home/sarim.hashmi/usenix/benchmark/newbench_norm/fake/A_sign_near_a_wooden_fence_and_a_tree..png,1,0.11219437420368195,0,0.011497809551656246,0
/shared/home/sarim.hashmi/usenix/benchmark/newbench_norm/fake/A_sign_on_top_of_a_restaurant_next_to_a_traffic_light..png,1,0.03876921534538269,0,0.011816783808171749,0
/shared/home/sarim.hashmi/usenix/benchmark/newbench_norm/fake/A_sign_says_fashion_district_near_some_buildings..png,1,0.05414651706814766,0,0.01151416078209877,0
/shared/home/sarim.hashmi/usenix/benchmark/newbench_norm/fake/A_sign_warning_drivers_that_there_are_children_at_play..png,1,0.1020684540271759,0,0.01347376313060522,0
/shared/home/sarim.hashmi/usenix/benchmark/newbench_norm/fake/A_silver_and_red_bus_in_parking_lot_next_to_cars..png,1,0.027697641402482986,0,0.012046382762491703,0
/shared/home/sarim.hashmi/usenix/benchmark/newbench_norm/fake/A_silver_train_passing_under_high_beams_and_trees..png,1,0.06366559863090515,0,0.012419684790074825,0
/shared/home/sarim.hashmi/usenix/benchmark/newbench_norm/fake/A_silver_train_that_is_sitting_on_a_track..png,1,0.03549696505069733,0,0.011556863784790039,0
/shared/home/sarim.hashmi/usenix/benchmark/newbench_norm/fake/A_simple_bathroom_has_various_classic_decorations_around_it..png,1,0.0798347145318985,0,0.013558551669120789,0
/shared/home/sarim.hashmi/usenix/benchmark/newbench_norm/fake/A_simple_white_residential_kitchen_with_breakfast_bar.png,1,0.027501728385686874,0,0.01112599391490221,0
/shared/home/sarim.hashmi/usenix/benchmark/newbench_norm/fake/A_simple_wooden_bench_is_in_the_woods..png,1,0.028832808136940002,0,0.012766193598508835,0
/shared/home/sarim.hashmi/usenix/benchmark/newbench_norm/fake/A_skier_in_the_midst_of_a_jump.png,1,0.21673481166362762,0,0.013137632049620152,0
/shared/home/sarim.hashmi/usenix/benchmark/newbench_norm/fake/A_small_bathroom_with_a_shower_curtain_and_toilet.png,1,0.0667053610086441,0,0.012807967141270638,0
/shared/home/sarim.hashmi/usenix/benchmark/newbench_norm/fake/A_small_bird_is_perched_on_an_empty_bird_feeder..png,1,0.06247366592288017,0,0.012429449707269669,0
/shared/home/sarim.hashmi/usenix/benchmark/newbench_norm/fake/A_small_bird_perched_on_some_metal_bar_.png,1,0.03607818856835365,0,0.011841393075883389,0
/shared/home/sarim.hashmi/usenix/benchmark/newbench_norm/fake/A_small_bird_sitting_on_a_beach_next_to_the_ocean..png,1,0.05590442195534706,0,0.01171050127595663,0
/shared/home/sarim.hashmi/usenix/benchmark/newbench_norm/fake/A_small_bird_sitting_on_the_handle_of_a_car_door..png,1,0.11364016681909561,0,0.012301567941904068,0
/shared/home/sarim.hashmi/usenix/benchmark/newbench_norm/fake/A_small_bird_sitting_on_top_of_a_plastic_cup_of_water..png,1,0.0670396238565445,0,0.011584801599383354,0
/shared/home/sarim.hashmi/usenix/benchmark/newbench_norm/fake/A_small_black_dog_sitting_in_front_of_a_TV..png,1,0.05418495461344719,0,0.012026384472846985,0
/shared/home/sarim.hashmi/usenix/benchmark/newbench_norm/fake/A_small_blue_car_on_a_city_road..png,1,0.03473614156246185,0,0.011576414108276367,0
/shared/home/sarim.hashmi/usenix/benchmark/newbench_norm/fake/A_small_calf_is_in_a_pen_with_bails_of_hay..png,1,0.07735448330640793,0,0.012022905983030796,0
/shared/home/sarim.hashmi/usenix/benchmark/newbench_norm/fake/A_small_car_is_parked_in_front_of_a_scooter.png,1,0.031081650406122208,0,0.01126954797655344,0
/shared/home/sarim.hashmi/usenix/benchmark/newbench_norm/fake/A_small_cat_is_standing_near_the_computer_keyboard._.png,1,0.028814619407057762,0,0.010668795555830002,0
/shared/home/sarim.hashmi/usenix/benchmark/newbench_norm/fake/A_small_dog_laying_next_to_a_door..png,1,0.04002269357442856,0,0.011227169074118137,0
/shared/home/sarim.hashmi/usenix/benchmark/newbench_norm/fake/A_small_dog_walking_past_a_red_fire_hydrant..png,1,0.06591533124446869,0,0.01361455861479044,0
/shared/home/sarim.hashmi/usenix/benchmark/newbench_norm/fake/A_small_green_car_has_a_plaque_with_writing_in_front_of_it._.png,1,0.04711491987109184,0,0.01171827968209982,0
/shared/home/sarim.hashmi/usenix/benchmark/newbench_norm/fake/A_small_plane_flying_through_a_cloudy_blue_sky..png,1,0.052104562520980835,0,0.012223120778799057,0
/shared/home/sarim.hashmi/usenix/benchmark/newbench_norm/fake/A_small_plane_landing_in__a_grassy_field.png,1,0.038132574409246445,0,0.011703919619321823,0
/shared/home/sarim.hashmi/usenix/benchmark/newbench_norm/fake/A_small_sailboat_docked_at_a_local_shore..png,1,0.06218932941555977,0,0.01282617636024952,0
/shared/home/sarim.hashmi/usenix/benchmark/newbench_norm/fake/A_small_town_street_filled_with_traffic_beneath_a_mountain..png,1,0.05953164026141167,0,0.011421390809118748,0
/shared/home/sarim.hashmi/usenix/benchmark/newbench_norm/fake/A_small_white_airplane_high_up_in_the_sky..png,1,0.10573902726173401,0,0.011671878397464752,0
/shared/home/sarim.hashmi/usenix/benchmark/newbench_norm/fake/A_small_white_bird_standing_on_top_of_a_dirt_field..png,1,0.06951035559177399,0,0.011560960672795773,0
/shared/home/sarim.hashmi/usenix/benchmark/newbench_norm/fake/A_small_white_dog_standing_next_to_a_red_fire_hydrant..png,1,0.064033642411232,0,0.012455664575099945,0
/shared/home/sarim.hashmi/usenix/benchmark/newbench_norm/fake/A_small_woman_standing_in_front_of_a_baby_elephant..png,1,0.10176766663789749,0,0.012742500752210617,0
/shared/home/sarim.hashmi/usenix/benchmark/newbench_norm/fake/A_smiling_man_in_a_nice_hat_in_a_car..png,1,0.10668478161096573,0,0.01261337473988533,0
/shared/home/sarim.hashmi/usenix/benchmark/newbench_norm/fake/A_snowy_scene_of_trees_and_a_road..png,1,0.12510041892528534,0,0.012015493586659431,0
/shared/home/sarim.hashmi/usenix/benchmark/newbench_norm/fake/A_spring_form_bird_feeder_filled_with_corn_to_eat..png,1,0.055881891399621964,0,0.01348812598735094,0
/shared/home/sarim.hashmi/usenix/benchmark/newbench_norm/fake/A_square_white_sink_beneath_an_elegant_mirror.png,1,0.05706363543868065,0,0.012973768636584282,0
/shared/home/sarim.hashmi/usenix/benchmark/newbench_norm/fake/A_stop_light_with_green_arrows_on_Woodbine_Ave._.png,1,0.05017922818660736,0,0.013296151533722878,0
/shared/home/sarim.hashmi/usenix/benchmark/newbench_norm/fake/A_stop_sign_and_a_fire_hydrant_on_the_corner_of_a_grassy_sidewalk..png,1,0.0625910684466362,0,0.012177446857094765,0
"/shared/home/sarim.hashmi/usenix/benchmark/newbench_norm/fake/A_store_room_holds_sinks,_bathtubs_and_toilets.png",1,0.0945814996957779,0,0.013248634524643421,0
/shared/home/sarim.hashmi/usenix/benchmark/newbench_norm/fake/A_stove_top_oven_sitting_next_to_a_tiled_wall..png,1,0.026870135217905045,0,0.010922889225184917,0
/shared/home/sarim.hashmi/usenix/benchmark/newbench_norm/fake/A_stove_top_with_a_tea_kettle_sitting_on_top_of_it..png,1,0.06242898851633072,0,0.01197856292128563,0
/shared/home/sarim.hashmi/usenix/benchmark/newbench_norm/fake/A_stove_top_with_lots_of_pots_and_pans..png,1,0.1073935478925705,0,0.012381627224385738,0
/shared/home/sarim.hashmi/usenix/benchmark/newbench_norm/fake/A_street_light_and_other_road_signs._.png,1,0.029181979596614838,0,0.012083149515092373,0
/shared/home/sarim.hashmi/usenix/benchmark/newbench_norm/fake/A_street_scene_looking_down_at_cars_and_motorcycles_parked..png,1,0.0299946628510952,0,0.011759397573769093,0
/shared/home/sarim.hashmi/usenix/benchmark/newbench_norm/fake/A_street_sign_is_filled_with_various_stickers.__.png,1,0.07753006368875504,0,0.013114388100802898,0
/shared/home/sarim.hashmi/usenix/benchmark/newbench_norm/fake/A_street_sign_next_to_a_bend_in_the_road..png,1,0.031420644372701645,0,0.0117471469566226,0
/shared/home/sarim.hashmi/usenix/benchmark/newbench_norm/fake/A_street_sign_saying_S._Gay_st_while_a_traffic_light_is_yellow..png,1,0.0306262020021677,0,0.012044595554471016,0
/shared/home/sarim.hashmi/usenix/benchmark/newbench_norm/fake/A_street_sign_showing_a_person_walking_with_a_child_and_a_bike_sits_on_the_sit_of_the_road._.png,1,0.038724202662706375,0,0.012691480107605457,0
/shared/home/sarim.hashmi/usenix/benchmark/newbench_norm/fake/A_street_sign_showing_they_are_making_improvements.png,1,0.05522182211279869,0,0.01239353884011507,0
/shared/home/sarim.hashmi/usenix/benchmark/newbench_norm/fake/A_street_sign_showing_what_roads_go_which_ways..png,1,0.034739017486572266,0,0.012393702752888203,0
/shared/home/sarim.hashmi/usenix/benchmark/newbench_norm/fake/A_street_sign_sitting_along_side_of_train_tracks..png,1,0.09260695427656174,0,0.012794312089681625,0
"/shared/home/sarim.hashmi/usenix/benchmark/newbench_norm/fake/A_street_sign_with_the_name_of_two_streets_and_a_stop_sign,_and_parked_cars_and_buildings_in_the_dis.png",1,0.04192220792174339,0,0.011796978302299976,0
/shared/home/sarim.hashmi/usenix/benchmark/newbench_norm/fake/A_stuffed_bear_is_sitting_next_to_a_computer_monitor..png,1,0.06805653870105743,0,0.012177900411188602,0
/shared/home/sarim.hashmi/usenix/benchmark/newbench_norm/fake/A_subway_train_with_a_row_of_orange_and_white_seats..png,1,0.06589160114526749,0,0.012600209563970566,0
/shared/home/sarim.hashmi/usenix/benchmark/newbench_norm/fake/A_sun_spot_is_the_only_mark_in_a_clear_sky_with_a_plane_traveling_over_a_snowy_expanse_with_a_bunch_.png,1,0.12475716322660446,0,0.012945442460477352,0
/shared/home/sarim.hashmi/usenix/benchmark/newbench_norm/fake/A_table_full_of_items_and_on_a_sunny_day._.png,1,0.1535932421684265,0,0.012439996004104614,0
/shared/home/sarim.hashmi/usenix/benchmark/newbench_norm/fake/A_tall_giraffe_in_a_green_grassy_field..png,1,0.05285711586475372,0,0.012323510833084583,0
/shared/home/sarim.hashmi/usenix/benchmark/newbench_norm/fake/A_tall_giraffe_standing_next_to_a_herd_of_deer..png,1,0.040586620569229126,0,0.0115478141233325,0
/shared/home/sarim.hashmi/usenix/benchmark/newbench_norm/fake/A_taxi_cab_parked_next_to_a_fire_hydrant..png,1,0.021084850654006004,0,0.012016184628009796,0
/shared/home/sarim.hashmi/usenix/benchmark/newbench_norm/fake/A_television_sits_on_a_cabinet_in_a_room..png,1,0.050504911690950394,0,0.01436750777065754,0
/shared/home/sarim.hashmi/usenix/benchmark/newbench_norm/fake/A_tie-dyed_cyclist_stands_beside_his_bicycle_in_front_of_fellow_cyclists..png,1,0.1616586148738861,0,0.013916635885834694,0
"/shared/home/sarim.hashmi/usenix/benchmark/newbench_norm/fake/A_tiled_bathroom_with_a_single_vanity,_toilet_and_shower..png",1,0.045304056257009506,0,0.012724624946713448,0
/shared/home/sarim.hashmi/usenix/benchmark/newbench_norm/fake/A_toilet_in_a_stall_with_remote_control_buttons..png,1,0.11060432344675064,0,0.012942171655595303,0
/shared/home/sarim.hashmi/usenix/benchmark/newbench_norm/fake/A_toilet_seat_sits_on_top_of_a_hole_in_the_ground..png,1,0.06781964749097824,0,0.013110932894051075,0
/shared/home/sarim.hashmi/usenix/benchmark/newbench_norm/fake/A_toilet_sitting_outside_a_building_in_an_alley..png,1,0.05829542502760887,0,0.011613464914262295,0
/shared/home/sarim.hashmi/usenix/benchmark/newbench_norm/fake/A_toilet_that_is_very_clean_in_a_bathroom..png,1,0.1046985536813736,0,0.012862997129559517,0
/shared/home/sarim.hashmi/usenix/benchmark/newbench_norm/fake/A_tow_truck_driving_past_a_very_old_stop_sign..png,1,0.0320139117538929,0,0.011705237440764904,0
/shared/home/sarim.hashmi/usenix/benchmark/newbench_norm/fake/A_towel_hangs_beneath_a_sink_in_a_bathroom..png,1,0.04636538401246071,0,0.013361696153879166,0
/shared/home/sarim.hashmi/usenix/benchmark/newbench_norm/fake/A_traffic_light_and_cars_on_a_street..png,1,0.04630781710147858,0,0.011203981004655361,0
/shared/home/sarim.hashmi/usenix/benchmark/newbench_norm/fake/A_traffic_light_glows_red_on_a_cloudy_day.png,1,0.0402245931327343,0,0.012289627455174923,0
/shared/home/sarim.hashmi/usenix/benchmark/newbench_norm/fake/A_traffic_light_on_a_street_with_some_people..png,1,0.06476439535617828,0,0.011506391689181328,0
/shared/home/sarim.hashmi/usenix/benchmark/newbench_norm/fake/A_traffic_light_sitting_next_to_a_cluster_of_traffic_cones..png,1,0.039205413311719894,0,0.011713447980582714,0
/shared/home/sarim.hashmi/usenix/benchmark/newbench_norm/fake/A_traffic_light_sitting_on_the_side_of_a_road..png,1,0.02757132612168789,0,0.011885480023920536,0
/shared/home/sarim.hashmi/usenix/benchmark/newbench_norm/fake/A_traffic_sign_hung_upside_down_on_a_pole._.png,1,0.08560705929994583,0,0.01277915108948946,0
/shared/home/sarim.hashmi/usenix/benchmark/newbench_norm/fake/A_train_coming_up_to_a_railroad_crossing..png,1,0.08196558058261871,0,0.012270576320588589,0
/shared/home/sarim.hashmi/usenix/benchmark/newbench_norm/fake/A_train_covered_in_graffiti_sitting_on_top_of__train_tracks..png,1,0.083623968064785,0,0.014733112417161465,0
/shared/home/sarim.hashmi/usenix/benchmark/newbench_norm/fake/A_train_covered_in_graffiti_traveling_down_railroad_tracks..png,1,0.05491725355386734,0,0.01452682539820671,0
/shared/home/sarim.hashmi/usenix/benchmark/newbench_norm/fake/A_train_going_down_the_tracks_that_has_just_gone_under_a_bridge..png,1,0.07423103600740433,0,0.013193276710808277,0
/shared/home/sarim.hashmi/usenix/benchmark/newbench_norm/fake/A_train_is_moving_along_train_tracks_through_the_woods..png,1,0.04781883955001831,0,0.011875633150339127,0
/shared/home/sarim.hashmi/usenix/benchmark/newbench_norm/fake/A_train_is_stopped_in_front_of_an_industrial_area..png,1,0.09315638989210129,0,0.013529709540307522,0
/shared/home/sarim.hashmi/usenix/benchmark/newbench_norm/fake/A_train_making_its_way_through_a_rail_yard..png,1,0.0753725990653038,0,0.011795755475759506,0
/shared/home/sarim.hashmi/usenix/benchmark/newbench_norm/fake/A_train_sitting_in_front_of_a_tin_building_and_a_dry_grass_field..png,1,0.2715224623680115,0,0.012586110271513462,0
/shared/home/sarim.hashmi/usenix/benchmark/newbench_norm/fake/A_train_sitting_inside_of_a_train_station_near_a_skylight..png,1,0.06988305598497391,0,0.011562518775463104,0
/shared/home/sarim.hashmi/usenix/benchmark/newbench_norm/fake/A_train_traveling_along_a_rocky_mountain_side..png,1,0.040147632360458374,0,0.012360676191747189,0
/shared/home/sarim.hashmi/usenix/benchmark/newbench_norm/fake/A_train_traveling_down_train_tracks_next_to_a_building..png,1,0.06549911946058273,0,0.011518193408846855,0
/shared/home/sarim.hashmi/usenix/benchmark/newbench_norm/fake/A_train_traveling_through_rural_countryside_under_power_lines..png,1,0.04385557025671005,0,0.01107784267514944,0
/shared/home/sarim.hashmi/usenix/benchmark/newbench_norm/fake/A_train_with_a_green_and_orange_stripe_is_sitting_on_the_tracks..png,1,0.034305792301893234,0,0.01217898353934288,0
/shared/home/sarim.hashmi/usenix/benchmark/newbench_norm/fake/A_trash_can_made_to_look_like_a_soup_can..png,1,0.02604677900671959,0,0.012708479538559914,0
/shared/home/sarim.hashmi/usenix/benchmark/newbench_norm/fake/A_travel_guide_taking_a_photo_as_the_tour_bus_arrives.png,1,0.05687994137406349,0,0.01225416362285614,0
/shared/home/sarim.hashmi/usenix/benchmark/newbench_norm/fake/A_tree_sitting_next_to_a_bench_near_a_lake..png,1,0.03220752254128456,0,0.011817391030490398,0
/shared/home/sarim.hashmi/usenix/benchmark/newbench_norm/fake/A_tree_sitting_on_top_of_a_hillside_near_a_bench..png,1,0.05525391176342964,0,0.01179844606667757,0
/shared/home/sarim.hashmi/usenix/benchmark/newbench_norm/fake/A_very_skinny_red_fire_hydrant_with_silver_top_and_sides._.png,1,0.04061044380068779,0,0.01230802945792675,0
/shared/home/sarim.hashmi/usenix/benchmark/newbench_norm/fake/A_very_tall_building_sitting_on_the_side_of_a_road..png,1,0.11237520724534988,0,0.01268860138952732,0
/shared/home/sarim.hashmi/usenix/benchmark/newbench_norm/fake/A_very_tall_building_with_a_clock_mounted_to_it's_side..png,1,0.05173115432262421,0,0.01169520802795887,0
/shared/home/sarim.hashmi/usenix/benchmark/newbench_norm/fake/A_very_tall_building_with_lots_of_windows..png,1,0.06633620709180832,0,0.012661796063184738,0
/shared/home/sarim.hashmi/usenix/benchmark/newbench_norm/fake/A_very_upscale_looking_hotel_room_with_large_bed_and_a_bathroom_in_the_next_room..png,1,0.043632157146930695,0,0.01188224833458662,0
/shared/home/sarim.hashmi/usenix/benchmark/newbench_norm/fake/A_view_from_the_street_of_two_traffic_lights_and_a_building._.png,1,0.06024681031703949,0,0.010990699753165245,0
"/shared/home/sarim.hashmi/usenix/benchmark/newbench_norm/fake/A_view_of_a_kitchen_sink,_knives,_hanging_cups,_and_wine_glasses..png",1,0.04658962041139603,0,0.011665071360766888,0
/shared/home/sarim.hashmi/usenix/benchmark/newbench_norm/fake/A_vintage_STOP_sign_in_black_&_white.png,1,0.02281353995203972,0,0.01187096070498228,0
/shared/home/sarim.hashmi/usenix/benchmark/newbench_norm/fake/A_walk_in_shower_next_to_a_tub_in_a_bathroom..png,1,0.166487917304039,0,0.012126035057008266,0
/shared/home/sarim.hashmi/usenix/benchmark/newbench_norm/fake/A_wall_mounted_oven_inside_of_a_kitchen_with_a_large_entrance..png,1,0.05653924122452736,0,0.011382960714399815,0
/shared/home/sarim.hashmi/usenix/benchmark/newbench_norm/fake/A_water-stained_cathedral_clock-tower_enveloped_by_various_green_vines..png,1,0.06163029000163078,0,0.011308453977108002,0
/shared/home/sarim.hashmi/usenix/benchmark/newbench_norm/fake/A_water_foul_near_the_shore_in_a_body_of_water_with_an_island_in_the_middle_of_it..png,1,0.048284027725458145,0,0.012270431034266949,0
/shared/home/sarim.hashmi/usenix/benchmark/newbench_norm/fake/A_white_and_black_bird_perched_on_a_wooden_fence_rail..png,1,0.03854403644800186,0,0.011977609246969223,0
/shared/home/sarim.hashmi/usenix/benchmark/newbench_norm/fake/A_white_and_black_checkered_floor_in_a_kitchen..png,1,0.09591585397720337,0,0.014929859898984432,0
/shared/home/sarim.hashmi/usenix/benchmark/newbench_norm/fake/A_white_and_blue_bus_parked_on_the_side_of_a_road..png,1,0.07996543496847153,0,0.011629408225417137,0
/shared/home/sarim.hashmi/usenix/benchmark/newbench_norm/fake/A_white_and_orange_cat_sitting_on_top_of_a_sidewalk..png,1,0.0313238650560379,0,0.011089090257883072,0
/shared/home/sarim.hashmi/usenix/benchmark/newbench_norm/fake/A_white_bath_tub_sitting_under_a_window_next_to_a_toilet..png,1,0.06984882801771164,0,0.012369492091238499,0
/shared/home/sarim.hashmi/usenix/benchmark/newbench_norm/fake/A_white_bathroom_mirror_mounted_to_it's_wall..png,1,0.12307504564523697,0,0.01224503479897976,0
/shared/home/sarim.hashmi/usenix/benchmark/newbench_norm/fake/A_white_bathroom_sink_sitting_next_to_a_toilet..png,1,0.05021913722157478,0,0.011877423152327538,0
/shared/home/sarim.hashmi/usenix/benchmark/newbench_norm/fake/A_white_cake_topped_with_coconut_on_a_counter..png,1,0.047281086444854736,0,0.012807998806238174,0
/shared/home/sarim.hashmi/usenix/benchmark/newbench_norm/fake/A_white_car_with_chrome_rims_parked_next_to_an_older_lady..png,1,0.026190226897597313,0,0.011136229149997234,0
/shared/home/sarim.hashmi/usenix/benchmark/newbench_norm/fake/A_white_church_sitting_at_the_bottom_of_a_hillside..png,1,0.05013580247759819,0,0.011692204512655735,0
/shared/home/sarim.hashmi/usenix/benchmark/newbench_norm/fake/A_white_city_bus_pulling_onto_a_street_near_a_cross_walk..png,1,0.05767228826880455,0,0.012161844410002232,0
/shared/home/sarim.hashmi/usenix/benchmark/newbench_norm/fake/A_white_compact_car_parked_on_a_sandy_dirt_road..png,1,0.13720951974391937,0,0.01124180480837822,0
/shared/home/sarim.hashmi/usenix/benchmark/newbench_norm/fake/A_white_kitchen_with_marble_countertops_and_stone_floors..png,1,0.05820588022470474,0,0.011998433619737625,0
/shared/home/sarim.hashmi/usenix/benchmark/newbench_norm/fake/A_white_park_bench_sitting_in_the_middle_of_a_forest..png,1,0.05634666234254837,0,0.011474181897938251,0
/shared/home/sarim.hashmi/usenix/benchmark/newbench_norm/fake/A_white_sink_under_a_mirror_in_a_bathroom_next_to_a_light_switch..png,1,0.03321229666471481,0,0.01289284322410822,0
/shared/home/sarim.hashmi/usenix/benchmark/newbench_norm/fake/A_white_stove_top_oven_sitting_inside_of_a_kitchen..png,1,0.06707917153835297,0,0.012787249870598316,0
/shared/home/sarim.hashmi/usenix/benchmark/newbench_norm/fake/A_white_stove_with_two_metal_pots_on_its_back_burners._.png,1,0.030945254489779472,0,0.011586151085793972,0
/shared/home/sarim.hashmi/usenix/benchmark/newbench_norm/fake/A_white_toilet_in_a_bathroom_next_to_toilet_paper..png,1,0.06320936977863312,0,0.012939361855387688,0
/shared/home/sarim.hashmi/usenix/benchmark/newbench_norm/fake/A_white_toilet_sitting_in_a_bathroom_next_to_a_counter..png,1,0.028734691441059113,0,0.013735284097492695,0
/shared/home/sarim.hashmi/usenix/benchmark/newbench_norm/fake/A_white_toilet_sitting_inside_of_a_bathroom..png,1,0.07633765041828156,0,0.012915202416479588,0
/shared/home/sarim.hashmi/usenix/benchmark/newbench_norm/fake/A_white_toilet_sitting_on_top_of_a_bathroom_floor..png,1,0.06031239777803421,0,0.013431146740913391,0
/shared/home/sarim.hashmi/usenix/benchmark/newbench_norm/fake/A_white_toilet_sitting_underneath_a_window_next_to_a_sink..png,1,0.048690274357795715,0,0.012375068850815296,0
/shared/home/sarim.hashmi/usenix/benchmark/newbench_norm/fake/A_white_toilet_with_a_black_lid_and_red_painting_on_it._.png,1,0.07206257432699203,0,0.012317192740738392,0
/shared/home/sarim.hashmi/usenix/benchmark/newbench_norm/fake/A_white_trunk_parked_next_to_a_stop_sign..png,1,0.12289534509181976,0,0.012279994785785675,0
/shared/home/sarim.hashmi/usenix/benchmark/newbench_norm/fake/A_white_tub_sitting_underneath_a_couple_of_windows..png,1,0.06149962544441223,0,0.01223332155495882,0
/shared/home/sarim.hashmi/usenix/benchmark/newbench_norm/fake/A_whole_bunch_of_traffic_stop_signs_huddled_together..png,1,0.0402018204331398,0,0.012755212374031544,0
/shared/home/sarim.hashmi/usenix/benchmark/newbench_norm/fake/A_window_shot_of_a_plane_in_the_air_with_another_plane_present._.png,1,0.09985747933387756,0,0.012535556219518185,0
/shared/home/sarim.hashmi/usenix/benchmark/newbench_norm/fake/A_woman_and_two_men_sitting_on_a_bench_in_front_of_a_store..png,1,0.035200316458940506,0,0.01133716106414795,0
/shared/home/sarim.hashmi/usenix/benchmark/newbench_norm/fake/A_woman_eating_vegetables_in_front_of_a_stove..png,1,0.13383477926254272,0,0.012614136561751366,0
/shared/home/sarim.hashmi/usenix/benchmark/newbench_norm/fake/A_woman_holding_up_measuring_cups_and_a_cat_watching_on_the_counter..png,1,0.2508281171321869,0,0.012753639370203018,0
/shared/home/sarim.hashmi/usenix/benchmark/newbench_norm/fake/A_woman_is_kneeling_down_next_to_a_toilet..png,1,0.04021168872714043,0,0.011675653047859669,0
/shared/home/sarim.hashmi/usenix/benchmark/newbench_norm/fake/A_woman_is_riding_an_orange_sports_motorcycle..png,1,0.04672463610768318,0,0.01241946779191494,0
/shared/home/sarim.hashmi/usenix/benchmark/newbench_norm/fake/A_woman_is_standing_on_a_kitchen_floor..png,1,0.10729335993528366,0,0.012058822438120842,0
/shared/home/sarim.hashmi/usenix/benchmark/newbench_norm/fake/A_woman_is_unloading_a_bag_in_a_large_kitchen..png,1,0.09701267629861832,0,0.011773708276450634,0
/shared/home/sarim.hashmi/usenix/benchmark/newbench_norm/fake/A_woman_is_walking_a_dog_in_the_city..png,1,0.045855842530727386,0,0.012392722070217133,0
/shared/home/sarim.hashmi/usenix/benchmark/newbench_norm/fake/A_woman_preparing_food_inside_of_a_kitchen..png,1,0.08939824998378754,0,0.013687784783542156,0
/shared/home/sarim.hashmi/usenix/benchmark/newbench_norm/fake/A_woman_riding_a_green_bike_with_a_small_white_dog_on_the_back..png,1,0.045923177152872086,0,0.01252596266567707,0
/shared/home/sarim.hashmi/usenix/benchmark/newbench_norm/fake/A_woman_sitting_on_a_bench_in_a_field_in_front_of_a_pond..png,1,0.08396845310926437,0,0.012455957941710949,0
/shared/home/sarim.hashmi/usenix/benchmark/newbench_norm/fake/A_woman_sitting_on_a_motorcycle_while_talking_to_a_child_with_a_man_laying_in_a_hammock_behind_them..png,1,0.050682373344898224,0,0.012780901044607162,0
/shared/home/sarim.hashmi/usenix/benchmark/newbench_norm/fake/A_woman_standing_in_a_kitchen_holding_a_jug_of_milk..png,1,0.07778800278902054,0,0.011404315009713173,0
/shared/home/sarim.hashmi/usenix/benchmark/newbench_norm/fake/A_woman_standing_in_a_kitchen_next_to_a_sink..png,1,0.08837449550628662,0,0.012040878646075726,0
/shared/home/sarim.hashmi/usenix/benchmark/newbench_norm/fake/A_woman_standing_in_front_of_a_bathroom_mirror_next_to_a_sink..png,1,0.11643961817026138,0,0.012241534888744354,0
/shared/home/sarim.hashmi/usenix/benchmark/newbench_norm/fake/A_woman_standing_in_front_of_a_table_with_lots_of_salad..png,1,0.04538535699248314,0,0.012619332410395145,0
/shared/home/sarim.hashmi/usenix/benchmark/newbench_norm/fake/A_woman_standing_next_to_a_standing_toilet..png,1,0.09686657041311264,0,0.012416135519742966,0
/shared/home/sarim.hashmi/usenix/benchmark/newbench_norm/fake/A_woman_standing_next_to_a_traffic_signal_on_a_street_corner..png,1,0.044705748558044434,0,0.011595514602959156,0
/shared/home/sarim.hashmi/usenix/benchmark/newbench_norm/fake/A_woman_standing_with_a_bi-wing_airplane_on_a_runway..png,1,0.10248169302940369,0,0.012739316560328007,0
/shared/home/sarim.hashmi/usenix/benchmark/newbench_norm/fake/A_woman_walking_a_dog_down_a_street..png,1,0.06015215069055557,0,0.011442288756370544,0
/shared/home/sarim.hashmi/usenix/benchmark/newbench_norm/fake/A_wooden_bench_near_tall_vegetation_in_front_of_a_house..png,1,0.07383488118648529,0,0.011327608488500118,0
/shared/home/sarim.hashmi/usenix/benchmark/newbench_norm/fake/A_wooden_bench_sitting_on_a_lush_green_park..png,1,0.07215136289596558,0,0.012133318930864334,0
/shared/home/sarim.hashmi/usenix/benchmark/newbench_norm/fake/A_wooden_bench_that_is_next_to_a_meter..png,1,0.06194302439689636,0,0.012292464263737202,0
/shared/home/sarim.hashmi/usenix/benchmark/newbench_norm/fake/A_wooden_bench_with_snow_in_a__forest..png,1,0.11256992071866989,0,0.012995255179703236,0
/shared/home/sarim.hashmi/usenix/benchmark/newbench_norm/fake/A_wooden_park_bench_with_a_remote_control_on_top_of_it..png,1,0.06881017982959747,0,0.011623343452811241,0
/shared/home/sarim.hashmi/usenix/benchmark/newbench_norm/fake/A_yellow_and_blue_bus_driving_down_a_curvy_road..png,1,0.057205285876989365,0,0.013521071523427963,0
/shared/home/sarim.hashmi/usenix/benchmark/newbench_norm/fake/A_yellow_and_green_train_pulling_out_of_a_tunnel_next_to_a_red_car..png,1,0.03222198411822319,0,0.011989696882665157,0
/shared/home/sarim.hashmi/usenix/benchmark/newbench_norm/fake/A_yellow_bus_carrying_passengers_riding_along_the_road..png,1,0.03359542042016983,0,0.011569720692932606,0
/shared/home/sarim.hashmi/usenix/benchmark/newbench_norm/fake/A_yellow_dune_buggy_on_display_amongst_other_automobiles..png,1,0.03510630130767822,0,0.012162113562226295,0
/shared/home/sarim.hashmi/usenix/benchmark/newbench_norm/fake/A_yellow_fire_hydrant_in_front_of_a_bike_leaning_against_four_poles.png,1,0.03737626597285271,0,0.013015098869800568,0
/shared/home/sarim.hashmi/usenix/benchmark/newbench_norm/fake/A_yellow_motorcycle_in_front_of_a_street_with_several_people._.png,1,0.03777773678302765,0,0.011796950362622738,0
/shared/home/sarim.hashmi/usenix/benchmark/newbench_norm/fake/A_yellow_sign_sitting_on_the_side_of_a_road..png,1,0.07140282541513443,0,0.01373403612524271,0
/shared/home/sarim.hashmi/usenix/benchmark/newbench_norm/fake/A_yellow_stripped_cat_sitting_in_a_bathroom_sink..png,1,0.030375560745596886,0,0.010860249400138855,0
/shared/home/sarim.hashmi/usenix/benchmark/newbench_norm/fake/A_young_boy_seems_to_be_trying_to_feed_a_giraffe._.png,1,0.08569469302892685,0,0.01265628356486559,0
/shared/home/sarim.hashmi/usenix/benchmark/newbench_norm/fake/A_young_cat_with_a_beautiful_coat_standing_alone._.png,1,0.034883759915828705,0,0.011110177263617516,0
/shared/home/sarim.hashmi/usenix/benchmark/newbench_norm/fake/A_young_girl_standing_on_a_field_with_a_flock_of_birds..png,1,0.17943783104419708,0,0.01325933076441288,0
/shared/home/sarim.hashmi/usenix/benchmark/newbench_norm/fake/A_young_woman_lays_a_hand_on_the_neck_of_the_horse_she_is_riding..png,1,0.031988900154829025,0,0.011309599503874779,0
/shared/home/sarim.hashmi/usenix/benchmark/newbench_norm/fake/A_zebra_and_giraffe_that_is_in_the_dirt..png,1,0.11041568219661713,0,0.012551596388220787,0
/shared/home/sarim.hashmi/usenix/benchmark/newbench_norm/fake/Adult_lying_obscurely_on_park_bench_in_wide_open_area..png,1,0.10253539681434631,0,0.012381264939904213,0
/shared/home/sarim.hashmi/usenix/benchmark/newbench_norm/fake/Aerial_tricks_performed_on_red_bike_over_stacked_skateboards_with_photographer_in_background..png,1,0.03411725163459778,0,0.012054777704179287,0
/shared/home/sarim.hashmi/usenix/benchmark/newbench_norm/fake/All_of_the_bunches_of_bananas_are_yellow_and_ripe..png,1,0.06721009314060211,0,0.011636009439826012,0
/shared/home/sarim.hashmi/usenix/benchmark/newbench_norm/fake/An_All_Nippon_Airways_777_sitting_at_a_gate_on_the_tarmac..png,1,0.03261416777968407,0,0.011601046659052372,0
/shared/home/sarim.hashmi/usenix/benchmark/newbench_norm/fake/An_airplane_flying_in_the_sky_with_smoke_coming_out_of_it._.png,1,0.04761098325252533,0,0.012005212716758251,0
/shared/home/sarim.hashmi/usenix/benchmark/newbench_norm/fake/An_airplane_is_flying_against_a_partly_cloudy_sky..png,1,0.1018146276473999,0,0.012698473408818245,0
/shared/home/sarim.hashmi/usenix/benchmark/newbench_norm/fake/An_airplane_nose_sits_in_a_hangar._.png,1,0.03658701851963997,0,0.012162508442997932,0
/shared/home/sarim.hashmi/usenix/benchmark/newbench_norm/fake/An_airplane_on_a_runway_with_snow_on_it..png,1,0.04366913065314293,0,0.011747832410037518,0
/shared/home/sarim.hashmi/usenix/benchmark/newbench_norm/fake/An_animal_surrounded_by_a_flock_of_birds.png,1,0.12278272211551666,0,0.01312792394310236,0
/shared/home/sarim.hashmi/usenix/benchmark/newbench_norm/fake/An_assortment_of_flying_objects_including_kites_and_airplanes_hung_inside_a_building..png,1,0.14677858352661133,0,0.013963364064693451,0
/shared/home/sarim.hashmi/usenix/benchmark/newbench_norm/fake/An_empty_bathroom_with_a_shower_next_to_a_toilet..png,1,0.11338832229375839,0,0.013232799246907234,0
/shared/home/sarim.hashmi/usenix/benchmark/newbench_norm/fake/An_empty_kitchen_with_lots_of_tile_blue_counter_top_space..png,1,0.060362085700035095,0,0.012887432239949703,0
/shared/home/sarim.hashmi/usenix/benchmark/newbench_norm/fake/An_intersection_features_a_directional_sign_to_local_towns._.png,1,0.08418059349060059,0,0.012790326960384846,0
/shared/home/sarim.hashmi/usenix/benchmark/newbench_norm/fake/An_intersection_of_wires_and_cables_stretching_over_a_traffic_light..png,1,0.10028471797704697,0,0.012948129326105118,0
/shared/home/sarim.hashmi/usenix/benchmark/newbench_norm/fake/An_odd_couple_of_formal_woman_in_black_dress_and_pearls_with_casual_boy_in_a_cap_and_untidy_clothes_.png,1,0.05665382742881775,0,0.01147108431905508,0
/shared/home/sarim.hashmi/usenix/benchmark/newbench_norm/fake/An_office_cubicle_with_clutter_on_the_desk.png,1,0.1548183709383011,0,0.01306379958987236,0
"/shared/home/sarim.hashmi/usenix/benchmark/newbench_norm/fake/An_old,_rusty_fire_hydrant,_in_front_of_the_pole._.png",1,0.035322509706020355,0,0.013420808129012585,0
/shared/home/sarim.hashmi/usenix/benchmark/newbench_norm/fake/An_old_black_and_white_picture_of_a_bus_and_homes_in_the_background._.png,1,0.06507564336061478,0,0.012592090293765068,0
/shared/home/sarim.hashmi/usenix/benchmark/newbench_norm/fake/An_old_bus_makes_its_way_down_a_city_street..png,1,0.03500043973326683,0,0.012490235269069672,0
/shared/home/sarim.hashmi/usenix/benchmark/newbench_norm/fake/An_old_clock_bordered_by_a_tire_in_front_of_a_rusted_door..png,1,0.20353712141513824,0,0.01285495888441801,0
/shared/home/sarim.hashmi/usenix/benchmark/newbench_norm/fake/An_old_fashioned_biplane_with_its_propeller_spinning..png,1,0.10703442245721817,0,0.011838056147098541,0
/shared/home/sarim.hashmi/usenix/benchmark/newbench_norm/fake/An_old_fire_hydrant_in_the_middle_of_the_woods..png,1,0.03568756580352783,0,0.012403249740600586,0
/shared/home/sarim.hashmi/usenix/benchmark/newbench_norm/fake/An_old_lady_smiling_in_a_pink_kitchen..png,1,0.05654996261000633,0,0.012812484987080097,0
/shared/home/sarim.hashmi/usenix/benchmark/newbench_norm/fake/An_old_toilet_outside_against_an_old_painted_wall..png,1,0.03797043487429619,0,0.013150089420378208,0
/shared/home/sarim.hashmi/usenix/benchmark/newbench_norm/fake/An_old_train_moving_on_a_train_track..png,1,0.1439623087644577,0,0.01227808091789484,0
/shared/home/sarim.hashmi/usenix/benchmark/newbench_norm/fake/An_older_model_passenger_bus_in_a_city..png,1,0.042896680533885956,0,0.011979883536696434,0
"/shared/home/sarim.hashmi/usenix/benchmark/newbench_norm/fake/An_open_door_leading_to_a_bathroom_toilet,_with_a_shower_rack_and_bureau_visible..png",1,0.03688133880496025,0,0.012133873999118805,0
/shared/home/sarim.hashmi/usenix/benchmark/newbench_norm/fake/An_open_toilet_with_a_sign_posted_on_it..png,1,0.07417702674865723,0,0.012631126679480076,0
/shared/home/sarim.hashmi/usenix/benchmark/newbench_norm/fake/An_orange_fire_hydrant_sitting_next_to_a_stone_wall..png,1,0.033001549541950226,0,0.012619184330105782,0
/shared/home/sarim.hashmi/usenix/benchmark/newbench_norm/fake/An_orange_sign_that_has_a_picture_of_a_man_holding_a_flag..png,1,0.06742506474256516,0,0.01438759546726942,0
/shared/home/sarim.hashmi/usenix/benchmark/newbench_norm/fake/An_worn_out_rainbow_colored_park_bench_seat.png,1,0.04862251132726669,0,0.01325833797454834,0
/shared/home/sarim.hashmi/usenix/benchmark/newbench_norm/fake/Bench_and_window_with_shutters_with_bricked_wall.png,1,0.10551813244819641,0,0.011764591559767723,0
/shared/home/sarim.hashmi/usenix/benchmark/newbench_norm/fake/Birds_perched_up_on_a_tree_branch_next_to_a_window..png,1,0.04391656816005707,0,0.0114971324801445,0
/shared/home/sarim.hashmi/usenix/benchmark/newbench_norm/fake/Black_and_white_photo_of_a_clocktower_and_a_bird..png,1,0.04722632095217705,0,0.013064222410321236,0
/shared/home/sarim.hashmi/usenix/benchmark/newbench_norm/fake/Car_parked_in_the_parking_lot_next_to_the_pier.png,1,0.0354490652680397,0,0.011030224151909351,0
/shared/home/sarim.hashmi/usenix/benchmark/newbench_norm/fake/Cars_parked_and_driving_in_front_of_a_school..png,1,0.05515851825475693,0,0.011545838788151741,0
/shared/home/sarim.hashmi/usenix/benchmark/newbench_norm/fake/City_bus_loading_on_a_busy_metropolitan_street._.png,1,0.030951393768191338,0,0.011440061964094639,0
/shared/home/sarim.hashmi/usenix/benchmark/newbench_norm/fake/City_bus_on_an_empty_city_street_near_a_STOP_sign._.png,1,0.02754032053053379,0,0.011701267212629318,0
/shared/home/sarim.hashmi/usenix/benchmark/newbench_norm/fake/Cliffs_rise_on_the_edge_of_a_placid_lake..png,1,0.0739755779504776,0,0.012085750699043274,0
/shared/home/sarim.hashmi/usenix/benchmark/newbench_norm/fake/Closeup_of_view_of_the_cabin_and_wing_of_a_large_commercial_airliner..png,1,0.05572141706943512,0,0.01274790707975626,0
/shared/home/sarim.hashmi/usenix/benchmark/newbench_norm/fake/Colorful_passenger_cars_are_parked_at_an_empty_station..png,1,0.06067970395088196,0,0.01236088015139103,0
/shared/home/sarim.hashmi/usenix/benchmark/newbench_norm/fake/Construction_worker_holding_a_stop_sign_on_the_side_of_a_road_on_a_sunny_day..png,1,0.09500506520271301,0,0.012301139533519745,0
/shared/home/sarim.hashmi/usenix/benchmark/newbench_norm/fake/Cute_multi_colored_kitten_sitting_in_woman's_lap.png,1,0.043987758457660675,0,0.011484154500067234,0
/shared/home/sarim.hashmi/usenix/benchmark/newbench_norm/fake/Double_decker_city_bus_passing_under_an_overpass._.png,1,0.07508869469165802,0,0.011966081336140633,0
/shared/home/sarim.hashmi/usenix/benchmark/newbench_norm/fake/Emergency_vehicles_are_on_the_scene_of_the_accident..png,1,0.04427768290042877,0,0.011904989369213581,0
/shared/home/sarim.hashmi/usenix/benchmark/newbench_norm/fake/Fruit_in_a_jar_filled_with_liquid_sitting_on_a_wooden_table..png,1,0.0790400430560112,0,0.013245580717921257,0
/shared/home/sarim.hashmi/usenix/benchmark/newbench_norm/fake/Full_grown_cat_laying_down_and_sleeping_on_top_of_a_car._.png,1,0.036925461143255234,0,0.011812652461230755,0
/shared/home/sarim.hashmi/usenix/benchmark/newbench_norm/fake/Giraffe_walking_through_a_field_next_to_a_forest..png,1,0.20087100565433502,0,0.011759154498577118,0
/shared/home/sarim.hashmi/usenix/benchmark/newbench_norm/fake/Giraffe_with_large_trees_grazing_in_gray_sky.png,1,0.0917319804430008,0,0.012089002877473831,0
/shared/home/sarim.hashmi/usenix/benchmark/newbench_norm/fake/Group_of_giraffes_standing_near_a_puddle_on_the_savannah..png,1,0.05243074893951416,0,0.012009749189019203,0
/shared/home/sarim.hashmi/usenix/benchmark/newbench_norm/fake/Jet_liner_flying_off_into_the_distance_on_an_overcast_day.png,1,0.08738015592098236,0,0.012619374319911003,0
/shared/home/sarim.hashmi/usenix/benchmark/newbench_norm/fake/Large_commuter_train_parked_on_the_track_with_no_people_around..png,1,0.024684840813279152,0,0.011830226518213749,0
/shared/home/sarim.hashmi/usenix/benchmark/newbench_norm/fake/Lots_of_fruit_sits_on_bowls_on_the_counter_of_this_kitchen._.png,1,0.09419798105955124,0,0.012298531830310822,0
/shared/home/sarim.hashmi/usenix/benchmark/newbench_norm/fake/Man_on_bike_on_street_corner_with_buildings_and_stoplight.png,1,0.04077215492725372,0,0.012085756286978722,0
/shared/home/sarim.hashmi/usenix/benchmark/newbench_norm/fake/Man_on_blue_and_white_motorcycle_riding_on_one_wheel._.png,1,0.07271887362003326,0,0.012061254121363163,0
/shared/home/sarim.hashmi/usenix/benchmark/newbench_norm/fake/Many_motorcycles_are_parked_around_a_crowd_of_people..png,1,0.062374748289585114,0,0.011579726822674274,0
/shared/home/sarim.hashmi/usenix/benchmark/newbench_norm/fake/Many_people_bike_through_the_streets_at_night..png,1,0.09480477124452591,0,0.012076371349394321,0
/shared/home/sarim.hashmi/usenix/benchmark/newbench_norm/fake/Many_planes_are_arranged_in_a_large_building..png,1,0.09291105717420578,0,0.012892467901110649,0
/shared/home/sarim.hashmi/usenix/benchmark/newbench_norm/fake/Many_plates_and_dishes_line_a_kitchen_cabinet._.png,1,0.04395725950598717,0,0.012899096123874187,0
/shared/home/sarim.hashmi/usenix/benchmark/newbench_norm/fake/Men_and_women_are_riding_on_motorcycles_on_the_street.png,1,0.09707782417535782,0,0.013041808269917965,0
/shared/home/sarim.hashmi/usenix/benchmark/newbench_norm/fake/Multiple_lane_road_in_large_city_on_sunny_day..png,1,0.02613070048391819,0,0.01103608775883913,0
"/shared/home/sarim.hashmi/usenix/benchmark/newbench_norm/fake/Non_passenger_train,_slowly_coming_down_the_tracks.png",1,0.06184394657611847,0,0.011246072128415108,0
/shared/home/sarim.hashmi/usenix/benchmark/newbench_norm/fake/One_giraffe_in_the_foreground_with_two_giraffes_in_the_background..png,1,0.07147324085235596,0,0.011902867816388607,0
/shared/home/sarim.hashmi/usenix/benchmark/newbench_norm/fake/People_are_sitting_and_standing_outside_between_train_cars..png,1,0.031500138342380524,0,0.011933235451579094,0
/shared/home/sarim.hashmi/usenix/benchmark/newbench_norm/fake/People_are_waiting_for_the_bus_near_a_bus_stop..png,1,0.10754363238811493,0,0.01313695777207613,0
/shared/home/sarim.hashmi/usenix/benchmark/newbench_norm/fake/People_are_waiting_for_the_train_to_arrive.png,1,0.036953043192625046,0,0.011285902932286263,0
/shared/home/sarim.hashmi/usenix/benchmark/newbench_norm/fake/People_at_a_bus_stop_waiting_on_a_bus..png,1,0.16429391503334045,0,0.0136633375659585,0
/shared/home/sarim.hashmi/usenix/benchmark/newbench_norm/fake/People_crossing_the_street_at_a_busy_intersection.png,1,0.058368392288684845,0,0.012379581108689308,0
/shared/home/sarim.hashmi/usenix/benchmark/newbench_norm/fake/People_sitting_on_benches_next_to_each_other..png,1,0.061406172811985016,0,0.013325498439371586,0
/shared/home/sarim.hashmi/usenix/benchmark/newbench_norm/fake/People_standing_around_looking_at_a_small_train_on_a_track.png,1,0.11912132799625397,0,0.012254837900400162,0
/shared/home/sarim.hashmi/usenix/benchmark/newbench_norm/fake/People_standing_on_a_sidewalk_near_a_parked_bus_at_night..png,1,0.05226164683699608,0,0.011893623508512974,0
/shared/home/sarim.hashmi/usenix/benchmark/newbench_norm/fake/People_walking_around_downtown_and_a_man_riding_his_bike..png,1,0.061910491436719894,0,0.012489034794270992,0
/shared/home/sarim.hashmi/usenix/benchmark/newbench_norm/fake/Red_and_white_plane_sitting_in_a_green_field..png,1,0.05016455799341202,0,0.012462305836379528,0
/shared/home/sarim.hashmi/usenix/benchmark/newbench_norm/fake/Red_brick_building_with_fire_hydrant_and_car_with_cloudy_sky.png,1,0.05089212581515312,0,0.011469866149127483,0
/shared/home/sarim.hashmi/usenix/benchmark/newbench_norm/fake/Red_bus_passing_by_a_famous_clock_tower._.png,1,0.04372243210673332,0,0.011669306084513664,0
/shared/home/sarim.hashmi/usenix/benchmark/newbench_norm/fake/Red_train_at_a_stop_and_a_man_that_is_waiting._.png,1,0.055631399154663086,0,0.011165067553520203,0
/shared/home/sarim.hashmi/usenix/benchmark/newbench_norm/fake/Red_wrong_way_sign_in_front_of_a_church.png,1,0.035141658037900925,0,0.011777964420616627,0
/shared/home/sarim.hashmi/usenix/benchmark/newbench_norm/fake/Row_of_motorcycles_parked_at_curb_in_outdoor_area..png,1,0.04730551317334175,0,0.013148355297744274,0
/shared/home/sarim.hashmi/usenix/benchmark/newbench_norm/fake/Rows_of_gray_and_black_keyboards_make_up_several_different_pictures..png,1,0.04899859055876732,0,0.013945857994258404,0
/shared/home/sarim.hashmi/usenix/benchmark/newbench_norm/fake/Separate_men_sitting_on_park_benches_playing_on_phone_and_reading..png,1,0.057928573340177536,0,0.011906738393008709,0
/shared/home/sarim.hashmi/usenix/benchmark/newbench_norm/fake/Seven_giraffe_are_standing_around_a_bush_in_a_field..png,1,0.1253223717212677,0,0.012764174491167068,0
/shared/home/sarim.hashmi/usenix/benchmark/newbench_norm/fake/Several_bicycles_lined_up_against_a_brick_building..png,1,0.0404999703168869,0,0.012214976362884045,0
/shared/home/sarim.hashmi/usenix/benchmark/newbench_norm/fake/Several_buses_stopped_on_a_night_time_street..png,1,0.0401218943297863,0,0.011513628996908665,0
/shared/home/sarim.hashmi/usenix/benchmark/newbench_norm/fake/Several_different_pots_place_on_a_stone_floor..png,1,0.048898227512836456,0,0.01170439925044775,0
/shared/home/sarim.hashmi/usenix/benchmark/newbench_norm/fake/Several_motorcycles_and_cars_parked_on_a_city_street..png,1,0.029544372111558914,0,0.011779390275478363,0
/shared/home/sarim.hashmi/usenix/benchmark/newbench_norm/fake/Several_people_are_seen_sitting_around_and_smoking..png,1,0.0904524028301239,0,0.011910566128790379,0
/shared/home/sarim.hashmi/usenix/benchmark/newbench_norm/fake/Several_people_stand_on_a_sidewalk_by_a_train_next_to_a_cart_stacked_with_materials..png,1,0.1433958113193512,0,0.012092567048966885,0
/shared/home/sarim.hashmi/usenix/benchmark/newbench_norm/fake/Several_sheep_are_in_a_grassy_field_with_trees..png,1,0.03994772955775261,0,0.012211525812745094,0
/shared/home/sarim.hashmi/usenix/benchmark/newbench_norm/fake/Sign_over_city_street_above_traffic_lights_by_a_building..png,1,0.05060447379946709,0,0.012668044306337833,0
/shared/home/sarim.hashmi/usenix/benchmark/newbench_norm/fake/Signs_with_red_men_for_go_and_stop.png,1,0.10678143054246902,0,0.01756812259554863,0
/shared/home/sarim.hashmi/usenix/benchmark/newbench_norm/fake/Small_bathroom_with_toilet_and_sink_connected_to_each_other._.png,1,0.04546409845352173,0,0.012106782756745815,0
/shared/home/sarim.hashmi/usenix/benchmark/newbench_norm/fake/Small_black_bird_standing_on_a_wooden_table_or_deck..png,1,0.07364026457071304,0,0.012456056661903858,0
/shared/home/sarim.hashmi/usenix/benchmark/newbench_norm/fake/Small_kitchen_with_white_cabinets_and_white_appliances_with_a_city_view._.png,1,0.036291055381298065,0,0.011471386067569256,0
/shared/home/sarim.hashmi/usenix/benchmark/newbench_norm/fake/Some_cars_are_traveling_on_the_streets_on_a_cloudy_day._.png,1,0.035643480718135834,0,0.010883190669119358,0
/shared/home/sarim.hashmi/usenix/benchmark/newbench_norm/fake/Street_sign_in_front_of_a_large_building_and_clear_skies..png,1,0.03863321989774704,0,0.011605941690504551,0
/shared/home/sarim.hashmi/usenix/benchmark/newbench_norm/fake/Street_signs_are_advising_people_to_proceed_while_being_aware_of_their_surroundings..png,1,0.08431633561849594,0,0.012961269356310368,0
"/shared/home/sarim.hashmi/usenix/benchmark/newbench_norm/fake/Street_signs_at_an_intersection,_silhouetted_against_trees_and_a_blue_sky.png",1,0.027363166213035583,0,0.011797873303294182,0
/shared/home/sarim.hashmi/usenix/benchmark/newbench_norm/fake/THERE_IS_A_PARK_BENCH_FACING_A_SNOW_COVERED_MOUNTAIN_.png,1,0.0666777640581131,0,0.011694871820509434,0
/shared/home/sarim.hashmi/usenix/benchmark/newbench_norm/fake/TWO_PEOPLE_IN_A_VERY_SMALL_APARTMENT_SIZE_KITCHEN.png,1,0.03785572946071625,0,0.011088943108916283,0
/shared/home/sarim.hashmi/usenix/benchmark/newbench_norm/fake/That_looks_like_a_wall_mural_in_the_background_of_this_photo_with_a_lot_of_sheet..png,1,0.11412316560745239,0,0.012654663063585758,0
/shared/home/sarim.hashmi/usenix/benchmark/newbench_norm/fake/The_airplane_flies_low_to_the_ground_during_sunset..png,1,0.045259736478328705,0,0.011732556857168674,0
/shared/home/sarim.hashmi/usenix/benchmark/newbench_norm/fake/The_airplane_is_majestic_as_it_takes_off_into_the_air..png,1,0.029180210083723068,0,0.011274666525423527,0
/shared/home/sarim.hashmi/usenix/benchmark/newbench_norm/fake/The_back_door_with_a_window_in_the_kitchen..png,1,0.054375678300857544,0,0.012081737630069256,0
/shared/home/sarim.hashmi/usenix/benchmark/newbench_norm/fake/The_baseball_player_is_prominent_in_all_the_featured_pictures..png,1,0.0547485277056694,0,0.011654553934931755,0
/shared/home/sarim.hashmi/usenix/benchmark/newbench_norm/fake/The_bathroom_has_two_large_windows_with_a_ledge..png,1,0.06676875054836273,0,0.013388005085289478,0
/shared/home/sarim.hashmi/usenix/benchmark/newbench_norm/fake/The_bathroom_is_clean_for_the_guests_to_use._.png,1,0.03923454135656357,0,0.01176582183688879,0
"/shared/home/sarim.hashmi/usenix/benchmark/newbench_norm/fake/The_bathroom_is_small_but_clean_and_neat_looking,_with_an_immaculate_black_and_white_tub___shower..png",1,0.09636501222848892,0,0.013149655424058437,0
/shared/home/sarim.hashmi/usenix/benchmark/newbench_norm/fake/The_bird_is_perched_alone_on_the_bannister._.png,1,0.05092456936836243,0,0.013472622260451317,0
/shared/home/sarim.hashmi/usenix/benchmark/newbench_norm/fake/The_black_cat_is_laying_on_top_of_books_on_the_shelf._.png,1,0.05504726618528366,0,0.013570450246334076,0
/shared/home/sarim.hashmi/usenix/benchmark/newbench_norm/fake/The_car_is_traveling_down_the_road_while_the_dog_watches..png,1,0.11815984547138214,0,0.01245029829442501,0
/shared/home/sarim.hashmi/usenix/benchmark/newbench_norm/fake/The_clock_on_the_side_of_the_metal_building_is_gold_and_black._.png,1,0.07493012398481369,0,0.012766145169734955,0
/shared/home/sarim.hashmi/usenix/benchmark/newbench_norm/fake/The_couple_is_riding_the_motorcycle_together._.png,1,0.042480889707803726,0,0.012289581820368767,0
/shared/home/sarim.hashmi/usenix/benchmark/newbench_norm/fake/The_fire_hydrant_is_sitting_on_the_side_of_the_road.png,1,0.04998648166656494,0,0.013071904890239239,0
/shared/home/sarim.hashmi/usenix/benchmark/newbench_norm/fake/The_four_urinals_have_a_very_modern_design..png,1,0.03252459317445755,0,0.013189924880862236,0
/shared/home/sarim.hashmi/usenix/benchmark/newbench_norm/fake/The_freight_train_is_speeding_through_the_crossing..png,1,0.3384995460510254,0,0.0124976122751832,0
"/shared/home/sarim.hashmi/usenix/benchmark/newbench_norm/fake/The_german_shepherd_is_guarding_the_front_of_the_barred_door,.png",1,0.04873925447463989,0,0.0122485077008605,0
/shared/home/sarim.hashmi/usenix/benchmark/newbench_norm/fake/The_giraffe_eats_from_a_reachable_limb_of_the_tree..png,1,0.25025272369384766,0,0.012085642665624619,0
/shared/home/sarim.hashmi/usenix/benchmark/newbench_norm/fake/The_infamous_Big_Ben_clock_tower_towering_over_the_city_of_London..png,1,0.22377994656562805,0,0.012056829407811165,0
/shared/home/sarim.hashmi/usenix/benchmark/newbench_norm/fake/The_kitchen_sits_empty_and_unused_during_the_day..png,1,0.06964636594057083,0,0.011882136575877666,0
/shared/home/sarim.hashmi/usenix/benchmark/newbench_norm/fake/The_large_green_city_bus_is_driving_on_a_road..png,1,0.026222489774227142,0,0.01320929080247879,0
/shared/home/sarim.hashmi/usenix/benchmark/newbench_norm/fake/The_lights_are_on_above_the_mirror_of_the_bathroom_sink..png,1,0.1021377444267273,0,0.014333311468362808,0
/shared/home/sarim.hashmi/usenix/benchmark/newbench_norm/fake/The_little_girl_is_standing_between_the_low_shrub_and_the_fire_plug.png,1,0.10013747215270996,0,0.012660984881222248,0
/shared/home/sarim.hashmi/usenix/benchmark/newbench_norm/fake/The_motorcycle_has_a_large_cargo_box_attached_to_the_seat..png,1,0.077591173350811,0,0.01178747694939375,0
/shared/home/sarim.hashmi/usenix/benchmark/newbench_norm/fake/The_officer_is_riding_a_horse_threw_the_streets._.png,1,0.06164024397730827,0,0.011086924932897091,0
/shared/home/sarim.hashmi/usenix/benchmark/newbench_norm/fake/The_person_stands_in_a_field_flying_a_yellow_kite._.png,1,0.15437334775924683,0,0.017028572037816048,0
/shared/home/sarim.hashmi/usenix/benchmark/newbench_norm/fake/The_red_bus_has_an_anime_girl_on_it._.png,1,0.033557478338479996,0,0.012376625090837479,0
/shared/home/sarim.hashmi/usenix/benchmark/newbench_norm/fake/The_shoreline_of_a_beach_on_a_cloudy_day._.png,1,0.07716559618711472,0,0.012393709272146225,0
/shared/home/sarim.hashmi/usenix/benchmark/newbench_norm/fake/The_skilled_skier_is_taking_the_downhill_route..png,1,0.16762372851371765,0,0.012731623835861683,0
/shared/home/sarim.hashmi/usenix/benchmark/newbench_norm/fake/The_sleek_fighter_jet_is_flying_sideways_through_the_air._.png,1,0.03901311382651329,0,0.011887634173035622,0
/shared/home/sarim.hashmi/usenix/benchmark/newbench_norm/fake/The_small_bathroom_has_an_old_bathtub_in_it..png,1,0.03658653050661087,0,0.012305346317589283,0
/shared/home/sarim.hashmi/usenix/benchmark/newbench_norm/fake/The_small_street_is_crowded_with_small_shops..png,1,0.06911663711071014,0,0.011210517957806587,0
/shared/home/sarim.hashmi/usenix/benchmark/newbench_norm/fake/The_snow_covered_mountain_looks_over_the_small_city..png,1,0.10696179419755936,0,0.013249751180410385,0
/shared/home/sarim.hashmi/usenix/benchmark/newbench_norm/fake/The_stop_sign_with_an_apartment_building_in_the_backgroundis_shot_from_below..png,1,0.038739461451768875,0,0.012535691261291504,0
/shared/home/sarim.hashmi/usenix/benchmark/newbench_norm/fake/The_street_sign_is_across_from_an_electronic_sign_of_a_restaurant..png,1,0.05769094079732895,0,0.011102505028247833,0
/shared/home/sarim.hashmi/usenix/benchmark/newbench_norm/fake/The_three_giraffe_stand_next_to_a_pile_of_logs..png,1,0.05253975838422775,0,0.011785704642534256,0
/shared/home/sarim.hashmi/usenix/benchmark/newbench_norm/fake/The_train_could_be_going_as_fast_as_lightning.png,1,0.11126942187547684,0,0.012594100087881088,0
/shared/home/sarim.hashmi/usenix/benchmark/newbench_norm/fake/The_train_is_passing_by_the_open_field..png,1,0.025160707533359528,0,0.011999071575701237,0
/shared/home/sarim.hashmi/usenix/benchmark/newbench_norm/fake/The_view_from_the_airplane_shows_a_mountain_range..png,1,0.049686647951602936,0,0.012584255076944828,0
/shared/home/sarim.hashmi/usenix/benchmark/newbench_norm/fake/The_windows_of_a_railroad_train_photographed_against_a_cloudy_background..png,1,0.08167201280593872,0,0.01291856449097395,0
/shared/home/sarim.hashmi/usenix/benchmark/newbench_norm/fake/The_woman_smiles_while_posing_with_a_big_cat_in_her_arms..png,1,0.04467826336622238,0,0.01123294048011303,0
/shared/home/sarim.hashmi/usenix/benchmark/newbench_norm/fake/The_woman_stands_near_the_stove_near_a_baby_chair_on_the_ground._.png,1,0.10338272899389267,0,0.012940295040607452,0
/shared/home/sarim.hashmi/usenix/benchmark/newbench_norm/fake/There's_an_outdoor_dining_area_featuring_a_fountain._.png,1,0.054680436849594116,0,0.012539670802652836,0
/shared/home/sarim.hashmi/usenix/benchmark/newbench_norm/fake/There_are_billboards_on_the_side_of_the_road..png,1,0.10456976294517517,0,0.012388882227241993,0
/shared/home/sarim.hashmi/usenix/benchmark/newbench_norm/fake/There_are_many_cars_parked_next_to_the_ship..png,1,0.05671440809965134,0,0.012003578245639801,0
/shared/home/sarim.hashmi/usenix/benchmark/newbench_norm/fake/There_are_stop_signs_and_one_way_signs_at_this_intersection..png,1,0.07035132497549057,0,0.013754165731370449,0
/shared/home/sarim.hashmi/usenix/benchmark/newbench_norm/fake/There_are_two_men_sitting_on_a_park_bench.png,1,0.07917729020118713,0,0.013646208681166172,0
/shared/home/sarim.hashmi/usenix/benchmark/newbench_norm/fake/There_are_two_sinks_next_to_two_mirrors..png,1,0.05800711363554001,0,0.012270315550267696,0
/shared/home/sarim.hashmi/usenix/benchmark/newbench_norm/fake/There_is_a_blue_and_yellow_train_stopped_at_a_train_stop.png,1,0.028429631143808365,0,0.011115338653326035,0
/shared/home/sarim.hashmi/usenix/benchmark/newbench_norm/fake/There_is_a_man_picking_bananas_next_to_a_street..png,1,0.07544208317995071,0,0.0116852642968297,0
/shared/home/sarim.hashmi/usenix/benchmark/newbench_norm/fake/This_hazy_picture_depicts_traffic_on_a_busy_street..png,1,0.08017740398645401,0,0.011965460143983364,0
/shared/home/sarim.hashmi/usenix/benchmark/newbench_norm/fake/This_is_an_image_of_an_elevated_train_in_the_city..png,1,0.03407726809382439,0,0.011347545310854912,0
/shared/home/sarim.hashmi/usenix/benchmark/newbench_norm/fake/This_is_an_open_box_containing_four_cucumbers..png,1,0.06854554265737534,0,0.01249383483082056,0
/shared/home/sarim.hashmi/usenix/benchmark/newbench_norm/fake/This_quaint_backyard_has_a_shed_and_a_bench.png,1,0.048996858298778534,0,0.01098718587309122,0
/shared/home/sarim.hashmi/usenix/benchmark/newbench_norm/fake/Thomas_the_tank_traveling_down_train_tracks_next_to_a__bush..png,1,0.03885218873620033,0,0.012881015427410603,0
/shared/home/sarim.hashmi/usenix/benchmark/newbench_norm/fake/Three_airliners_are_preparing_to_load_passengers_onto_a_plane..png,1,0.06353418529033661,0,0.012141415849328041,0
/shared/home/sarim.hashmi/usenix/benchmark/newbench_norm/fake/Three_giraffe_eating_greens_in_a_field_next_to_lots_of_trees..png,1,0.0524052157998085,0,0.01179998554289341,0
/shared/home/sarim.hashmi/usenix/benchmark/newbench_norm/fake/Three_giraffe_standing_near_trees_and_one_eating_on_a_tree.__.png,1,0.03690364211797714,0,0.012606161646544933,0
/shared/home/sarim.hashmi/usenix/benchmark/newbench_norm/fake/Three_light_sheep_are_grazing_on_grass_in_a_ring_and_a_dark_sheep_is_eating_by_himself..png,1,0.046754639595746994,0,0.012080793268978596,0
"/shared/home/sarim.hashmi/usenix/benchmark/newbench_norm/fake/Three_men_in_military_suits_are_sitting_on_a_bench,.png",1,0.04276733845472336,0,0.011917469091713428,0
/shared/home/sarim.hashmi/usenix/benchmark/newbench_norm/fake/Three_monitors_sitting_on_a_table_one_with_a_view_of_a_baseball_game..png,1,0.1294097900390625,0,0.012361793778836727,0
/shared/home/sarim.hashmi/usenix/benchmark/newbench_norm/fake/Three_people_on_a_motorcycle_in_the_middle_of_a_city..png,1,0.04190441593527794,0,0.011963640339672565,0
/shared/home/sarim.hashmi/usenix/benchmark/newbench_norm/fake/Three_people_riding_horses_on_a_beach_next_to_the_ocean...png,1,0.03467237576842308,0,0.011301940307021141,0
/shared/home/sarim.hashmi/usenix/benchmark/newbench_norm/fake/Three_sheep_in_the_process_of_running_on_grass_outside..png,1,0.06887344270944595,0,0.012960847467184067,0
/shared/home/sarim.hashmi/usenix/benchmark/newbench_norm/fake/Three_white_storks_with_black_legs_and_beaks_wading_in_some_water..png,1,0.16812308132648468,0,0.013870500959455967,0
/shared/home/sarim.hashmi/usenix/benchmark/newbench_norm/fake/Traffic_lights_next_to_traffic_signs_on_a_bridge..png,1,0.03395342454314232,0,0.011766858398914337,0
/shared/home/sarim.hashmi/usenix/benchmark/newbench_norm/fake/Train_track_running_alongside_a_mountain_with_an_orange_train_car_in_distance..png,1,0.06353973597288132,0,0.012611671350896358,0
/shared/home/sarim.hashmi/usenix/benchmark/newbench_norm/fake/Train_with_four_cars_traveling_through_the_wooded_area..png,1,0.05374721437692642,0,0.011598903685808182,0
/shared/home/sarim.hashmi/usenix/benchmark/newbench_norm/fake/Twin_baby_girls_wearing_hats_eat_ice_cream..png,1,0.09940264374017715,0,0.013479563407599926,0
/shared/home/sarim.hashmi/usenix/benchmark/newbench_norm/fake/Two_No_Parking_Signs_emphasize_the_law_on_this_street..png,1,0.02943916991353035,0,0.011998733505606651,0
/shared/home/sarim.hashmi/usenix/benchmark/newbench_norm/fake/Two_airplanes_flying_through_a_blue_sky_with_smoke_pouring_out_of_their_rear_ends..png,1,0.10720381140708923,0,0.01345398835837841,0
/shared/home/sarim.hashmi/usenix/benchmark/newbench_norm/fake/Two_bathroom_sinks_under_two_mirrors_next_to_paper_towel_dispenser..png,1,0.09528696537017822,0,0.011917177587747574,0
/shared/home/sarim.hashmi/usenix/benchmark/newbench_norm/fake/Two_black_horses_standing_next_to_each_other..png,1,0.06473567336797714,0,0.011877143755555153,0
/shared/home/sarim.hashmi/usenix/benchmark/newbench_norm/fake/Two_buses_passing_each_other_by_while_traveling_under_a_bridge..png,1,0.046744439750909805,0,0.012295695021748543,0
/shared/home/sarim.hashmi/usenix/benchmark/newbench_norm/fake/Two_busses_on_street_next_to_cars_with_buildings_in_the_background..png,1,0.034823112189769745,0,0.011538205668330193,0
/shared/home/sarim.hashmi/usenix/benchmark/newbench_norm/fake/Two_cats_sitting_on_a__sill_looking_out_the_window.png,1,0.03296434134244919,0,0.011440838687121868,0
/shared/home/sarim.hashmi/usenix/benchmark/newbench_norm/fake/Two_giraffe_standing_next_to_each_other_around_a_tree..png,1,0.064857617020607,0,0.012448182329535484,0
/shared/home/sarim.hashmi/usenix/benchmark/newbench_norm/fake/Two_giraffe_standing_next_to_each_other_on_a_field..png,1,0.22374394536018372,0,0.013229075819253922,0
/shared/home/sarim.hashmi/usenix/benchmark/newbench_norm/fake/Two_giraffe_standing_next_to_each_other_on_a_lush_green_field..png,1,0.03370776027441025,0,0.012552413158118725,0
/shared/home/sarim.hashmi/usenix/benchmark/newbench_norm/fake/Two_giraffes_are_walking_and_standing_in_the_open_field.png,1,0.09179256856441498,0,0.012612282298505306,0
/shared/home/sarim.hashmi/usenix/benchmark/newbench_norm/fake/Two_giraffes_in_a_outdoor_shelter_under_a_net..png,1,0.058836810290813446,0,0.012998179532587528,0
/shared/home/sarim.hashmi/usenix/benchmark/newbench_norm/fake/Two_giraffes_in_a_room_with_people_looking_at_them..png,1,0.060111645609140396,0,0.012962788343429565,0
/shared/home/sarim.hashmi/usenix/benchmark/newbench_norm/fake/Two_giraffes_near_a_tree_in_the_wild..png,1,0.05058719962835312,0,0.012697845697402954,0
/shared/home/sarim.hashmi/usenix/benchmark/newbench_norm/fake/Two_giraffes_stand_in_a_dirt_yard_next_to_a_wooden_structure..png,1,0.05244787037372589,0,0.013416660949587822,0
/shared/home/sarim.hashmi/usenix/benchmark/newbench_norm/fake/Two_giraffes_standing_next_to_each_other_looking_over_a_fence..png,1,0.05002908036112785,0,0.012350563891232014,0
/shared/home/sarim.hashmi/usenix/benchmark/newbench_norm/fake/Two_goat_kids_and_one_young_lamb_are_in_a_field.__.png,1,0.06411860138177872,0,0.011293608695268631,0
/shared/home/sarim.hashmi/usenix/benchmark/newbench_norm/fake/Two_large_colorful_birds_touch_their_beaks_together..png,1,0.03839423879981041,0,0.012319437228143215,0
/shared/home/sarim.hashmi/usenix/benchmark/newbench_norm/fake/Two_large_passenger_jets_flying_over_a_beach_filled_with_birds..png,1,0.136605367064476,0,0.0125142065808177,0
/shared/home/sarim.hashmi/usenix/benchmark/newbench_norm/fake/Two_men_riding_on_a_motorcycle_with_a_young_girl..png,1,0.05521741881966591,0,0.011891506612300873,0
/shared/home/sarim.hashmi/usenix/benchmark/newbench_norm/fake/Two_mountain_goats_standing_on_the_side_of_a_mountain..png,1,0.0493134967982769,0,0.012252009473741055,0
/shared/home/sarim.hashmi/usenix/benchmark/newbench_norm/fake/Two_people_are_looking_at_a_truck_while_a_dog_is_being_walked..png,1,0.05205504596233368,0,0.010846703313291073,0
/shared/home/sarim.hashmi/usenix/benchmark/newbench_norm/fake/Two_people_are_sitting_at_a_picnic_table_by_a_lake..png,1,0.0378338024020195,0,0.013179364614188671,0
/shared/home/sarim.hashmi/usenix/benchmark/newbench_norm/fake/Two_people_ride_on_a_motorcycle_on_a_street._.png,1,0.11676155775785446,0,0.012277512811124325,0
/shared/home/sarim.hashmi/usenix/benchmark/newbench_norm/fake/Two_people_sit_in_the_sand_with_their_surf_boards._.png,1,0.05557796359062195,0,0.012337482534348965,0
/shared/home/sarim.hashmi/usenix/benchmark/newbench_norm/fake/Two_people_standing_in_the_grass_flying_a_kite..png,1,0.10378170758485794,0,0.01304550375789404,0
/shared/home/sarim.hashmi/usenix/benchmark/newbench_norm/fake/Two_photos_of_an_airplane_in_the_air..png,1,0.27636271715164185,0,0.014087198302149773,0
/shared/home/sarim.hashmi/usenix/benchmark/newbench_norm/fake/Two_sheep_are_looking_over_a_cement_wall..png,1,0.06660629063844681,0,0.011760829016566277,0
/shared/home/sarim.hashmi/usenix/benchmark/newbench_norm/fake/Two_sheep_graze_in_a_valley_near_a_small_town..png,1,0.07820424437522888,0,0.01397132221609354,0
/shared/home/sarim.hashmi/usenix/benchmark/newbench_norm/fake/Two_sheep_one_with_a_bell_tied_to_its_neck_walking_in_a_green_field..png,1,0.08208077400922775,0,0.01306015346199274,0
/shared/home/sarim.hashmi/usenix/benchmark/newbench_norm/fake/Two_sheep_that_are_standing_in_the_grass..png,1,0.06230301782488823,0,0.012184446677565575,0
/shared/home/sarim.hashmi/usenix/benchmark/newbench_norm/fake/Two_signs_in_front_of_a_red_brick_building_that_say_Tow_Away_No_Stopping_from_4pm_to_6pm_and_No_Park.png,1,0.04107674956321716,0,0.011176270432770252,0
/shared/home/sarim.hashmi/usenix/benchmark/newbench_norm/fake/Two_stuffed_animals_are_cutting_bread_and_spreading_jelly_on_it..png,1,0.1053847000002861,0,0.013606786727905273,0
/shared/home/sarim.hashmi/usenix/benchmark/newbench_norm/fake/Two_tall_giraffe_standing_next_to_a_green_leaf_filled_tree.png,1,0.051827117800712585,0,0.01612175814807415,0
/shared/home/sarim.hashmi/usenix/benchmark/newbench_norm/fake/Two_toilets_sit_near_each_other_in_the_same_room..png,1,0.04594503343105316,0,0.012655382975935936,0
/shared/home/sarim.hashmi/usenix/benchmark/newbench_norm/fake/Two_urinals_in_wall_with_a_white_divider..png,1,0.027679188176989555,0,0.012323377653956413,0
/shared/home/sarim.hashmi/usenix/benchmark/newbench_norm/fake/Vet_supplies_laying_on_the_floor_of_a_room..png,1,0.09574456512928009,0,0.012276183813810349,0
/shared/home/sarim.hashmi/usenix/benchmark/newbench_norm/fake/Water_is_spewing_form_the_ground_while_people_watch_on..png,1,0.21697038412094116,0,0.014752228744328022,0
/shared/home/sarim.hashmi/usenix/benchmark/newbench_norm/fake/We_are_looking_at_a_model_train_coming_down_the_track..png,1,0.07708703726530075,0,0.012086371891200542,0
/shared/home/sarim.hashmi/usenix/benchmark/newbench_norm/fake/White_and_gray_cat_looking_past_spoked_wheel..png,1,0.03678569197654724,0,0.01134920958429575,0
/shared/home/sarim.hashmi/usenix/benchmark/newbench_norm/fake/Woman_interacting_with_giraffe_at_fence_in_zoo..png,1,0.0780484601855278,0,0.011618386022746563,0
/shared/home/sarim.hashmi/usenix/benchmark/newbench_norm/fake/Woman_riding_her_bike_down_a_small_side_path..png,1,0.1226671114563942,0,0.012982099317014217,0
/shared/home/sarim.hashmi/usenix/benchmark/newbench_norm/fake/Women_taking_picture_of_themselves_while_brushing_their_teeth..png,1,0.08401329070329666,0,0.011976853013038635,0
/shared/home/sarim.hashmi/usenix/benchmark/newbench_norm/fake/Woodpeckers_on_the_side_of_trees_during_the_day..png,1,0.043933190405368805,0,0.013239288702607155,0
"/shared/home/sarim.hashmi/usenix/benchmark/newbench_norm/fake/_A_bathroom_with_a_toilet,_sink,_counter_and_large_mirror.png",1,0.05350714549422264,0,0.011975454166531563,0
/shared/home/sarim.hashmi/usenix/benchmark/newbench_norm/fake/_A_sidewalk_with_street_sings_next_to_a_road..png,1,0.04609283059835434,0,0.011548135429620743,0
/shared/home/sarim.hashmi/usenix/benchmark/newbench_norm/fake/_a_street_sign_with_the_red_light_glowing_brightly_on_it_.png,1,0.05156891420483589,0,0.012413984164595604,0
/shared/home/sarim.hashmi/usenix/benchmark/newbench_norm/fake/a_bath_room_with_a_toilet_a_sink_and_a_bath_tub.png,1,0.03366149589419365,0,0.0120075149461627,0
/shared/home/sarim.hashmi/usenix/benchmark/newbench_norm/fake/a_bath_room_with_a_toilet_a_stool_and_handle_bars.png,1,0.057682931423187256,0,0.012769841589033604,0
/shared/home/sarim.hashmi/usenix/benchmark/newbench_norm/fake/a_bath_room_with_two_sinks_a_large_mirror_a_bath_tub.png,1,0.07754425704479218,0,0.01181253045797348,0
/shared/home/sarim.hashmi/usenix/benchmark/newbench_norm/fake/a_bathroom_counter_with_two_sinks_on_it_.png,1,0.045917145907878876,0,0.011800830252468586,0
/shared/home/sarim.hashmi/usenix/benchmark/newbench_norm/fake/a_bathroom_with_a_bath_tub_a_toilet_and_a_sink.png,1,0.08076056092977524,0,0.01264391839504242,0
/shared/home/sarim.hashmi/usenix/benchmark/newbench_norm/fake/a_bathroom_with_a_sink_a_mirror_and_a_toilet.png,1,0.03965777903795242,0,0.013058708980679512,0
/shared/home/sarim.hashmi/usenix/benchmark/newbench_norm/fake/a_bathroom_with_a_white_sink_next_to_a_white_bath_tub..png,1,0.10385819524526596,0,0.011766061186790466,0
/shared/home/sarim.hashmi/usenix/benchmark/newbench_norm/fake/a_bathroom_with_bright_lights_and_white_carpet_.png,1,0.053493350744247437,0,0.011766022071242332,0
/shared/home/sarim.hashmi/usenix/benchmark/newbench_norm/fake/a_beautiful_lady_with_a_very_nice_motor_bike.png,1,0.055212754756212234,0,0.012168645858764648,0
/shared/home/sarim.hashmi/usenix/benchmark/newbench_norm/fake/a_bench_in_the_woods_covered_in_snow_.png,1,0.03126939386129379,0,0.012167149223387241,0
/shared/home/sarim.hashmi/usenix/benchmark/newbench_norm/fake/a_big_red_fire_hydrant_on_the_side_of_a_building..png,1,0.026089826598763466,0,0.012249038554728031,0
/shared/home/sarim.hashmi/usenix/benchmark/newbench_norm/fake/a_black_and_white_photo_of_a_long_bench_for_sitting_near_a_building.png,1,0.06325645744800568,0,0.01166476309299469,0
/shared/home/sarim.hashmi/usenix/benchmark/newbench_norm/fake/a_blue_sign_in_the_sidewalk_of_a_walking_trail.png,1,0.07374853640794754,0,0.012551461346447468,0
/shared/home/sarim.hashmi/usenix/benchmark/newbench_norm/fake/a_bluish_motorcycle_parked_on_sidewalk_in_park.png,1,0.11100371181964874,0,0.011761658824980259,0
/shared/home/sarim.hashmi/usenix/benchmark/newbench_norm/fake/a_brown_and_white_dog_is_sitting_in_some_grass_and_a_red_and_white_fire_hydrant.png,1,0.056666772812604904,0,0.012098037637770176,0
/shared/home/sarim.hashmi/usenix/benchmark/newbench_norm/fake/a_cat_is_sitting_on_a_wooden_bench_outside.png,1,0.03698832169175148,0,0.010839839465916157,0
/shared/home/sarim.hashmi/usenix/benchmark/newbench_norm/fake/a_close_up_of_a_cat_on_a_desk_near_a_sandwich_.png,1,0.028743185102939606,0,0.01086054090410471,0
/shared/home/sarim.hashmi/usenix/benchmark/newbench_norm/fake/a_close_up_of_a_pot_with_a_cell_phone_.png,1,0.10030657052993774,0,0.017276844009757042,0
/shared/home/sarim.hashmi/usenix/benchmark/newbench_norm/fake/a_close_up_of_two_giraffes_with_a_rock_background.png,1,0.033838700503110886,0,0.011829335242509842,0
/shared/home/sarim.hashmi/usenix/benchmark/newbench_norm/fake/a_colofrul_biplane_flying_above_some_trees_.png,1,0.1117844358086586,0,0.013193300925195217,0
/shared/home/sarim.hashmi/usenix/benchmark/newbench_norm/fake/a_commercial_plane_is_on_the_airport_runway.png,1,0.06755990535020828,0,0.011935141868889332,0
/shared/home/sarim.hashmi/usenix/benchmark/newbench_norm/fake/a_counter_with_cleaning_supplies_ice_cube_trays_and_racks_from_a_fridge_and_a_drawer_missing.png,1,0.04779007285833359,0,0.013053512200713158,0
/shared/home/sarim.hashmi/usenix/benchmark/newbench_norm/fake/a_couple_of_anmails_standing_next_to_a_truck.png,1,0.09674058109521866,0,0.01250387541949749,0
/shared/home/sarim.hashmi/usenix/benchmark/newbench_norm/fake/a_couple_of_buildings_grouped_together_next_to_some_power_lines_.png,1,0.04050816223025322,0,0.01184925064444542,0
/shared/home/sarim.hashmi/usenix/benchmark/newbench_norm/fake/a_couple_of_cats_sit_in_front_of_a_tub_full_of_water_.png,1,0.03243999928236008,0,0.011172245256602764,0
/shared/home/sarim.hashmi/usenix/benchmark/newbench_norm/fake/a_couple_of_fire_trucks_that_are_by_a_motorcycle.png,1,0.06125651299953461,0,0.012655740603804588,0
/shared/home/sarim.hashmi/usenix/benchmark/newbench_norm/fake/a_couple_of_people_in_uniforms_are_sitting_together.png,1,0.05129057168960571,0,0.011844349093735218,0
/shared/home/sarim.hashmi/usenix/benchmark/newbench_norm/fake/a_couple_of_planes_are_out_on_a_runway.png,1,0.11801858246326447,0,0.011927715502679348,0
/shared/home/sarim.hashmi/usenix/benchmark/newbench_norm/fake/a_couple_of_sgns_are_on_poles_in_the_ground.png,1,0.10969189554452896,0,0.014860612340271473,0
/shared/home/sarim.hashmi/usenix/benchmark/newbench_norm/fake/a_couple_of_sheep_walking_across_a_grass_covered_field..png,1,0.04218257963657379,0,0.01116546243429184,0
/shared/home/sarim.hashmi/usenix/benchmark/newbench_norm/fake/a_cyclist_with_a_motorbike_moving_very_fast.png,1,0.05429140850901604,0,0.012410453520715237,0
/shared/home/sarim.hashmi/usenix/benchmark/newbench_norm/fake/a_desk_with_a_banana_a_keyboard_and_a_mouse.png,1,0.06323403865098953,0,0.012772462330758572,0
/shared/home/sarim.hashmi/usenix/benchmark/newbench_norm/fake/a_dog_walking_beside_a_man_carrying_a_surf_board.png,1,0.09409726411104202,0,0.012845147401094437,0
/shared/home/sarim.hashmi/usenix/benchmark/newbench_norm/fake/a_double_decker_red_bus_stopped_outside_of_a_brick_building.png,1,0.028249457478523254,0,0.012765845283865929,0
/shared/home/sarim.hashmi/usenix/benchmark/newbench_norm/fake/a_fancy_white_train_parked_by_the_platform_.png,1,0.07185059785842896,0,0.011096987873315811,0
/shared/home/sarim.hashmi/usenix/benchmark/newbench_norm/fake/a_female_in_a_gray_top_is_holding_a_cellphone.png,1,0.24529603123664856,0,0.012210662476718426,0
/shared/home/sarim.hashmi/usenix/benchmark/newbench_norm/fake/a_giraffe_in_a_field_with_another_in_the_background.png,1,0.05701464042067528,0,0.012379912659525871,0
/shared/home/sarim.hashmi/usenix/benchmark/newbench_norm/fake/a_giraffe_reaching_up_to_eat_some_grass_from_a_cage_.png,1,0.05201857164502144,0,0.012241829186677933,0
/shared/home/sarim.hashmi/usenix/benchmark/newbench_norm/fake/a_giraffe_walking_on_a_street_with_trees.png,1,0.05113866180181503,0,0.013162217102944851,0
/shared/home/sarim.hashmi/usenix/benchmark/newbench_norm/fake/a_girl_wearing_a_cowboy_hat_while_holding_a_dog_.png,1,0.043856821954250336,0,0.012470911256968975,0
/shared/home/sarim.hashmi/usenix/benchmark/newbench_norm/fake/a_green_double_Decker_bus_stopped_on_the_street.png,1,0.04918879643082619,0,0.012549564242362976,0
/shared/home/sarim.hashmi/usenix/benchmark/newbench_norm/fake/a_green_train_engine_sitting_at_the_end_of_the_train_and_next_to_the_buidling.png,1,0.03030984103679657,0,0.012097650207579136,0
/shared/home/sarim.hashmi/usenix/benchmark/newbench_norm/fake/a_group_of_light_resting_on_a_post_with_a_street_sign_on_it.png,1,0.040394846349954605,0,0.012552052736282349,0
/shared/home/sarim.hashmi/usenix/benchmark/newbench_norm/fake/a_group_of_people_on_motorcycles_drive_down_the_road.png,1,0.07766223698854446,0,0.012903674505650997,0
/shared/home/sarim.hashmi/usenix/benchmark/newbench_norm/fake/a_group_of_people_that_are_taking_a_picture.png,1,0.06345916539430618,0,0.012631971389055252,0
/shared/home/sarim.hashmi/usenix/benchmark/newbench_norm/fake/a_group_of_urinals_is_near_the_trees.png,1,0.07318495959043503,0,0.011956105940043926,0
/shared/home/sarim.hashmi/usenix/benchmark/newbench_norm/fake/a_group_of_vehicles_parked_next_to_a_firehydrant.png,1,0.056425273418426514,0,0.011903037317097187,0
/shared/home/sarim.hashmi/usenix/benchmark/newbench_norm/fake/a_herd_of_sheep_standing_around_in_a_big_grassy_field_.png,1,0.038918349891901016,0,0.012065522372722626,0
/shared/home/sarim.hashmi/usenix/benchmark/newbench_norm/fake/a_home_made_stop_sign_in_the_middle_of_nowhere.png,1,0.03946232423186302,0,0.01187543012201786,0
/shared/home/sarim.hashmi/usenix/benchmark/newbench_norm/fake/a_kitchen_that_makes_food_has_pots_and_pans..png,1,0.041280392557382584,0,0.011691884137690067,0
/shared/home/sarim.hashmi/usenix/benchmark/newbench_norm/fake/a_kitchen_with_a__sink_surrounded_by_a_bunch_of_cluttered_items.png,1,0.05512237176299095,0,0.011813282035291195,0
/shared/home/sarim.hashmi/usenix/benchmark/newbench_norm/fake/a_kitchen_with_a_nasty_dirty_kitchen_with_a_light_beam_through_the_window.png,1,0.050901323556900024,0,0.011768737807869911,0
/shared/home/sarim.hashmi/usenix/benchmark/newbench_norm/fake/a_large_air_plane_flying_in_the_air.png,1,0.10589423030614853,0,0.012567399069666862,0
/shared/home/sarim.hashmi/usenix/benchmark/newbench_norm/fake/a_large_body_of_water_with_trees_in_the_background.png,1,0.09019236266613007,0,0.012185324914753437,0
/shared/home/sarim.hashmi/usenix/benchmark/newbench_norm/fake/a_line_of_cars_with_a_motorcycle_in_front.png,1,0.04690597206354141,0,0.012170708738267422,0
/shared/home/sarim.hashmi/usenix/benchmark/newbench_norm/fake/a_lit_up_counter_with_two_fancy_sinks_on_it.png,1,0.0457647368311882,0,0.011818715371191502,0
/shared/home/sarim.hashmi/usenix/benchmark/newbench_norm/fake/a_little_giraffe_sitting_on_the_ground_next_to_a_somewhat_bigger_one_.png,1,0.044469691812992096,0,0.012851661071181297,0
/shared/home/sarim.hashmi/usenix/benchmark/newbench_norm/fake/a_living_room_with_some_fancy_curtains_behind_a_couch_.png,1,0.1250489056110382,0,0.01338235568255186,0
/shared/home/sarim.hashmi/usenix/benchmark/newbench_norm/fake/a_man_assisting_a_woman_shearing_a_sheep_with_several_children_watching.png,1,0.04035172611474991,0,0.011498377658426762,0
/shared/home/sarim.hashmi/usenix/benchmark/newbench_norm/fake/a_man_on_skis_holds_onto_the_hands_of_a_small_girl_on_skis.png,1,0.06278394162654877,0,0.013432121835649014,0
/shared/home/sarim.hashmi/usenix/benchmark/newbench_norm/fake/a_man_riding_a_small_motorcycle_in_the_bustling_streets.png,1,0.04335866868495941,0,0.011650018393993378,0
/shared/home/sarim.hashmi/usenix/benchmark/newbench_norm/fake/a_man_sits_by_himself_on_a_bench_in_a_stone-paved_square_in_front_of_a_large_bed_of_flowers.png,1,0.06664648652076721,0,0.013618914410471916,0
/shared/home/sarim.hashmi/usenix/benchmark/newbench_norm/fake/a_man_standing_next_to_a_red_train_near_a_train_track_.png,1,0.03298591077327728,0,0.011641143821179867,0
/shared/home/sarim.hashmi/usenix/benchmark/newbench_norm/fake/a_man_standing_on_the_side_walk_while_holding_a_sign_.png,1,0.09853044897317886,0,0.012491939589381218,0
/shared/home/sarim.hashmi/usenix/benchmark/newbench_norm/fake/a_man_taking_a_nap_on_the_bench_in_the_middle_of_a_park.png,1,0.11990147083997726,0,0.013299955986440182,0
/shared/home/sarim.hashmi/usenix/benchmark/newbench_norm/fake/a_modern_flush_toilet_in_a_bathroom_with_tile._.png,1,0.06090270355343819,0,0.012246373109519482,0
"/shared/home/sarim.hashmi/usenix/benchmark/newbench_norm/fake/a_modern_kitchen_with_an_oven,_stove,_and_a_fridge_.png",1,0.03404328599572182,0,0.010674580931663513,0
/shared/home/sarim.hashmi/usenix/benchmark/newbench_norm/fake/a_motorcycle_is_parked_near_a_building_by_the_curb.png,1,0.03749479725956917,0,0.012055891565978527,0
/shared/home/sarim.hashmi/usenix/benchmark/newbench_norm/fake/a_motorcycle_parked_in_a_field_with_a_sky_background_.png,1,0.02385561913251877,0,0.011282019317150116,0
/shared/home/sarim.hashmi/usenix/benchmark/newbench_norm/fake/a_number_of_birds_flying_near_a_nest_.png,1,0.06613943725824356,0,0.012578076682984829,0
/shared/home/sarim.hashmi/usenix/benchmark/newbench_norm/fake/a_person_driving_a_motorcycle_on_a_closed_course.png,1,0.050933100283145905,0,0.011625079438090324,0
/shared/home/sarim.hashmi/usenix/benchmark/newbench_norm/fake/a_person_in_an_office_setting_sitting_in_a_chair.png,1,0.1496739536523819,0,0.013802126049995422,0
/shared/home/sarim.hashmi/usenix/benchmark/newbench_norm/fake/a_person_on_the_back_of_a_parked_truck.png,1,0.17203937470912933,0,0.012511479668319225,0
/shared/home/sarim.hashmi/usenix/benchmark/newbench_norm/fake/a_person_riding_a_dirt_bike_in_the_air_with_a_sky_background.png,1,0.03413604944944382,0,0.013258208520710468,0
/shared/home/sarim.hashmi/usenix/benchmark/newbench_norm/fake/a_person_riding_a_motorcycle_on_a_road_.png,1,0.09043718129396439,0,0.012277905829250813,0
/shared/home/sarim.hashmi/usenix/benchmark/newbench_norm/fake/a_person_riding_a_motorcycle_on_a_road_with_a_hill_in_the_background.png,1,0.10148182511329651,0,0.012499295175075531,0
/shared/home/sarim.hashmi/usenix/benchmark/newbench_norm/fake/a_person_sitting_on_a_bike_near_many_other_parked_bikes_.png,1,0.10720279067754745,0,0.012657015584409237,0
/shared/home/sarim.hashmi/usenix/benchmark/newbench_norm/fake/a_person_that_is_riding_a_bike_next_to_some_seats.png,1,0.11355585604906082,0,0.01173035241663456,0
/shared/home/sarim.hashmi/usenix/benchmark/newbench_norm/fake/a_picture_of_a_water_hydrant_with_many_snow._.png,1,0.056712884455919266,0,0.012201780453324318,0
/shared/home/sarim.hashmi/usenix/benchmark/newbench_norm/fake/a_pole_that_has_a_sign_attached_to_it.png,1,0.06201889365911484,0,0.013015955686569214,0
/shared/home/sarim.hashmi/usenix/benchmark/newbench_norm/fake/a_policeman_on_a_motorcycling_driving_on_the_road_smiling.png,1,0.041915811598300934,0,0.012003311887383461,0
/shared/home/sarim.hashmi/usenix/benchmark/newbench_norm/fake/a_public_bathroom_with_a_toilet_and_hand_rail.png,1,0.06958028674125671,0,0.012349243275821209,0
/shared/home/sarim.hashmi/usenix/benchmark/newbench_norm/fake/a_public_transit_train_on_a_train_track_with_trees_in_the_background.png,1,0.043465886265039444,0,0.011331017129123211,0
/shared/home/sarim.hashmi/usenix/benchmark/newbench_norm/fake/a_red_bus_that_has_stuff_wrote_on_the_outside.png,1,0.034148503094911575,0,0.011606800369918346,0
/shared/home/sarim.hashmi/usenix/benchmark/newbench_norm/fake/a_red_fire_hydrogen_next_to_a_road_in_front_of_a_bus.png,1,0.1028876006603241,0,0.013942808844149113,0
/shared/home/sarim.hashmi/usenix/benchmark/newbench_norm/fake/a_sculpture_made_of_spoons_and_an_old_toaster.png,1,0.08630982786417007,0,0.013175217434763908,0
/shared/home/sarim.hashmi/usenix/benchmark/newbench_norm/fake/a_sign_hanging_up_that_says_waterman_ave.png,1,0.11256235837936401,0,0.013410326093435287,0
/shared/home/sarim.hashmi/usenix/benchmark/newbench_norm/fake/a_small_air_plane_on_an_air_plane_run_way.png,1,0.07548309862613678,0,0.012357114814221859,0
/shared/home/sarim.hashmi/usenix/benchmark/newbench_norm/fake/a_small_bathroom_with_a_mirror_and_sink.png,1,0.03846612572669983,0,0.011640957556664944,0
/shared/home/sarim.hashmi/usenix/benchmark/newbench_norm/fake/a_steam_locomotive_on_a_narrow_gauge_track_in_the_snow.png,1,0.0941673070192337,0,0.012605871073901653,0
/shared/home/sarim.hashmi/usenix/benchmark/newbench_norm/fake/a_stop_sign_and_railway_crossing_sign_on_a_pole.png,1,0.054043371230363846,0,0.01217801496386528,0
/shared/home/sarim.hashmi/usenix/benchmark/newbench_norm/fake/a_store_sits_in_front_of_a_fire_hydrant_.png,1,0.045733947306871414,0,0.011380004696547985,0
/shared/home/sarim.hashmi/usenix/benchmark/newbench_norm/fake/a_street_light_hanging_fron_one_of_many_wires_connected_to_a_power_pole.png,1,0.11763966828584671,0,0.012244601733982563,0
/shared/home/sarim.hashmi/usenix/benchmark/newbench_norm/fake/a_street_with_people_and_vehicles_in_the_middle_of_it.png,1,0.1021750420331955,0,0.012566492892801762,0
/shared/home/sarim.hashmi/usenix/benchmark/newbench_norm/fake/a_stuffed_animal_and_a_figurine_are_sitting_on_a_bench_and_water.png,1,0.054938144981861115,0,0.012482479214668274,0
/shared/home/sarim.hashmi/usenix/benchmark/newbench_norm/fake/a_table_top_with_some_laptops_on_it_.png,1,0.08308722823858261,0,0.012106458656489849,0
/shared/home/sarim.hashmi/usenix/benchmark/newbench_norm/fake/a_toilet_sits_in_front_of_a_bath_tub.png,1,0.10466574877500534,0,0.0126581359654665,0
/shared/home/sarim.hashmi/usenix/benchmark/newbench_norm/fake/a_toilet_sits_next_to_a_bath_tub_as_a_bunch_of_tiles_sit_piled_up_.png,1,0.059470243752002716,0,0.012728375382721424,0
/shared/home/sarim.hashmi/usenix/benchmark/newbench_norm/fake/a_traffic_light_above_a_road_with_a_building_in_the_background.png,1,0.026543766260147095,0,0.012273702770471573,0
/shared/home/sarim.hashmi/usenix/benchmark/newbench_norm/fake/a_train_getting_ready_to_go_into_a_tunnel_.png,1,0.06683152914047241,0,0.012343178503215313,0
/shared/home/sarim.hashmi/usenix/benchmark/newbench_norm/fake/a_train_on_a_train_track_at_a_station_.png,1,0.03046826273202896,0,0.011003131978213787,0
/shared/home/sarim.hashmi/usenix/benchmark/newbench_norm/fake/a_train_that_is_on_a_train_track.png,1,0.09307463467121124,0,0.013631565496325493,0
/shared/home/sarim.hashmi/usenix/benchmark/newbench_norm/fake/a_tree_surrounded_by_a_little_bench_with_someone_sitting_on_it.png,1,0.06161874160170555,0,0.012714708223938942,0
/shared/home/sarim.hashmi/usenix/benchmark/newbench_norm/fake/a_very_big_boat_that_is_in_some_water.png,1,0.06292465329170227,0,0.011273656040430069,0
/shared/home/sarim.hashmi/usenix/benchmark/newbench_norm/fake/a_very_big_bus_moving_on_the_street_with_no_people.png,1,0.03077082708477974,0,0.011056038551032543,0
/shared/home/sarim.hashmi/usenix/benchmark/newbench_norm/fake/a_view_of_a_bathroom_area_with_a_white_long_flusher_and_window_behind_it_.png,1,0.06806869804859161,0,0.011977913789451122,0
/shared/home/sarim.hashmi/usenix/benchmark/newbench_norm/fake/a_white_and_black_sea_bird_standing_in_very_shallow_water.png,1,0.06901698559522629,0,0.012518049217760563,0
/shared/home/sarim.hashmi/usenix/benchmark/newbench_norm/fake/a_white_bus_is_on_a_busy_street.png,1,0.027479927986860275,0,0.010964597575366497,0
/shared/home/sarim.hashmi/usenix/benchmark/newbench_norm/fake/a_woman_in_kitchen_cooking_chips_in_fry.png,1,0.03244733437895775,0,0.01171799749135971,0
/shared/home/sarim.hashmi/usenix/benchmark/newbench_norm/fake/a_woman_is_out_in_a_field_with_sheep_.png,1,0.04034009575843811,0,0.012655537575483322,0
/shared/home/sarim.hashmi/usenix/benchmark/newbench_norm/fake/a_woman_is_standing_next_to_an_oven.png,1,0.10794435441493988,0,0.012083279900252819,0
/shared/home/sarim.hashmi/usenix/benchmark/newbench_norm/fake/a_woman_posing_on_a_wooden_bench_in_the_woods.png,1,0.04220949113368988,0,0.013215052895247936,0
/shared/home/sarim.hashmi/usenix/benchmark/newbench_norm/fake/a_woman_riding_a_horse_while_holding_a_flag.png,1,0.02589833363890648,0,0.011802109889686108,0
/shared/home/sarim.hashmi/usenix/benchmark/newbench_norm/fake/a_wooden_and_metal_bench_near_a_over_grown_bush.png,1,0.030853508040308952,0,0.0131984306499362,0
/shared/home/sarim.hashmi/usenix/benchmark/newbench_norm/fake/a_young_female_siting_on_a_bench_near_a_small_stagnant_lake.png,1,0.10503289848566055,0,0.01341482438147068,0
/shared/home/sarim.hashmi/usenix/benchmark/newbench_norm/fake/an_image_of_a_a_plane_that_is_flying_in_the_air.png,1,0.08320961892604828,0,0.013671359978616238,0
/shared/home/sarim.hashmi/usenix/benchmark/newbench_norm/fake/an_image_of_a_cat_in_a_toilet_with_the_water.png,1,0.04224501550197601,0,0.012349598109722137,0
/shared/home/sarim.hashmi/usenix/benchmark/newbench_norm/fake/an_image_of_a_tourbus_stopping_on_a_route.png,1,0.08289194107055664,0,0.011615315452218056,0
/shared/home/sarim.hashmi/usenix/benchmark/newbench_norm/fake/an_up_close_picture_of_mechanic_of_a_bike_.png,1,0.04097486659884453,0,0.012623789720237255,0
/shared/home/sarim.hashmi/usenix/benchmark/newbench_norm/fake/cars_wait_at_red_light_at_an_intersection_by_mountains.png,1,0.036861907690763474,0,0.011056997813284397,0
"/shared/home/sarim.hashmi/usenix/benchmark/newbench_norm/fake/group_of_giraffes_mingling_in_a_stand_of_trees
.png",1,0.03266305848956108,0,0.012485696002840996,0
/shared/home/sarim.hashmi/usenix/benchmark/newbench_norm/fake/many_bikes_parked_in_a_parking_lot_very_close_to_each_other.png,1,0.11142081022262573,0,0.01378626562654972,0
"/shared/home/sarim.hashmi/usenix/benchmark/newbench_norm/fake/older_women_sit_on_a_bench,_with_one_of_the_women_holding_crutches.png",1,0.10126376897096634,0,0.01287646871060133,0
/shared/home/sarim.hashmi/usenix/benchmark/newbench_norm/fake/people_at_costume_party_dressed_up_in_costumes.png,1,0.044416218996047974,0,0.012059180997312069,0
/shared/home/sarim.hashmi/usenix/benchmark/newbench_norm/fake/people_riding_bikes_near_a_beach_and_others_swimming.png,1,0.04946611449122429,0,0.012747139669954777,0
/shared/home/sarim.hashmi/usenix/benchmark/newbench_norm/fake/people_standing_outside_a_building_with_clocks_built_into_the_side_of_it.png,1,0.09531977027654648,0,0.012265019118785858,0
/shared/home/sarim.hashmi/usenix/benchmark/newbench_norm/fake/several_motorcycles_are_parked_next_to_each_other.png,1,0.05398186296224594,0,0.012092226184904575,0
/shared/home/sarim.hashmi/usenix/benchmark/newbench_norm/fake/some_blurred_sheep_are_running_and_some_green_grass.png,1,0.20239250361919403,0,0.013397278264164925,0
/shared/home/sarim.hashmi/usenix/benchmark/newbench_norm/fake/some_people_on_a_park_bench_in_a_field.png,1,0.1168934777379036,0,0.013408522121608257,0
/shared/home/sarim.hashmi/usenix/benchmark/newbench_norm/fake/there_are_blue_lights_shining_threw_palm_trees_.png,1,0.12680867314338684,0,0.014572467654943466,0
/shared/home/sarim.hashmi/usenix/benchmark/newbench_norm/fake/there_are_many_rocks_on_the_side_of_this_road.png,1,0.07804945856332779,0,0.01259490754455328,0
/shared/home/sarim.hashmi/usenix/benchmark/newbench_norm/fake/there_are_several_stop_signs_along_side_the_grass.png,1,0.03748045116662979,0,0.012580475769937038,0
/shared/home/sarim.hashmi/usenix/benchmark/newbench_norm/fake/there_are_two_very_tall_giraffes_in_this_zoo_by_the_water.png,1,0.1203906387090683,0,0.015239502303302288,0
/shared/home/sarim.hashmi/usenix/benchmark/newbench_norm/fake/there_is_a_one_way_street_sign_under_a_street_name_sign.png,1,0.035936951637268066,0,0.012612425722181797,0
/shared/home/sarim.hashmi/usenix/benchmark/newbench_norm/fake/there_is_a_sheep_behind_a_fence_standing_in_the_snow.png,1,0.05289854854345322,0,0.012566900812089443,0
/shared/home/sarim.hashmi/usenix/benchmark/newbench_norm/fake/there_is_a_stop_sign_at_the_end_of_this_cross_walk.png,1,0.06230415776371956,0,0.011143256910145283,0
/shared/home/sarim.hashmi/usenix/benchmark/newbench_norm/fake/this_fire_hydrant_has_a_painting_on_it.png,1,0.05193432793021202,0,0.01177997887134552,0
/shared/home/sarim.hashmi/usenix/benchmark/newbench_norm/fake/this_is_a_bus_with_an_ad_for_a_casino.png,1,0.046837057918310165,0,0.011819940991699696,0
/shared/home/sarim.hashmi/usenix/benchmark/newbench_norm/fake/this_is_a_close_up_picture_of_a_roosters_neck.png,1,0.050380364060401917,0,0.013218404725193977,0
/shared/home/sarim.hashmi/usenix/benchmark/newbench_norm/fake/this_man_is_riding_a_board_near_a_field.png,1,0.0479496605694294,0,0.011997907422482967,0
/shared/home/sarim.hashmi/usenix/benchmark/newbench_norm/fake/three_children_sitting_on_a_bench_near_one_another.png,1,0.032950155436992645,0,0.013212435878813267,0
/shared/home/sarim.hashmi/usenix/benchmark/newbench_norm/fake/train_pulling_up_the_track_while_people_wait_on_the_sidewalk.png,1,0.0381895937025547,0,0.011625676415860653,0
/shared/home/sarim.hashmi/usenix/benchmark/newbench_norm/fake/two_birds_flying_over_some_water_and_their_reflection.png,1,0.08642254769802094,0,0.013268017210066319,0
/shared/home/sarim.hashmi/usenix/benchmark/newbench_norm/fake/two_large_air_planes_on_a_run_way.png,1,0.09787552058696747,0,0.012187414802610874,0
/shared/home/sarim.hashmi/usenix/benchmark/newbench_norm/fake/two_people_riding_on_a_motorcycle_on_a_road.png,1,0.08855850249528885,0,0.012418841943144798,0
