path,label,score_clean,pred_clean,score_adv,pred_adv
/shared/home/sarim.hashmi/usenix/benchmark/newbench_norm/real/1_military_jet_fighter_flying_in_formation_alongside_a_1_military_propeller_pilot._.png,0,13.388177,1,13.691413,1
/shared/home/sarim.hashmi/usenix/benchmark/newbench_norm/real/A_CGI_man_sitting_on_top_of_a_CGI_hospital_bed..png,0,11.620675,1,14.733130,1
/shared/home/sarim.hashmi/usenix/benchmark/newbench_norm/real/A_CLEAN_AND_COLORFUL_BATHROOM_WITH_A_LARGE_MIRROR.png,0,13.417457,1,13.952657,1
/shared/home/sarim.hashmi/usenix/benchmark/newbench_norm/real/A_LOT_OF_SHEEP_IS_IN_THE_GRASS_WITH_A_SHEEP_DOG.png,0,11.395576,1,15.441658,1
/shared/home/sarim.hashmi/usenix/benchmark/newbench_norm/real/A_banana_that_is_sitting_in_a_bowl_on_the_table..png,0,13.271436,1,14.883307,1
/shared/home/sarim.hashmi/usenix/benchmark/newbench_norm/real/A_basket_filled_with_ripe_bananas_on_top_of_a_table..png,0,13.624537,1,15.944519,1
/shared/home/sarim.hashmi/usenix/benchmark/newbench_norm/real/A_bathroom_filled_with_a_white_toilet_next_to_a_sink..png,0,13.175435,1,14.848668,1
/shared/home/sarim.hashmi/usenix/benchmark/newbench_norm/real/A_bathroom_has_a_self_standing_sink_on_the_wall..png,0,12.200784,1,15.230186,1
"/shared/home/sarim.hashmi/usenix/benchmark/newbench_norm/real/A_bathroom_has_a_toilet,_sink,_mirror_and_bidet..png",0,10.425067,1,14.050952,1
/shared/home/sarim.hashmi/usenix/benchmark/newbench_norm/real/A_bathroom_is_photographed_with_a_fisheye_filter..png,0,12.592214,1,14.694716,1
"/shared/home/sarim.hashmi/usenix/benchmark/newbench_norm/real/A_bathroom_is_shown_with_a_toilet,_sink,_and_shower..png",0,12.794523,1,14.550923,1
"/shared/home/sarim.hashmi/usenix/benchmark/newbench_norm/real/A_bathroom_scene_with_a_toilet,_sink_and_a_mirror..png",0,11.714191,1,13.010522,1
/shared/home/sarim.hashmi/usenix/benchmark/newbench_norm/real/A_bathroom_showing_a_necklace_rack_and_toiletries_grouped_on_the_sink_.png,0,12.508897,1,13.910705,1
/shared/home/sarim.hashmi/usenix/benchmark/newbench_norm/real/A_bathroom_sink_sitting_under_a_large_mirror..png,0,11.921308,1,14.260571,1
/shared/home/sarim.hashmi/usenix/benchmark/newbench_norm/real/A_bathroom_sink_under_a_mirror_in_a_bathroom..png,0,12.422511,1,14.786195,1
"/shared/home/sarim.hashmi/usenix/benchmark/newbench_norm/real/A_bathroom_sink_with_a_toothbrush,_soap_dispenser_and_mirror..png",0,11.371779,1,14.663322,1
/shared/home/sarim.hashmi/usenix/benchmark/newbench_norm/real/A_bathroom_sink_with_wood_finish_cabinets._.png,0,12.872190,1,14.927127,1
/shared/home/sarim.hashmi/usenix/benchmark/newbench_norm/real/A_bathroom_that_has_a_special_shelf_for_towels._.png,0,13.406405,1,15.068151,1
/shared/home/sarim.hashmi/usenix/benchmark/newbench_norm/real/A_bathroom_toilet_with_yellow_liquid_inside_and_a_dirty_tub..png,0,12.292463,1,15.866838,1
"/shared/home/sarim.hashmi/usenix/benchmark/newbench_norm/real/A_bathroom_with_a_shower_curtain,_a_toilet,_a_sink_and_cabinets..png",0,12.189527,1,14.964978,1
"/shared/home/sarim.hashmi/usenix/benchmark/newbench_norm/real/A_bathroom_with_a_sink,_counter,_toilet_and_shower_curtain..png",0,12.178447,1,14.437268,1
/shared/home/sarim.hashmi/usenix/benchmark/newbench_norm/real/A_bathroom_with_a_standing_shower_next_to_a_sink_and_mirror..png,0,12.050253,1,15.343221,1
"/shared/home/sarim.hashmi/usenix/benchmark/newbench_norm/real/A_bathroom_with_a_toilet,_tub,_mirror_and_shower_curtain._.png",0,13.291688,1,14.742806,1
/shared/home/sarim.hashmi/usenix/benchmark/newbench_norm/real/A_bathroom_with_a_toilet_bowl_and_shower..png,0,11.972554,1,15.381381,1
/shared/home/sarim.hashmi/usenix/benchmark/newbench_norm/real/A_bathroom_with_a_vanity_mirror_toilette_and_kitchen_sink_next_to_a_shower..png,0,13.282973,1,15.668047,1
/shared/home/sarim.hashmi/usenix/benchmark/newbench_norm/real/A_bathroom_with_a_white_bath_tub_and_two_sinks..png,0,13.418499,1,15.292058,1
/shared/home/sarim.hashmi/usenix/benchmark/newbench_norm/real/A_bathroom_with_a_white_sink_next_to_a_toilet_paper_roller..png,0,12.067919,1,14.743173,1
/shared/home/sarim.hashmi/usenix/benchmark/newbench_norm/real/A_bathroom_with_a_white_toilet_next_to_a_shower..png,0,13.641033,1,14.465674,1
/shared/home/sarim.hashmi/usenix/benchmark/newbench_norm/real/A_bathroom_with_two_toilets_look_in_very_bad_shape..png,0,12.236860,1,15.024014,1
/shared/home/sarim.hashmi/usenix/benchmark/newbench_norm/real/A_bathroom_with_white_colored_cabinets_and_toilet.png,0,12.909643,1,14.163520,1
/shared/home/sarim.hashmi/usenix/benchmark/newbench_norm/real/A_bathroom_with_white_urinals_amd_sinks_and_brown_stall_doors..png,0,13.541611,1,15.196085,1
/shared/home/sarim.hashmi/usenix/benchmark/newbench_norm/real/A_bathtub_with_candles_lit_up_around_it_and_a_stool_next_to_it..png,0,13.364829,1,14.291223,1
/shared/home/sarim.hashmi/usenix/benchmark/newbench_norm/real/A_beautiful_kitchen_with_lots_of_windows_and_wooden_cabinets._.png,0,14.117171,1,15.141904,1
/shared/home/sarim.hashmi/usenix/benchmark/newbench_norm/real/A_beige_bathroom_with_a_phone_beside_the_toilet..png,0,13.368881,1,14.451215,1
/shared/home/sarim.hashmi/usenix/benchmark/newbench_norm/real/A_bench_partially_buried_in_sand_on_a_beach_near_the_ocean..png,0,13.016796,1,14.817937,1
/shared/home/sarim.hashmi/usenix/benchmark/newbench_norm/real/A_bench_that_looks_like_a_round_hut..png,0,11.107350,1,15.352157,1
/shared/home/sarim.hashmi/usenix/benchmark/newbench_norm/real/A_bicycle_resting_outside_of_a_building_door.png,0,12.892973,1,15.313262,1
/shared/home/sarim.hashmi/usenix/benchmark/newbench_norm/real/A_bicyclist_is_riding_across_the_street_next_to_someone_on_a_motorcycle._.png,0,13.955108,1,15.237174,1
/shared/home/sarim.hashmi/usenix/benchmark/newbench_norm/real/A_big_commercial_plane_flying_in_cloudy_skies..png,0,12.881982,1,14.910218,1
/shared/home/sarim.hashmi/usenix/benchmark/newbench_norm/real/A_big_locomotive_stopped_in_a_train_station.png,0,12.647966,1,15.731863,1
/shared/home/sarim.hashmi/usenix/benchmark/newbench_norm/real/A_bike_is_parked_alongside_the_lake_shore..png,0,13.142879,1,15.016778,1
/shared/home/sarim.hashmi/usenix/benchmark/newbench_norm/real/A_bike_is_shown_attached_to_a_rack..png,0,13.161094,1,15.478202,1
/shared/home/sarim.hashmi/usenix/benchmark/newbench_norm/real/A_bike_parked_in_front_of_a_store_with_a_basket..png,0,13.338492,1,14.896814,1
/shared/home/sarim.hashmi/usenix/benchmark/newbench_norm/real/A_bike_sitting_In_a_glass_window_in_a_building.png,0,12.657649,1,14.456880,1
/shared/home/sarim.hashmi/usenix/benchmark/newbench_norm/real/A_bird_flying_through_the_air_while_flapping_it's_wings..png,0,11.836455,1,15.155135,1
/shared/home/sarim.hashmi/usenix/benchmark/newbench_norm/real/A_bird_is_standing_upright_in_the_water_and_leaves..png,0,12.795942,1,14.542012,1
/shared/home/sarim.hashmi/usenix/benchmark/newbench_norm/real/A_bird_perched_on_the_back_of_a_white_bench..png,0,12.879611,1,14.783707,1
/shared/home/sarim.hashmi/usenix/benchmark/newbench_norm/real/A_bird_perched_on_top_of_a_wooden_power_pole..png,0,12.587827,1,14.534755,1
/shared/home/sarim.hashmi/usenix/benchmark/newbench_norm/real/A_bird_stands_on_the_ground_among_dried_leaves..png,0,12.605822,1,15.543441,1
/shared/home/sarim.hashmi/usenix/benchmark/newbench_norm/real/A_bird_that_is_on_a_tree_limb..png,0,12.552476,1,15.375643,1
/shared/home/sarim.hashmi/usenix/benchmark/newbench_norm/real/A_bird_with_a_fish_in_its_hand_on_a_beach..png,0,13.093124,1,14.798856,1
/shared/home/sarim.hashmi/usenix/benchmark/newbench_norm/real/A_birthday_cake_is_decorated_like_a_fire_engine..png,0,12.473796,1,15.452115,1
/shared/home/sarim.hashmi/usenix/benchmark/newbench_norm/real/A_black_and_white_dog_on_a_brown_tile_floor_next_to_counter..png,0,13.138127,1,15.514319,1
/shared/home/sarim.hashmi/usenix/benchmark/newbench_norm/real/A_black_and_white_photo_of_an_old_locomotive..png,0,12.847249,1,15.575960,1
/shared/home/sarim.hashmi/usenix/benchmark/newbench_norm/real/A_black_and_white_photo_of_four_young_children..png,0,12.721730,1,15.044616,1
/shared/home/sarim.hashmi/usenix/benchmark/newbench_norm/real/A_black_and_white_toilet_with_a_plunger..png,0,11.370028,1,15.437703,1
/shared/home/sarim.hashmi/usenix/benchmark/newbench_norm/real/A_black_and_yellow_fire_hydrant_on_a_city_sidewalk..png,0,10.453778,1,15.189118,1
/shared/home/sarim.hashmi/usenix/benchmark/newbench_norm/real/A_black_cat_half-submerged_in_a_toilet_while_drinking_out_of_it..png,0,10.612096,1,14.431564,1
/shared/home/sarim.hashmi/usenix/benchmark/newbench_norm/real/A_black_cat_wearing_a_black_beanie_while_laying_on_a_red_couch...png,0,13.838284,1,15.255889,1
/shared/home/sarim.hashmi/usenix/benchmark/newbench_norm/real/A_black_lab_waits_at_a_picnic_table_for_it's_master..png,0,13.322145,1,15.585299,1
/shared/home/sarim.hashmi/usenix/benchmark/newbench_norm/real/A_blonde_woman_standing_in_front_of_a_red_double_decker_bus..png,0,11.956653,1,15.443056,1
/shared/home/sarim.hashmi/usenix/benchmark/newbench_norm/real/A_blue_bike_parked_next_to_a_tree_in_a_planter..png,0,12.589421,1,15.333085,1
/shared/home/sarim.hashmi/usenix/benchmark/newbench_norm/real/A_blue_bowl_sitting_on_a_table_with_a_banana_in_it._.png,0,13.087196,1,14.751590,1
/shared/home/sarim.hashmi/usenix/benchmark/newbench_norm/real/A_blue_bus_driving_down_a_street_next_to_trees..png,0,11.994444,1,14.257646,1
/shared/home/sarim.hashmi/usenix/benchmark/newbench_norm/real/A_blue_bus_is_crossing_the_intersection_with_various_vehicles_behind_it..png,0,11.326920,1,15.982696,1
/shared/home/sarim.hashmi/usenix/benchmark/newbench_norm/real/A_blue_motor_scooter_parked_in_a_parking_lot..png,0,13.098907,1,15.864196,1
/shared/home/sarim.hashmi/usenix/benchmark/newbench_norm/real/A_blue_motor_scooter_with_a_cat_sitting_on_it..png,0,12.451451,1,15.566920,1
/shared/home/sarim.hashmi/usenix/benchmark/newbench_norm/real/A_boat_sitting_next_to_a_beach_in_the_ocean_covered_with_birds..png,0,12.750661,1,14.654161,1
/shared/home/sarim.hashmi/usenix/benchmark/newbench_norm/real/A_boat_that_is_on_the_sand_and_people_nearby._.png,0,13.325454,1,13.354982,1
/shared/home/sarim.hashmi/usenix/benchmark/newbench_norm/real/A_bowl_in_a_sink_and_window_in_a_room..png,0,13.487845,1,14.946677,1
"/shared/home/sarim.hashmi/usenix/benchmark/newbench_norm/real/A_bowl_of_cereal_with_milk,_bananas,_raspberries_and_blueberries..png",0,11.924891,1,15.112339,1
/shared/home/sarim.hashmi/usenix/benchmark/newbench_norm/real/A_boy_carrying_a_surfboard_on_a_busy_sidewalk..png,0,12.560500,1,15.104963,1
/shared/home/sarim.hashmi/usenix/benchmark/newbench_norm/real/A_boy_in_blue_hat_riding_on_a_carousel..png,0,13.154419,1,15.559860,1
/shared/home/sarim.hashmi/usenix/benchmark/newbench_norm/real/A_bright_blue_and_white_AMX_jet_is_in_the_clear_sky..png,0,12.498375,1,14.614675,1
/shared/home/sarim.hashmi/usenix/benchmark/newbench_norm/real/A_brown_duck_floats_by_itself_on_the_water.png,0,11.321614,1,15.607121,1
/shared/home/sarim.hashmi/usenix/benchmark/newbench_norm/real/A_brown_plane_is_parked_at_air_port.png,0,13.382646,1,15.674237,1
/shared/home/sarim.hashmi/usenix/benchmark/newbench_norm/real/A_brown_songbird_perched_on_the_handlebars_of_a_bicycle..png,0,12.624145,1,15.524017,1
/shared/home/sarim.hashmi/usenix/benchmark/newbench_norm/real/A_building_in_the_sky_that_has_the_lights_on..png,0,12.264233,1,15.443862,1
/shared/home/sarim.hashmi/usenix/benchmark/newbench_norm/real/A_bunch_of_airplanes_are_parked_on_the_runway._.png,0,12.639634,1,14.780552,1
/shared/home/sarim.hashmi/usenix/benchmark/newbench_norm/real/A_bunch_of_antelopes_are_seen_roaming_the_plains..png,0,11.257655,1,15.342120,1
/shared/home/sarim.hashmi/usenix/benchmark/newbench_norm/real/A_bunch_of_bananas_hanging_from_a_green_tree..png,0,12.039604,1,15.018970,1
/shared/home/sarim.hashmi/usenix/benchmark/newbench_norm/real/A_bunch_of_bicycles_parked_on_the_street_with_items_sitting_around_them_.png,0,11.630820,1,14.847425,1
/shared/home/sarim.hashmi/usenix/benchmark/newbench_norm/real/A_bunch_of_giraffes_that_are_standing_in_the_dirt..png,0,13.430400,1,15.266993,1
/shared/home/sarim.hashmi/usenix/benchmark/newbench_norm/real/A_bunch_of_goats_are_eating_out_of_a_box.png,0,12.044738,1,15.188308,1
/shared/home/sarim.hashmi/usenix/benchmark/newbench_norm/real/A_bunch_of_sheep_smile_are_they_walk_by..png,0,12.288716,1,15.090370,1
/shared/home/sarim.hashmi/usenix/benchmark/newbench_norm/real/A_bunk_bed_sits_next_to_an_open_window._.png,0,10.751868,1,14.924218,1
/shared/home/sarim.hashmi/usenix/benchmark/newbench_norm/real/A_bus_all_lite_up_inside_and_out_with_diffrent_colors_._.png,0,10.995929,1,15.275294,1
/shared/home/sarim.hashmi/usenix/benchmark/newbench_norm/real/A_bus_driving_down_a_city_street_during_the_day..png,0,12.891822,1,14.630590,1
/shared/home/sarim.hashmi/usenix/benchmark/newbench_norm/real/A_bus_is_parked_in_front_of_a_building..png,0,13.571109,1,15.475445,1
/shared/home/sarim.hashmi/usenix/benchmark/newbench_norm/real/A_bus_is_parked_on_the_street_away_from_some_cars..png,0,13.431544,1,15.231112,1
/shared/home/sarim.hashmi/usenix/benchmark/newbench_norm/real/A_bus_on_a_divided_street_near_a_stop_light..png,0,13.474841,1,15.312799,1
/shared/home/sarim.hashmi/usenix/benchmark/newbench_norm/real/A_bus_pulled_up_to_the_curb_along_a_road..png,0,12.034463,1,14.433420,1
/shared/home/sarim.hashmi/usenix/benchmark/newbench_norm/real/A_bus_stop_next_to_a_curvy_road_surrounded_by_traffic_lights..png,0,11.912473,1,15.122997,1
/shared/home/sarim.hashmi/usenix/benchmark/newbench_norm/real/A_bus_stop_sign_on_a_city_street..png,0,12.192966,1,14.709580,1
/shared/home/sarim.hashmi/usenix/benchmark/newbench_norm/real/A_bus_stops_next_to_a_street_sign..png,0,11.259151,1,15.008185,1
/shared/home/sarim.hashmi/usenix/benchmark/newbench_norm/real/A_bus_traveling_down_a_road_next_to_a_bus_stop..png,0,11.536120,1,14.824138,1
/shared/home/sarim.hashmi/usenix/benchmark/newbench_norm/real/A_bus_travels_on_a_road_near_buildings_and_parked_vehicles.png,0,12.669290,1,15.208456,1
/shared/home/sarim.hashmi/usenix/benchmark/newbench_norm/real/A_bus_window_with_finger_writing_on_it..png,0,12.694882,1,14.991521,1
/shared/home/sarim.hashmi/usenix/benchmark/newbench_norm/real/A_bus_with_a_mural_on_the_side_and_front..png,0,12.785691,1,15.481309,1
/shared/home/sarim.hashmi/usenix/benchmark/newbench_norm/real/A_busy_city_street_filled_with_people_walling_and_street_signs..png,0,13.020605,1,15.393584,1
/shared/home/sarim.hashmi/usenix/benchmark/newbench_norm/real/A_busy_city_street_with_dimly_lit_trees_at_night..png,0,12.663961,1,15.622988,1
/shared/home/sarim.hashmi/usenix/benchmark/newbench_norm/real/A_cage_packed_full_of_yellow_parakeets._.png,0,12.567271,1,14.905694,1
/shared/home/sarim.hashmi/usenix/benchmark/newbench_norm/real/A_cake_cover_is_made_to_look_like_a_wire_birdcage._.png,0,13.834095,1,15.396771,1
/shared/home/sarim.hashmi/usenix/benchmark/newbench_norm/real/A_calico_cat_drinking_water_from_a_running_tap_in_a_bathroom..png,0,12.802661,1,13.985764,1
/shared/home/sarim.hashmi/usenix/benchmark/newbench_norm/real/A_car_is_parked_on_the_street_by_some_signs..png,0,11.743577,1,14.648751,1
/shared/home/sarim.hashmi/usenix/benchmark/newbench_norm/real/A_car_is_waiting_beside_people_standing_on_the_sidewalk..png,0,12.233028,1,15.297414,1
/shared/home/sarim.hashmi/usenix/benchmark/newbench_norm/real/A_cat_in_a_birthday_hat_is_lying_on_a_couch..png,0,12.744837,1,15.097639,1
/shared/home/sarim.hashmi/usenix/benchmark/newbench_norm/real/A_cat_is_drinking_water_from_the_toilet_bowl.png,0,12.028688,1,14.669654,1
/shared/home/sarim.hashmi/usenix/benchmark/newbench_norm/real/A_cat_laying_next_to_a_stainless_steel_bowl..png,0,13.623734,1,14.775495,1
/shared/home/sarim.hashmi/usenix/benchmark/newbench_norm/real/A_cat_laying_on_a_cushion_on_top_of_a_table..png,0,14.239004,1,15.765520,1
/shared/home/sarim.hashmi/usenix/benchmark/newbench_norm/real/A_cat_looking_out_of_a_vehicle_window_during_rain..png,0,13.680097,1,15.896832,1
/shared/home/sarim.hashmi/usenix/benchmark/newbench_norm/real/A_cat_lying_in_a_white_sink_in_the_bathroom._.png,0,12.047612,1,15.126866,1
/shared/home/sarim.hashmi/usenix/benchmark/newbench_norm/real/A_cat_sits_on_the_edge_of_a_bathroom_sink..png,0,12.203989,1,15.089069,1
/shared/home/sarim.hashmi/usenix/benchmark/newbench_norm/real/A_cat_sitting_on_top_of_a_green_car..png,0,12.337027,1,14.409630,1
/shared/home/sarim.hashmi/usenix/benchmark/newbench_norm/real/A_cat_sitting_on_top_of_a_window_sill_over_a_sink..png,0,13.573526,1,15.616033,1
/shared/home/sarim.hashmi/usenix/benchmark/newbench_norm/real/A_cat_sitting_outside_on_a_bench_on_a_sunny_day..png,0,12.127753,1,14.591753,1
/shared/home/sarim.hashmi/usenix/benchmark/newbench_norm/real/A_cat_sitting_outside_on_some_cobble_stone..png,0,13.229815,1,15.205235,1
/shared/home/sarim.hashmi/usenix/benchmark/newbench_norm/real/A_cat_standing_on_top_of_a_toilet_seat_next_to_a_sink..png,0,12.152068,1,14.978932,1
/shared/home/sarim.hashmi/usenix/benchmark/newbench_norm/real/A_cat_standing_on_top_of_a_wooden_bench..png,0,13.320861,1,15.296351,1
/shared/home/sarim.hashmi/usenix/benchmark/newbench_norm/real/A_center_island_in_a_kitchen_covered_in_a_fan..png,0,12.607280,1,15.239354,1
/shared/home/sarim.hashmi/usenix/benchmark/newbench_norm/real/A_chair_and_a_table_in_a_small_room..png,0,12.611894,1,14.741613,1
/shared/home/sarim.hashmi/usenix/benchmark/newbench_norm/real/A_cheesy_pastry_sitting_on_top_of_a_plate..png,0,12.844269,1,15.307452,1
/shared/home/sarim.hashmi/usenix/benchmark/newbench_norm/real/A_church_with_a_massively_tall_tower_covered_in_a_clock..png,0,13.303387,1,14.463682,1
/shared/home/sarim.hashmi/usenix/benchmark/newbench_norm/real/A_city_street_filled_with_lots_of_traffic..png,0,13.599020,1,15.445422,1
/shared/home/sarim.hashmi/usenix/benchmark/newbench_norm/real/A_city_street_filled_with_traffic_and_parking_lights..png,0,13.160837,1,14.597568,1
/shared/home/sarim.hashmi/usenix/benchmark/newbench_norm/real/A_city_traffic_light_is_red_with_a_large_billow_of_smoke_in_the_background..png,0,12.269513,1,15.534240,1
/shared/home/sarim.hashmi/usenix/benchmark/newbench_norm/real/A_classic_car_waiting_at_a_3-way_stop_sign..png,0,12.111491,1,15.160650,1
/shared/home/sarim.hashmi/usenix/benchmark/newbench_norm/real/A_clock_mounted_on_a_wall_over_the_doorway_of_a_kitchen..png,0,12.856914,1,15.442214,1
/shared/home/sarim.hashmi/usenix/benchmark/newbench_norm/real/A_close-up_of_a_tropical_bird_with_a_mirror_behind_it..png,0,13.519919,1,14.520696,1
/shared/home/sarim.hashmi/usenix/benchmark/newbench_norm/real/A_close-up_shot_of_a_metal_squat_toilet..png,0,13.206225,1,15.449051,1
/shared/home/sarim.hashmi/usenix/benchmark/newbench_norm/real/A_close-up_view_of_a_green_and_yellow_fire_hydrant..png,0,12.883604,1,14.868804,1
/shared/home/sarim.hashmi/usenix/benchmark/newbench_norm/real/A_close_up_of_a_peacock_who_is_behind_an_enclosure._.png,0,10.162605,1,15.081203,1
/shared/home/sarim.hashmi/usenix/benchmark/newbench_norm/real/A_colorful_bus_is_parked_on_the_street..png,0,12.159678,1,15.529616,1
/shared/home/sarim.hashmi/usenix/benchmark/newbench_norm/real/A_commercial_airplane_either_landing_or_preparing_for_take_off..png,0,13.166629,1,14.270707,1
/shared/home/sarim.hashmi/usenix/benchmark/newbench_norm/real/A_corner_of_street_with_a_building_showing_a_bowling_pin..png,0,12.755160,1,14.949701,1
/shared/home/sarim.hashmi/usenix/benchmark/newbench_norm/real/A_couch_on_the_side_of_the_street_with_a_television_on_it..png,0,12.767066,1,14.924712,1
/shared/home/sarim.hashmi/usenix/benchmark/newbench_norm/real/A_couple_of_baby_sheep_standing_next_to_each_other..png,0,13.543057,1,15.387357,1
/shared/home/sarim.hashmi/usenix/benchmark/newbench_norm/real/A_couple_of_bathrooms_one_with_a_standing_toilet_next_to_one_with_a_sitting_toilet..png,0,12.158151,1,15.292153,1
/shared/home/sarim.hashmi/usenix/benchmark/newbench_norm/real/A_couple_of_bicycles_sitting_in_a_large_garden..png,0,13.093148,1,14.328268,1
/shared/home/sarim.hashmi/usenix/benchmark/newbench_norm/real/A_couple_of_birds_fly_through_a_blue_cloudy_sky..png,0,13.321553,1,14.183440,1
/shared/home/sarim.hashmi/usenix/benchmark/newbench_norm/real/A_couple_of_birds_standing_on_top_of__a_wooden_bench..png,0,12.108541,1,14.027093,1
/shared/home/sarim.hashmi/usenix/benchmark/newbench_norm/real/A_couple_of_captive_giraffes_look_around_the_ground_in_the_zoo._.png,0,10.562199,1,14.761582,1
/shared/home/sarim.hashmi/usenix/benchmark/newbench_norm/real/A_couple_of_giraffe_in_a_field_near_some_trees..png,0,12.626914,1,15.246835,1
/shared/home/sarim.hashmi/usenix/benchmark/newbench_norm/real/A_couple_of_giraffe_standing_next_to_a_doorway..png,0,11.459332,1,15.247547,1
/shared/home/sarim.hashmi/usenix/benchmark/newbench_norm/real/A_couple_of_giraffe_standing_next_to_each_other..png,0,12.229171,1,15.446802,1
/shared/home/sarim.hashmi/usenix/benchmark/newbench_norm/real/A_couple_of_older_men_sitting_on_top_of_a_bench..png,0,12.466336,1,14.827179,1
/shared/home/sarim.hashmi/usenix/benchmark/newbench_norm/real/A_couple_of_people_flying_kites_on_top_of_a_beach..png,0,12.366669,1,14.258664,1
/shared/home/sarim.hashmi/usenix/benchmark/newbench_norm/real/A_couple_of_people_standing_in_a_field_flying_a_giant_kite..png,0,13.705199,1,15.946165,1
/shared/home/sarim.hashmi/usenix/benchmark/newbench_norm/real/A_couple_of_people_standing_next_to_a_food_cart_filled_with_smoke..png,0,13.117179,1,15.642552,1
/shared/home/sarim.hashmi/usenix/benchmark/newbench_norm/real/A_couple_of_people_that_are_holding_an_umbrellas..png,0,11.733673,1,15.562104,1
/shared/home/sarim.hashmi/usenix/benchmark/newbench_norm/real/A_couple_of_red_motorcycles_parked_in_front_of_a_building..png,0,11.715521,1,16.008675,1
/shared/home/sarim.hashmi/usenix/benchmark/newbench_norm/real/A_couple_of_red_trains_parked_in_a_train_station..png,0,13.145874,1,14.519145,1
/shared/home/sarim.hashmi/usenix/benchmark/newbench_norm/real/A_couple_of_wooden_benches_sitting_across_from_each_other..png,0,13.988647,1,13.841488,1
/shared/home/sarim.hashmi/usenix/benchmark/newbench_norm/real/A_couple_of_zebra_walking_next_to_a_giraffe_on_a_lush_green_field..png,0,9.843789,1,14.286395,1
/shared/home/sarim.hashmi/usenix/benchmark/newbench_norm/real/A_crowded_city_street_filled_with_traffic_at_night..png,0,11.351749,1,14.762954,1
/shared/home/sarim.hashmi/usenix/benchmark/newbench_norm/real/A_crystal_bowl_filled_with_oranges_on_top_of_a_table..png,0,12.761275,1,14.925269,1
/shared/home/sarim.hashmi/usenix/benchmark/newbench_norm/real/A_custom_cake_featuring_a_fisherman_for_a_man's_65th_birthday._.png,0,13.112701,1,14.953956,1
/shared/home/sarim.hashmi/usenix/benchmark/newbench_norm/real/A_desktop_computer_in_a_kitchen_with_a_lamp_next_to_it..png,0,12.468657,1,14.607104,1
/shared/home/sarim.hashmi/usenix/benchmark/newbench_norm/real/A_dinning_room_table_sitting_next_to_a_small_fireplace..png,0,13.222938,1,15.451444,1
/shared/home/sarim.hashmi/usenix/benchmark/newbench_norm/real/A_dirty_toilet_that_is_in_a_bathroom..png,0,13.172332,1,14.776295,1
/shared/home/sarim.hashmi/usenix/benchmark/newbench_norm/real/A_distant_airplane_flying_between_two_large_buildings..png,0,11.003216,1,15.085612,1
/shared/home/sarim.hashmi/usenix/benchmark/newbench_norm/real/A_distant_shot_with_people_approaching_the_bus._.png,0,12.994107,1,14.762243,1
/shared/home/sarim.hashmi/usenix/benchmark/newbench_norm/real/A_dog_and_a_goat_with_their_noses_touching_at_fence..png,0,13.268993,1,15.336368,1
/shared/home/sarim.hashmi/usenix/benchmark/newbench_norm/real/A_dog_is_posing_on_top_of_a_motorcycle._.png,0,12.493974,1,15.641908,1
/shared/home/sarim.hashmi/usenix/benchmark/newbench_norm/real/A_dog_laying_on_the_dashboard_of_a_vehicle..png,0,12.379754,1,14.313587,1
/shared/home/sarim.hashmi/usenix/benchmark/newbench_norm/real/A_dog_sitting_in_the_passenger_seat_of_a_car..png,0,13.838620,1,15.116169,1
/shared/home/sarim.hashmi/usenix/benchmark/newbench_norm/real/A_dog_wearing_a_Santa_Claus_hat._.png,0,12.730266,1,14.941051,1
/shared/home/sarim.hashmi/usenix/benchmark/newbench_norm/real/A_donkey_leads_a_herd_of_sheep_down_a_busy_street..png,0,12.792855,1,15.388925,1
"/shared/home/sarim.hashmi/usenix/benchmark/newbench_norm/real/A_doorway_view_with_a_toilet,_shower_and_a_sink..png",0,12.841441,1,15.227998,1
/shared/home/sarim.hashmi/usenix/benchmark/newbench_norm/real/A_double_decker_bus_driving_down_a_street..png,0,11.387032,1,14.765981,1
/shared/home/sarim.hashmi/usenix/benchmark/newbench_norm/real/A_double_decker_bus_driving_down_a_street_past_a_tall_building..png,0,12.775635,1,15.369657,1
/shared/home/sarim.hashmi/usenix/benchmark/newbench_norm/real/A_duck_and_baby_ducks_are_in_the_blue_water..png,0,13.416839,1,15.261327,1
/shared/home/sarim.hashmi/usenix/benchmark/newbench_norm/real/A_faded_red_fire_hydrant_sitting_on_the_side_of_a_street..png,0,13.004335,1,15.157832,1
/shared/home/sarim.hashmi/usenix/benchmark/newbench_norm/real/A_family_of_giraffes_standing_next_to_a_pile_of_logs..png,0,11.959597,1,15.729115,1
/shared/home/sarim.hashmi/usenix/benchmark/newbench_norm/real/A_fancy_motorcycle_parked_on_a_red_carpet.png,0,13.588015,1,15.615939,1
/shared/home/sarim.hashmi/usenix/benchmark/newbench_norm/real/A_field_full_of_lots_of_yellow_flowers_with_a_train_passing_it_by..png,0,13.412189,1,15.157176,1
/shared/home/sarim.hashmi/usenix/benchmark/newbench_norm/real/A_fire_burns_while_a_person_rides_a_green_motorcycle_and_several_motorcycles_are_flipping_in_the_air.png,0,12.722396,1,15.305714,1
/shared/home/sarim.hashmi/usenix/benchmark/newbench_norm/real/A_fire_hydrant_covered_up_halfway_with_snow..png,0,12.044259,1,15.062299,1
/shared/home/sarim.hashmi/usenix/benchmark/newbench_norm/real/A_fire_hydrant_in_the_grass_near_the_curb_with_the_remnants_of_melting_snow.png,0,13.340756,1,14.443156,1
"/shared/home/sarim.hashmi/usenix/benchmark/newbench_norm/real/A_fire_hydrant_on_the_side_of_the_road,_it_looks_old..png",0,13.776416,1,14.863186,1
/shared/home/sarim.hashmi/usenix/benchmark/newbench_norm/real/A_fire_hydrant_sitting_next_to_a_tree_in_a_forest..png,0,11.818831,1,15.286427,1
/shared/home/sarim.hashmi/usenix/benchmark/newbench_norm/real/A_fire_hydrant_that_is_red_on_top_and_says_to_open..png,0,11.923615,1,15.650599,1
/shared/home/sarim.hashmi/usenix/benchmark/newbench_norm/real/A_fire_hydrant_that_is_spewing_water_in_the_middle_of_a_city..png,0,11.733883,1,15.001742,1
/shared/home/sarim.hashmi/usenix/benchmark/newbench_norm/real/A_flock_of_birds_are_flying_above_the_spire_of_a_building_tower..png,0,14.482438,1,14.651051,1
/shared/home/sarim.hashmi/usenix/benchmark/newbench_norm/real/A_flock_of_sheep_graze_on_a_hillside..png,0,13.032404,1,15.354641,1
/shared/home/sarim.hashmi/usenix/benchmark/newbench_norm/real/A_flock_of_sheep_grazing_in_a_field_of_grass..png,0,13.170079,1,15.431200,1
/shared/home/sarim.hashmi/usenix/benchmark/newbench_norm/real/A_folk_of_birds_flying_over_a_military_ship..png,0,13.278678,1,13.649400,1
/shared/home/sarim.hashmi/usenix/benchmark/newbench_norm/real/A_formation_of_birds_in_a_sky_at_sunset..png,0,13.631833,1,14.068131,1
/shared/home/sarim.hashmi/usenix/benchmark/newbench_norm/real/A_four_engine_Air_Algerie_prop_plane_with_landing_gear_out.png,0,12.585476,1,14.155759,1
/shared/home/sarim.hashmi/usenix/benchmark/newbench_norm/real/A_frozen_fire_hydrant_spewing_ice_out_into_a_street..png,0,12.623877,1,14.922740,1
"/shared/home/sarim.hashmi/usenix/benchmark/newbench_norm/real/A_full_perspective_of_a_restroom_view_with_a_few_things._
.png",0,13.270701,1,15.178782,1
/shared/home/sarim.hashmi/usenix/benchmark/newbench_norm/real/A_full_view_of_a_nice_and_comfortable_bed_with_pillows._.png,0,12.610032,1,14.845769,1
/shared/home/sarim.hashmi/usenix/benchmark/newbench_norm/real/A_gang_of_bikers_riding_down_a_street_next_to_tall_buildings..png,0,13.243635,1,15.485498,1
/shared/home/sarim.hashmi/usenix/benchmark/newbench_norm/real/A_garden_is_surrounded_by_a_train_and_phone_booth._.png,0,13.246634,1,15.930961,1
/shared/home/sarim.hashmi/usenix/benchmark/newbench_norm/real/A_giraffe_grazing_from_a_tree_with_rock_wall_in_background..png,0,10.231879,1,15.603826,1
/shared/home/sarim.hashmi/usenix/benchmark/newbench_norm/real/A_giraffe_in_a_grassy_field_near_a_hill..png,0,12.526606,1,14.751431,1
/shared/home/sarim.hashmi/usenix/benchmark/newbench_norm/real/A_giraffe_laying_on_the_ground_near_a_fence..png,0,13.207545,1,15.219691,1
/shared/home/sarim.hashmi/usenix/benchmark/newbench_norm/real/A_giraffe_stand_in_front_of_large_rocks_and_looks_at_a_tree..png,0,12.692050,1,15.059070,1
/shared/home/sarim.hashmi/usenix/benchmark/newbench_norm/real/A_giraffe_standing_next_to_a_tall_tree..png,0,12.483395,1,15.341937,1
/shared/home/sarim.hashmi/usenix/benchmark/newbench_norm/real/A_giraffe_standing_on_a_dirt_road_next_to_plants..png,0,13.020341,1,15.011310,1
/shared/home/sarim.hashmi/usenix/benchmark/newbench_norm/real/A_giraffe_standing_on_top_of_a_lush_green_field..png,0,12.148506,1,14.661291,1
/shared/home/sarim.hashmi/usenix/benchmark/newbench_norm/real/A_giraffe_stands_with_several_birds_resting_on_it's_neck._.png,0,13.597204,1,15.265627,1
/shared/home/sarim.hashmi/usenix/benchmark/newbench_norm/real/A_giraffe_walking_across_a_dirt_and_grass_field..png,0,13.053139,1,15.007217,1
/shared/home/sarim.hashmi/usenix/benchmark/newbench_norm/real/A_giraffe_walking_across_a_lush_green_field..png,0,12.711991,1,15.280809,1
/shared/home/sarim.hashmi/usenix/benchmark/newbench_norm/real/A_giraffe_walking_in_a_field_with_gazelle's_looking_on._.png,0,13.027707,1,15.081452,1
/shared/home/sarim.hashmi/usenix/benchmark/newbench_norm/real/A_giraffe_walking_in_a_sandy_enclosure_.png,0,12.221545,1,15.256483,1
/shared/home/sarim.hashmi/usenix/benchmark/newbench_norm/real/A_girl_holding_a_skewer_with_a_banana_on_the_end.__.png,0,11.968090,1,15.060426,1
/shared/home/sarim.hashmi/usenix/benchmark/newbench_norm/real/A_girl_in_white_shirt_painting_a_black_umbrella..png,0,12.196911,1,14.641132,1
/shared/home/sarim.hashmi/usenix/benchmark/newbench_norm/real/A_girl_takes_a_picture_of_herself_in_the_mirror..png,0,13.136153,1,15.052499,1
/shared/home/sarim.hashmi/usenix/benchmark/newbench_norm/real/A_goat_standing_next_to_a_tree_in_the_open..png,0,13.892520,1,15.434502,1
/shared/home/sarim.hashmi/usenix/benchmark/newbench_norm/real/A_goat_with_very_long_horns_standing_in_front_of_a_tree..png,0,13.700132,1,14.840152,1
/shared/home/sarim.hashmi/usenix/benchmark/newbench_norm/real/A_gray_and_black_bird_sitting_next_to_the_ocean..png,0,12.691485,1,14.759190,1
/shared/home/sarim.hashmi/usenix/benchmark/newbench_norm/real/A_gray_and_white_cat_sitting_in_blue_bowl..png,0,12.788163,1,15.161052,1
/shared/home/sarim.hashmi/usenix/benchmark/newbench_norm/real/A_gray_and_yellow_train_traveling_along_the_tracks.png,0,11.723012,1,14.516738,1
/shared/home/sarim.hashmi/usenix/benchmark/newbench_norm/real/A_gray_motorcycle_parked_in_a_parking_lot..png,0,12.239754,1,14.934935,1
/shared/home/sarim.hashmi/usenix/benchmark/newbench_norm/real/A_green_and_blue_bus_stopped_to_discharge_passengers..png,0,12.393287,1,15.022580,1
/shared/home/sarim.hashmi/usenix/benchmark/newbench_norm/real/A_green_and_white_bus_driving_down_a__city_street..png,0,12.170093,1,15.682837,1
/shared/home/sarim.hashmi/usenix/benchmark/newbench_norm/real/A_green_mailbox_with_graffiti_on_the_side.png,0,12.586410,1,15.589820,1
/shared/home/sarim.hashmi/usenix/benchmark/newbench_norm/real/A_green_mountain_bike_sitting_next_to_a_bridge_as_a_train_passes_by..png,0,12.484549,1,15.747796,1
/shared/home/sarim.hashmi/usenix/benchmark/newbench_norm/real/A_green_street_sign_sitting_below_a_large_tree..png,0,12.607829,1,15.170600,1
/shared/home/sarim.hashmi/usenix/benchmark/newbench_norm/real/A_green_train_traveling_down_train_tracks_next_to_another_train..png,0,11.635522,1,15.122024,1
/shared/home/sarim.hashmi/usenix/benchmark/newbench_norm/real/A_green_truck_parked_in_the_middle_of_a_garage..png,0,11.852405,1,15.478089,1
/shared/home/sarim.hashmi/usenix/benchmark/newbench_norm/real/A_grey_and_white_cat_outside_looking_into_a_window..png,0,11.909190,1,15.378455,1
/shared/home/sarim.hashmi/usenix/benchmark/newbench_norm/real/A_group_of_bikers_parked_in_the_middle_of_a_street..png,0,12.626256,1,15.245175,1
/shared/home/sarim.hashmi/usenix/benchmark/newbench_norm/real/A_group_of_birds_eating_at_a_bird_feeder.png,0,13.052924,1,15.642797,1
/shared/home/sarim.hashmi/usenix/benchmark/newbench_norm/real/A_group_of_elephants_are_standing_under_a_roof_cover..png,0,13.164709,1,15.067792,1
/shared/home/sarim.hashmi/usenix/benchmark/newbench_norm/real/A_group_of_giraffe_standing_next_to_each_other_on_a_field..png,0,11.165625,1,14.748822,1
/shared/home/sarim.hashmi/usenix/benchmark/newbench_norm/real/A_group_of_giraffe_standing_on_top_of_a_dirt_field..png,0,13.055513,1,15.387064,1
/shared/home/sarim.hashmi/usenix/benchmark/newbench_norm/real/A_group_of_giraffes_next_to_a_fence..png,0,11.436589,1,15.247029,1
/shared/home/sarim.hashmi/usenix/benchmark/newbench_norm/real/A_group_of_knives_mounted_to_a_kitchen_wall..png,0,9.764243,1,15.353516,1
/shared/home/sarim.hashmi/usenix/benchmark/newbench_norm/real/A_group_of_men_standing_around_a_luggage_cart..png,0,12.869506,1,15.493770,1
/shared/home/sarim.hashmi/usenix/benchmark/newbench_norm/real/A_group_of_men_standing_in_front_of_a_bar_having_a_conversation..png,0,12.336865,1,15.140669,1
/shared/home/sarim.hashmi/usenix/benchmark/newbench_norm/real/A_group_of_motorcycles_parked_in_front_of_a_building..png,0,11.056187,1,15.628924,1
/shared/home/sarim.hashmi/usenix/benchmark/newbench_norm/real/A_group_of_people_are_playing_some_musical_instruments..png,0,12.117808,1,15.322164,1
/shared/home/sarim.hashmi/usenix/benchmark/newbench_norm/real/A_group_of_people_eating_at_tables_under_umbrellas_in_front_of_a_restaurant..png,0,11.805110,1,15.516343,1
/shared/home/sarim.hashmi/usenix/benchmark/newbench_norm/real/A_group_of_people_in_suits_standing_in_a_kitchen..png,0,13.534064,1,15.370417,1
/shared/home/sarim.hashmi/usenix/benchmark/newbench_norm/real/A_group_of_people_on_a_city_street..png,0,11.797822,1,15.505072,1
/shared/home/sarim.hashmi/usenix/benchmark/newbench_norm/real/A_group_of_people_on_motorbikes_ride_on_a_path..png,0,13.211516,1,15.880175,1
/shared/home/sarim.hashmi/usenix/benchmark/newbench_norm/real/A_group_of_people_sitting_and_laying_next_to_each_other..png,0,13.060162,1,15.574591,1
/shared/home/sarim.hashmi/usenix/benchmark/newbench_norm/real/A_group_of_people_sitting_on_motor_bikes_on_a_street..png,0,9.822206,1,15.773810,1
/shared/home/sarim.hashmi/usenix/benchmark/newbench_norm/real/A_group_of_people_sitting_on_strange_looking_benches._.png,0,13.189382,1,15.432563,1
/shared/home/sarim.hashmi/usenix/benchmark/newbench_norm/real/A_group_of_people_standing_outside_of_a_small_airplane..png,0,12.778518,1,15.530599,1
/shared/home/sarim.hashmi/usenix/benchmark/newbench_norm/real/A_group_of_police_officer_standing_in_front_of_a_red_bus..png,0,12.945689,1,14.761981,1
/shared/home/sarim.hashmi/usenix/benchmark/newbench_norm/real/A_group_of_sheep_being_herded_by_a_black_dog..png,0,12.524690,1,14.690454,1
/shared/home/sarim.hashmi/usenix/benchmark/newbench_norm/real/A_group_of_sheep_is_standing_in_a_grassy_field..png,0,12.961711,1,14.906787,1
/shared/home/sarim.hashmi/usenix/benchmark/newbench_norm/real/A_group_of_sheep_sitting_next_to_a_tree..png,0,13.337342,1,15.209510,1
/shared/home/sarim.hashmi/usenix/benchmark/newbench_norm/real/A_group_of_small_exotic_birds_standing_on_a_large_bamboo_stick..png,0,12.451529,1,14.704714,1
/shared/home/sarim.hashmi/usenix/benchmark/newbench_norm/real/A_group_of_three_women_sitting_at_a_table_sharing_a_cup_of_tea..png,0,12.490609,1,15.174479,1
/shared/home/sarim.hashmi/usenix/benchmark/newbench_norm/real/A_group_of_women_standing_next_to_each_other_in_an_office..png,0,12.798315,1,15.311847,1
/shared/home/sarim.hashmi/usenix/benchmark/newbench_norm/real/A_guy_rides_a_bike_in_a_race_and_has_fun.png,0,12.444540,1,15.389224,1
/shared/home/sarim.hashmi/usenix/benchmark/newbench_norm/real/A_herd_of_animals_laying_down_in_a_lush_green_field..png,0,11.050822,1,15.095084,1
/shared/home/sarim.hashmi/usenix/benchmark/newbench_norm/real/A_herd_of_sheep_standing_on_a_grass_covered_hillside..png,0,12.299264,1,14.629395,1
/shared/home/sarim.hashmi/usenix/benchmark/newbench_norm/real/A_highway_scene_with_focus_on_an_exit_sign..png,0,14.031852,1,13.738441,1
/shared/home/sarim.hashmi/usenix/benchmark/newbench_norm/real/A_jet_is_flying_through_the_air_leaving_smoke_behind_it..png,0,13.263152,1,13.882934,1
"/shared/home/sarim.hashmi/usenix/benchmark/newbench_norm/real/A_kitchen_area_with_shelves,_counter_and_bar_stools..png",0,13.841088,1,15.127130,1
/shared/home/sarim.hashmi/usenix/benchmark/newbench_norm/real/A_kitchen_filled_with_appliances_and_track_lighting..png,0,13.072754,1,15.095035,1
/shared/home/sarim.hashmi/usenix/benchmark/newbench_norm/real/A_kitchen_filled_with_clutter_all_over_it's_counter..png,0,13.338735,1,15.106843,1
/shared/home/sarim.hashmi/usenix/benchmark/newbench_norm/real/A_kitchen_filled_with_wooden_cabinets_and_a_table..png,0,12.679809,1,15.549609,1
"/shared/home/sarim.hashmi/usenix/benchmark/newbench_norm/real/A_kitchen_is_displayed,_showing_wooden_cabinets_and_a_blue_tiled_counter_top..png",0,13.201267,1,15.250892,1
/shared/home/sarim.hashmi/usenix/benchmark/newbench_norm/real/A_kitchen_scene_with_focus_on_a_sink_and_oven..png,0,10.940741,1,14.832698,1
/shared/home/sarim.hashmi/usenix/benchmark/newbench_norm/real/A_kitchen_that_has_a_sink_and_cabinets_in_it..png,0,11.884727,1,15.394696,1
"/shared/home/sarim.hashmi/usenix/benchmark/newbench_norm/real/A_kitchen_that_has_different_types_of_pots,_and_pans_on_a_stove..png",0,12.484839,1,14.976258,1
"/shared/home/sarim.hashmi/usenix/benchmark/newbench_norm/real/A_kitchen_that_includes_a_stove,_ovens_and_refrigerator..png",0,13.421791,1,15.342996,1
/shared/home/sarim.hashmi/usenix/benchmark/newbench_norm/real/A_kitchen_that_is_ready_to_have_appliances_put_into_it..png,0,12.642451,1,14.654492,1
"/shared/home/sarim.hashmi/usenix/benchmark/newbench_norm/real/A_kitchen_with_a_refrigerator,_sink,_drawers_and_cabinets._.png",0,13.792945,1,13.541118,1
/shared/home/sarim.hashmi/usenix/benchmark/newbench_norm/real/A_kitchen_with_a_stove_and_a_microwave..png,0,12.662475,1,15.205122,1
/shared/home/sarim.hashmi/usenix/benchmark/newbench_norm/real/A_kitchen_with_a_wooden_table__with_a_cat_sleeping_on_top_of_it..png,0,13.424441,1,15.660100,1
"/shared/home/sarim.hashmi/usenix/benchmark/newbench_norm/real/A_kitchen_with_an_oven,_stove_,_sink,_microwave_and_refrigerator..png",0,13.124681,1,15.152150,1
/shared/home/sarim.hashmi/usenix/benchmark/newbench_norm/real/A_kitchen_with_granite_counter_tops_and_a_large_oven..png,0,14.022096,1,15.541687,1
/shared/home/sarim.hashmi/usenix/benchmark/newbench_norm/real/A_kitchen_with_lots_of_black_counter_top_space..png,0,12.411642,1,14.191682,1
/shared/home/sarim.hashmi/usenix/benchmark/newbench_norm/real/A_kitchen_with_lots_of_clutter_a_door_with_a_large_window..png,0,12.633885,1,15.450858,1
/shared/home/sarim.hashmi/usenix/benchmark/newbench_norm/real/A_kitchen_with_wooden_cabinets_and_a_fridge.png,0,13.216455,1,14.987606,1
/shared/home/sarim.hashmi/usenix/benchmark/newbench_norm/real/A_kitchen_with_wooden_counter_tops_and_a_stove_top_oven..png,0,13.280026,1,14.779453,1
/shared/home/sarim.hashmi/usenix/benchmark/newbench_norm/real/A_kitchen_with_wooden_walls_and_cabinets_with_lighting..png,0,12.757950,1,15.033237,1
/shared/home/sarim.hashmi/usenix/benchmark/newbench_norm/real/A_kitten_eating_food_out_of_a_dish_on_the_kitchen_floor..png,0,11.609440,1,15.785668,1
/shared/home/sarim.hashmi/usenix/benchmark/newbench_norm/real/A_lady_in_bed_with_oxygen_tube_and_a_dog..png,0,13.314218,1,14.349172,1
/shared/home/sarim.hashmi/usenix/benchmark/newbench_norm/real/A_lady_with_a_flower_in_her_hair_taking_of_picture_of_herself_in_a_mirror..png,0,12.694266,1,15.670608,1
/shared/home/sarim.hashmi/usenix/benchmark/newbench_norm/real/A_laptop_computer_on_a_table_in_the_passenger_cabin_of_an_airplane..png,0,13.452415,1,14.806330,1
/shared/home/sarim.hashmi/usenix/benchmark/newbench_norm/real/A_laptop_computer_sitting_on_top_of_a_computer_desk..png,0,13.282136,1,14.823815,1
/shared/home/sarim.hashmi/usenix/benchmark/newbench_norm/real/A_large_air_plane_smoking_and_parked_in_the_snow_._.png,0,12.981497,1,14.202157,1
/shared/home/sarim.hashmi/usenix/benchmark/newbench_norm/real/A_large_airplane_flies_overhead_through_the_sky..png,0,13.266192,1,14.743149,1
/shared/home/sarim.hashmi/usenix/benchmark/newbench_norm/real/A_large_airplane_flying_over_a_lush_green_hillside..png,0,13.793626,1,15.838436,1
/shared/home/sarim.hashmi/usenix/benchmark/newbench_norm/real/A_large_bird_sitting_on_top_of_a_tree..png,0,12.327341,1,14.097632,1
/shared/home/sarim.hashmi/usenix/benchmark/newbench_norm/real/A_large_blue_train_on_a_steel_track..png,0,12.462112,1,15.437934,1
/shared/home/sarim.hashmi/usenix/benchmark/newbench_norm/real/A_large_body_of_water_in_front_of_a_shoreline_with_a_long_train_bridge..png,0,12.106364,1,14.542400,1
/shared/home/sarim.hashmi/usenix/benchmark/newbench_norm/real/A_large_collection_of_cooking_utensils_hanging_on_a_wall..png,0,8.803978,1,15.640626,1
/shared/home/sarim.hashmi/usenix/benchmark/newbench_norm/real/A_large_exit_street_sign_laying_on_the_ground..png,0,12.490178,1,14.654910,1
"/shared/home/sarim.hashmi/usenix/benchmark/newbench_norm/real/A_large_filled_with_lots_of_purple_flowers_behind_a_blue_sign
.png",0,12.089540,1,15.190163,1
/shared/home/sarim.hashmi/usenix/benchmark/newbench_norm/real/A_large_giraffe_standing_behind_a_wire_fence..png,0,11.447364,1,15.195903,1
/shared/home/sarim.hashmi/usenix/benchmark/newbench_norm/real/A_large_group_of_tall_giraffe_in_a_room..png,0,12.345447,1,14.291989,1
/shared/home/sarim.hashmi/usenix/benchmark/newbench_norm/real/A_large_jet_flying_through_a_cloudy_blue_sky..png,0,14.106241,1,14.125615,1
/shared/home/sarim.hashmi/usenix/benchmark/newbench_norm/real/A_large_jet_sitting_on_top_of_an_airport_tarmac..png,0,12.059088,1,15.615943,1
/shared/home/sarim.hashmi/usenix/benchmark/newbench_norm/real/A_large_jetliner_flying_over_a_tall_building_in_the_sky..png,0,13.591195,1,13.759246,1
/shared/home/sarim.hashmi/usenix/benchmark/newbench_norm/real/A_large_jetliner_flying_through_a_cloudy_blue_sky..png,0,12.957463,1,13.135534,1
/shared/home/sarim.hashmi/usenix/benchmark/newbench_norm/real/A_large_jetliner_sitting_on_top_of_an_airport_runway..png,0,13.591510,1,14.842077,1
/shared/home/sarim.hashmi/usenix/benchmark/newbench_norm/real/A_large_jetliner_sitting_on_top_of_an_airport_tarmac..png,0,12.090365,1,15.102137,1
/shared/home/sarim.hashmi/usenix/benchmark/newbench_norm/real/A_large_long_train_on_a_steel_track..png,0,12.881879,1,14.667350,1
/shared/home/sarim.hashmi/usenix/benchmark/newbench_norm/real/A_large_modern_bathroom_features_an_oversize_tub_and_walk-in_shower..png,0,13.207483,1,14.938198,1
/shared/home/sarim.hashmi/usenix/benchmark/newbench_norm/real/A_large_open_room_with_a_long_white_staircase..png,0,11.107486,1,14.926911,1
/shared/home/sarim.hashmi/usenix/benchmark/newbench_norm/real/A_large_passenger_jet_flying_over_the_top_of_a_forest..png,0,13.510384,1,14.615240,1
/shared/home/sarim.hashmi/usenix/benchmark/newbench_norm/real/A_large_white_airplane_with_blue_tail_parked..png,0,12.874329,1,15.039290,1
/shared/home/sarim.hashmi/usenix/benchmark/newbench_norm/real/A_large_white_bush_driving_down_a_city_street..png,0,11.719505,1,15.221455,1
/shared/home/sarim.hashmi/usenix/benchmark/newbench_norm/real/A_large_white_castle_like_building_with_a_statue_in_front._.png,0,13.865151,1,15.693416,1
/shared/home/sarim.hashmi/usenix/benchmark/newbench_norm/real/A_large_white_dog_statue_sitting_next_to_a_clock..png,0,13.276113,1,15.387894,1
/shared/home/sarim.hashmi/usenix/benchmark/newbench_norm/real/A_larger_passenger_jet_flying_through_a_blue_sky..png,0,12.489356,1,15.087509,1
"/shared/home/sarim.hashmi/usenix/benchmark/newbench_norm/real/A_left_turn_signal,_stoplight_and_street_sign_are_hanging_on_a_pole..png",0,10.568856,1,14.707899,1
/shared/home/sarim.hashmi/usenix/benchmark/newbench_norm/real/A_little_boy_in_the_airport_watching_an_airplane..png,0,13.101172,1,14.519583,1
/shared/home/sarim.hashmi/usenix/benchmark/newbench_norm/real/A_little_boy_wearing_a_hat_and_leather_boots..png,0,12.578277,1,14.997059,1
/shared/home/sarim.hashmi/usenix/benchmark/newbench_norm/real/A_little_girl_climbing_up_steps_to_touch_a_giraffe..png,0,13.115773,1,14.507921,1
"/shared/home/sarim.hashmi/usenix/benchmark/newbench_norm/real/A_little_girl_lies_on_a_wooden_bench,_eating_snacks_from_a_bag..png",0,13.176994,1,14.961756,1
/shared/home/sarim.hashmi/usenix/benchmark/newbench_norm/real/A_lone_woman_stands_at_an_empty_train_station..png,0,12.333201,1,15.215192,1
/shared/home/sarim.hashmi/usenix/benchmark/newbench_norm/real/A_long_bench_sitting_next_to_a_large_fence..png,0,11.065644,1,14.853636,1
/shared/home/sarim.hashmi/usenix/benchmark/newbench_norm/real/A_lot_of_birds_flying_around_on_a_beach..png,0,14.326259,1,14.899055,1
/shared/home/sarim.hashmi/usenix/benchmark/newbench_norm/real/A_lot_of_thought_went_into_decorating_this_rustic_bathroom..png,0,11.607778,1,15.305598,1
/shared/home/sarim.hashmi/usenix/benchmark/newbench_norm/real/A_man's_reflection_is_in_a_mirror_of_a_bathroom..png,0,12.720845,1,15.317018,1
"/shared/home/sarim.hashmi/usenix/benchmark/newbench_norm/real/A_man,_woman_and_child_in_an_advertisement_vehicle_for_a_seafood_restaurant..png",0,12.897557,1,14.901573,1
/shared/home/sarim.hashmi/usenix/benchmark/newbench_norm/real/A_man_admiring_a_dog_on_a_bench_made_of_books..png,0,11.953944,1,15.199493,1
/shared/home/sarim.hashmi/usenix/benchmark/newbench_norm/real/A_man_and_two_women_are_standing_beside_an_airplane..png,0,12.606961,1,15.018154,1
/shared/home/sarim.hashmi/usenix/benchmark/newbench_norm/real/A_man_and_two_women_walking_their_dogs_and_hiking_in_the_woods..png,0,11.544623,1,15.239580,1
/shared/home/sarim.hashmi/usenix/benchmark/newbench_norm/real/A_man_cycling_and_a_Stop_sign_at_the_front.png,0,13.024732,1,15.114717,1
/shared/home/sarim.hashmi/usenix/benchmark/newbench_norm/real/A_man_drives_fast_in_a_motorcycle_with_kids_in_the_sidecar.png,0,12.630541,1,14.000541,1
/shared/home/sarim.hashmi/usenix/benchmark/newbench_norm/real/A_man_fixing_a_traffic_light_while_on_a_cherry_picker..png,0,12.148057,1,15.072016,1
/shared/home/sarim.hashmi/usenix/benchmark/newbench_norm/real/A_man_flying_through_the_air_while_riding_a_snowboard..png,0,14.152165,1,14.876800,1
/shared/home/sarim.hashmi/usenix/benchmark/newbench_norm/real/A_man_flying_through_the_air_while_riding_a_surfboard..png,0,10.432221,1,14.601611,1
/shared/home/sarim.hashmi/usenix/benchmark/newbench_norm/real/A_man_in_a_dress_riding_a_tiger_motorcycle..png,0,12.324632,1,15.264565,1
/shared/home/sarim.hashmi/usenix/benchmark/newbench_norm/real/A_man_in_a_gray_jacket_standing_in_a_kitchen_next_to_a_black_dog..png,0,12.397399,1,15.075582,1
/shared/home/sarim.hashmi/usenix/benchmark/newbench_norm/real/A_man_in_a_wetsuit_is_holding_his_surfboard_on_the_pier._.png,0,11.543180,1,15.016324,1
/shared/home/sarim.hashmi/usenix/benchmark/newbench_norm/real/A_man_in_hipster_clothes_straddling_a_bicycle_on_the_sidewalk..png,0,11.833245,1,15.443665,1
/shared/home/sarim.hashmi/usenix/benchmark/newbench_norm/real/A_man_is_feeding_a_griaffe_off_of_the_stand.png,0,13.213174,1,15.340841,1
/shared/home/sarim.hashmi/usenix/benchmark/newbench_norm/real/A_man_is_sitting_in_a_beige_chair_in_a_living_room.png,0,10.622690,1,15.343627,1
/shared/home/sarim.hashmi/usenix/benchmark/newbench_norm/real/A_man_is_sitting_on_a_bench_reading_a_book..png,0,13.047751,1,15.355752,1
/shared/home/sarim.hashmi/usenix/benchmark/newbench_norm/real/A_man_laying_on_the_ground_in_front_of_a_motorcycle..png,0,11.648801,1,15.234911,1
/shared/home/sarim.hashmi/usenix/benchmark/newbench_norm/real/A_man_on_a_motorcycle_with_a_group_of_people_standing_around_it..png,0,13.038486,1,14.503133,1
/shared/home/sarim.hashmi/usenix/benchmark/newbench_norm/real/A_man_on_a_motorcycle_with_a_woman_on_back.png,0,12.152045,1,15.352494,1
/shared/home/sarim.hashmi/usenix/benchmark/newbench_norm/real/A_man_on_a_skateboard_riding_on_a_street..png,0,12.367868,1,15.001730,1
/shared/home/sarim.hashmi/usenix/benchmark/newbench_norm/real/A_man_on_bicycle_carrying_bunches_of_bananas_through_street..png,0,13.191135,1,14.822154,1
/shared/home/sarim.hashmi/usenix/benchmark/newbench_norm/real/A_man_preparing_food_in_a_restaurant_kitchen._.png,0,10.540732,1,15.797843,1
/shared/home/sarim.hashmi/usenix/benchmark/newbench_norm/real/A_man_races_a_motorcycle_on_a_track..png,0,12.941323,1,14.878432,1
/shared/home/sarim.hashmi/usenix/benchmark/newbench_norm/real/A_man_riding_a_bike_down_a_dark_city_street..png,0,11.670341,1,15.263412,1
/shared/home/sarim.hashmi/usenix/benchmark/newbench_norm/real/A_man_riding_a_bike_down_a_street..png,0,12.736352,1,15.088593,1
/shared/home/sarim.hashmi/usenix/benchmark/newbench_norm/real/A_man_riding_a_bike_down_a_street_past_a_young_man..png,0,12.823574,1,15.056221,1
/shared/home/sarim.hashmi/usenix/benchmark/newbench_norm/real/A_man_riding_a_bike_on_a_dirt_path_through_a_forest..png,0,11.720747,1,15.251417,1
/shared/home/sarim.hashmi/usenix/benchmark/newbench_norm/real/A_man_riding_a_motorcycle_across_a_sandy_beach..png,0,14.021187,1,14.531439,1
/shared/home/sarim.hashmi/usenix/benchmark/newbench_norm/real/A_man_riding_a_motorcycle_next_to_a_red_stop_sign..png,0,12.398787,1,15.360641,1
/shared/home/sarim.hashmi/usenix/benchmark/newbench_norm/real/A_man_riding_a_motorcycle_with_a_helmet_on._.png,0,12.772622,1,14.628148,1
/shared/home/sarim.hashmi/usenix/benchmark/newbench_norm/real/A_man_riding_on_the_back_of_another_mans_bike_in_the_street.png,0,11.193250,1,15.263633,1
/shared/home/sarim.hashmi/usenix/benchmark/newbench_norm/real/A_man_sees_a_double_reflection_in_his_mirror..png,0,11.827275,1,13.450143,1
/shared/home/sarim.hashmi/usenix/benchmark/newbench_norm/real/A_man_sitting_at_a_park_working_on_a_laptop_computer..png,0,12.356595,1,15.188365,1
/shared/home/sarim.hashmi/usenix/benchmark/newbench_norm/real/A_man_sitting_on_his_skateboard_in_a_field..png,0,11.942962,1,15.372835,1
/shared/home/sarim.hashmi/usenix/benchmark/newbench_norm/real/A_man_sleeping_on_a_navy_blue_pillow_with_a_TV_monitor_in_place_of_his_head._.png,0,12.145818,1,15.366014,1
/shared/home/sarim.hashmi/usenix/benchmark/newbench_norm/real/A_man_standing_in_front_of_a_mirror_above_a_counter..png,0,12.659293,1,14.463993,1
/shared/home/sarim.hashmi/usenix/benchmark/newbench_norm/real/A_man_standing_next_to_a_car_in_the_snow..png,0,11.657496,1,14.503810,1
/shared/home/sarim.hashmi/usenix/benchmark/newbench_norm/real/A_man_standing_next_to_a_motorcycle_on_the_side_of_a_hill..png,0,11.341356,1,15.309199,1
/shared/home/sarim.hashmi/usenix/benchmark/newbench_norm/real/A_man_standing_next_to_a_parked_motorcycle..png,0,11.383695,1,15.029796,1
/shared/home/sarim.hashmi/usenix/benchmark/newbench_norm/real/A_man_standing_next_to_a_woman_in_a_room..png,0,11.782243,1,14.839839,1
/shared/home/sarim.hashmi/usenix/benchmark/newbench_norm/real/A_man_standing_outdoors_next_to_a_dirt_bike_and_ATV..png,0,12.894559,1,15.323333,1
/shared/home/sarim.hashmi/usenix/benchmark/newbench_norm/real/A_man_standing_outside_of_a_building_next_to_bicycles..png,0,11.483439,1,15.530502,1
/shared/home/sarim.hashmi/usenix/benchmark/newbench_norm/real/A_man_taking_a_picture_of_his_reflection_in_the_bathroom.png,0,13.189692,1,14.625330,1
/shared/home/sarim.hashmi/usenix/benchmark/newbench_norm/real/A_man_that_has_a_happy_new__year_hat_on..png,0,13.499552,1,14.758749,1
/shared/home/sarim.hashmi/usenix/benchmark/newbench_norm/real/A_man_thinks_as_he_stands_in_front_of_a_sign..png,0,12.682405,1,14.907741,1
/shared/home/sarim.hashmi/usenix/benchmark/newbench_norm/real/A_man_walking_down_a_road_in_front_of_a_double_decker_bus..png,0,12.186915,1,14.997234,1
/shared/home/sarim.hashmi/usenix/benchmark/newbench_norm/real/A_man_walking_down_a_road_with_a_horse_and_carriage_coming_at_him..png,0,12.612837,1,15.300005,1
/shared/home/sarim.hashmi/usenix/benchmark/newbench_norm/real/A_man_walking_towards_a_stop_sign_on_the_sidewalk..png,0,11.686253,1,14.929718,1
/shared/home/sarim.hashmi/usenix/benchmark/newbench_norm/real/A_man_walking_while_holding_an_umbrella_on_a_wet_sidewalk..png,0,12.875642,1,15.387338,1
/shared/home/sarim.hashmi/usenix/benchmark/newbench_norm/real/A_man_walks_across_a_street_with_a_stop_sign_in_the_foreground..png,0,12.187950,1,15.696443,1
/shared/home/sarim.hashmi/usenix/benchmark/newbench_norm/real/A_man_watching_a_single_engine_plane_make_an_approach_to_land..png,0,12.445727,1,13.900552,1
/shared/home/sarim.hashmi/usenix/benchmark/newbench_norm/real/A_man_wearing_a_glove_with_a_bird_on_top_of_it..png,0,11.741332,1,15.834349,1
/shared/home/sarim.hashmi/usenix/benchmark/newbench_norm/real/A_man_wearing_a_hat_riding_a_motorcycle..png,0,12.683057,1,15.592886,1
/shared/home/sarim.hashmi/usenix/benchmark/newbench_norm/real/A_man_wearing_jeans_sitting_on_a_parked_motorcycle..png,0,13.108786,1,15.168833,1
/shared/home/sarim.hashmi/usenix/benchmark/newbench_norm/real/A_man_with_camera_watching_a_group_of_giraffes.png,0,12.376882,1,14.693855,1
/shared/home/sarim.hashmi/usenix/benchmark/newbench_norm/real/A_man_with_glasses_riding_in_a_car_with_an_adorable_dog_in_the_backseat..png,0,12.652638,1,15.451723,1
/shared/home/sarim.hashmi/usenix/benchmark/newbench_norm/real/A_marble_tiled_bathroom_with_double_sinks_and_wooden_cabinets.png,0,13.319872,1,15.037231,1
/shared/home/sarim.hashmi/usenix/benchmark/newbench_norm/real/A_men's_public_washroom_with_a_blue_floor._.png,0,12.674539,1,14.987849,1
/shared/home/sarim.hashmi/usenix/benchmark/newbench_norm/real/A_messy_desk_is_shown_with_a_laptop_computer..png,0,12.430978,1,15.296432,1
/shared/home/sarim.hashmi/usenix/benchmark/newbench_norm/real/A_metal_pole_with_four_different_street_signs_hanging_on_it's_side..png,0,12.984439,1,15.247832,1
/shared/home/sarim.hashmi/usenix/benchmark/newbench_norm/real/A_metal_sink_and_a_row_of_white_urinals.png,0,12.747827,1,15.534542,1
/shared/home/sarim.hashmi/usenix/benchmark/newbench_norm/real/A_military_air_craft_flies_in_the_sky_with_landing_gear_down._.png,0,11.845279,1,14.308535,1
/shared/home/sarim.hashmi/usenix/benchmark/newbench_norm/real/A_miniature_train_in_a_park_full_of_people..png,0,12.569409,1,15.117294,1
/shared/home/sarim.hashmi/usenix/benchmark/newbench_norm/real/A_modern_bathroom_is_shown_with_a_square_sink..png,0,13.396049,1,14.019168,1
/shared/home/sarim.hashmi/usenix/benchmark/newbench_norm/real/A_modern_jet_airplane_coming_in_to_park_at_the_gate_of_an_airport.png,0,10.832768,1,14.882026,1
/shared/home/sarim.hashmi/usenix/benchmark/newbench_norm/real/A_modified_motorcycle_parked_with_other_motorcycles_on_the_pavement..png,0,12.701226,1,14.888364,1
/shared/home/sarim.hashmi/usenix/benchmark/newbench_norm/real/A_monitor_showing_a_film_on_an_airplane..png,0,13.469175,1,15.135010,1
/shared/home/sarim.hashmi/usenix/benchmark/newbench_norm/real/A_mother_bird_and_her_offspring_walk_in_a_meadow..png,0,12.882462,1,15.822440,1
/shared/home/sarim.hashmi/usenix/benchmark/newbench_norm/real/A_motorcycle_carrying_a_bicycle_is_parked_in_the_gravel._.png,0,13.256811,1,16.036892,1
/shared/home/sarim.hashmi/usenix/benchmark/newbench_norm/real/A_motorcycle_is_in_a_parking_lot_with_a_helmet_on_top..png,0,11.501321,1,15.507880,1
/shared/home/sarim.hashmi/usenix/benchmark/newbench_norm/real/A_motorcycle_is_parked_in_the_gravel_alongside_a_street..png,0,12.612247,1,15.063936,1
/shared/home/sarim.hashmi/usenix/benchmark/newbench_norm/real/A_motorcycle_parked_behind_a_truck_on_a_green_field..png,0,12.556506,1,15.558385,1
/shared/home/sarim.hashmi/usenix/benchmark/newbench_norm/real/A_motorcycle_parked_next_to_a_few_bicycles..png,0,13.188443,1,15.603880,1
/shared/home/sarim.hashmi/usenix/benchmark/newbench_norm/real/A_motorcycle_parked_next_to_each_other_near_people...png,0,12.708466,1,15.584440,1
/shared/home/sarim.hashmi/usenix/benchmark/newbench_norm/real/A_motorcycle_parked_on_top_of_a_tiled_floor..png,0,12.787788,1,15.345170,1
/shared/home/sarim.hashmi/usenix/benchmark/newbench_norm/real/A_motorcycle_sits_parked_across_from_a_herd_of_livestock..png,0,13.125106,1,15.484315,1
/shared/home/sarim.hashmi/usenix/benchmark/newbench_norm/real/A_nice_spacious_bathroom_with_light_brown_tile..png,0,10.861327,1,15.187006,1
/shared/home/sarim.hashmi/usenix/benchmark/newbench_norm/real/A_no_left_turn_sign_hanging_from_the_side_of_a_wooden_pole..png,0,10.532390,1,14.612149,1
/shared/home/sarim.hashmi/usenix/benchmark/newbench_norm/real/A_pair_of_remote_controlled_planes_flying_through_the_air..png,0,11.929523,1,14.905161,1
/shared/home/sarim.hashmi/usenix/benchmark/newbench_norm/real/A_pair_of_sheep_looking_eagerly_at_something_through_a_fence..png,0,13.285474,1,15.265341,1
/shared/home/sarim.hashmi/usenix/benchmark/newbench_norm/real/A_pair_of_sneakers_hang_in_the_background_at_this_street_corner..png,0,13.048306,1,14.713275,1
/shared/home/sarim.hashmi/usenix/benchmark/newbench_norm/real/A_pan_filled_with_veggies_and_a_block_of_butter..png,0,13.450382,1,15.158826,1
/shared/home/sarim.hashmi/usenix/benchmark/newbench_norm/real/A_parked_motorcycle_sitting_next_to_a_white_brick_wall..png,0,12.989817,1,15.349144,1
/shared/home/sarim.hashmi/usenix/benchmark/newbench_norm/real/A_parking_lot_filled_with_large_passenger_buses..png,0,13.916112,1,14.140256,1
/shared/home/sarim.hashmi/usenix/benchmark/newbench_norm/real/A_parking_meter_lies_askew_on_a_street..png,0,12.187776,1,15.687397,1
/shared/home/sarim.hashmi/usenix/benchmark/newbench_norm/real/A_parking_sign_is_displaying_spaces_available_on_a_city_street.png,0,11.641278,1,15.377421,1
/shared/home/sarim.hashmi/usenix/benchmark/newbench_norm/real/A_passenger_jet_aircraft_flying_in_the_sky..png,0,14.075341,1,13.681264,1
/shared/home/sarim.hashmi/usenix/benchmark/newbench_norm/real/A_passenger_jet_that_is_pulled_in_next_to_the_terminal..png,0,13.681874,1,14.933499,1
/shared/home/sarim.hashmi/usenix/benchmark/newbench_norm/real/A_passenger_plane_that_is_parked_on_the_runway..png,0,11.857780,1,14.754676,1
/shared/home/sarim.hashmi/usenix/benchmark/newbench_norm/real/A_patch_of_grass_with_lots_of_bikes_parked_on_it..png,0,12.583793,1,14.797503,1
/shared/home/sarim.hashmi/usenix/benchmark/newbench_norm/real/A_person_drives_a_bus_on_a_busy_road._.png,0,13.039667,1,15.471139,1
/shared/home/sarim.hashmi/usenix/benchmark/newbench_norm/real/A_person_driving_a_car_towards_an_overpass..png,0,12.300064,1,14.995716,1
/shared/home/sarim.hashmi/usenix/benchmark/newbench_norm/real/A_person_feeding_a_giraffe_while_wearing_a_hat..png,0,12.533698,1,14.193176,1
/shared/home/sarim.hashmi/usenix/benchmark/newbench_norm/real/A_person_holding_a_black_cat_next_to_their_face..png,0,12.588120,1,14.885029,1
/shared/home/sarim.hashmi/usenix/benchmark/newbench_norm/real/A_person_holding_up_a_piece_of_banana_to_the_camera..png,0,13.333802,1,15.742426,1
/shared/home/sarim.hashmi/usenix/benchmark/newbench_norm/real/A_person_is_driving_a_speedboat_quickly_through_the_water..png,0,12.575019,1,15.218292,1
/shared/home/sarim.hashmi/usenix/benchmark/newbench_norm/real/A_person_is_on_a_bench_near_a_grassy_field..png,0,8.523190,1,14.500089,1
/shared/home/sarim.hashmi/usenix/benchmark/newbench_norm/real/A_person_laying_on_an_inflatable_mattress_with_two_sleeping_bags..png,0,12.637687,1,15.095553,1
/shared/home/sarim.hashmi/usenix/benchmark/newbench_norm/real/A_person_leading_a_herd_of_sheep_with_a_dog..png,0,14.085919,1,15.862514,1
/shared/home/sarim.hashmi/usenix/benchmark/newbench_norm/real/A_person_on_a_street_next_to_a_motor_bike..png,0,11.920781,1,15.235646,1
/shared/home/sarim.hashmi/usenix/benchmark/newbench_norm/real/A_person_riding_a_speed_motorcycle_on_a_track..png,0,13.247944,1,15.206220,1
/shared/home/sarim.hashmi/usenix/benchmark/newbench_norm/real/A_person_sitting_on_top_of_a_bench_with_their_arms_spread_out..png,0,8.237297,1,15.921321,1
/shared/home/sarim.hashmi/usenix/benchmark/newbench_norm/real/A_person_standing_next_to_a_couple_of_motor_bikes..png,0,14.171802,1,15.159489,1
/shared/home/sarim.hashmi/usenix/benchmark/newbench_norm/real/A_person_walking_in_the_rain_on_the_sidewalk._.png,0,12.214658,1,15.499398,1
/shared/home/sarim.hashmi/usenix/benchmark/newbench_norm/real/A_person_with_an_umbrella_is_standing_by_a_fountain..png,0,13.535983,1,14.629769,1
/shared/home/sarim.hashmi/usenix/benchmark/newbench_norm/real/A_photo_of_a_restroom_containing_two_toilets..png,0,13.935008,1,14.387456,1
/shared/home/sarim.hashmi/usenix/benchmark/newbench_norm/real/A_picture_of_a_group_of_fighter_jets_flying_together..png,0,13.265248,1,14.193886,1
/shared/home/sarim.hashmi/usenix/benchmark/newbench_norm/real/A_picture_of_a_stone_bench_in_a_park..png,0,13.304038,1,15.270095,1
/shared/home/sarim.hashmi/usenix/benchmark/newbench_norm/real/A_picture_of_a_train_coming_out_of_a_house..png,0,12.582188,1,14.532708,1
/shared/home/sarim.hashmi/usenix/benchmark/newbench_norm/real/A_picture_of_a_wooden_container_with_crosses_on_it..png,0,13.681966,1,15.617871,1
/shared/home/sarim.hashmi/usenix/benchmark/newbench_norm/real/A_picture_of_large_glass_door_trimmed_in_white_and_a_large_beige_structure_beside_it..png,0,12.561175,1,14.943043,1
/shared/home/sarim.hashmi/usenix/benchmark/newbench_norm/real/A_picture_taken_from_the_driver_seat_of_car_at_a_stop_sign..png,0,12.046572,1,15.179559,1
/shared/home/sarim.hashmi/usenix/benchmark/newbench_norm/real/A_pigeon_perched_on_a_ledge_with_a_street_behind_it..png,0,12.092231,1,15.236275,1
/shared/home/sarim.hashmi/usenix/benchmark/newbench_norm/real/A_pile_of_toilet_paper_sitting_on_top_of_a_toilet..png,0,12.356129,1,15.102624,1
/shared/home/sarim.hashmi/usenix/benchmark/newbench_norm/real/A_pirstine_white_and_black_bathroom_with_a_tub_by_a_window.png,0,13.015718,1,15.074080,1
/shared/home/sarim.hashmi/usenix/benchmark/newbench_norm/real/A_plane_is_parked_near_the_pretty_blue_ocean._.png,0,13.214513,1,15.601740,1
/shared/home/sarim.hashmi/usenix/benchmark/newbench_norm/real/A_police_man_on_a_motorcycle_drives_down_the_road..png,0,12.671525,1,15.153099,1
/shared/home/sarim.hashmi/usenix/benchmark/newbench_norm/real/A_police_officer_directing_traffic_in_front_of_a_yellow_double_deck_bus..png,0,12.364505,1,15.249806,1
/shared/home/sarim.hashmi/usenix/benchmark/newbench_norm/real/A_pretty_bird_is_sitting_on_a_tree_branch..png,0,12.813907,1,15.598065,1
/shared/home/sarim.hashmi/usenix/benchmark/newbench_norm/real/A_professional_motorcycle_driver_riding_his_bike_on_the_track..png,0,12.434368,1,15.403238,1
"/shared/home/sarim.hashmi/usenix/benchmark/newbench_norm/real/A_rear_view_mirror_on_a_bike_is_reflecting_a_poster_on_building.
.png",0,13.113076,1,15.089288,1
"/shared/home/sarim.hashmi/usenix/benchmark/newbench_norm/real/A_red,_white_and_blue_train_next_to_satellites..png",0,12.850173,1,15.536799,1
/shared/home/sarim.hashmi/usenix/benchmark/newbench_norm/real/A_red_all_terrain_vehicle_next_to_a_man_with_a_green_dirt_bike..png,0,12.280617,1,15.785213,1
/shared/home/sarim.hashmi/usenix/benchmark/newbench_norm/real/A_red_and_black_motorcycle_parked_near_another_bike..png,0,11.407114,1,14.512426,1
/shared/home/sarim.hashmi/usenix/benchmark/newbench_norm/real/A_red_and_white_fire_hydrant_is_on_the_lawn..png,0,11.817092,1,15.161248,1
/shared/home/sarim.hashmi/usenix/benchmark/newbench_norm/real/A_red_and_white_fire_hydrant_on_a_sidewalk_at_the_park..png,0,12.014920,1,14.880353,1
"/shared/home/sarim.hashmi/usenix/benchmark/newbench_norm/real/A_red_and_yellow_bus_sits_on_the_back_of_a_flatbed_truck,_driving_down_the_highway..png",0,10.191619,1,14.511405,1
/shared/home/sarim.hashmi/usenix/benchmark/newbench_norm/real/A_red_fire_hydrant_between_two_trees_in_front_of_a_building..png,0,12.208234,1,14.760644,1
/shared/home/sarim.hashmi/usenix/benchmark/newbench_norm/real/A_red_fire_hydrant_on_the_side_of_a_street..png,0,10.871030,1,15.162506,1
/shared/home/sarim.hashmi/usenix/benchmark/newbench_norm/real/A_red_fire_hydrant_with_a_green_cap_with_a_bird_on_top_of_it..png,0,12.557593,1,15.541078,1
/shared/home/sarim.hashmi/usenix/benchmark/newbench_norm/real/A_red_motorcycle_is_parked_in_between_white_lines..png,0,13.040131,1,15.444285,1
/shared/home/sarim.hashmi/usenix/benchmark/newbench_norm/real/A_red_motorcycle_riding_down_one_side_of_the_street_and_a_cow_walking_down_the_other_side_of_the_str.png,0,11.356923,1,15.427522,1
/shared/home/sarim.hashmi/usenix/benchmark/newbench_norm/real/A_red_small_engine_plane_in_motion_on_a_field..png,0,12.647877,1,14.540709,1
/shared/home/sarim.hashmi/usenix/benchmark/newbench_norm/real/A_red_stop_sign_mounted_to_the_top_of_a_metal_pole..png,0,11.093949,1,15.162681,1
/shared/home/sarim.hashmi/usenix/benchmark/newbench_norm/real/A_red_stop_sign_on_a_gate_next_to_a_grass_covered_field..png,0,9.226922,1,15.457244,1
/shared/home/sarim.hashmi/usenix/benchmark/newbench_norm/real/A_red_stop_sign_on_the_side_of_a_brick_road..png,0,13.345737,1,15.368084,1
/shared/home/sarim.hashmi/usenix/benchmark/newbench_norm/real/A_red_stop_sign_sitting_on_the_side_of_a_pole..png,0,12.451591,1,15.015936,1
/shared/home/sarim.hashmi/usenix/benchmark/newbench_norm/real/A_red_stop_sign_sitting_on_the_side_of_a_road..png,0,12.146517,1,15.476851,1
/shared/home/sarim.hashmi/usenix/benchmark/newbench_norm/real/A_red_stop_sign_with_a_sticker_of_a_man_holding_up_a_sword..png,0,12.443551,1,15.662988,1
/shared/home/sarim.hashmi/usenix/benchmark/newbench_norm/real/A_red_traffic_with_a_mirror_hanging_off_the_side_of_it..png,0,13.748462,1,15.038593,1
/shared/home/sarim.hashmi/usenix/benchmark/newbench_norm/real/A_red_train_driving_on_a_train_train_track_next_to_an_elevated_stone_sidewalk..png,0,11.612241,1,15.539828,1
/shared/home/sarim.hashmi/usenix/benchmark/newbench_norm/real/A_red_train_traveling_under_a_bridge_on_train_tracks..png,0,12.696759,1,15.668319,1
/shared/home/sarim.hashmi/usenix/benchmark/newbench_norm/real/A_red_trolly_bus_driving_down_a_dirt_road..png,0,12.928292,1,13.942122,1
/shared/home/sarim.hashmi/usenix/benchmark/newbench_norm/real/A_road_sign_on_the_side_of_a_road..png,0,13.478850,1,15.420001,1
/shared/home/sarim.hashmi/usenix/benchmark/newbench_norm/real/A_room_with_white_walls_and_bright_lights..png,0,12.796205,1,15.055383,1
/shared/home/sarim.hashmi/usenix/benchmark/newbench_norm/real/A_row_of_birds_are_flying_against_a_blue_sky..png,0,13.064706,1,13.264222,1
/shared/home/sarim.hashmi/usenix/benchmark/newbench_norm/real/A_row_of_motorcycles_sitting_on_top_of_a_parking_lot..png,0,11.891120,1,14.851079,1
/shared/home/sarim.hashmi/usenix/benchmark/newbench_norm/real/A_row_of_red_and_white_umbrellas_stand_above_tables_in_an_outdoor_eating_area..png,0,10.791467,1,14.863722,1
/shared/home/sarim.hashmi/usenix/benchmark/newbench_norm/real/A_row_of_wall_mounted_urinals_under_aquariums..png,0,11.638449,1,14.552142,1
/shared/home/sarim.hashmi/usenix/benchmark/newbench_norm/real/A_rusty_side_car_of_a_train_that_has_been_vandalized_with_artwork..png,0,11.626145,1,15.000747,1
/shared/home/sarim.hashmi/usenix/benchmark/newbench_norm/real/A_scooter_is_parked_on_the_street_in_front_of_a_car._.png,0,12.398730,1,15.629870,1
/shared/home/sarim.hashmi/usenix/benchmark/newbench_norm/real/A_set_of_three_wall_mounted_urinals_with_pictures_of_men_on_top_of_them..png,0,10.719157,1,14.608741,1
/shared/home/sarim.hashmi/usenix/benchmark/newbench_norm/real/A_shelf_of_various_cups_and_glasses_mounted_to_the_wall..png,0,12.103310,1,15.989667,1
/shared/home/sarim.hashmi/usenix/benchmark/newbench_norm/real/A_shower_and_a_white_toilet_in_a_small_bathroom..png,0,13.416022,1,14.143132,1
/shared/home/sarim.hashmi/usenix/benchmark/newbench_norm/real/A_sidewalk_sitting_along_side_of_a_building_at_night..png,0,12.437991,1,14.688681,1
/shared/home/sarim.hashmi/usenix/benchmark/newbench_norm/real/A_sidewalk_sitting_along_side_of_a_street_under_a_billboard..png,0,13.215074,1,15.013713,1
/shared/home/sarim.hashmi/usenix/benchmark/newbench_norm/real/A_sign_near_a_wooden_fence_and_a_tree..png,0,12.895200,1,15.529568,1
/shared/home/sarim.hashmi/usenix/benchmark/newbench_norm/real/A_sign_on_top_of_a_restaurant_next_to_a_traffic_light..png,0,10.220275,1,15.100504,1
/shared/home/sarim.hashmi/usenix/benchmark/newbench_norm/real/A_sign_says_fashion_district_near_some_buildings..png,0,12.561187,1,14.442550,1
/shared/home/sarim.hashmi/usenix/benchmark/newbench_norm/real/A_sign_warning_drivers_that_there_are_children_at_play..png,0,12.953300,1,14.834124,1
/shared/home/sarim.hashmi/usenix/benchmark/newbench_norm/real/A_silver_and_red_bus_in_parking_lot_next_to_cars..png,0,12.880372,1,14.010067,1
/shared/home/sarim.hashmi/usenix/benchmark/newbench_norm/real/A_silver_train_passing_under_high_beams_and_trees..png,0,11.356868,1,15.360931,1
/shared/home/sarim.hashmi/usenix/benchmark/newbench_norm/real/A_silver_train_that_is_sitting_on_a_track..png,0,13.055750,1,14.831367,1
/shared/home/sarim.hashmi/usenix/benchmark/newbench_norm/real/A_simple_bathroom_has_various_classic_decorations_around_it..png,0,12.399423,1,15.216869,1
/shared/home/sarim.hashmi/usenix/benchmark/newbench_norm/real/A_simple_white_residential_kitchen_with_breakfast_bar.png,0,12.761058,1,15.038112,1
/shared/home/sarim.hashmi/usenix/benchmark/newbench_norm/real/A_simple_wooden_bench_is_in_the_woods..png,0,13.520045,1,15.320270,1
/shared/home/sarim.hashmi/usenix/benchmark/newbench_norm/real/A_skier_in_the_midst_of_a_jump.png,0,12.887267,1,14.460546,1
/shared/home/sarim.hashmi/usenix/benchmark/newbench_norm/real/A_small_bathroom_with_a_shower_curtain_and_toilet.png,0,11.723328,1,14.316396,1
/shared/home/sarim.hashmi/usenix/benchmark/newbench_norm/real/A_small_bird_is_perched_on_an_empty_bird_feeder..png,0,12.856448,1,15.131818,1
/shared/home/sarim.hashmi/usenix/benchmark/newbench_norm/real/A_small_bird_perched_on_some_metal_bar_.png,0,13.066573,1,14.581014,1
/shared/home/sarim.hashmi/usenix/benchmark/newbench_norm/real/A_small_bird_sitting_on_a_beach_next_to_the_ocean..png,0,12.427603,1,16.100677,1
/shared/home/sarim.hashmi/usenix/benchmark/newbench_norm/real/A_small_bird_sitting_on_the_handle_of_a_car_door..png,0,12.517827,1,15.109968,1
/shared/home/sarim.hashmi/usenix/benchmark/newbench_norm/real/A_small_bird_sitting_on_top_of_a_plastic_cup_of_water..png,0,12.831411,1,14.986007,1
/shared/home/sarim.hashmi/usenix/benchmark/newbench_norm/real/A_small_black_dog_sitting_in_front_of_a_TV..png,0,11.044192,1,13.070047,1
/shared/home/sarim.hashmi/usenix/benchmark/newbench_norm/real/A_small_blue_car_on_a_city_road..png,0,13.330282,1,15.184625,1
/shared/home/sarim.hashmi/usenix/benchmark/newbench_norm/real/A_small_calf_is_in_a_pen_with_bails_of_hay..png,0,13.509855,1,14.957314,1
/shared/home/sarim.hashmi/usenix/benchmark/newbench_norm/real/A_small_car_is_parked_in_front_of_a_scooter.png,0,13.358929,1,15.456298,1
/shared/home/sarim.hashmi/usenix/benchmark/newbench_norm/real/A_small_cat_is_standing_near_the_computer_keyboard._.png,0,12.219563,1,14.446551,1
/shared/home/sarim.hashmi/usenix/benchmark/newbench_norm/real/A_small_dog_laying_next_to_a_door..png,0,12.432329,1,14.432769,1
/shared/home/sarim.hashmi/usenix/benchmark/newbench_norm/real/A_small_dog_walking_past_a_red_fire_hydrant..png,0,13.160485,1,13.620636,1
/shared/home/sarim.hashmi/usenix/benchmark/newbench_norm/real/A_small_green_car_has_a_plaque_with_writing_in_front_of_it._.png,0,12.289941,1,14.758824,1
/shared/home/sarim.hashmi/usenix/benchmark/newbench_norm/real/A_small_plane_flying_through_a_cloudy_blue_sky..png,0,13.342322,1,14.585803,1
/shared/home/sarim.hashmi/usenix/benchmark/newbench_norm/real/A_small_plane_landing_in__a_grassy_field.png,0,12.394004,1,14.761769,1
/shared/home/sarim.hashmi/usenix/benchmark/newbench_norm/real/A_small_sailboat_docked_at_a_local_shore..png,0,12.792392,1,15.052813,1
/shared/home/sarim.hashmi/usenix/benchmark/newbench_norm/real/A_small_town_street_filled_with_traffic_beneath_a_mountain..png,0,12.632848,1,15.628881,1
/shared/home/sarim.hashmi/usenix/benchmark/newbench_norm/real/A_small_white_airplane_high_up_in_the_sky..png,0,13.831918,1,14.165944,1
/shared/home/sarim.hashmi/usenix/benchmark/newbench_norm/real/A_small_white_bird_standing_on_top_of_a_dirt_field..png,0,13.381486,1,15.483668,1
/shared/home/sarim.hashmi/usenix/benchmark/newbench_norm/real/A_small_white_dog_standing_next_to_a_red_fire_hydrant..png,0,13.072726,1,15.338304,1
/shared/home/sarim.hashmi/usenix/benchmark/newbench_norm/real/A_small_woman_standing_in_front_of_a_baby_elephant..png,0,13.305595,1,15.207306,1
/shared/home/sarim.hashmi/usenix/benchmark/newbench_norm/real/A_smiling_man_in_a_nice_hat_in_a_car..png,0,12.861968,1,15.216381,1
/shared/home/sarim.hashmi/usenix/benchmark/newbench_norm/real/A_snowy_scene_of_trees_and_a_road..png,0,11.197188,1,15.207343,1
/shared/home/sarim.hashmi/usenix/benchmark/newbench_norm/real/A_spring_form_bird_feeder_filled_with_corn_to_eat..png,0,12.493440,1,15.407490,1
/shared/home/sarim.hashmi/usenix/benchmark/newbench_norm/real/A_square_white_sink_beneath_an_elegant_mirror.png,0,13.714176,1,14.802058,1
/shared/home/sarim.hashmi/usenix/benchmark/newbench_norm/real/A_stop_light_with_green_arrows_on_Woodbine_Ave._.png,0,13.147502,1,14.539714,1
/shared/home/sarim.hashmi/usenix/benchmark/newbench_norm/real/A_stop_sign_and_a_fire_hydrant_on_the_corner_of_a_grassy_sidewalk..png,0,13.568798,1,15.175389,1
"/shared/home/sarim.hashmi/usenix/benchmark/newbench_norm/real/A_store_room_holds_sinks,_bathtubs_and_toilets.png",0,12.662717,1,14.669244,1
/shared/home/sarim.hashmi/usenix/benchmark/newbench_norm/real/A_stove_top_oven_sitting_next_to_a_tiled_wall..png,0,12.640235,1,15.489231,1
/shared/home/sarim.hashmi/usenix/benchmark/newbench_norm/real/A_stove_top_with_a_tea_kettle_sitting_on_top_of_it..png,0,13.193115,1,15.390633,1
/shared/home/sarim.hashmi/usenix/benchmark/newbench_norm/real/A_stove_top_with_lots_of_pots_and_pans..png,0,13.141760,1,15.230609,1
/shared/home/sarim.hashmi/usenix/benchmark/newbench_norm/real/A_street_light_and_other_road_signs._.png,0,12.856206,1,15.784698,1
/shared/home/sarim.hashmi/usenix/benchmark/newbench_norm/real/A_street_scene_looking_down_at_cars_and_motorcycles_parked..png,0,10.979320,1,15.035922,1
/shared/home/sarim.hashmi/usenix/benchmark/newbench_norm/real/A_street_sign_is_filled_with_various_stickers.__.png,0,11.647549,1,15.594042,1
/shared/home/sarim.hashmi/usenix/benchmark/newbench_norm/real/A_street_sign_next_to_a_bend_in_the_road..png,0,13.233974,1,14.380424,1
/shared/home/sarim.hashmi/usenix/benchmark/newbench_norm/real/A_street_sign_saying_S._Gay_st_while_a_traffic_light_is_yellow..png,0,12.904360,1,14.969825,1
/shared/home/sarim.hashmi/usenix/benchmark/newbench_norm/real/A_street_sign_showing_a_person_walking_with_a_child_and_a_bike_sits_on_the_sit_of_the_road._.png,0,12.505021,1,14.864622,1
/shared/home/sarim.hashmi/usenix/benchmark/newbench_norm/real/A_street_sign_showing_they_are_making_improvements.png,0,11.561109,1,15.635824,1
/shared/home/sarim.hashmi/usenix/benchmark/newbench_norm/real/A_street_sign_showing_what_roads_go_which_ways..png,0,12.017570,1,15.191283,1
/shared/home/sarim.hashmi/usenix/benchmark/newbench_norm/real/A_street_sign_sitting_along_side_of_train_tracks..png,0,11.741101,1,15.028817,1
"/shared/home/sarim.hashmi/usenix/benchmark/newbench_norm/real/A_street_sign_with_the_name_of_two_streets_and_a_stop_sign,_and_parked_cars_and_buildings_in_the_dis.png",0,12.115047,1,15.165884,1
/shared/home/sarim.hashmi/usenix/benchmark/newbench_norm/real/A_stuffed_bear_is_sitting_next_to_a_computer_monitor..png,0,12.904509,1,14.948264,1
/shared/home/sarim.hashmi/usenix/benchmark/newbench_norm/real/A_subway_train_with_a_row_of_orange_and_white_seats..png,0,10.254352,1,15.342148,1
/shared/home/sarim.hashmi/usenix/benchmark/newbench_norm/real/A_sun_spot_is_the_only_mark_in_a_clear_sky_with_a_plane_traveling_over_a_snowy_expanse_with_a_bunch_.png,0,13.177795,1,15.707290,1
/shared/home/sarim.hashmi/usenix/benchmark/newbench_norm/real/A_table_full_of_items_and_on_a_sunny_day._.png,0,13.315907,1,15.150960,1
/shared/home/sarim.hashmi/usenix/benchmark/newbench_norm/real/A_tall_giraffe_in_a_green_grassy_field..png,0,13.151160,1,14.993825,1
/shared/home/sarim.hashmi/usenix/benchmark/newbench_norm/real/A_tall_giraffe_standing_next_to_a_herd_of_deer..png,0,13.622613,1,15.383866,1
/shared/home/sarim.hashmi/usenix/benchmark/newbench_norm/real/A_taxi_cab_parked_next_to_a_fire_hydrant..png,0,12.007497,1,15.456049,1
/shared/home/sarim.hashmi/usenix/benchmark/newbench_norm/real/A_television_sits_on_a_cabinet_in_a_room..png,0,12.735419,1,14.752044,1
/shared/home/sarim.hashmi/usenix/benchmark/newbench_norm/real/A_tie-dyed_cyclist_stands_beside_his_bicycle_in_front_of_fellow_cyclists..png,0,13.390598,1,15.572488,1
"/shared/home/sarim.hashmi/usenix/benchmark/newbench_norm/real/A_tiled_bathroom_with_a_single_vanity,_toilet_and_shower..png",0,11.900743,1,14.293523,1
/shared/home/sarim.hashmi/usenix/benchmark/newbench_norm/real/A_toilet_in_a_stall_with_remote_control_buttons..png,0,13.420409,1,13.609084,1
/shared/home/sarim.hashmi/usenix/benchmark/newbench_norm/real/A_toilet_seat_sits_on_top_of_a_hole_in_the_ground..png,0,12.079205,1,15.031592,1
/shared/home/sarim.hashmi/usenix/benchmark/newbench_norm/real/A_toilet_sitting_outside_a_building_in_an_alley..png,0,13.270617,1,15.243383,1
/shared/home/sarim.hashmi/usenix/benchmark/newbench_norm/real/A_toilet_that_is_very_clean_in_a_bathroom..png,0,12.395431,1,15.207620,1
/shared/home/sarim.hashmi/usenix/benchmark/newbench_norm/real/A_tow_truck_driving_past_a_very_old_stop_sign..png,0,13.240090,1,14.269622,1
/shared/home/sarim.hashmi/usenix/benchmark/newbench_norm/real/A_towel_hangs_beneath_a_sink_in_a_bathroom..png,0,13.226794,1,14.007864,1
/shared/home/sarim.hashmi/usenix/benchmark/newbench_norm/real/A_traffic_light_and_cars_on_a_street..png,0,12.252467,1,14.917908,1
/shared/home/sarim.hashmi/usenix/benchmark/newbench_norm/real/A_traffic_light_glows_red_on_a_cloudy_day.png,0,12.797797,1,13.865035,1
/shared/home/sarim.hashmi/usenix/benchmark/newbench_norm/real/A_traffic_light_on_a_street_with_some_people..png,0,12.316508,1,15.031985,1
/shared/home/sarim.hashmi/usenix/benchmark/newbench_norm/real/A_traffic_light_sitting_next_to_a_cluster_of_traffic_cones..png,0,11.731963,1,15.359109,1
/shared/home/sarim.hashmi/usenix/benchmark/newbench_norm/real/A_traffic_light_sitting_on_the_side_of_a_road..png,0,12.106010,1,15.074438,1
/shared/home/sarim.hashmi/usenix/benchmark/newbench_norm/real/A_traffic_sign_hung_upside_down_on_a_pole._.png,0,12.290291,1,15.330091,1
/shared/home/sarim.hashmi/usenix/benchmark/newbench_norm/real/A_train_coming_up_to_a_railroad_crossing..png,0,11.759340,1,15.315537,1
/shared/home/sarim.hashmi/usenix/benchmark/newbench_norm/real/A_train_covered_in_graffiti_sitting_on_top_of__train_tracks..png,0,13.390781,1,15.202226,1
/shared/home/sarim.hashmi/usenix/benchmark/newbench_norm/real/A_train_covered_in_graffiti_traveling_down_railroad_tracks..png,0,12.814768,1,15.428599,1
/shared/home/sarim.hashmi/usenix/benchmark/newbench_norm/real/A_train_going_down_the_tracks_that_has_just_gone_under_a_bridge..png,0,12.613283,1,15.038972,1
/shared/home/sarim.hashmi/usenix/benchmark/newbench_norm/real/A_train_is_moving_along_train_tracks_through_the_woods..png,0,11.929076,1,15.096280,1
/shared/home/sarim.hashmi/usenix/benchmark/newbench_norm/real/A_train_is_stopped_in_front_of_an_industrial_area..png,0,13.297597,1,15.607324,1
/shared/home/sarim.hashmi/usenix/benchmark/newbench_norm/real/A_train_making_its_way_through_a_rail_yard..png,0,13.174145,1,15.831944,1
/shared/home/sarim.hashmi/usenix/benchmark/newbench_norm/real/A_train_sitting_in_front_of_a_tin_building_and_a_dry_grass_field..png,0,13.466968,1,14.945792,1
/shared/home/sarim.hashmi/usenix/benchmark/newbench_norm/real/A_train_sitting_inside_of_a_train_station_near_a_skylight..png,0,10.608349,1,15.817742,1
/shared/home/sarim.hashmi/usenix/benchmark/newbench_norm/real/A_train_traveling_along_a_rocky_mountain_side..png,0,12.100290,1,15.802803,1
/shared/home/sarim.hashmi/usenix/benchmark/newbench_norm/real/A_train_traveling_down_train_tracks_next_to_a_building..png,0,13.675385,1,15.004409,1
/shared/home/sarim.hashmi/usenix/benchmark/newbench_norm/real/A_train_traveling_through_rural_countryside_under_power_lines..png,0,13.277853,1,15.173886,1
/shared/home/sarim.hashmi/usenix/benchmark/newbench_norm/real/A_train_with_a_green_and_orange_stripe_is_sitting_on_the_tracks..png,0,13.399430,1,15.666024,1
/shared/home/sarim.hashmi/usenix/benchmark/newbench_norm/real/A_trash_can_made_to_look_like_a_soup_can..png,0,11.872329,1,15.241691,1
/shared/home/sarim.hashmi/usenix/benchmark/newbench_norm/real/A_travel_guide_taking_a_photo_as_the_tour_bus_arrives.png,0,10.790522,1,14.925752,1
/shared/home/sarim.hashmi/usenix/benchmark/newbench_norm/real/A_tree_sitting_next_to_a_bench_near_a_lake..png,0,12.673565,1,15.057540,1
/shared/home/sarim.hashmi/usenix/benchmark/newbench_norm/real/A_tree_sitting_on_top_of_a_hillside_near_a_bench..png,0,13.953448,1,15.301620,1
/shared/home/sarim.hashmi/usenix/benchmark/newbench_norm/real/A_very_skinny_red_fire_hydrant_with_silver_top_and_sides._.png,0,10.429317,1,15.331126,1
/shared/home/sarim.hashmi/usenix/benchmark/newbench_norm/real/A_very_tall_building_sitting_on_the_side_of_a_road..png,0,13.242251,1,16.032549,1
/shared/home/sarim.hashmi/usenix/benchmark/newbench_norm/real/A_very_tall_building_with_a_clock_mounted_to_it's_side..png,0,11.830131,1,14.824367,1
/shared/home/sarim.hashmi/usenix/benchmark/newbench_norm/real/A_very_tall_building_with_lots_of_windows..png,0,12.875863,1,15.186578,1
/shared/home/sarim.hashmi/usenix/benchmark/newbench_norm/real/A_very_upscale_looking_hotel_room_with_large_bed_and_a_bathroom_in_the_next_room..png,0,12.198685,1,14.994502,1
/shared/home/sarim.hashmi/usenix/benchmark/newbench_norm/real/A_view_from_the_street_of_two_traffic_lights_and_a_building._.png,0,12.101055,1,15.264905,1
"/shared/home/sarim.hashmi/usenix/benchmark/newbench_norm/real/A_view_of_a_kitchen_sink,_knives,_hanging_cups,_and_wine_glasses..png",0,11.822134,1,14.372960,1
/shared/home/sarim.hashmi/usenix/benchmark/newbench_norm/real/A_vintage_STOP_sign_in_black_&_white.png,0,13.310779,1,14.684100,1
/shared/home/sarim.hashmi/usenix/benchmark/newbench_norm/real/A_walk_in_shower_next_to_a_tub_in_a_bathroom..png,0,11.791051,1,14.627709,1
/shared/home/sarim.hashmi/usenix/benchmark/newbench_norm/real/A_wall_mounted_oven_inside_of_a_kitchen_with_a_large_entrance..png,0,12.453696,1,15.353890,1
/shared/home/sarim.hashmi/usenix/benchmark/newbench_norm/real/A_water-stained_cathedral_clock-tower_enveloped_by_various_green_vines..png,0,12.299818,1,15.847146,1
/shared/home/sarim.hashmi/usenix/benchmark/newbench_norm/real/A_water_foul_near_the_shore_in_a_body_of_water_with_an_island_in_the_middle_of_it..png,0,12.569057,1,14.431348,1
/shared/home/sarim.hashmi/usenix/benchmark/newbench_norm/real/A_white_and_black_bird_perched_on_a_wooden_fence_rail..png,0,12.599528,1,14.872728,1
/shared/home/sarim.hashmi/usenix/benchmark/newbench_norm/real/A_white_and_black_checkered_floor_in_a_kitchen..png,0,12.933455,1,15.048852,1
/shared/home/sarim.hashmi/usenix/benchmark/newbench_norm/real/A_white_and_blue_bus_parked_on_the_side_of_a_road..png,0,13.163075,1,14.661117,1
/shared/home/sarim.hashmi/usenix/benchmark/newbench_norm/real/A_white_and_orange_cat_sitting_on_top_of_a_sidewalk..png,0,12.396802,1,15.657536,1
/shared/home/sarim.hashmi/usenix/benchmark/newbench_norm/real/A_white_bath_tub_sitting_under_a_window_next_to_a_toilet..png,0,12.449048,1,14.241143,1
/shared/home/sarim.hashmi/usenix/benchmark/newbench_norm/real/A_white_bathroom_mirror_mounted_to_it's_wall..png,0,13.608191,1,14.015778,1
/shared/home/sarim.hashmi/usenix/benchmark/newbench_norm/real/A_white_bathroom_sink_sitting_next_to_a_toilet..png,0,13.738835,1,15.709509,1
/shared/home/sarim.hashmi/usenix/benchmark/newbench_norm/real/A_white_cake_topped_with_coconut_on_a_counter..png,0,12.420683,1,15.177903,1
/shared/home/sarim.hashmi/usenix/benchmark/newbench_norm/real/A_white_car_with_chrome_rims_parked_next_to_an_older_lady..png,0,12.348158,1,14.721757,1
/shared/home/sarim.hashmi/usenix/benchmark/newbench_norm/real/A_white_church_sitting_at_the_bottom_of_a_hillside..png,0,12.790730,1,14.436321,1
/shared/home/sarim.hashmi/usenix/benchmark/newbench_norm/real/A_white_city_bus_pulling_onto_a_street_near_a_cross_walk..png,0,12.713052,1,15.540893,1
/shared/home/sarim.hashmi/usenix/benchmark/newbench_norm/real/A_white_compact_car_parked_on_a_sandy_dirt_road..png,0,11.891632,1,15.261560,1
/shared/home/sarim.hashmi/usenix/benchmark/newbench_norm/real/A_white_kitchen_with_marble_countertops_and_stone_floors..png,0,11.988175,1,15.276292,1
/shared/home/sarim.hashmi/usenix/benchmark/newbench_norm/real/A_white_park_bench_sitting_in_the_middle_of_a_forest..png,0,12.057769,1,14.978244,1
/shared/home/sarim.hashmi/usenix/benchmark/newbench_norm/real/A_white_sink_under_a_mirror_in_a_bathroom_next_to_a_light_switch..png,0,12.496055,1,14.988026,1
/shared/home/sarim.hashmi/usenix/benchmark/newbench_norm/real/A_white_stove_top_oven_sitting_inside_of_a_kitchen..png,0,12.664254,1,15.262078,1
/shared/home/sarim.hashmi/usenix/benchmark/newbench_norm/real/A_white_stove_with_two_metal_pots_on_its_back_burners._.png,0,11.780231,1,14.208469,1
/shared/home/sarim.hashmi/usenix/benchmark/newbench_norm/real/A_white_toilet_in_a_bathroom_next_to_toilet_paper..png,0,13.604838,1,14.385841,1
/shared/home/sarim.hashmi/usenix/benchmark/newbench_norm/real/A_white_toilet_sitting_in_a_bathroom_next_to_a_counter..png,0,11.894046,1,15.218711,1
/shared/home/sarim.hashmi/usenix/benchmark/newbench_norm/real/A_white_toilet_sitting_inside_of_a_bathroom..png,0,11.571701,1,15.017844,1
/shared/home/sarim.hashmi/usenix/benchmark/newbench_norm/real/A_white_toilet_sitting_on_top_of_a_bathroom_floor..png,0,12.057527,1,14.446271,1
/shared/home/sarim.hashmi/usenix/benchmark/newbench_norm/real/A_white_toilet_sitting_underneath_a_window_next_to_a_sink..png,0,13.068557,1,15.076467,1
/shared/home/sarim.hashmi/usenix/benchmark/newbench_norm/real/A_white_toilet_with_a_black_lid_and_red_painting_on_it._.png,0,12.584930,1,14.900126,1
/shared/home/sarim.hashmi/usenix/benchmark/newbench_norm/real/A_white_trunk_parked_next_to_a_stop_sign..png,0,11.954871,1,15.078662,1
/shared/home/sarim.hashmi/usenix/benchmark/newbench_norm/real/A_white_tub_sitting_underneath_a_couple_of_windows..png,0,12.898578,1,15.333913,1
/shared/home/sarim.hashmi/usenix/benchmark/newbench_norm/real/A_whole_bunch_of_traffic_stop_signs_huddled_together..png,0,12.378602,1,15.298830,1
/shared/home/sarim.hashmi/usenix/benchmark/newbench_norm/real/A_window_shot_of_a_plane_in_the_air_with_another_plane_present._.png,0,13.212955,1,14.376016,1
/shared/home/sarim.hashmi/usenix/benchmark/newbench_norm/real/A_woman_and_two_men_sitting_on_a_bench_in_front_of_a_store..png,0,12.853255,1,13.718899,1
/shared/home/sarim.hashmi/usenix/benchmark/newbench_norm/real/A_woman_eating_vegetables_in_front_of_a_stove..png,0,12.630131,1,15.102288,1
/shared/home/sarim.hashmi/usenix/benchmark/newbench_norm/real/A_woman_holding_up_measuring_cups_and_a_cat_watching_on_the_counter..png,0,13.014015,1,15.248437,1
/shared/home/sarim.hashmi/usenix/benchmark/newbench_norm/real/A_woman_is_kneeling_down_next_to_a_toilet..png,0,13.491399,1,15.041152,1
/shared/home/sarim.hashmi/usenix/benchmark/newbench_norm/real/A_woman_is_riding_an_orange_sports_motorcycle..png,0,13.098186,1,15.250468,1
/shared/home/sarim.hashmi/usenix/benchmark/newbench_norm/real/A_woman_is_standing_on_a_kitchen_floor..png,0,13.028224,1,14.833724,1
/shared/home/sarim.hashmi/usenix/benchmark/newbench_norm/real/A_woman_is_unloading_a_bag_in_a_large_kitchen..png,0,11.567239,1,14.872930,1
/shared/home/sarim.hashmi/usenix/benchmark/newbench_norm/real/A_woman_is_walking_a_dog_in_the_city..png,0,11.851409,1,16.018398,1
/shared/home/sarim.hashmi/usenix/benchmark/newbench_norm/real/A_woman_preparing_food_inside_of_a_kitchen..png,0,13.952489,1,15.350780,1
/shared/home/sarim.hashmi/usenix/benchmark/newbench_norm/real/A_woman_riding_a_green_bike_with_a_small_white_dog_on_the_back..png,0,14.142886,1,15.157794,1
/shared/home/sarim.hashmi/usenix/benchmark/newbench_norm/real/A_woman_sitting_on_a_bench_in_a_field_in_front_of_a_pond..png,0,13.206989,1,14.884036,1
/shared/home/sarim.hashmi/usenix/benchmark/newbench_norm/real/A_woman_sitting_on_a_motorcycle_while_talking_to_a_child_with_a_man_laying_in_a_hammock_behind_them..png,0,12.552613,1,15.573778,1
/shared/home/sarim.hashmi/usenix/benchmark/newbench_norm/real/A_woman_standing_in_a_kitchen_holding_a_jug_of_milk..png,0,13.574086,1,14.681033,1
/shared/home/sarim.hashmi/usenix/benchmark/newbench_norm/real/A_woman_standing_in_a_kitchen_next_to_a_sink..png,0,12.195853,1,14.637429,1
/shared/home/sarim.hashmi/usenix/benchmark/newbench_norm/real/A_woman_standing_in_front_of_a_bathroom_mirror_next_to_a_sink..png,0,12.499472,1,15.491467,1
/shared/home/sarim.hashmi/usenix/benchmark/newbench_norm/real/A_woman_standing_in_front_of_a_table_with_lots_of_salad..png,0,11.138466,1,15.248780,1
/shared/home/sarim.hashmi/usenix/benchmark/newbench_norm/real/A_woman_standing_next_to_a_standing_toilet..png,0,12.833862,1,14.827484,1
/shared/home/sarim.hashmi/usenix/benchmark/newbench_norm/real/A_woman_standing_next_to_a_traffic_signal_on_a_street_corner..png,0,12.211333,1,15.212255,1
/shared/home/sarim.hashmi/usenix/benchmark/newbench_norm/real/A_woman_standing_with_a_bi-wing_airplane_on_a_runway..png,0,13.304129,1,13.908157,1
/shared/home/sarim.hashmi/usenix/benchmark/newbench_norm/real/A_woman_walking_a_dog_down_a_street..png,0,13.112067,1,14.570863,1
/shared/home/sarim.hashmi/usenix/benchmark/newbench_norm/real/A_wooden_bench_near_tall_vegetation_in_front_of_a_house..png,0,12.829015,1,15.445556,1
/shared/home/sarim.hashmi/usenix/benchmark/newbench_norm/real/A_wooden_bench_sitting_on_a_lush_green_park..png,0,10.972123,1,15.242282,1
/shared/home/sarim.hashmi/usenix/benchmark/newbench_norm/real/A_wooden_bench_that_is_next_to_a_meter..png,0,13.230018,1,15.141206,1
/shared/home/sarim.hashmi/usenix/benchmark/newbench_norm/real/A_wooden_bench_with_snow_in_a__forest..png,0,13.630628,1,14.811760,1
/shared/home/sarim.hashmi/usenix/benchmark/newbench_norm/real/A_wooden_park_bench_with_a_remote_control_on_top_of_it..png,0,12.666377,1,15.556509,1
/shared/home/sarim.hashmi/usenix/benchmark/newbench_norm/real/A_yellow_and_blue_bus_driving_down_a_curvy_road..png,0,11.393435,1,15.571121,1
/shared/home/sarim.hashmi/usenix/benchmark/newbench_norm/real/A_yellow_and_green_train_pulling_out_of_a_tunnel_next_to_a_red_car..png,0,13.176389,1,15.321561,1
/shared/home/sarim.hashmi/usenix/benchmark/newbench_norm/real/A_yellow_bus_carrying_passengers_riding_along_the_road..png,0,12.428971,1,15.662815,1
/shared/home/sarim.hashmi/usenix/benchmark/newbench_norm/real/A_yellow_dune_buggy_on_display_amongst_other_automobiles..png,0,12.184451,1,15.018184,1
/shared/home/sarim.hashmi/usenix/benchmark/newbench_norm/real/A_yellow_fire_hydrant_in_front_of_a_bike_leaning_against_four_poles.png,0,12.534022,1,15.555443,1
/shared/home/sarim.hashmi/usenix/benchmark/newbench_norm/real/A_yellow_motorcycle_in_front_of_a_street_with_several_people._.png,0,11.954368,1,15.245248,1
/shared/home/sarim.hashmi/usenix/benchmark/newbench_norm/real/A_yellow_sign_sitting_on_the_side_of_a_road..png,0,12.723341,1,15.699552,1
/shared/home/sarim.hashmi/usenix/benchmark/newbench_norm/real/A_yellow_stripped_cat_sitting_in_a_bathroom_sink..png,0,14.343204,1,15.328002,1
/shared/home/sarim.hashmi/usenix/benchmark/newbench_norm/real/A_young_boy_seems_to_be_trying_to_feed_a_giraffe._.png,0,13.206550,1,15.019366,1
/shared/home/sarim.hashmi/usenix/benchmark/newbench_norm/real/A_young_cat_with_a_beautiful_coat_standing_alone._.png,0,13.262874,1,15.418308,1
/shared/home/sarim.hashmi/usenix/benchmark/newbench_norm/real/A_young_girl_standing_on_a_field_with_a_flock_of_birds..png,0,12.919302,1,15.690719,1
/shared/home/sarim.hashmi/usenix/benchmark/newbench_norm/real/A_young_woman_lays_a_hand_on_the_neck_of_the_horse_she_is_riding..png,0,12.000099,1,14.754226,1
/shared/home/sarim.hashmi/usenix/benchmark/newbench_norm/real/A_zebra_and_giraffe_that_is_in_the_dirt..png,0,11.293603,1,15.322490,1
/shared/home/sarim.hashmi/usenix/benchmark/newbench_norm/real/Adult_lying_obscurely_on_park_bench_in_wide_open_area..png,0,11.345069,1,15.141828,1
/shared/home/sarim.hashmi/usenix/benchmark/newbench_norm/real/Aerial_tricks_performed_on_red_bike_over_stacked_skateboards_with_photographer_in_background..png,0,13.028834,1,15.594749,1
/shared/home/sarim.hashmi/usenix/benchmark/newbench_norm/real/All_of_the_bunches_of_bananas_are_yellow_and_ripe..png,0,11.665817,1,15.061509,1
/shared/home/sarim.hashmi/usenix/benchmark/newbench_norm/real/An_All_Nippon_Airways_777_sitting_at_a_gate_on_the_tarmac..png,0,12.456202,1,14.533612,1
/shared/home/sarim.hashmi/usenix/benchmark/newbench_norm/real/An_airplane_flying_in_the_sky_with_smoke_coming_out_of_it._.png,0,12.808802,1,15.265032,1
/shared/home/sarim.hashmi/usenix/benchmark/newbench_norm/real/An_airplane_is_flying_against_a_partly_cloudy_sky..png,0,12.747742,1,14.561007,1
/shared/home/sarim.hashmi/usenix/benchmark/newbench_norm/real/An_airplane_nose_sits_in_a_hangar._.png,0,12.183452,1,14.846801,1
/shared/home/sarim.hashmi/usenix/benchmark/newbench_norm/real/An_airplane_on_a_runway_with_snow_on_it..png,0,13.119523,1,15.145397,1
/shared/home/sarim.hashmi/usenix/benchmark/newbench_norm/real/An_animal_surrounded_by_a_flock_of_birds.png,0,13.203732,1,14.115224,1
/shared/home/sarim.hashmi/usenix/benchmark/newbench_norm/real/An_assortment_of_flying_objects_including_kites_and_airplanes_hung_inside_a_building..png,0,12.915740,1,14.799534,1
/shared/home/sarim.hashmi/usenix/benchmark/newbench_norm/real/An_empty_bathroom_with_a_shower_next_to_a_toilet..png,0,12.333849,1,14.766185,1
/shared/home/sarim.hashmi/usenix/benchmark/newbench_norm/real/An_empty_kitchen_with_lots_of_tile_blue_counter_top_space..png,0,11.678531,1,14.879987,1
/shared/home/sarim.hashmi/usenix/benchmark/newbench_norm/real/An_intersection_features_a_directional_sign_to_local_towns._.png,0,12.861709,1,14.218898,1
/shared/home/sarim.hashmi/usenix/benchmark/newbench_norm/real/An_intersection_of_wires_and_cables_stretching_over_a_traffic_light..png,0,13.699882,1,14.738814,1
/shared/home/sarim.hashmi/usenix/benchmark/newbench_norm/real/An_odd_couple_of_formal_woman_in_black_dress_and_pearls_with_casual_boy_in_a_cap_and_untidy_clothes_.png,0,12.549682,1,14.095105,1
/shared/home/sarim.hashmi/usenix/benchmark/newbench_norm/real/An_office_cubicle_with_clutter_on_the_desk.png,0,11.115195,1,15.270114,1
"/shared/home/sarim.hashmi/usenix/benchmark/newbench_norm/real/An_old,_rusty_fire_hydrant,_in_front_of_the_pole._.png",0,12.801797,1,15.270108,1
/shared/home/sarim.hashmi/usenix/benchmark/newbench_norm/real/An_old_black_and_white_picture_of_a_bus_and_homes_in_the_background._.png,0,12.341012,1,14.904498,1
/shared/home/sarim.hashmi/usenix/benchmark/newbench_norm/real/An_old_bus_makes_its_way_down_a_city_street..png,0,13.643621,1,15.742223,1
/shared/home/sarim.hashmi/usenix/benchmark/newbench_norm/real/An_old_clock_bordered_by_a_tire_in_front_of_a_rusted_door..png,0,9.095014,1,15.583097,1
/shared/home/sarim.hashmi/usenix/benchmark/newbench_norm/real/An_old_fashioned_biplane_with_its_propeller_spinning..png,0,12.694442,1,15.099109,1
/shared/home/sarim.hashmi/usenix/benchmark/newbench_norm/real/An_old_fire_hydrant_in_the_middle_of_the_woods..png,0,10.586528,1,15.374455,1
/shared/home/sarim.hashmi/usenix/benchmark/newbench_norm/real/An_old_lady_smiling_in_a_pink_kitchen..png,0,12.549767,1,15.109458,1
/shared/home/sarim.hashmi/usenix/benchmark/newbench_norm/real/An_old_toilet_outside_against_an_old_painted_wall..png,0,11.933150,1,15.558993,1
/shared/home/sarim.hashmi/usenix/benchmark/newbench_norm/real/An_old_train_moving_on_a_train_track..png,0,12.131278,1,14.519810,1
/shared/home/sarim.hashmi/usenix/benchmark/newbench_norm/real/An_older_model_passenger_bus_in_a_city..png,0,12.524114,1,15.425980,1
"/shared/home/sarim.hashmi/usenix/benchmark/newbench_norm/real/An_open_door_leading_to_a_bathroom_toilet,_with_a_shower_rack_and_bureau_visible..png",0,13.603705,1,14.798578,1
/shared/home/sarim.hashmi/usenix/benchmark/newbench_norm/real/An_open_toilet_with_a_sign_posted_on_it..png,0,12.069732,1,15.153808,1
/shared/home/sarim.hashmi/usenix/benchmark/newbench_norm/real/An_orange_fire_hydrant_sitting_next_to_a_stone_wall..png,0,11.443154,1,14.636127,1
/shared/home/sarim.hashmi/usenix/benchmark/newbench_norm/real/An_orange_sign_that_has_a_picture_of_a_man_holding_a_flag..png,0,11.600629,1,15.635183,1
/shared/home/sarim.hashmi/usenix/benchmark/newbench_norm/real/An_worn_out_rainbow_colored_park_bench_seat.png,0,13.171889,1,15.180135,1
/shared/home/sarim.hashmi/usenix/benchmark/newbench_norm/real/Bench_and_window_with_shutters_with_bricked_wall.png,0,12.730094,1,15.115020,1
/shared/home/sarim.hashmi/usenix/benchmark/newbench_norm/real/Birds_perched_up_on_a_tree_branch_next_to_a_window..png,0,11.890998,1,15.232254,1
/shared/home/sarim.hashmi/usenix/benchmark/newbench_norm/real/Black_and_white_photo_of_a_clocktower_and_a_bird..png,0,13.418311,1,16.372261,1
/shared/home/sarim.hashmi/usenix/benchmark/newbench_norm/real/Car_parked_in_the_parking_lot_next_to_the_pier.png,0,13.112172,1,15.190917,1
/shared/home/sarim.hashmi/usenix/benchmark/newbench_norm/real/Cars_parked_and_driving_in_front_of_a_school..png,0,12.673545,1,15.355975,1
/shared/home/sarim.hashmi/usenix/benchmark/newbench_norm/real/City_bus_loading_on_a_busy_metropolitan_street._.png,0,12.798808,1,15.689945,1
/shared/home/sarim.hashmi/usenix/benchmark/newbench_norm/real/City_bus_on_an_empty_city_street_near_a_STOP_sign._.png,0,12.189322,1,14.837917,1
/shared/home/sarim.hashmi/usenix/benchmark/newbench_norm/real/Cliffs_rise_on_the_edge_of_a_placid_lake..png,0,13.479242,1,15.312340,1
/shared/home/sarim.hashmi/usenix/benchmark/newbench_norm/real/Closeup_of_view_of_the_cabin_and_wing_of_a_large_commercial_airliner..png,0,12.996944,1,15.472542,1
/shared/home/sarim.hashmi/usenix/benchmark/newbench_norm/real/Colorful_passenger_cars_are_parked_at_an_empty_station..png,0,13.186723,1,14.990760,1
/shared/home/sarim.hashmi/usenix/benchmark/newbench_norm/real/Construction_worker_holding_a_stop_sign_on_the_side_of_a_road_on_a_sunny_day..png,0,13.440912,1,15.356394,1
/shared/home/sarim.hashmi/usenix/benchmark/newbench_norm/real/Cute_multi_colored_kitten_sitting_in_woman's_lap.png,0,13.613183,1,14.936076,1
/shared/home/sarim.hashmi/usenix/benchmark/newbench_norm/real/Double_decker_city_bus_passing_under_an_overpass._.png,0,13.384440,1,14.493704,1
/shared/home/sarim.hashmi/usenix/benchmark/newbench_norm/real/Emergency_vehicles_are_on_the_scene_of_the_accident..png,0,11.730252,1,15.990010,1
/shared/home/sarim.hashmi/usenix/benchmark/newbench_norm/real/Fruit_in_a_jar_filled_with_liquid_sitting_on_a_wooden_table..png,0,13.044496,1,14.869372,1
/shared/home/sarim.hashmi/usenix/benchmark/newbench_norm/real/Full_grown_cat_laying_down_and_sleeping_on_top_of_a_car._.png,0,12.423104,1,15.440167,1
/shared/home/sarim.hashmi/usenix/benchmark/newbench_norm/real/Giraffe_walking_through_a_field_next_to_a_forest..png,0,12.045943,1,14.764391,1
/shared/home/sarim.hashmi/usenix/benchmark/newbench_norm/real/Giraffe_with_large_trees_grazing_in_gray_sky.png,0,11.659413,1,15.025034,1
/shared/home/sarim.hashmi/usenix/benchmark/newbench_norm/real/Group_of_giraffes_standing_near_a_puddle_on_the_savannah..png,0,13.080195,1,14.903821,1
/shared/home/sarim.hashmi/usenix/benchmark/newbench_norm/real/Jet_liner_flying_off_into_the_distance_on_an_overcast_day.png,0,13.468959,1,13.692707,1
/shared/home/sarim.hashmi/usenix/benchmark/newbench_norm/real/Large_commuter_train_parked_on_the_track_with_no_people_around..png,0,13.269397,1,14.968599,1
/shared/home/sarim.hashmi/usenix/benchmark/newbench_norm/real/Lots_of_fruit_sits_on_bowls_on_the_counter_of_this_kitchen._.png,0,12.943137,1,15.144923,1
/shared/home/sarim.hashmi/usenix/benchmark/newbench_norm/real/Man_on_bike_on_street_corner_with_buildings_and_stoplight.png,0,11.825898,1,15.689706,1
/shared/home/sarim.hashmi/usenix/benchmark/newbench_norm/real/Man_on_blue_and_white_motorcycle_riding_on_one_wheel._.png,0,13.208574,1,15.409785,1
/shared/home/sarim.hashmi/usenix/benchmark/newbench_norm/real/Many_motorcycles_are_parked_around_a_crowd_of_people..png,0,12.975330,1,14.895905,1
/shared/home/sarim.hashmi/usenix/benchmark/newbench_norm/real/Many_people_bike_through_the_streets_at_night..png,0,13.121822,1,15.588771,1
/shared/home/sarim.hashmi/usenix/benchmark/newbench_norm/real/Many_planes_are_arranged_in_a_large_building..png,0,12.036735,1,15.884228,1
/shared/home/sarim.hashmi/usenix/benchmark/newbench_norm/real/Many_plates_and_dishes_line_a_kitchen_cabinet._.png,0,12.341275,1,15.436496,1
/shared/home/sarim.hashmi/usenix/benchmark/newbench_norm/real/Men_and_women_are_riding_on_motorcycles_on_the_street.png,0,11.296569,1,14.594858,1
/shared/home/sarim.hashmi/usenix/benchmark/newbench_norm/real/Multiple_lane_road_in_large_city_on_sunny_day..png,0,12.892255,1,15.602525,1
"/shared/home/sarim.hashmi/usenix/benchmark/newbench_norm/real/Non_passenger_train,_slowly_coming_down_the_tracks.png",0,12.172596,1,15.482217,1
/shared/home/sarim.hashmi/usenix/benchmark/newbench_norm/real/One_giraffe_in_the_foreground_with_two_giraffes_in_the_background..png,0,12.242035,1,15.210107,1
/shared/home/sarim.hashmi/usenix/benchmark/newbench_norm/real/People_are_sitting_and_standing_outside_between_train_cars..png,0,13.415816,1,14.686519,1
/shared/home/sarim.hashmi/usenix/benchmark/newbench_norm/real/People_are_waiting_for_the_bus_near_a_bus_stop..png,0,13.374913,1,15.664079,1
/shared/home/sarim.hashmi/usenix/benchmark/newbench_norm/real/People_are_waiting_for_the_train_to_arrive.png,0,13.239629,1,15.391754,1
/shared/home/sarim.hashmi/usenix/benchmark/newbench_norm/real/People_at_a_bus_stop_waiting_on_a_bus..png,0,11.775433,1,14.912902,1
/shared/home/sarim.hashmi/usenix/benchmark/newbench_norm/real/People_crossing_the_street_at_a_busy_intersection.png,0,11.700110,1,15.299625,1
/shared/home/sarim.hashmi/usenix/benchmark/newbench_norm/real/People_sitting_on_benches_next_to_each_other..png,0,12.277949,1,15.022134,1
/shared/home/sarim.hashmi/usenix/benchmark/newbench_norm/real/People_standing_around_looking_at_a_small_train_on_a_track.png,0,10.671000,1,15.045170,1
/shared/home/sarim.hashmi/usenix/benchmark/newbench_norm/real/People_standing_on_a_sidewalk_near_a_parked_bus_at_night..png,0,12.479972,1,14.471990,1
/shared/home/sarim.hashmi/usenix/benchmark/newbench_norm/real/People_walking_around_downtown_and_a_man_riding_his_bike..png,0,12.102482,1,15.820624,1
/shared/home/sarim.hashmi/usenix/benchmark/newbench_norm/real/Red_and_white_plane_sitting_in_a_green_field..png,0,12.928129,1,15.117522,1
/shared/home/sarim.hashmi/usenix/benchmark/newbench_norm/real/Red_brick_building_with_fire_hydrant_and_car_with_cloudy_sky.png,0,12.207866,1,14.870973,1
/shared/home/sarim.hashmi/usenix/benchmark/newbench_norm/real/Red_bus_passing_by_a_famous_clock_tower._.png,0,11.975846,1,15.762615,1
/shared/home/sarim.hashmi/usenix/benchmark/newbench_norm/real/Red_train_at_a_stop_and_a_man_that_is_waiting._.png,0,13.293805,1,15.285231,1
/shared/home/sarim.hashmi/usenix/benchmark/newbench_norm/real/Red_wrong_way_sign_in_front_of_a_church.png,0,12.780216,1,14.812219,1
/shared/home/sarim.hashmi/usenix/benchmark/newbench_norm/real/Row_of_motorcycles_parked_at_curb_in_outdoor_area..png,0,12.811060,1,15.609948,1
/shared/home/sarim.hashmi/usenix/benchmark/newbench_norm/real/Rows_of_gray_and_black_keyboards_make_up_several_different_pictures..png,0,13.016982,1,15.061939,1
/shared/home/sarim.hashmi/usenix/benchmark/newbench_norm/real/Separate_men_sitting_on_park_benches_playing_on_phone_and_reading..png,0,12.688816,1,15.462604,1
/shared/home/sarim.hashmi/usenix/benchmark/newbench_norm/real/Seven_giraffe_are_standing_around_a_bush_in_a_field..png,0,12.989281,1,14.842281,1
/shared/home/sarim.hashmi/usenix/benchmark/newbench_norm/real/Several_bicycles_lined_up_against_a_brick_building..png,0,11.462489,1,15.452548,1
/shared/home/sarim.hashmi/usenix/benchmark/newbench_norm/real/Several_buses_stopped_on_a_night_time_street..png,0,12.769322,1,14.981324,1
/shared/home/sarim.hashmi/usenix/benchmark/newbench_norm/real/Several_different_pots_place_on_a_stone_floor..png,0,13.724531,1,14.461581,1
/shared/home/sarim.hashmi/usenix/benchmark/newbench_norm/real/Several_motorcycles_and_cars_parked_on_a_city_street..png,0,11.729942,1,15.656693,1
/shared/home/sarim.hashmi/usenix/benchmark/newbench_norm/real/Several_people_are_seen_sitting_around_and_smoking..png,0,12.914478,1,15.484481,1
/shared/home/sarim.hashmi/usenix/benchmark/newbench_norm/real/Several_people_stand_on_a_sidewalk_by_a_train_next_to_a_cart_stacked_with_materials..png,0,12.297376,1,14.707796,1
/shared/home/sarim.hashmi/usenix/benchmark/newbench_norm/real/Several_sheep_are_in_a_grassy_field_with_trees..png,0,13.138152,1,15.291145,1
/shared/home/sarim.hashmi/usenix/benchmark/newbench_norm/real/Sign_over_city_street_above_traffic_lights_by_a_building..png,0,13.014250,1,15.297080,1
/shared/home/sarim.hashmi/usenix/benchmark/newbench_norm/real/Signs_with_red_men_for_go_and_stop.png,0,13.015752,1,13.603147,1
/shared/home/sarim.hashmi/usenix/benchmark/newbench_norm/real/Small_bathroom_with_toilet_and_sink_connected_to_each_other._.png,0,13.940665,1,14.108325,1
/shared/home/sarim.hashmi/usenix/benchmark/newbench_norm/real/Small_black_bird_standing_on_a_wooden_table_or_deck..png,0,12.787379,1,15.309083,1
/shared/home/sarim.hashmi/usenix/benchmark/newbench_norm/real/Small_kitchen_with_white_cabinets_and_white_appliances_with_a_city_view._.png,0,11.393672,1,15.203785,1
/shared/home/sarim.hashmi/usenix/benchmark/newbench_norm/real/Some_cars_are_traveling_on_the_streets_on_a_cloudy_day._.png,0,10.577094,1,15.370314,1
/shared/home/sarim.hashmi/usenix/benchmark/newbench_norm/real/Street_sign_in_front_of_a_large_building_and_clear_skies..png,0,13.539055,1,15.835000,1
/shared/home/sarim.hashmi/usenix/benchmark/newbench_norm/real/Street_signs_are_advising_people_to_proceed_while_being_aware_of_their_surroundings..png,0,13.018962,1,15.303151,1
"/shared/home/sarim.hashmi/usenix/benchmark/newbench_norm/real/Street_signs_at_an_intersection,_silhouetted_against_trees_and_a_blue_sky.png",0,12.509189,1,15.256427,1
/shared/home/sarim.hashmi/usenix/benchmark/newbench_norm/real/THERE_IS_A_PARK_BENCH_FACING_A_SNOW_COVERED_MOUNTAIN_.png,0,12.102071,1,15.433236,1
/shared/home/sarim.hashmi/usenix/benchmark/newbench_norm/real/TWO_PEOPLE_IN_A_VERY_SMALL_APARTMENT_SIZE_KITCHEN.png,0,9.677593,1,14.517088,1
/shared/home/sarim.hashmi/usenix/benchmark/newbench_norm/real/That_looks_like_a_wall_mural_in_the_background_of_this_photo_with_a_lot_of_sheet..png,0,12.576980,1,15.091399,1
/shared/home/sarim.hashmi/usenix/benchmark/newbench_norm/real/The_airplane_flies_low_to_the_ground_during_sunset..png,0,14.066604,1,13.940635,1
/shared/home/sarim.hashmi/usenix/benchmark/newbench_norm/real/The_airplane_is_majestic_as_it_takes_off_into_the_air..png,0,12.974702,1,14.945915,1
/shared/home/sarim.hashmi/usenix/benchmark/newbench_norm/real/The_back_door_with_a_window_in_the_kitchen..png,0,13.297011,1,14.947512,1
/shared/home/sarim.hashmi/usenix/benchmark/newbench_norm/real/The_baseball_player_is_prominent_in_all_the_featured_pictures..png,0,11.425882,1,14.822099,1
/shared/home/sarim.hashmi/usenix/benchmark/newbench_norm/real/The_bathroom_has_two_large_windows_with_a_ledge..png,0,11.274851,1,14.318372,1
/shared/home/sarim.hashmi/usenix/benchmark/newbench_norm/real/The_bathroom_is_clean_for_the_guests_to_use._.png,0,13.602523,1,14.271964,1
"/shared/home/sarim.hashmi/usenix/benchmark/newbench_norm/real/The_bathroom_is_small_but_clean_and_neat_looking,_with_an_immaculate_black_and_white_tub___shower..png",0,13.037440,1,14.158718,1
/shared/home/sarim.hashmi/usenix/benchmark/newbench_norm/real/The_bird_is_perched_alone_on_the_bannister._.png,0,13.253575,1,15.022161,1
/shared/home/sarim.hashmi/usenix/benchmark/newbench_norm/real/The_black_cat_is_laying_on_top_of_books_on_the_shelf._.png,0,12.619163,1,15.462158,1
/shared/home/sarim.hashmi/usenix/benchmark/newbench_norm/real/The_car_is_traveling_down_the_road_while_the_dog_watches..png,0,11.953544,1,15.185217,1
/shared/home/sarim.hashmi/usenix/benchmark/newbench_norm/real/The_clock_on_the_side_of_the_metal_building_is_gold_and_black._.png,0,13.418596,1,15.336424,1
/shared/home/sarim.hashmi/usenix/benchmark/newbench_norm/real/The_couple_is_riding_the_motorcycle_together._.png,0,11.238212,1,15.295534,1
/shared/home/sarim.hashmi/usenix/benchmark/newbench_norm/real/The_fire_hydrant_is_sitting_on_the_side_of_the_road.png,0,13.650373,1,15.303809,1
/shared/home/sarim.hashmi/usenix/benchmark/newbench_norm/real/The_four_urinals_have_a_very_modern_design..png,0,12.506996,1,15.125810,1
/shared/home/sarim.hashmi/usenix/benchmark/newbench_norm/real/The_freight_train_is_speeding_through_the_crossing..png,0,13.470469,1,15.465177,1
"/shared/home/sarim.hashmi/usenix/benchmark/newbench_norm/real/The_german_shepherd_is_guarding_the_front_of_the_barred_door,.png",0,14.260047,1,14.780712,1
/shared/home/sarim.hashmi/usenix/benchmark/newbench_norm/real/The_giraffe_eats_from_a_reachable_limb_of_the_tree..png,0,11.433812,1,14.871570,1
/shared/home/sarim.hashmi/usenix/benchmark/newbench_norm/real/The_infamous_Big_Ben_clock_tower_towering_over_the_city_of_London..png,0,12.708389,1,16.017347,1
/shared/home/sarim.hashmi/usenix/benchmark/newbench_norm/real/The_kitchen_sits_empty_and_unused_during_the_day..png,0,12.504756,1,14.976117,1
/shared/home/sarim.hashmi/usenix/benchmark/newbench_norm/real/The_large_green_city_bus_is_driving_on_a_road..png,0,13.484187,1,15.656360,1
/shared/home/sarim.hashmi/usenix/benchmark/newbench_norm/real/The_lights_are_on_above_the_mirror_of_the_bathroom_sink..png,0,13.534785,1,14.650170,1
/shared/home/sarim.hashmi/usenix/benchmark/newbench_norm/real/The_little_girl_is_standing_between_the_low_shrub_and_the_fire_plug.png,0,12.875637,1,15.840549,1
/shared/home/sarim.hashmi/usenix/benchmark/newbench_norm/real/The_motorcycle_has_a_large_cargo_box_attached_to_the_seat..png,0,13.535924,1,15.384782,1
/shared/home/sarim.hashmi/usenix/benchmark/newbench_norm/real/The_officer_is_riding_a_horse_threw_the_streets._.png,0,11.630313,1,15.666358,1
/shared/home/sarim.hashmi/usenix/benchmark/newbench_norm/real/The_person_stands_in_a_field_flying_a_yellow_kite._.png,0,12.696163,1,15.202372,1
/shared/home/sarim.hashmi/usenix/benchmark/newbench_norm/real/The_red_bus_has_an_anime_girl_on_it._.png,0,12.590581,1,15.671847,1
/shared/home/sarim.hashmi/usenix/benchmark/newbench_norm/real/The_shoreline_of_a_beach_on_a_cloudy_day._.png,0,12.409442,1,14.078889,1
/shared/home/sarim.hashmi/usenix/benchmark/newbench_norm/real/The_skilled_skier_is_taking_the_downhill_route..png,0,9.179467,1,14.564126,1
/shared/home/sarim.hashmi/usenix/benchmark/newbench_norm/real/The_sleek_fighter_jet_is_flying_sideways_through_the_air._.png,0,13.758368,1,14.551423,1
/shared/home/sarim.hashmi/usenix/benchmark/newbench_norm/real/The_small_bathroom_has_an_old_bathtub_in_it..png,0,10.725724,1,15.536329,1
/shared/home/sarim.hashmi/usenix/benchmark/newbench_norm/real/The_small_street_is_crowded_with_small_shops..png,0,12.514030,1,15.904932,1
/shared/home/sarim.hashmi/usenix/benchmark/newbench_norm/real/The_snow_covered_mountain_looks_over_the_small_city..png,0,12.721555,1,14.485585,1
/shared/home/sarim.hashmi/usenix/benchmark/newbench_norm/real/The_stop_sign_with_an_apartment_building_in_the_backgroundis_shot_from_below..png,0,13.235003,1,14.712754,1
/shared/home/sarim.hashmi/usenix/benchmark/newbench_norm/real/The_street_sign_is_across_from_an_electronic_sign_of_a_restaurant..png,0,12.480614,1,15.185313,1
/shared/home/sarim.hashmi/usenix/benchmark/newbench_norm/real/The_three_giraffe_stand_next_to_a_pile_of_logs..png,0,11.691003,1,15.252091,1
/shared/home/sarim.hashmi/usenix/benchmark/newbench_norm/real/The_train_could_be_going_as_fast_as_lightning.png,0,11.458113,1,15.400223,1
/shared/home/sarim.hashmi/usenix/benchmark/newbench_norm/real/The_train_is_passing_by_the_open_field..png,0,12.174976,1,15.414194,1
/shared/home/sarim.hashmi/usenix/benchmark/newbench_norm/real/The_view_from_the_airplane_shows_a_mountain_range..png,0,13.780297,1,15.651427,1
/shared/home/sarim.hashmi/usenix/benchmark/newbench_norm/real/The_windows_of_a_railroad_train_photographed_against_a_cloudy_background..png,0,12.729980,1,14.619306,1
/shared/home/sarim.hashmi/usenix/benchmark/newbench_norm/real/The_woman_smiles_while_posing_with_a_big_cat_in_her_arms..png,0,11.687709,1,15.316123,1
/shared/home/sarim.hashmi/usenix/benchmark/newbench_norm/real/The_woman_stands_near_the_stove_near_a_baby_chair_on_the_ground._.png,0,11.652072,1,15.631154,1
/shared/home/sarim.hashmi/usenix/benchmark/newbench_norm/real/There's_an_outdoor_dining_area_featuring_a_fountain._.png,0,13.279963,1,15.236117,1
/shared/home/sarim.hashmi/usenix/benchmark/newbench_norm/real/There_are_billboards_on_the_side_of_the_road..png,0,11.243510,1,15.585492,1
/shared/home/sarim.hashmi/usenix/benchmark/newbench_norm/real/There_are_many_cars_parked_next_to_the_ship..png,0,12.395249,1,14.942792,1
/shared/home/sarim.hashmi/usenix/benchmark/newbench_norm/real/There_are_stop_signs_and_one_way_signs_at_this_intersection..png,0,12.961728,1,15.409225,1
/shared/home/sarim.hashmi/usenix/benchmark/newbench_norm/real/There_are_two_men_sitting_on_a_park_bench.png,0,11.631419,1,14.482295,1
/shared/home/sarim.hashmi/usenix/benchmark/newbench_norm/real/There_are_two_sinks_next_to_two_mirrors..png,0,11.887128,1,15.398532,1
/shared/home/sarim.hashmi/usenix/benchmark/newbench_norm/real/There_is_a_blue_and_yellow_train_stopped_at_a_train_stop.png,0,13.682712,1,15.020030,1
/shared/home/sarim.hashmi/usenix/benchmark/newbench_norm/real/There_is_a_man_picking_bananas_next_to_a_street..png,0,12.399461,1,14.771469,1
/shared/home/sarim.hashmi/usenix/benchmark/newbench_norm/real/This_hazy_picture_depicts_traffic_on_a_busy_street..png,0,13.173763,1,14.768940,1
/shared/home/sarim.hashmi/usenix/benchmark/newbench_norm/real/This_is_an_image_of_an_elevated_train_in_the_city..png,0,13.429207,1,14.365607,1
/shared/home/sarim.hashmi/usenix/benchmark/newbench_norm/real/This_is_an_open_box_containing_four_cucumbers..png,0,12.425290,1,15.150652,1
/shared/home/sarim.hashmi/usenix/benchmark/newbench_norm/real/This_quaint_backyard_has_a_shed_and_a_bench.png,0,11.205697,1,15.677304,1
/shared/home/sarim.hashmi/usenix/benchmark/newbench_norm/real/Thomas_the_tank_traveling_down_train_tracks_next_to_a__bush..png,0,12.230085,1,15.468684,1
/shared/home/sarim.hashmi/usenix/benchmark/newbench_norm/real/Three_airliners_are_preparing_to_load_passengers_onto_a_plane..png,0,12.139520,1,13.991109,1
/shared/home/sarim.hashmi/usenix/benchmark/newbench_norm/real/Three_giraffe_eating_greens_in_a_field_next_to_lots_of_trees..png,0,11.500813,1,15.656716,1
/shared/home/sarim.hashmi/usenix/benchmark/newbench_norm/real/Three_giraffe_standing_near_trees_and_one_eating_on_a_tree.__.png,0,12.567361,1,15.429061,1
/shared/home/sarim.hashmi/usenix/benchmark/newbench_norm/real/Three_light_sheep_are_grazing_on_grass_in_a_ring_and_a_dark_sheep_is_eating_by_himself..png,0,12.896285,1,15.271421,1
"/shared/home/sarim.hashmi/usenix/benchmark/newbench_norm/real/Three_men_in_military_suits_are_sitting_on_a_bench,.png",0,12.831471,1,14.762870,1
/shared/home/sarim.hashmi/usenix/benchmark/newbench_norm/real/Three_monitors_sitting_on_a_table_one_with_a_view_of_a_baseball_game..png,0,12.758744,1,15.027565,1
/shared/home/sarim.hashmi/usenix/benchmark/newbench_norm/real/Three_people_on_a_motorcycle_in_the_middle_of_a_city..png,0,12.628795,1,15.833628,1
/shared/home/sarim.hashmi/usenix/benchmark/newbench_norm/real/Three_people_riding_horses_on_a_beach_next_to_the_ocean...png,0,11.836520,1,15.295194,1
/shared/home/sarim.hashmi/usenix/benchmark/newbench_norm/real/Three_sheep_in_the_process_of_running_on_grass_outside..png,0,13.019258,1,14.531817,1
/shared/home/sarim.hashmi/usenix/benchmark/newbench_norm/real/Three_white_storks_with_black_legs_and_beaks_wading_in_some_water..png,0,12.384507,1,14.743869,1
/shared/home/sarim.hashmi/usenix/benchmark/newbench_norm/real/Traffic_lights_next_to_traffic_signs_on_a_bridge..png,0,13.008305,1,14.978940,1
/shared/home/sarim.hashmi/usenix/benchmark/newbench_norm/real/Train_track_running_alongside_a_mountain_with_an_orange_train_car_in_distance..png,0,11.766962,1,14.818513,1
/shared/home/sarim.hashmi/usenix/benchmark/newbench_norm/real/Train_with_four_cars_traveling_through_the_wooded_area..png,0,12.902413,1,15.235408,1
/shared/home/sarim.hashmi/usenix/benchmark/newbench_norm/real/Twin_baby_girls_wearing_hats_eat_ice_cream..png,0,12.993045,1,14.935859,1
/shared/home/sarim.hashmi/usenix/benchmark/newbench_norm/real/Two_No_Parking_Signs_emphasize_the_law_on_this_street..png,0,12.433574,1,14.204185,1
/shared/home/sarim.hashmi/usenix/benchmark/newbench_norm/real/Two_airplanes_flying_through_a_blue_sky_with_smoke_pouring_out_of_their_rear_ends..png,0,11.662791,1,15.210773,1
/shared/home/sarim.hashmi/usenix/benchmark/newbench_norm/real/Two_bathroom_sinks_under_two_mirrors_next_to_paper_towel_dispenser..png,0,12.004050,1,15.022863,1
/shared/home/sarim.hashmi/usenix/benchmark/newbench_norm/real/Two_black_horses_standing_next_to_each_other..png,0,13.151677,1,14.224442,1
/shared/home/sarim.hashmi/usenix/benchmark/newbench_norm/real/Two_buses_passing_each_other_by_while_traveling_under_a_bridge..png,0,13.007245,1,14.838832,1
/shared/home/sarim.hashmi/usenix/benchmark/newbench_norm/real/Two_busses_on_street_next_to_cars_with_buildings_in_the_background..png,0,12.637752,1,15.364190,1
/shared/home/sarim.hashmi/usenix/benchmark/newbench_norm/real/Two_cats_sitting_on_a__sill_looking_out_the_window.png,0,11.415160,1,14.420585,1
/shared/home/sarim.hashmi/usenix/benchmark/newbench_norm/real/Two_giraffe_standing_next_to_each_other_around_a_tree..png,0,11.885715,1,15.522654,1
/shared/home/sarim.hashmi/usenix/benchmark/newbench_norm/real/Two_giraffe_standing_next_to_each_other_on_a_field..png,0,12.742777,1,15.703366,1
/shared/home/sarim.hashmi/usenix/benchmark/newbench_norm/real/Two_giraffe_standing_next_to_each_other_on_a_lush_green_field..png,0,13.004003,1,15.596721,1
/shared/home/sarim.hashmi/usenix/benchmark/newbench_norm/real/Two_giraffes_are_walking_and_standing_in_the_open_field.png,0,11.670545,1,15.492867,1
/shared/home/sarim.hashmi/usenix/benchmark/newbench_norm/real/Two_giraffes_in_a_outdoor_shelter_under_a_net..png,0,10.952189,1,14.932924,1
/shared/home/sarim.hashmi/usenix/benchmark/newbench_norm/real/Two_giraffes_in_a_room_with_people_looking_at_them..png,0,14.197966,1,15.409876,1
/shared/home/sarim.hashmi/usenix/benchmark/newbench_norm/real/Two_giraffes_near_a_tree_in_the_wild..png,0,12.752389,1,15.348609,1
/shared/home/sarim.hashmi/usenix/benchmark/newbench_norm/real/Two_giraffes_stand_in_a_dirt_yard_next_to_a_wooden_structure..png,0,12.906495,1,14.383740,1
/shared/home/sarim.hashmi/usenix/benchmark/newbench_norm/real/Two_giraffes_standing_next_to_each_other_looking_over_a_fence..png,0,12.493041,1,14.973594,1
/shared/home/sarim.hashmi/usenix/benchmark/newbench_norm/real/Two_goat_kids_and_one_young_lamb_are_in_a_field.__.png,0,13.675748,1,14.918801,1
/shared/home/sarim.hashmi/usenix/benchmark/newbench_norm/real/Two_large_colorful_birds_touch_their_beaks_together..png,0,12.580733,1,15.202210,1
/shared/home/sarim.hashmi/usenix/benchmark/newbench_norm/real/Two_large_passenger_jets_flying_over_a_beach_filled_with_birds..png,0,10.853511,1,14.922311,1
/shared/home/sarim.hashmi/usenix/benchmark/newbench_norm/real/Two_men_riding_on_a_motorcycle_with_a_young_girl..png,0,11.492093,1,14.909784,1
/shared/home/sarim.hashmi/usenix/benchmark/newbench_norm/real/Two_mountain_goats_standing_on_the_side_of_a_mountain..png,0,11.506585,1,14.791642,1
/shared/home/sarim.hashmi/usenix/benchmark/newbench_norm/real/Two_people_are_looking_at_a_truck_while_a_dog_is_being_walked..png,0,13.706340,1,15.394333,1
/shared/home/sarim.hashmi/usenix/benchmark/newbench_norm/real/Two_people_are_sitting_at_a_picnic_table_by_a_lake..png,0,13.087270,1,15.380992,1
/shared/home/sarim.hashmi/usenix/benchmark/newbench_norm/real/Two_people_ride_on_a_motorcycle_on_a_street._.png,0,13.523803,1,14.923229,1
/shared/home/sarim.hashmi/usenix/benchmark/newbench_norm/real/Two_people_sit_in_the_sand_with_their_surf_boards._.png,0,13.053800,1,14.793689,1
/shared/home/sarim.hashmi/usenix/benchmark/newbench_norm/real/Two_people_standing_in_the_grass_flying_a_kite..png,0,13.328843,1,15.636918,1
/shared/home/sarim.hashmi/usenix/benchmark/newbench_norm/real/Two_photos_of_an_airplane_in_the_air..png,0,12.637917,1,14.368481,1
/shared/home/sarim.hashmi/usenix/benchmark/newbench_norm/real/Two_sheep_are_looking_over_a_cement_wall..png,0,12.636615,1,16.038773,1
/shared/home/sarim.hashmi/usenix/benchmark/newbench_norm/real/Two_sheep_graze_in_a_valley_near_a_small_town..png,0,12.775752,1,15.246987,1
/shared/home/sarim.hashmi/usenix/benchmark/newbench_norm/real/Two_sheep_one_with_a_bell_tied_to_its_neck_walking_in_a_green_field..png,0,10.343909,1,15.156896,1
/shared/home/sarim.hashmi/usenix/benchmark/newbench_norm/real/Two_sheep_that_are_standing_in_the_grass..png,0,12.292686,1,14.911666,1
/shared/home/sarim.hashmi/usenix/benchmark/newbench_norm/real/Two_signs_in_front_of_a_red_brick_building_that_say_Tow_Away_No_Stopping_from_4pm_to_6pm_and_No_Park.png,0,12.478017,1,15.487257,1
/shared/home/sarim.hashmi/usenix/benchmark/newbench_norm/real/Two_stuffed_animals_are_cutting_bread_and_spreading_jelly_on_it..png,0,12.156142,1,15.002262,1
/shared/home/sarim.hashmi/usenix/benchmark/newbench_norm/real/Two_tall_giraffe_standing_next_to_a_green_leaf_filled_tree.png,0,7.814893,1,15.006431,1
/shared/home/sarim.hashmi/usenix/benchmark/newbench_norm/real/Two_toilets_sit_near_each_other_in_the_same_room..png,0,10.750637,1,13.809288,1
/shared/home/sarim.hashmi/usenix/benchmark/newbench_norm/real/Two_urinals_in_wall_with_a_white_divider..png,0,12.627740,1,14.669051,1
/shared/home/sarim.hashmi/usenix/benchmark/newbench_norm/real/Vet_supplies_laying_on_the_floor_of_a_room..png,0,12.675355,1,14.877656,1
/shared/home/sarim.hashmi/usenix/benchmark/newbench_norm/real/Water_is_spewing_form_the_ground_while_people_watch_on..png,0,12.505531,1,14.809912,1
/shared/home/sarim.hashmi/usenix/benchmark/newbench_norm/real/We_are_looking_at_a_model_train_coming_down_the_track..png,0,13.450528,1,15.955659,1
/shared/home/sarim.hashmi/usenix/benchmark/newbench_norm/real/White_and_gray_cat_looking_past_spoked_wheel..png,0,13.418220,1,14.568472,1
/shared/home/sarim.hashmi/usenix/benchmark/newbench_norm/real/Woman_interacting_with_giraffe_at_fence_in_zoo..png,0,12.797882,1,15.727973,1
/shared/home/sarim.hashmi/usenix/benchmark/newbench_norm/real/Woman_riding_her_bike_down_a_small_side_path..png,0,13.224041,1,15.098755,1
/shared/home/sarim.hashmi/usenix/benchmark/newbench_norm/real/Women_taking_picture_of_themselves_while_brushing_their_teeth..png,0,12.277017,1,15.357503,1
/shared/home/sarim.hashmi/usenix/benchmark/newbench_norm/real/Woodpeckers_on_the_side_of_trees_during_the_day..png,0,13.441733,1,15.640361,1
"/shared/home/sarim.hashmi/usenix/benchmark/newbench_norm/real/_A_bathroom_with_a_toilet,_sink,_counter_and_large_mirror.png",0,13.001202,1,15.199894,1
/shared/home/sarim.hashmi/usenix/benchmark/newbench_norm/real/_A_sidewalk_with_street_sings_next_to_a_road..png,0,12.370261,1,14.714468,1
/shared/home/sarim.hashmi/usenix/benchmark/newbench_norm/real/_a_street_sign_with_the_red_light_glowing_brightly_on_it_.png,0,12.604350,1,15.498029,1
/shared/home/sarim.hashmi/usenix/benchmark/newbench_norm/real/a_bath_room_with_a_toilet_a_sink_and_a_bath_tub.png,0,14.143641,1,14.620069,1
/shared/home/sarim.hashmi/usenix/benchmark/newbench_norm/real/a_bath_room_with_a_toilet_a_stool_and_handle_bars.png,0,11.641864,1,14.816070,1
/shared/home/sarim.hashmi/usenix/benchmark/newbench_norm/real/a_bath_room_with_two_sinks_a_large_mirror_a_bath_tub.png,0,12.866296,1,14.672854,1
/shared/home/sarim.hashmi/usenix/benchmark/newbench_norm/real/a_bathroom_counter_with_two_sinks_on_it_.png,0,13.239181,1,14.005939,1
/shared/home/sarim.hashmi/usenix/benchmark/newbench_norm/real/a_bathroom_with_a_bath_tub_a_toilet_and_a_sink.png,0,12.526266,1,14.618426,1
/shared/home/sarim.hashmi/usenix/benchmark/newbench_norm/real/a_bathroom_with_a_sink_a_mirror_and_a_toilet.png,0,13.050989,1,14.767531,1
/shared/home/sarim.hashmi/usenix/benchmark/newbench_norm/real/a_bathroom_with_a_white_sink_next_to_a_white_bath_tub..png,0,12.656570,1,15.192755,1
/shared/home/sarim.hashmi/usenix/benchmark/newbench_norm/real/a_bathroom_with_bright_lights_and_white_carpet_.png,0,13.668607,1,15.162464,1
/shared/home/sarim.hashmi/usenix/benchmark/newbench_norm/real/a_beautiful_lady_with_a_very_nice_motor_bike.png,0,11.842326,1,15.739835,1
/shared/home/sarim.hashmi/usenix/benchmark/newbench_norm/real/a_bench_in_the_woods_covered_in_snow_.png,0,12.266812,1,15.881570,1
/shared/home/sarim.hashmi/usenix/benchmark/newbench_norm/real/a_big_red_fire_hydrant_on_the_side_of_a_building..png,0,12.765977,1,15.226663,1
/shared/home/sarim.hashmi/usenix/benchmark/newbench_norm/real/a_black_and_white_photo_of_a_long_bench_for_sitting_near_a_building.png,0,12.782395,1,15.436494,1
/shared/home/sarim.hashmi/usenix/benchmark/newbench_norm/real/a_blue_sign_in_the_sidewalk_of_a_walking_trail.png,0,10.056723,1,14.894249,1
/shared/home/sarim.hashmi/usenix/benchmark/newbench_norm/real/a_bluish_motorcycle_parked_on_sidewalk_in_park.png,0,11.498576,1,15.332376,1
/shared/home/sarim.hashmi/usenix/benchmark/newbench_norm/real/a_brown_and_white_dog_is_sitting_in_some_grass_and_a_red_and_white_fire_hydrant.png,0,13.477939,1,15.647588,1
/shared/home/sarim.hashmi/usenix/benchmark/newbench_norm/real/a_cat_is_sitting_on_a_wooden_bench_outside.png,0,11.387746,1,14.891789,1
/shared/home/sarim.hashmi/usenix/benchmark/newbench_norm/real/a_close_up_of_a_cat_on_a_desk_near_a_sandwich_.png,0,12.174975,1,14.689135,1
/shared/home/sarim.hashmi/usenix/benchmark/newbench_norm/real/a_close_up_of_a_pot_with_a_cell_phone_.png,0,13.085530,1,15.647091,1
/shared/home/sarim.hashmi/usenix/benchmark/newbench_norm/real/a_close_up_of_two_giraffes_with_a_rock_background.png,0,13.063724,1,15.333229,1
/shared/home/sarim.hashmi/usenix/benchmark/newbench_norm/real/a_colofrul_biplane_flying_above_some_trees_.png,0,11.743010,1,14.855575,1
/shared/home/sarim.hashmi/usenix/benchmark/newbench_norm/real/a_commercial_plane_is_on_the_airport_runway.png,0,13.548619,1,13.925872,1
/shared/home/sarim.hashmi/usenix/benchmark/newbench_norm/real/a_counter_with_cleaning_supplies_ice_cube_trays_and_racks_from_a_fridge_and_a_drawer_missing.png,0,12.948304,1,15.226361,1
/shared/home/sarim.hashmi/usenix/benchmark/newbench_norm/real/a_couple_of_anmails_standing_next_to_a_truck.png,0,12.449427,1,15.437466,1
/shared/home/sarim.hashmi/usenix/benchmark/newbench_norm/real/a_couple_of_buildings_grouped_together_next_to_some_power_lines_.png,0,11.237864,1,15.347900,1
/shared/home/sarim.hashmi/usenix/benchmark/newbench_norm/real/a_couple_of_cats_sit_in_front_of_a_tub_full_of_water_.png,0,11.247728,1,14.335584,1
/shared/home/sarim.hashmi/usenix/benchmark/newbench_norm/real/a_couple_of_fire_trucks_that_are_by_a_motorcycle.png,0,13.056670,1,15.141317,1
/shared/home/sarim.hashmi/usenix/benchmark/newbench_norm/real/a_couple_of_people_in_uniforms_are_sitting_together.png,0,11.875625,1,15.301890,1
/shared/home/sarim.hashmi/usenix/benchmark/newbench_norm/real/a_couple_of_planes_are_out_on_a_runway.png,0,11.457165,1,14.866011,1
/shared/home/sarim.hashmi/usenix/benchmark/newbench_norm/real/a_couple_of_sgns_are_on_poles_in_the_ground.png,0,13.902032,1,15.568241,1
/shared/home/sarim.hashmi/usenix/benchmark/newbench_norm/real/a_couple_of_sheep_walking_across_a_grass_covered_field..png,0,12.967227,1,15.513278,1
/shared/home/sarim.hashmi/usenix/benchmark/newbench_norm/real/a_cyclist_with_a_motorbike_moving_very_fast.png,0,4.821427,1,15.076049,1
/shared/home/sarim.hashmi/usenix/benchmark/newbench_norm/real/a_desk_with_a_banana_a_keyboard_and_a_mouse.png,0,12.536599,1,14.989106,1
/shared/home/sarim.hashmi/usenix/benchmark/newbench_norm/real/a_dog_walking_beside_a_man_carrying_a_surf_board.png,0,12.917396,1,13.912681,1
/shared/home/sarim.hashmi/usenix/benchmark/newbench_norm/real/a_double_decker_red_bus_stopped_outside_of_a_brick_building.png,0,12.451485,1,15.520329,1
/shared/home/sarim.hashmi/usenix/benchmark/newbench_norm/real/a_fancy_white_train_parked_by_the_platform_.png,0,12.486268,1,15.258861,1
/shared/home/sarim.hashmi/usenix/benchmark/newbench_norm/real/a_female_in_a_gray_top_is_holding_a_cellphone.png,0,12.817935,1,15.433946,1
/shared/home/sarim.hashmi/usenix/benchmark/newbench_norm/real/a_giraffe_in_a_field_with_another_in_the_background.png,0,12.710577,1,15.420760,1
/shared/home/sarim.hashmi/usenix/benchmark/newbench_norm/real/a_giraffe_reaching_up_to_eat_some_grass_from_a_cage_.png,0,13.238013,1,15.313991,1
/shared/home/sarim.hashmi/usenix/benchmark/newbench_norm/real/a_giraffe_walking_on_a_street_with_trees.png,0,12.743538,1,15.270143,1
/shared/home/sarim.hashmi/usenix/benchmark/newbench_norm/real/a_girl_wearing_a_cowboy_hat_while_holding_a_dog_.png,0,12.943242,1,15.338908,1
/shared/home/sarim.hashmi/usenix/benchmark/newbench_norm/real/a_green_double_Decker_bus_stopped_on_the_street.png,0,11.762887,1,15.079345,1
/shared/home/sarim.hashmi/usenix/benchmark/newbench_norm/real/a_green_train_engine_sitting_at_the_end_of_the_train_and_next_to_the_buidling.png,0,13.065800,1,14.824363,1
/shared/home/sarim.hashmi/usenix/benchmark/newbench_norm/real/a_group_of_light_resting_on_a_post_with_a_street_sign_on_it.png,0,10.744540,1,15.377769,1
/shared/home/sarim.hashmi/usenix/benchmark/newbench_norm/real/a_group_of_people_on_motorcycles_drive_down_the_road.png,0,13.103335,1,15.725156,1
/shared/home/sarim.hashmi/usenix/benchmark/newbench_norm/real/a_group_of_people_that_are_taking_a_picture.png,0,12.005290,1,14.622475,1
/shared/home/sarim.hashmi/usenix/benchmark/newbench_norm/real/a_group_of_urinals_is_near_the_trees.png,0,13.442850,1,14.403733,1
/shared/home/sarim.hashmi/usenix/benchmark/newbench_norm/real/a_group_of_vehicles_parked_next_to_a_firehydrant.png,0,12.699813,1,15.280583,1
/shared/home/sarim.hashmi/usenix/benchmark/newbench_norm/real/a_herd_of_sheep_standing_around_in_a_big_grassy_field_.png,0,12.014440,1,14.958039,1
/shared/home/sarim.hashmi/usenix/benchmark/newbench_norm/real/a_home_made_stop_sign_in_the_middle_of_nowhere.png,0,13.114803,1,15.219554,1
/shared/home/sarim.hashmi/usenix/benchmark/newbench_norm/real/a_kitchen_that_makes_food_has_pots_and_pans..png,0,12.673250,1,15.607626,1
/shared/home/sarim.hashmi/usenix/benchmark/newbench_norm/real/a_kitchen_with_a__sink_surrounded_by_a_bunch_of_cluttered_items.png,0,12.464074,1,14.330544,1
/shared/home/sarim.hashmi/usenix/benchmark/newbench_norm/real/a_kitchen_with_a_nasty_dirty_kitchen_with_a_light_beam_through_the_window.png,0,12.311280,1,15.276416,1
/shared/home/sarim.hashmi/usenix/benchmark/newbench_norm/real/a_large_air_plane_flying_in_the_air.png,0,13.494344,1,12.264603,1
/shared/home/sarim.hashmi/usenix/benchmark/newbench_norm/real/a_large_body_of_water_with_trees_in_the_background.png,0,12.560767,1,13.207631,1
/shared/home/sarim.hashmi/usenix/benchmark/newbench_norm/real/a_line_of_cars_with_a_motorcycle_in_front.png,0,13.529856,1,15.501013,1
/shared/home/sarim.hashmi/usenix/benchmark/newbench_norm/real/a_lit_up_counter_with_two_fancy_sinks_on_it.png,0,11.304596,1,14.500850,1
/shared/home/sarim.hashmi/usenix/benchmark/newbench_norm/real/a_little_giraffe_sitting_on_the_ground_next_to_a_somewhat_bigger_one_.png,0,13.116257,1,15.769910,1
/shared/home/sarim.hashmi/usenix/benchmark/newbench_norm/real/a_living_room_with_some_fancy_curtains_behind_a_couch_.png,0,13.638755,1,15.100472,1
/shared/home/sarim.hashmi/usenix/benchmark/newbench_norm/real/a_man_assisting_a_woman_shearing_a_sheep_with_several_children_watching.png,0,11.995151,1,14.523569,1
/shared/home/sarim.hashmi/usenix/benchmark/newbench_norm/real/a_man_on_skis_holds_onto_the_hands_of_a_small_girl_on_skis.png,0,12.607245,1,15.115958,1
/shared/home/sarim.hashmi/usenix/benchmark/newbench_norm/real/a_man_riding_a_small_motorcycle_in_the_bustling_streets.png,0,12.963224,1,14.135407,1
/shared/home/sarim.hashmi/usenix/benchmark/newbench_norm/real/a_man_sits_by_himself_on_a_bench_in_a_stone-paved_square_in_front_of_a_large_bed_of_flowers.png,0,13.101748,1,15.659947,1
/shared/home/sarim.hashmi/usenix/benchmark/newbench_norm/real/a_man_standing_next_to_a_red_train_near_a_train_track_.png,0,13.252868,1,15.706983,1
/shared/home/sarim.hashmi/usenix/benchmark/newbench_norm/real/a_man_standing_on_the_side_walk_while_holding_a_sign_.png,0,12.531802,1,14.823055,1
/shared/home/sarim.hashmi/usenix/benchmark/newbench_norm/real/a_man_taking_a_nap_on_the_bench_in_the_middle_of_a_park.png,0,13.377161,1,15.413603,1
/shared/home/sarim.hashmi/usenix/benchmark/newbench_norm/real/a_modern_flush_toilet_in_a_bathroom_with_tile._.png,0,13.216963,1,14.382014,1
"/shared/home/sarim.hashmi/usenix/benchmark/newbench_norm/real/a_modern_kitchen_with_an_oven,_stove,_and_a_fridge_.png",0,12.415451,1,14.627302,1
/shared/home/sarim.hashmi/usenix/benchmark/newbench_norm/real/a_motorcycle_is_parked_near_a_building_by_the_curb.png,0,12.832115,1,14.817635,1
/shared/home/sarim.hashmi/usenix/benchmark/newbench_norm/real/a_motorcycle_parked_in_a_field_with_a_sky_background_.png,0,12.605940,1,14.983627,1
/shared/home/sarim.hashmi/usenix/benchmark/newbench_norm/real/a_number_of_birds_flying_near_a_nest_.png,0,12.259381,1,14.906884,1
/shared/home/sarim.hashmi/usenix/benchmark/newbench_norm/real/a_person_driving_a_motorcycle_on_a_closed_course.png,0,12.945623,1,15.260743,1
/shared/home/sarim.hashmi/usenix/benchmark/newbench_norm/real/a_person_in_an_office_setting_sitting_in_a_chair.png,0,12.473204,1,15.381389,1
/shared/home/sarim.hashmi/usenix/benchmark/newbench_norm/real/a_person_on_the_back_of_a_parked_truck.png,0,12.120267,1,15.222591,1
/shared/home/sarim.hashmi/usenix/benchmark/newbench_norm/real/a_person_riding_a_dirt_bike_in_the_air_with_a_sky_background.png,0,11.873056,1,15.434329,1
/shared/home/sarim.hashmi/usenix/benchmark/newbench_norm/real/a_person_riding_a_motorcycle_on_a_road_.png,0,11.794635,1,14.227988,1
/shared/home/sarim.hashmi/usenix/benchmark/newbench_norm/real/a_person_riding_a_motorcycle_on_a_road_with_a_hill_in_the_background.png,0,13.265856,1,14.701640,1
/shared/home/sarim.hashmi/usenix/benchmark/newbench_norm/real/a_person_sitting_on_a_bike_near_many_other_parked_bikes_.png,0,12.613143,1,15.275776,1
/shared/home/sarim.hashmi/usenix/benchmark/newbench_norm/real/a_person_that_is_riding_a_bike_next_to_some_seats.png,0,12.855422,1,15.177673,1
/shared/home/sarim.hashmi/usenix/benchmark/newbench_norm/real/a_picture_of_a_water_hydrant_with_many_snow._.png,0,13.611932,1,14.977277,1
/shared/home/sarim.hashmi/usenix/benchmark/newbench_norm/real/a_pole_that_has_a_sign_attached_to_it.png,0,12.216809,1,15.184993,1
/shared/home/sarim.hashmi/usenix/benchmark/newbench_norm/real/a_policeman_on_a_motorcycling_driving_on_the_road_smiling.png,0,13.635295,1,15.728374,1
/shared/home/sarim.hashmi/usenix/benchmark/newbench_norm/real/a_public_bathroom_with_a_toilet_and_hand_rail.png,0,12.236970,1,13.835804,1
/shared/home/sarim.hashmi/usenix/benchmark/newbench_norm/real/a_public_transit_train_on_a_train_track_with_trees_in_the_background.png,0,12.887988,1,14.998216,1
/shared/home/sarim.hashmi/usenix/benchmark/newbench_norm/real/a_red_bus_that_has_stuff_wrote_on_the_outside.png,0,12.792958,1,14.369875,1
/shared/home/sarim.hashmi/usenix/benchmark/newbench_norm/real/a_red_fire_hydrogen_next_to_a_road_in_front_of_a_bus.png,0,13.224993,1,14.987134,1
/shared/home/sarim.hashmi/usenix/benchmark/newbench_norm/real/a_sculpture_made_of_spoons_and_an_old_toaster.png,0,13.301523,1,14.571035,1
/shared/home/sarim.hashmi/usenix/benchmark/newbench_norm/real/a_sign_hanging_up_that_says_waterman_ave.png,0,13.205840,1,14.744713,1
/shared/home/sarim.hashmi/usenix/benchmark/newbench_norm/real/a_small_air_plane_on_an_air_plane_run_way.png,0,13.134586,1,15.279521,1
/shared/home/sarim.hashmi/usenix/benchmark/newbench_norm/real/a_small_bathroom_with_a_mirror_and_sink.png,0,12.525607,1,14.917205,1
/shared/home/sarim.hashmi/usenix/benchmark/newbench_norm/real/a_steam_locomotive_on_a_narrow_gauge_track_in_the_snow.png,0,12.750012,1,15.428708,1
/shared/home/sarim.hashmi/usenix/benchmark/newbench_norm/real/a_stop_sign_and_railway_crossing_sign_on_a_pole.png,0,13.732229,1,15.940816,1
/shared/home/sarim.hashmi/usenix/benchmark/newbench_norm/real/a_store_sits_in_front_of_a_fire_hydrant_.png,0,12.411270,1,15.710542,1
/shared/home/sarim.hashmi/usenix/benchmark/newbench_norm/real/a_street_light_hanging_fron_one_of_many_wires_connected_to_a_power_pole.png,0,12.357688,1,14.765394,1
/shared/home/sarim.hashmi/usenix/benchmark/newbench_norm/real/a_street_with_people_and_vehicles_in_the_middle_of_it.png,0,13.129806,1,15.834839,1
/shared/home/sarim.hashmi/usenix/benchmark/newbench_norm/real/a_stuffed_animal_and_a_figurine_are_sitting_on_a_bench_and_water.png,0,12.492846,1,14.989837,1
/shared/home/sarim.hashmi/usenix/benchmark/newbench_norm/real/a_table_top_with_some_laptops_on_it_.png,0,13.114558,1,14.764657,1
/shared/home/sarim.hashmi/usenix/benchmark/newbench_norm/real/a_toilet_sits_in_front_of_a_bath_tub.png,0,12.142906,1,15.204704,1
/shared/home/sarim.hashmi/usenix/benchmark/newbench_norm/real/a_toilet_sits_next_to_a_bath_tub_as_a_bunch_of_tiles_sit_piled_up_.png,0,12.248452,1,14.791839,1
/shared/home/sarim.hashmi/usenix/benchmark/newbench_norm/real/a_traffic_light_above_a_road_with_a_building_in_the_background.png,0,11.904012,1,15.110177,1
/shared/home/sarim.hashmi/usenix/benchmark/newbench_norm/real/a_train_getting_ready_to_go_into_a_tunnel_.png,0,11.662394,1,15.471206,1
/shared/home/sarim.hashmi/usenix/benchmark/newbench_norm/real/a_train_on_a_train_track_at_a_station_.png,0,11.636210,1,15.129411,1
/shared/home/sarim.hashmi/usenix/benchmark/newbench_norm/real/a_train_that_is_on_a_train_track.png,0,12.729255,1,14.900680,1
/shared/home/sarim.hashmi/usenix/benchmark/newbench_norm/real/a_tree_surrounded_by_a_little_bench_with_someone_sitting_on_it.png,0,12.512938,1,15.291353,1
/shared/home/sarim.hashmi/usenix/benchmark/newbench_norm/real/a_very_big_boat_that_is_in_some_water.png,0,12.706128,1,14.834228,1
/shared/home/sarim.hashmi/usenix/benchmark/newbench_norm/real/a_very_big_bus_moving_on_the_street_with_no_people.png,0,12.293567,1,15.373494,1
/shared/home/sarim.hashmi/usenix/benchmark/newbench_norm/real/a_view_of_a_bathroom_area_with_a_white_long_flusher_and_window_behind_it_.png,0,12.610351,1,14.766637,1
/shared/home/sarim.hashmi/usenix/benchmark/newbench_norm/real/a_white_and_black_sea_bird_standing_in_very_shallow_water.png,0,12.987307,1,15.341459,1
/shared/home/sarim.hashmi/usenix/benchmark/newbench_norm/real/a_white_bus_is_on_a_busy_street.png,0,12.763310,1,15.598019,1
/shared/home/sarim.hashmi/usenix/benchmark/newbench_norm/real/a_woman_in_kitchen_cooking_chips_in_fry.png,0,12.701078,1,14.918879,1
/shared/home/sarim.hashmi/usenix/benchmark/newbench_norm/real/a_woman_is_out_in_a_field_with_sheep_.png,0,12.934655,1,15.056491,1
/shared/home/sarim.hashmi/usenix/benchmark/newbench_norm/real/a_woman_is_standing_next_to_an_oven.png,0,12.992123,1,15.146663,1
/shared/home/sarim.hashmi/usenix/benchmark/newbench_norm/real/a_woman_posing_on_a_wooden_bench_in_the_woods.png,0,10.936034,1,15.670831,1
/shared/home/sarim.hashmi/usenix/benchmark/newbench_norm/real/a_woman_riding_a_horse_while_holding_a_flag.png,0,13.424013,1,15.340459,1
/shared/home/sarim.hashmi/usenix/benchmark/newbench_norm/real/a_wooden_and_metal_bench_near_a_over_grown_bush.png,0,13.197524,1,15.434143,1
/shared/home/sarim.hashmi/usenix/benchmark/newbench_norm/real/a_young_female_siting_on_a_bench_near_a_small_stagnant_lake.png,0,12.768710,1,15.684239,1
/shared/home/sarim.hashmi/usenix/benchmark/newbench_norm/real/an_image_of_a_a_plane_that_is_flying_in_the_air.png,0,13.027664,1,14.228171,1
/shared/home/sarim.hashmi/usenix/benchmark/newbench_norm/real/an_image_of_a_cat_in_a_toilet_with_the_water.png,0,11.575838,1,14.549224,1
/shared/home/sarim.hashmi/usenix/benchmark/newbench_norm/real/an_image_of_a_tourbus_stopping_on_a_route.png,0,13.555576,1,15.240218,1
/shared/home/sarim.hashmi/usenix/benchmark/newbench_norm/real/an_up_close_picture_of_mechanic_of_a_bike_.png,0,11.739703,1,15.233336,1
/shared/home/sarim.hashmi/usenix/benchmark/newbench_norm/real/cars_wait_at_red_light_at_an_intersection_by_mountains.png,0,12.071441,1,15.083566,1
"/shared/home/sarim.hashmi/usenix/benchmark/newbench_norm/real/group_of_giraffes_mingling_in_a_stand_of_trees
.png",0,12.883684,1,14.769006,1
/shared/home/sarim.hashmi/usenix/benchmark/newbench_norm/real/many_bikes_parked_in_a_parking_lot_very_close_to_each_other.png,0,12.636859,1,15.288393,1
"/shared/home/sarim.hashmi/usenix/benchmark/newbench_norm/real/older_women_sit_on_a_bench,_with_one_of_the_women_holding_crutches.png",0,12.039540,1,15.438311,1
/shared/home/sarim.hashmi/usenix/benchmark/newbench_norm/real/people_at_costume_party_dressed_up_in_costumes.png,0,12.433275,1,14.688797,1
/shared/home/sarim.hashmi/usenix/benchmark/newbench_norm/real/people_riding_bikes_near_a_beach_and_others_swimming.png,0,13.198036,1,15.536172,1
/shared/home/sarim.hashmi/usenix/benchmark/newbench_norm/real/people_standing_outside_a_building_with_clocks_built_into_the_side_of_it.png,0,12.424507,1,15.055904,1
/shared/home/sarim.hashmi/usenix/benchmark/newbench_norm/real/several_motorcycles_are_parked_next_to_each_other.png,0,12.429824,1,15.406423,1
/shared/home/sarim.hashmi/usenix/benchmark/newbench_norm/real/some_blurred_sheep_are_running_and_some_green_grass.png,0,11.871297,1,14.721021,1
/shared/home/sarim.hashmi/usenix/benchmark/newbench_norm/real/some_people_on_a_park_bench_in_a_field.png,0,11.559772,1,15.574304,1
/shared/home/sarim.hashmi/usenix/benchmark/newbench_norm/real/there_are_blue_lights_shining_threw_palm_trees_.png,0,13.079952,1,14.639977,1
/shared/home/sarim.hashmi/usenix/benchmark/newbench_norm/real/there_are_many_rocks_on_the_side_of_this_road.png,0,9.084062,1,15.257341,1
/shared/home/sarim.hashmi/usenix/benchmark/newbench_norm/real/there_are_several_stop_signs_along_side_the_grass.png,0,12.122186,1,15.394256,1
/shared/home/sarim.hashmi/usenix/benchmark/newbench_norm/real/there_are_two_very_tall_giraffes_in_this_zoo_by_the_water.png,0,8.663159,1,15.303998,1
/shared/home/sarim.hashmi/usenix/benchmark/newbench_norm/real/there_is_a_one_way_street_sign_under_a_street_name_sign.png,0,13.190959,1,14.629296,1
/shared/home/sarim.hashmi/usenix/benchmark/newbench_norm/real/there_is_a_sheep_behind_a_fence_standing_in_the_snow.png,0,11.838078,1,15.595923,1
/shared/home/sarim.hashmi/usenix/benchmark/newbench_norm/real/there_is_a_stop_sign_at_the_end_of_this_cross_walk.png,0,12.822780,1,15.368308,1
/shared/home/sarim.hashmi/usenix/benchmark/newbench_norm/real/this_fire_hydrant_has_a_painting_on_it.png,0,12.377043,1,15.305541,1
/shared/home/sarim.hashmi/usenix/benchmark/newbench_norm/real/this_is_a_bus_with_an_ad_for_a_casino.png,0,12.348743,1,15.181793,1
/shared/home/sarim.hashmi/usenix/benchmark/newbench_norm/real/this_is_a_close_up_picture_of_a_roosters_neck.png,0,13.355415,1,15.278194,1
/shared/home/sarim.hashmi/usenix/benchmark/newbench_norm/real/this_man_is_riding_a_board_near_a_field.png,0,12.738153,1,15.135784,1
/shared/home/sarim.hashmi/usenix/benchmark/newbench_norm/real/three_children_sitting_on_a_bench_near_one_another.png,0,10.624173,1,15.471992,1
/shared/home/sarim.hashmi/usenix/benchmark/newbench_norm/real/train_pulling_up_the_track_while_people_wait_on_the_sidewalk.png,0,11.980094,1,15.120747,1
/shared/home/sarim.hashmi/usenix/benchmark/newbench_norm/real/two_birds_flying_over_some_water_and_their_reflection.png,0,12.198817,1,14.970935,1
/shared/home/sarim.hashmi/usenix/benchmark/newbench_norm/real/two_large_air_planes_on_a_run_way.png,0,13.359379,1,15.136558,1
/shared/home/sarim.hashmi/usenix/benchmark/newbench_norm/real/two_people_riding_on_a_motorcycle_on_a_road.png,0,12.911452,1,15.659125,1
/shared/home/sarim.hashmi/usenix/benchmark/newbench_norm/fake/1_military_jet_fighter_flying_in_formation_alongside_a_1_military_propeller_pilot._.png,1,12.407219,1,-19.764797,0
/shared/home/sarim.hashmi/usenix/benchmark/newbench_norm/fake/A_CGI_man_sitting_on_top_of_a_CGI_hospital_bed..png,1,11.742441,1,-19.347218,0
/shared/home/sarim.hashmi/usenix/benchmark/newbench_norm/fake/A_CLEAN_AND_COLORFUL_BATHROOM_WITH_A_LARGE_MIRROR.png,1,10.127502,1,-19.548763,0
/shared/home/sarim.hashmi/usenix/benchmark/newbench_norm/fake/A_LOT_OF_SHEEP_IS_IN_THE_GRASS_WITH_A_SHEEP_DOG.png,1,11.903360,1,-19.313511,0
/shared/home/sarim.hashmi/usenix/benchmark/newbench_norm/fake/A_banana_that_is_sitting_in_a_bowl_on_the_table..png,1,11.812978,1,-20.071009,0
/shared/home/sarim.hashmi/usenix/benchmark/newbench_norm/fake/A_basket_filled_with_ripe_bananas_on_top_of_a_table..png,1,12.618429,1,-19.471794,0
/shared/home/sarim.hashmi/usenix/benchmark/newbench_norm/fake/A_bathroom_filled_with_a_white_toilet_next_to_a_sink..png,1,12.901198,1,-12.649154,0
/shared/home/sarim.hashmi/usenix/benchmark/newbench_norm/fake/A_bathroom_has_a_self_standing_sink_on_the_wall..png,1,13.025830,1,-17.796659,0
"/shared/home/sarim.hashmi/usenix/benchmark/newbench_norm/fake/A_bathroom_has_a_toilet,_sink,_mirror_and_bidet..png",1,11.295673,1,-19.184305,0
/shared/home/sarim.hashmi/usenix/benchmark/newbench_norm/fake/A_bathroom_is_photographed_with_a_fisheye_filter..png,1,12.071932,1,-19.573364,0
"/shared/home/sarim.hashmi/usenix/benchmark/newbench_norm/fake/A_bathroom_is_shown_with_a_toilet,_sink,_and_shower..png",1,13.293853,1,-18.628401,0
"/shared/home/sarim.hashmi/usenix/benchmark/newbench_norm/fake/A_bathroom_scene_with_a_toilet,_sink_and_a_mirror..png",1,12.236152,1,-18.951921,0
/shared/home/sarim.hashmi/usenix/benchmark/newbench_norm/fake/A_bathroom_showing_a_necklace_rack_and_toiletries_grouped_on_the_sink_.png,1,9.752844,1,-18.601812,0
/shared/home/sarim.hashmi/usenix/benchmark/newbench_norm/fake/A_bathroom_sink_sitting_under_a_large_mirror..png,1,12.502907,1,-19.319710,0
/shared/home/sarim.hashmi/usenix/benchmark/newbench_norm/fake/A_bathroom_sink_under_a_mirror_in_a_bathroom..png,1,13.323312,1,-18.435492,0
"/shared/home/sarim.hashmi/usenix/benchmark/newbench_norm/fake/A_bathroom_sink_with_a_toothbrush,_soap_dispenser_and_mirror..png",1,12.895696,1,-19.156343,0
/shared/home/sarim.hashmi/usenix/benchmark/newbench_norm/fake/A_bathroom_sink_with_wood_finish_cabinets._.png,1,12.930459,1,-20.150608,0
/shared/home/sarim.hashmi/usenix/benchmark/newbench_norm/fake/A_bathroom_that_has_a_special_shelf_for_towels._.png,1,13.655168,1,-19.195997,0
/shared/home/sarim.hashmi/usenix/benchmark/newbench_norm/fake/A_bathroom_toilet_with_yellow_liquid_inside_and_a_dirty_tub..png,1,13.028573,1,-19.517302,0
"/shared/home/sarim.hashmi/usenix/benchmark/newbench_norm/fake/A_bathroom_with_a_shower_curtain,_a_toilet,_a_sink_and_cabinets..png",1,11.242940,1,-20.406172,0
"/shared/home/sarim.hashmi/usenix/benchmark/newbench_norm/fake/A_bathroom_with_a_sink,_counter,_toilet_and_shower_curtain..png",1,13.406577,1,-19.601517,0
/shared/home/sarim.hashmi/usenix/benchmark/newbench_norm/fake/A_bathroom_with_a_standing_shower_next_to_a_sink_and_mirror..png,1,13.351222,1,-17.043177,0
"/shared/home/sarim.hashmi/usenix/benchmark/newbench_norm/fake/A_bathroom_with_a_toilet,_tub,_mirror_and_shower_curtain._.png",1,13.693509,1,-18.427933,0
/shared/home/sarim.hashmi/usenix/benchmark/newbench_norm/fake/A_bathroom_with_a_toilet_bowl_and_shower..png,1,12.233759,1,-19.243521,0
/shared/home/sarim.hashmi/usenix/benchmark/newbench_norm/fake/A_bathroom_with_a_vanity_mirror_toilette_and_kitchen_sink_next_to_a_shower..png,1,12.851382,1,-19.712111,0
/shared/home/sarim.hashmi/usenix/benchmark/newbench_norm/fake/A_bathroom_with_a_white_bath_tub_and_two_sinks..png,1,11.623730,1,-19.682362,0
/shared/home/sarim.hashmi/usenix/benchmark/newbench_norm/fake/A_bathroom_with_a_white_sink_next_to_a_toilet_paper_roller..png,1,13.146922,1,-19.272158,0
/shared/home/sarim.hashmi/usenix/benchmark/newbench_norm/fake/A_bathroom_with_a_white_toilet_next_to_a_shower..png,1,11.990323,1,-19.875998,0
/shared/home/sarim.hashmi/usenix/benchmark/newbench_norm/fake/A_bathroom_with_two_toilets_look_in_very_bad_shape..png,1,10.231885,1,-19.343945,0
/shared/home/sarim.hashmi/usenix/benchmark/newbench_norm/fake/A_bathroom_with_white_colored_cabinets_and_toilet.png,1,13.223119,1,-17.796068,0
/shared/home/sarim.hashmi/usenix/benchmark/newbench_norm/fake/A_bathroom_with_white_urinals_amd_sinks_and_brown_stall_doors..png,1,12.476018,1,-18.653780,0
/shared/home/sarim.hashmi/usenix/benchmark/newbench_norm/fake/A_bathtub_with_candles_lit_up_around_it_and_a_stool_next_to_it..png,1,12.607196,1,-19.519356,0
/shared/home/sarim.hashmi/usenix/benchmark/newbench_norm/fake/A_beautiful_kitchen_with_lots_of_windows_and_wooden_cabinets._.png,1,12.982671,1,-19.091557,0
/shared/home/sarim.hashmi/usenix/benchmark/newbench_norm/fake/A_beige_bathroom_with_a_phone_beside_the_toilet..png,1,12.549706,1,-17.185585,0
/shared/home/sarim.hashmi/usenix/benchmark/newbench_norm/fake/A_bench_partially_buried_in_sand_on_a_beach_near_the_ocean..png,1,12.250558,1,-19.736582,0
/shared/home/sarim.hashmi/usenix/benchmark/newbench_norm/fake/A_bench_that_looks_like_a_round_hut..png,1,13.778491,1,-18.259453,0
/shared/home/sarim.hashmi/usenix/benchmark/newbench_norm/fake/A_bicycle_resting_outside_of_a_building_door.png,1,13.310686,1,-18.005030,0
/shared/home/sarim.hashmi/usenix/benchmark/newbench_norm/fake/A_bicyclist_is_riding_across_the_street_next_to_someone_on_a_motorcycle._.png,1,13.191668,1,-19.858862,0
/shared/home/sarim.hashmi/usenix/benchmark/newbench_norm/fake/A_big_commercial_plane_flying_in_cloudy_skies..png,1,13.937083,1,-18.008608,0
/shared/home/sarim.hashmi/usenix/benchmark/newbench_norm/fake/A_big_locomotive_stopped_in_a_train_station.png,1,12.300033,1,-19.655542,0
/shared/home/sarim.hashmi/usenix/benchmark/newbench_norm/fake/A_bike_is_parked_alongside_the_lake_shore..png,1,12.897086,1,-18.480646,0
/shared/home/sarim.hashmi/usenix/benchmark/newbench_norm/fake/A_bike_is_shown_attached_to_a_rack..png,1,12.893635,1,-19.926605,0
/shared/home/sarim.hashmi/usenix/benchmark/newbench_norm/fake/A_bike_parked_in_front_of_a_store_with_a_basket..png,1,13.203057,1,-15.672223,0
/shared/home/sarim.hashmi/usenix/benchmark/newbench_norm/fake/A_bike_sitting_In_a_glass_window_in_a_building.png,1,12.174593,1,-19.800159,0
/shared/home/sarim.hashmi/usenix/benchmark/newbench_norm/fake/A_bird_flying_through_the_air_while_flapping_it's_wings..png,1,13.983397,1,-18.404699,0
/shared/home/sarim.hashmi/usenix/benchmark/newbench_norm/fake/A_bird_is_standing_upright_in_the_water_and_leaves..png,1,13.028857,1,-19.390078,0
/shared/home/sarim.hashmi/usenix/benchmark/newbench_norm/fake/A_bird_perched_on_the_back_of_a_white_bench..png,1,12.771413,1,-17.837893,0
/shared/home/sarim.hashmi/usenix/benchmark/newbench_norm/fake/A_bird_perched_on_top_of_a_wooden_power_pole..png,1,12.609603,1,-15.630086,0
/shared/home/sarim.hashmi/usenix/benchmark/newbench_norm/fake/A_bird_stands_on_the_ground_among_dried_leaves..png,1,12.252055,1,-19.832132,0
/shared/home/sarim.hashmi/usenix/benchmark/newbench_norm/fake/A_bird_that_is_on_a_tree_limb..png,1,13.565282,1,-19.349396,0
/shared/home/sarim.hashmi/usenix/benchmark/newbench_norm/fake/A_bird_with_a_fish_in_its_hand_on_a_beach..png,1,12.928825,1,-19.165071,0
/shared/home/sarim.hashmi/usenix/benchmark/newbench_norm/fake/A_birthday_cake_is_decorated_like_a_fire_engine..png,1,11.244728,1,-19.846256,0
/shared/home/sarim.hashmi/usenix/benchmark/newbench_norm/fake/A_black_and_white_dog_on_a_brown_tile_floor_next_to_counter..png,1,12.156561,1,-19.937239,0
/shared/home/sarim.hashmi/usenix/benchmark/newbench_norm/fake/A_black_and_white_photo_of_an_old_locomotive..png,1,13.726130,1,-19.466669,0
/shared/home/sarim.hashmi/usenix/benchmark/newbench_norm/fake/A_black_and_white_photo_of_four_young_children..png,1,12.237596,1,-19.468191,0
/shared/home/sarim.hashmi/usenix/benchmark/newbench_norm/fake/A_black_and_white_toilet_with_a_plunger..png,1,12.365593,1,-19.790916,0
/shared/home/sarim.hashmi/usenix/benchmark/newbench_norm/fake/A_black_and_yellow_fire_hydrant_on_a_city_sidewalk..png,1,12.733971,1,-20.281759,0
/shared/home/sarim.hashmi/usenix/benchmark/newbench_norm/fake/A_black_cat_half-submerged_in_a_toilet_while_drinking_out_of_it..png,1,12.203062,1,-16.856623,0
/shared/home/sarim.hashmi/usenix/benchmark/newbench_norm/fake/A_black_cat_wearing_a_black_beanie_while_laying_on_a_red_couch...png,1,12.893352,1,-18.991371,0
/shared/home/sarim.hashmi/usenix/benchmark/newbench_norm/fake/A_black_lab_waits_at_a_picnic_table_for_it's_master..png,1,11.847864,1,-19.003958,0
/shared/home/sarim.hashmi/usenix/benchmark/newbench_norm/fake/A_blonde_woman_standing_in_front_of_a_red_double_decker_bus..png,1,12.640286,1,-19.587555,0
/shared/home/sarim.hashmi/usenix/benchmark/newbench_norm/fake/A_blue_bike_parked_next_to_a_tree_in_a_planter..png,1,13.207007,1,-19.511644,0
/shared/home/sarim.hashmi/usenix/benchmark/newbench_norm/fake/A_blue_bowl_sitting_on_a_table_with_a_banana_in_it._.png,1,12.084392,1,-19.666216,0
/shared/home/sarim.hashmi/usenix/benchmark/newbench_norm/fake/A_blue_bus_driving_down_a_street_next_to_trees..png,1,12.547837,1,-19.475180,0
/shared/home/sarim.hashmi/usenix/benchmark/newbench_norm/fake/A_blue_bus_is_crossing_the_intersection_with_various_vehicles_behind_it..png,1,12.672542,1,-19.570471,0
/shared/home/sarim.hashmi/usenix/benchmark/newbench_norm/fake/A_blue_motor_scooter_parked_in_a_parking_lot..png,1,12.916339,1,-19.883987,0
/shared/home/sarim.hashmi/usenix/benchmark/newbench_norm/fake/A_blue_motor_scooter_with_a_cat_sitting_on_it..png,1,13.523655,1,-20.076365,0
/shared/home/sarim.hashmi/usenix/benchmark/newbench_norm/fake/A_boat_sitting_next_to_a_beach_in_the_ocean_covered_with_birds..png,1,12.891932,1,-19.589643,0
/shared/home/sarim.hashmi/usenix/benchmark/newbench_norm/fake/A_boat_that_is_on_the_sand_and_people_nearby._.png,1,12.597100,1,-18.404816,0
/shared/home/sarim.hashmi/usenix/benchmark/newbench_norm/fake/A_bowl_in_a_sink_and_window_in_a_room..png,1,12.984377,1,-19.815138,0
"/shared/home/sarim.hashmi/usenix/benchmark/newbench_norm/fake/A_bowl_of_cereal_with_milk,_bananas,_raspberries_and_blueberries..png",1,10.919874,1,-20.010853,0
/shared/home/sarim.hashmi/usenix/benchmark/newbench_norm/fake/A_boy_carrying_a_surfboard_on_a_busy_sidewalk..png,1,13.264222,1,-19.427416,0
/shared/home/sarim.hashmi/usenix/benchmark/newbench_norm/fake/A_boy_in_blue_hat_riding_on_a_carousel..png,1,12.481086,1,-19.109114,0
/shared/home/sarim.hashmi/usenix/benchmark/newbench_norm/fake/A_bright_blue_and_white_AMX_jet_is_in_the_clear_sky..png,1,13.102189,1,-19.474188,0
/shared/home/sarim.hashmi/usenix/benchmark/newbench_norm/fake/A_brown_duck_floats_by_itself_on_the_water.png,1,13.977064,1,-18.933733,0
/shared/home/sarim.hashmi/usenix/benchmark/newbench_norm/fake/A_brown_plane_is_parked_at_air_port.png,1,11.988254,1,-19.444080,0
/shared/home/sarim.hashmi/usenix/benchmark/newbench_norm/fake/A_brown_songbird_perched_on_the_handlebars_of_a_bicycle..png,1,11.549189,1,-20.294601,0
/shared/home/sarim.hashmi/usenix/benchmark/newbench_norm/fake/A_building_in_the_sky_that_has_the_lights_on..png,1,12.312876,1,-19.718424,0
/shared/home/sarim.hashmi/usenix/benchmark/newbench_norm/fake/A_bunch_of_airplanes_are_parked_on_the_runway._.png,1,12.661907,1,-20.200357,0
/shared/home/sarim.hashmi/usenix/benchmark/newbench_norm/fake/A_bunch_of_antelopes_are_seen_roaming_the_plains..png,1,12.937114,1,-19.023203,0
/shared/home/sarim.hashmi/usenix/benchmark/newbench_norm/fake/A_bunch_of_bananas_hanging_from_a_green_tree..png,1,12.440822,1,-19.309023,0
/shared/home/sarim.hashmi/usenix/benchmark/newbench_norm/fake/A_bunch_of_bicycles_parked_on_the_street_with_items_sitting_around_them_.png,1,13.117751,1,-20.050291,0
/shared/home/sarim.hashmi/usenix/benchmark/newbench_norm/fake/A_bunch_of_giraffes_that_are_standing_in_the_dirt..png,1,12.307226,1,-20.378796,0
/shared/home/sarim.hashmi/usenix/benchmark/newbench_norm/fake/A_bunch_of_goats_are_eating_out_of_a_box.png,1,11.605483,1,-17.174496,0
/shared/home/sarim.hashmi/usenix/benchmark/newbench_norm/fake/A_bunch_of_sheep_smile_are_they_walk_by..png,1,12.453318,1,-20.135519,0
/shared/home/sarim.hashmi/usenix/benchmark/newbench_norm/fake/A_bunk_bed_sits_next_to_an_open_window._.png,1,13.782299,1,-12.600692,0
/shared/home/sarim.hashmi/usenix/benchmark/newbench_norm/fake/A_bus_all_lite_up_inside_and_out_with_diffrent_colors_._.png,1,12.726910,1,-20.400414,0
/shared/home/sarim.hashmi/usenix/benchmark/newbench_norm/fake/A_bus_driving_down_a_city_street_during_the_day..png,1,12.190243,1,-19.958599,0
/shared/home/sarim.hashmi/usenix/benchmark/newbench_norm/fake/A_bus_is_parked_in_front_of_a_building..png,1,12.599795,1,-15.958573,0
/shared/home/sarim.hashmi/usenix/benchmark/newbench_norm/fake/A_bus_is_parked_on_the_street_away_from_some_cars..png,1,13.373050,1,-14.998404,0
/shared/home/sarim.hashmi/usenix/benchmark/newbench_norm/fake/A_bus_on_a_divided_street_near_a_stop_light..png,1,11.900008,1,-18.232668,0
/shared/home/sarim.hashmi/usenix/benchmark/newbench_norm/fake/A_bus_pulled_up_to_the_curb_along_a_road..png,1,12.098666,1,-20.146154,0
/shared/home/sarim.hashmi/usenix/benchmark/newbench_norm/fake/A_bus_stop_next_to_a_curvy_road_surrounded_by_traffic_lights..png,1,12.043360,1,-19.085695,0
/shared/home/sarim.hashmi/usenix/benchmark/newbench_norm/fake/A_bus_stop_sign_on_a_city_street..png,1,12.931388,1,-18.909119,0
/shared/home/sarim.hashmi/usenix/benchmark/newbench_norm/fake/A_bus_stops_next_to_a_street_sign..png,1,13.663925,1,-19.425051,0
/shared/home/sarim.hashmi/usenix/benchmark/newbench_norm/fake/A_bus_traveling_down_a_road_next_to_a_bus_stop..png,1,10.687778,1,-16.019590,0
/shared/home/sarim.hashmi/usenix/benchmark/newbench_norm/fake/A_bus_travels_on_a_road_near_buildings_and_parked_vehicles.png,1,11.688102,1,-19.789562,0
/shared/home/sarim.hashmi/usenix/benchmark/newbench_norm/fake/A_bus_window_with_finger_writing_on_it..png,1,10.243030,1,-18.636507,0
/shared/home/sarim.hashmi/usenix/benchmark/newbench_norm/fake/A_bus_with_a_mural_on_the_side_and_front..png,1,11.637015,1,-18.838551,0
/shared/home/sarim.hashmi/usenix/benchmark/newbench_norm/fake/A_busy_city_street_filled_with_people_walling_and_street_signs..png,1,13.198524,1,-20.583998,0
/shared/home/sarim.hashmi/usenix/benchmark/newbench_norm/fake/A_busy_city_street_with_dimly_lit_trees_at_night..png,1,13.130659,1,-20.401999,0
/shared/home/sarim.hashmi/usenix/benchmark/newbench_norm/fake/A_cage_packed_full_of_yellow_parakeets._.png,1,9.118743,1,-18.943251,0
/shared/home/sarim.hashmi/usenix/benchmark/newbench_norm/fake/A_cake_cover_is_made_to_look_like_a_wire_birdcage._.png,1,12.688922,1,-20.240639,0
/shared/home/sarim.hashmi/usenix/benchmark/newbench_norm/fake/A_calico_cat_drinking_water_from_a_running_tap_in_a_bathroom..png,1,12.362652,1,-18.749788,0
/shared/home/sarim.hashmi/usenix/benchmark/newbench_norm/fake/A_car_is_parked_on_the_street_by_some_signs..png,1,12.066680,1,-19.428694,0
/shared/home/sarim.hashmi/usenix/benchmark/newbench_norm/fake/A_car_is_waiting_beside_people_standing_on_the_sidewalk..png,1,10.803094,1,-20.124044,0
/shared/home/sarim.hashmi/usenix/benchmark/newbench_norm/fake/A_cat_in_a_birthday_hat_is_lying_on_a_couch..png,1,12.230361,1,-19.897207,0
/shared/home/sarim.hashmi/usenix/benchmark/newbench_norm/fake/A_cat_is_drinking_water_from_the_toilet_bowl.png,1,12.352128,1,-18.081163,0
/shared/home/sarim.hashmi/usenix/benchmark/newbench_norm/fake/A_cat_laying_next_to_a_stainless_steel_bowl..png,1,12.319385,1,-19.694767,0
/shared/home/sarim.hashmi/usenix/benchmark/newbench_norm/fake/A_cat_laying_on_a_cushion_on_top_of_a_table..png,1,13.492614,1,-19.760662,0
/shared/home/sarim.hashmi/usenix/benchmark/newbench_norm/fake/A_cat_looking_out_of_a_vehicle_window_during_rain..png,1,13.168427,1,-19.867109,0
/shared/home/sarim.hashmi/usenix/benchmark/newbench_norm/fake/A_cat_lying_in_a_white_sink_in_the_bathroom._.png,1,13.658971,1,-19.317663,0
/shared/home/sarim.hashmi/usenix/benchmark/newbench_norm/fake/A_cat_sits_on_the_edge_of_a_bathroom_sink..png,1,12.418849,1,-19.721704,0
/shared/home/sarim.hashmi/usenix/benchmark/newbench_norm/fake/A_cat_sitting_on_top_of_a_green_car..png,1,12.468862,1,-19.645426,0
/shared/home/sarim.hashmi/usenix/benchmark/newbench_norm/fake/A_cat_sitting_on_top_of_a_window_sill_over_a_sink..png,1,12.369063,1,-19.677259,0
/shared/home/sarim.hashmi/usenix/benchmark/newbench_norm/fake/A_cat_sitting_outside_on_a_bench_on_a_sunny_day..png,1,12.310721,1,-19.094276,0
/shared/home/sarim.hashmi/usenix/benchmark/newbench_norm/fake/A_cat_sitting_outside_on_some_cobble_stone..png,1,11.779239,1,-20.341864,0
/shared/home/sarim.hashmi/usenix/benchmark/newbench_norm/fake/A_cat_standing_on_top_of_a_toilet_seat_next_to_a_sink..png,1,12.155821,1,-17.098169,0
/shared/home/sarim.hashmi/usenix/benchmark/newbench_norm/fake/A_cat_standing_on_top_of_a_wooden_bench..png,1,13.305918,1,-20.333576,0
/shared/home/sarim.hashmi/usenix/benchmark/newbench_norm/fake/A_center_island_in_a_kitchen_covered_in_a_fan..png,1,13.157567,1,-20.413057,0
/shared/home/sarim.hashmi/usenix/benchmark/newbench_norm/fake/A_chair_and_a_table_in_a_small_room..png,1,12.108670,1,-18.148153,0
/shared/home/sarim.hashmi/usenix/benchmark/newbench_norm/fake/A_cheesy_pastry_sitting_on_top_of_a_plate..png,1,12.344027,1,-18.217512,0
/shared/home/sarim.hashmi/usenix/benchmark/newbench_norm/fake/A_church_with_a_massively_tall_tower_covered_in_a_clock..png,1,13.244092,1,-19.346560,0
/shared/home/sarim.hashmi/usenix/benchmark/newbench_norm/fake/A_city_street_filled_with_lots_of_traffic..png,1,11.986765,1,-20.317049,0
/shared/home/sarim.hashmi/usenix/benchmark/newbench_norm/fake/A_city_street_filled_with_traffic_and_parking_lights..png,1,13.033403,1,-19.951534,0
/shared/home/sarim.hashmi/usenix/benchmark/newbench_norm/fake/A_city_traffic_light_is_red_with_a_large_billow_of_smoke_in_the_background..png,1,11.551258,1,-19.414185,0
/shared/home/sarim.hashmi/usenix/benchmark/newbench_norm/fake/A_classic_car_waiting_at_a_3-way_stop_sign..png,1,12.444833,1,-19.306688,0
/shared/home/sarim.hashmi/usenix/benchmark/newbench_norm/fake/A_clock_mounted_on_a_wall_over_the_doorway_of_a_kitchen..png,1,12.051216,1,-17.852285,0
/shared/home/sarim.hashmi/usenix/benchmark/newbench_norm/fake/A_close-up_of_a_tropical_bird_with_a_mirror_behind_it..png,1,11.444728,1,-19.479261,0
/shared/home/sarim.hashmi/usenix/benchmark/newbench_norm/fake/A_close-up_shot_of_a_metal_squat_toilet..png,1,12.391435,1,-20.027199,0
/shared/home/sarim.hashmi/usenix/benchmark/newbench_norm/fake/A_close-up_view_of_a_green_and_yellow_fire_hydrant..png,1,13.782598,1,-19.960119,0
/shared/home/sarim.hashmi/usenix/benchmark/newbench_norm/fake/A_close_up_of_a_peacock_who_is_behind_an_enclosure._.png,1,12.604636,1,-19.409586,0
/shared/home/sarim.hashmi/usenix/benchmark/newbench_norm/fake/A_colorful_bus_is_parked_on_the_street..png,1,10.870611,1,-20.322166,0
/shared/home/sarim.hashmi/usenix/benchmark/newbench_norm/fake/A_commercial_airplane_either_landing_or_preparing_for_take_off..png,1,12.694184,1,-20.497053,0
/shared/home/sarim.hashmi/usenix/benchmark/newbench_norm/fake/A_corner_of_street_with_a_building_showing_a_bowling_pin..png,1,12.835672,1,-15.893575,0
/shared/home/sarim.hashmi/usenix/benchmark/newbench_norm/fake/A_couch_on_the_side_of_the_street_with_a_television_on_it..png,1,12.761596,1,-20.577230,0
/shared/home/sarim.hashmi/usenix/benchmark/newbench_norm/fake/A_couple_of_baby_sheep_standing_next_to_each_other..png,1,13.144749,1,-19.502537,0
/shared/home/sarim.hashmi/usenix/benchmark/newbench_norm/fake/A_couple_of_bathrooms_one_with_a_standing_toilet_next_to_one_with_a_sitting_toilet..png,1,12.402694,1,-5.045530,0
/shared/home/sarim.hashmi/usenix/benchmark/newbench_norm/fake/A_couple_of_bicycles_sitting_in_a_large_garden..png,1,12.396428,1,-20.363409,0
/shared/home/sarim.hashmi/usenix/benchmark/newbench_norm/fake/A_couple_of_birds_fly_through_a_blue_cloudy_sky..png,1,13.815560,1,-18.887943,0
/shared/home/sarim.hashmi/usenix/benchmark/newbench_norm/fake/A_couple_of_birds_standing_on_top_of__a_wooden_bench..png,1,11.481713,1,-19.183470,0
/shared/home/sarim.hashmi/usenix/benchmark/newbench_norm/fake/A_couple_of_captive_giraffes_look_around_the_ground_in_the_zoo._.png,1,14.084292,1,-19.976768,0
/shared/home/sarim.hashmi/usenix/benchmark/newbench_norm/fake/A_couple_of_giraffe_in_a_field_near_some_trees..png,1,13.817250,1,-19.158524,0
/shared/home/sarim.hashmi/usenix/benchmark/newbench_norm/fake/A_couple_of_giraffe_standing_next_to_a_doorway..png,1,13.293422,1,-19.334602,0
/shared/home/sarim.hashmi/usenix/benchmark/newbench_norm/fake/A_couple_of_giraffe_standing_next_to_each_other..png,1,12.486056,1,-19.518484,0
/shared/home/sarim.hashmi/usenix/benchmark/newbench_norm/fake/A_couple_of_older_men_sitting_on_top_of_a_bench..png,1,12.871063,1,-19.632483,0
/shared/home/sarim.hashmi/usenix/benchmark/newbench_norm/fake/A_couple_of_people_flying_kites_on_top_of_a_beach..png,1,13.566791,1,-19.616661,0
/shared/home/sarim.hashmi/usenix/benchmark/newbench_norm/fake/A_couple_of_people_standing_in_a_field_flying_a_giant_kite..png,1,13.712095,1,-20.154112,0
/shared/home/sarim.hashmi/usenix/benchmark/newbench_norm/fake/A_couple_of_people_standing_next_to_a_food_cart_filled_with_smoke..png,1,12.454946,1,-19.560011,0
/shared/home/sarim.hashmi/usenix/benchmark/newbench_norm/fake/A_couple_of_people_that_are_holding_an_umbrellas..png,1,12.801702,1,-19.741896,0
/shared/home/sarim.hashmi/usenix/benchmark/newbench_norm/fake/A_couple_of_red_motorcycles_parked_in_front_of_a_building..png,1,12.354350,1,-19.754179,0
/shared/home/sarim.hashmi/usenix/benchmark/newbench_norm/fake/A_couple_of_red_trains_parked_in_a_train_station..png,1,12.215405,1,-20.493395,0
/shared/home/sarim.hashmi/usenix/benchmark/newbench_norm/fake/A_couple_of_wooden_benches_sitting_across_from_each_other..png,1,12.353963,1,-17.865768,0
/shared/home/sarim.hashmi/usenix/benchmark/newbench_norm/fake/A_couple_of_zebra_walking_next_to_a_giraffe_on_a_lush_green_field..png,1,12.901793,1,-19.448435,0
/shared/home/sarim.hashmi/usenix/benchmark/newbench_norm/fake/A_crowded_city_street_filled_with_traffic_at_night..png,1,12.980937,1,-20.264887,0
/shared/home/sarim.hashmi/usenix/benchmark/newbench_norm/fake/A_crystal_bowl_filled_with_oranges_on_top_of_a_table..png,1,13.040149,1,-19.717768,0
/shared/home/sarim.hashmi/usenix/benchmark/newbench_norm/fake/A_custom_cake_featuring_a_fisherman_for_a_man's_65th_birthday._.png,1,11.990632,1,-19.802172,0
/shared/home/sarim.hashmi/usenix/benchmark/newbench_norm/fake/A_desktop_computer_in_a_kitchen_with_a_lamp_next_to_it..png,1,12.869585,1,-20.005072,0
/shared/home/sarim.hashmi/usenix/benchmark/newbench_norm/fake/A_dinning_room_table_sitting_next_to_a_small_fireplace..png,1,12.263641,1,-20.105371,0
/shared/home/sarim.hashmi/usenix/benchmark/newbench_norm/fake/A_dirty_toilet_that_is_in_a_bathroom..png,1,12.148412,1,-19.777145,0
/shared/home/sarim.hashmi/usenix/benchmark/newbench_norm/fake/A_distant_airplane_flying_between_two_large_buildings..png,1,13.016551,1,-20.564274,0
/shared/home/sarim.hashmi/usenix/benchmark/newbench_norm/fake/A_distant_shot_with_people_approaching_the_bus._.png,1,11.169581,1,-19.177225,0
/shared/home/sarim.hashmi/usenix/benchmark/newbench_norm/fake/A_dog_and_a_goat_with_their_noses_touching_at_fence..png,1,13.088984,1,-20.012590,0
/shared/home/sarim.hashmi/usenix/benchmark/newbench_norm/fake/A_dog_is_posing_on_top_of_a_motorcycle._.png,1,13.899489,1,-19.622566,0
/shared/home/sarim.hashmi/usenix/benchmark/newbench_norm/fake/A_dog_laying_on_the_dashboard_of_a_vehicle..png,1,12.841245,1,-17.565334,0
/shared/home/sarim.hashmi/usenix/benchmark/newbench_norm/fake/A_dog_sitting_in_the_passenger_seat_of_a_car..png,1,12.892468,1,-19.456654,0
/shared/home/sarim.hashmi/usenix/benchmark/newbench_norm/fake/A_dog_wearing_a_Santa_Claus_hat._.png,1,12.526671,1,-18.668570,0
/shared/home/sarim.hashmi/usenix/benchmark/newbench_norm/fake/A_donkey_leads_a_herd_of_sheep_down_a_busy_street..png,1,12.844005,1,-18.670919,0
"/shared/home/sarim.hashmi/usenix/benchmark/newbench_norm/fake/A_doorway_view_with_a_toilet,_shower_and_a_sink..png",1,12.220233,1,-18.688429,0
/shared/home/sarim.hashmi/usenix/benchmark/newbench_norm/fake/A_double_decker_bus_driving_down_a_street..png,1,11.710050,1,-20.381245,0
/shared/home/sarim.hashmi/usenix/benchmark/newbench_norm/fake/A_double_decker_bus_driving_down_a_street_past_a_tall_building..png,1,11.334531,1,-19.482916,0
/shared/home/sarim.hashmi/usenix/benchmark/newbench_norm/fake/A_duck_and_baby_ducks_are_in_the_blue_water..png,1,13.224770,1,-19.875351,0
/shared/home/sarim.hashmi/usenix/benchmark/newbench_norm/fake/A_faded_red_fire_hydrant_sitting_on_the_side_of_a_street..png,1,12.635077,1,-20.037149,0
/shared/home/sarim.hashmi/usenix/benchmark/newbench_norm/fake/A_family_of_giraffes_standing_next_to_a_pile_of_logs..png,1,13.500314,1,-17.073145,0
/shared/home/sarim.hashmi/usenix/benchmark/newbench_norm/fake/A_fancy_motorcycle_parked_on_a_red_carpet.png,1,12.938172,1,-20.336531,0
/shared/home/sarim.hashmi/usenix/benchmark/newbench_norm/fake/A_field_full_of_lots_of_yellow_flowers_with_a_train_passing_it_by..png,1,11.703006,1,-18.613474,0
/shared/home/sarim.hashmi/usenix/benchmark/newbench_norm/fake/A_fire_burns_while_a_person_rides_a_green_motorcycle_and_several_motorcycles_are_flipping_in_the_air.png,1,11.242110,1,-20.008049,0
/shared/home/sarim.hashmi/usenix/benchmark/newbench_norm/fake/A_fire_hydrant_covered_up_halfway_with_snow..png,1,12.706964,1,-19.070154,0
/shared/home/sarim.hashmi/usenix/benchmark/newbench_norm/fake/A_fire_hydrant_in_the_grass_near_the_curb_with_the_remnants_of_melting_snow.png,1,12.774825,1,-17.729618,0
"/shared/home/sarim.hashmi/usenix/benchmark/newbench_norm/fake/A_fire_hydrant_on_the_side_of_the_road,_it_looks_old..png",1,12.411056,1,-19.847187,0
/shared/home/sarim.hashmi/usenix/benchmark/newbench_norm/fake/A_fire_hydrant_sitting_next_to_a_tree_in_a_forest..png,1,13.251726,1,-19.979874,0
/shared/home/sarim.hashmi/usenix/benchmark/newbench_norm/fake/A_fire_hydrant_that_is_red_on_top_and_says_to_open..png,1,11.228231,1,-19.017216,0
/shared/home/sarim.hashmi/usenix/benchmark/newbench_norm/fake/A_fire_hydrant_that_is_spewing_water_in_the_middle_of_a_city..png,1,13.388190,1,-20.337948,0
/shared/home/sarim.hashmi/usenix/benchmark/newbench_norm/fake/A_flock_of_birds_are_flying_above_the_spire_of_a_building_tower..png,1,12.960340,1,-19.676657,0
/shared/home/sarim.hashmi/usenix/benchmark/newbench_norm/fake/A_flock_of_sheep_graze_on_a_hillside..png,1,13.344094,1,-17.521477,0
/shared/home/sarim.hashmi/usenix/benchmark/newbench_norm/fake/A_flock_of_sheep_grazing_in_a_field_of_grass..png,1,11.647800,1,-19.687466,0
/shared/home/sarim.hashmi/usenix/benchmark/newbench_norm/fake/A_folk_of_birds_flying_over_a_military_ship..png,1,13.153928,1,-18.329817,0
/shared/home/sarim.hashmi/usenix/benchmark/newbench_norm/fake/A_formation_of_birds_in_a_sky_at_sunset..png,1,12.618250,1,-19.611240,0
/shared/home/sarim.hashmi/usenix/benchmark/newbench_norm/fake/A_four_engine_Air_Algerie_prop_plane_with_landing_gear_out.png,1,13.249325,1,-19.634098,0
/shared/home/sarim.hashmi/usenix/benchmark/newbench_norm/fake/A_frozen_fire_hydrant_spewing_ice_out_into_a_street..png,1,13.449821,1,-19.400011,0
"/shared/home/sarim.hashmi/usenix/benchmark/newbench_norm/fake/A_full_perspective_of_a_restroom_view_with_a_few_things._
.png",1,11.241170,1,-20.267292,0
/shared/home/sarim.hashmi/usenix/benchmark/newbench_norm/fake/A_full_view_of_a_nice_and_comfortable_bed_with_pillows._.png,1,13.697027,1,-19.435108,0
/shared/home/sarim.hashmi/usenix/benchmark/newbench_norm/fake/A_gang_of_bikers_riding_down_a_street_next_to_tall_buildings..png,1,12.524915,1,-19.745338,0
/shared/home/sarim.hashmi/usenix/benchmark/newbench_norm/fake/A_garden_is_surrounded_by_a_train_and_phone_booth._.png,1,12.226537,1,-20.161779,0
/shared/home/sarim.hashmi/usenix/benchmark/newbench_norm/fake/A_giraffe_grazing_from_a_tree_with_rock_wall_in_background..png,1,12.189054,1,-19.587534,0
/shared/home/sarim.hashmi/usenix/benchmark/newbench_norm/fake/A_giraffe_in_a_grassy_field_near_a_hill..png,1,12.794404,1,-19.673452,0
/shared/home/sarim.hashmi/usenix/benchmark/newbench_norm/fake/A_giraffe_laying_on_the_ground_near_a_fence..png,1,13.483866,1,-20.103235,0
/shared/home/sarim.hashmi/usenix/benchmark/newbench_norm/fake/A_giraffe_stand_in_front_of_large_rocks_and_looks_at_a_tree..png,1,12.397419,1,-19.910444,0
/shared/home/sarim.hashmi/usenix/benchmark/newbench_norm/fake/A_giraffe_standing_next_to_a_tall_tree..png,1,12.604026,1,-19.568619,0
/shared/home/sarim.hashmi/usenix/benchmark/newbench_norm/fake/A_giraffe_standing_on_a_dirt_road_next_to_plants..png,1,12.949007,1,-19.630838,0
/shared/home/sarim.hashmi/usenix/benchmark/newbench_norm/fake/A_giraffe_standing_on_top_of_a_lush_green_field..png,1,13.304807,1,-18.818018,0
/shared/home/sarim.hashmi/usenix/benchmark/newbench_norm/fake/A_giraffe_stands_with_several_birds_resting_on_it's_neck._.png,1,13.019397,1,-15.495072,0
/shared/home/sarim.hashmi/usenix/benchmark/newbench_norm/fake/A_giraffe_walking_across_a_dirt_and_grass_field..png,1,13.334860,1,-19.495989,0
/shared/home/sarim.hashmi/usenix/benchmark/newbench_norm/fake/A_giraffe_walking_across_a_lush_green_field..png,1,11.855540,1,-19.691256,0
/shared/home/sarim.hashmi/usenix/benchmark/newbench_norm/fake/A_giraffe_walking_in_a_field_with_gazelle's_looking_on._.png,1,13.665885,1,-20.264944,0
/shared/home/sarim.hashmi/usenix/benchmark/newbench_norm/fake/A_giraffe_walking_in_a_sandy_enclosure_.png,1,13.503254,1,-20.028610,0
/shared/home/sarim.hashmi/usenix/benchmark/newbench_norm/fake/A_girl_holding_a_skewer_with_a_banana_on_the_end.__.png,1,12.389800,1,-19.936901,0
/shared/home/sarim.hashmi/usenix/benchmark/newbench_norm/fake/A_girl_in_white_shirt_painting_a_black_umbrella..png,1,13.152570,1,-19.685066,0
/shared/home/sarim.hashmi/usenix/benchmark/newbench_norm/fake/A_girl_takes_a_picture_of_herself_in_the_mirror..png,1,12.275455,1,-19.388306,0
/shared/home/sarim.hashmi/usenix/benchmark/newbench_norm/fake/A_goat_standing_next_to_a_tree_in_the_open..png,1,12.936752,1,-19.824696,0
/shared/home/sarim.hashmi/usenix/benchmark/newbench_norm/fake/A_goat_with_very_long_horns_standing_in_front_of_a_tree..png,1,12.042523,1,-20.511366,0
/shared/home/sarim.hashmi/usenix/benchmark/newbench_norm/fake/A_gray_and_black_bird_sitting_next_to_the_ocean..png,1,13.130597,1,-19.733688,0
/shared/home/sarim.hashmi/usenix/benchmark/newbench_norm/fake/A_gray_and_white_cat_sitting_in_blue_bowl..png,1,13.439935,1,-19.089338,0
/shared/home/sarim.hashmi/usenix/benchmark/newbench_norm/fake/A_gray_and_yellow_train_traveling_along_the_tracks.png,1,12.579711,1,-19.825741,0
/shared/home/sarim.hashmi/usenix/benchmark/newbench_norm/fake/A_gray_motorcycle_parked_in_a_parking_lot..png,1,12.791269,1,-20.043234,0
/shared/home/sarim.hashmi/usenix/benchmark/newbench_norm/fake/A_green_and_blue_bus_stopped_to_discharge_passengers..png,1,11.663449,1,-19.990360,0
/shared/home/sarim.hashmi/usenix/benchmark/newbench_norm/fake/A_green_and_white_bus_driving_down_a__city_street..png,1,11.603883,1,-19.691778,0
/shared/home/sarim.hashmi/usenix/benchmark/newbench_norm/fake/A_green_mailbox_with_graffiti_on_the_side.png,1,12.764164,1,-19.987425,0
/shared/home/sarim.hashmi/usenix/benchmark/newbench_norm/fake/A_green_mountain_bike_sitting_next_to_a_bridge_as_a_train_passes_by..png,1,12.472985,1,-19.892504,0
/shared/home/sarim.hashmi/usenix/benchmark/newbench_norm/fake/A_green_street_sign_sitting_below_a_large_tree..png,1,11.726071,1,-19.853043,0
/shared/home/sarim.hashmi/usenix/benchmark/newbench_norm/fake/A_green_train_traveling_down_train_tracks_next_to_another_train..png,1,13.058513,1,-19.910666,0
/shared/home/sarim.hashmi/usenix/benchmark/newbench_norm/fake/A_green_truck_parked_in_the_middle_of_a_garage..png,1,10.425500,1,-20.153658,0
/shared/home/sarim.hashmi/usenix/benchmark/newbench_norm/fake/A_grey_and_white_cat_outside_looking_into_a_window..png,1,12.773142,1,-20.109772,0
/shared/home/sarim.hashmi/usenix/benchmark/newbench_norm/fake/A_group_of_bikers_parked_in_the_middle_of_a_street..png,1,12.867667,1,-17.867485,0
/shared/home/sarim.hashmi/usenix/benchmark/newbench_norm/fake/A_group_of_birds_eating_at_a_bird_feeder.png,1,13.512522,1,-13.571557,0
/shared/home/sarim.hashmi/usenix/benchmark/newbench_norm/fake/A_group_of_elephants_are_standing_under_a_roof_cover..png,1,12.227574,1,-19.499174,0
/shared/home/sarim.hashmi/usenix/benchmark/newbench_norm/fake/A_group_of_giraffe_standing_next_to_each_other_on_a_field..png,1,12.570717,1,-19.901009,0
/shared/home/sarim.hashmi/usenix/benchmark/newbench_norm/fake/A_group_of_giraffe_standing_on_top_of_a_dirt_field..png,1,13.564297,1,-16.329088,0
/shared/home/sarim.hashmi/usenix/benchmark/newbench_norm/fake/A_group_of_giraffes_next_to_a_fence..png,1,13.010159,1,-20.153421,0
/shared/home/sarim.hashmi/usenix/benchmark/newbench_norm/fake/A_group_of_knives_mounted_to_a_kitchen_wall..png,1,14.298586,1,-20.023279,0
/shared/home/sarim.hashmi/usenix/benchmark/newbench_norm/fake/A_group_of_men_standing_around_a_luggage_cart..png,1,12.225389,1,-17.775850,0
/shared/home/sarim.hashmi/usenix/benchmark/newbench_norm/fake/A_group_of_men_standing_in_front_of_a_bar_having_a_conversation..png,1,9.467596,1,-19.532064,0
/shared/home/sarim.hashmi/usenix/benchmark/newbench_norm/fake/A_group_of_motorcycles_parked_in_front_of_a_building..png,1,12.288457,1,-20.086502,0
/shared/home/sarim.hashmi/usenix/benchmark/newbench_norm/fake/A_group_of_people_are_playing_some_musical_instruments..png,1,12.619349,1,-20.179010,0
/shared/home/sarim.hashmi/usenix/benchmark/newbench_norm/fake/A_group_of_people_eating_at_tables_under_umbrellas_in_front_of_a_restaurant..png,1,13.121467,1,-20.014992,0
/shared/home/sarim.hashmi/usenix/benchmark/newbench_norm/fake/A_group_of_people_in_suits_standing_in_a_kitchen..png,1,11.665841,1,-19.552687,0
/shared/home/sarim.hashmi/usenix/benchmark/newbench_norm/fake/A_group_of_people_on_a_city_street..png,1,12.829549,1,-16.332689,0
/shared/home/sarim.hashmi/usenix/benchmark/newbench_norm/fake/A_group_of_people_on_motorbikes_ride_on_a_path..png,1,12.830998,1,-19.491474,0
/shared/home/sarim.hashmi/usenix/benchmark/newbench_norm/fake/A_group_of_people_sitting_and_laying_next_to_each_other..png,1,11.080426,1,-19.275301,0
/shared/home/sarim.hashmi/usenix/benchmark/newbench_norm/fake/A_group_of_people_sitting_on_motor_bikes_on_a_street..png,1,12.178655,1,-21.030996,0
/shared/home/sarim.hashmi/usenix/benchmark/newbench_norm/fake/A_group_of_people_sitting_on_strange_looking_benches._.png,1,12.171341,1,-20.101036,0
/shared/home/sarim.hashmi/usenix/benchmark/newbench_norm/fake/A_group_of_people_standing_outside_of_a_small_airplane..png,1,13.653313,1,-19.547346,0
/shared/home/sarim.hashmi/usenix/benchmark/newbench_norm/fake/A_group_of_police_officer_standing_in_front_of_a_red_bus..png,1,13.607748,1,-18.848402,0
/shared/home/sarim.hashmi/usenix/benchmark/newbench_norm/fake/A_group_of_sheep_being_herded_by_a_black_dog..png,1,12.842303,1,-19.314947,0
/shared/home/sarim.hashmi/usenix/benchmark/newbench_norm/fake/A_group_of_sheep_is_standing_in_a_grassy_field..png,1,12.898820,1,-19.892838,0
/shared/home/sarim.hashmi/usenix/benchmark/newbench_norm/fake/A_group_of_sheep_sitting_next_to_a_tree..png,1,11.568284,1,-19.538326,0
/shared/home/sarim.hashmi/usenix/benchmark/newbench_norm/fake/A_group_of_small_exotic_birds_standing_on_a_large_bamboo_stick..png,1,13.614745,1,-15.616593,0
/shared/home/sarim.hashmi/usenix/benchmark/newbench_norm/fake/A_group_of_three_women_sitting_at_a_table_sharing_a_cup_of_tea..png,1,12.186790,1,-20.094250,0
/shared/home/sarim.hashmi/usenix/benchmark/newbench_norm/fake/A_group_of_women_standing_next_to_each_other_in_an_office..png,1,12.763184,1,-20.626860,0
/shared/home/sarim.hashmi/usenix/benchmark/newbench_norm/fake/A_guy_rides_a_bike_in_a_race_and_has_fun.png,1,12.378294,1,-19.837301,0
/shared/home/sarim.hashmi/usenix/benchmark/newbench_norm/fake/A_herd_of_animals_laying_down_in_a_lush_green_field..png,1,13.691943,1,-12.053614,0
/shared/home/sarim.hashmi/usenix/benchmark/newbench_norm/fake/A_herd_of_sheep_standing_on_a_grass_covered_hillside..png,1,12.714860,1,-19.613119,0
/shared/home/sarim.hashmi/usenix/benchmark/newbench_norm/fake/A_highway_scene_with_focus_on_an_exit_sign..png,1,12.820951,1,-19.577589,0
/shared/home/sarim.hashmi/usenix/benchmark/newbench_norm/fake/A_jet_is_flying_through_the_air_leaving_smoke_behind_it..png,1,12.850471,1,-18.628117,0
"/shared/home/sarim.hashmi/usenix/benchmark/newbench_norm/fake/A_kitchen_area_with_shelves,_counter_and_bar_stools..png",1,12.030614,1,-19.661461,0
/shared/home/sarim.hashmi/usenix/benchmark/newbench_norm/fake/A_kitchen_filled_with_appliances_and_track_lighting..png,1,13.053664,1,-13.700339,0
/shared/home/sarim.hashmi/usenix/benchmark/newbench_norm/fake/A_kitchen_filled_with_clutter_all_over_it's_counter..png,1,12.999106,1,-19.347067,0
/shared/home/sarim.hashmi/usenix/benchmark/newbench_norm/fake/A_kitchen_filled_with_wooden_cabinets_and_a_table..png,1,13.356236,1,-19.946779,0
"/shared/home/sarim.hashmi/usenix/benchmark/newbench_norm/fake/A_kitchen_is_displayed,_showing_wooden_cabinets_and_a_blue_tiled_counter_top..png",1,12.306466,1,-17.800566,0
/shared/home/sarim.hashmi/usenix/benchmark/newbench_norm/fake/A_kitchen_scene_with_focus_on_a_sink_and_oven..png,1,12.837140,1,-20.095909,0
/shared/home/sarim.hashmi/usenix/benchmark/newbench_norm/fake/A_kitchen_that_has_a_sink_and_cabinets_in_it..png,1,12.045317,1,-19.739874,0
"/shared/home/sarim.hashmi/usenix/benchmark/newbench_norm/fake/A_kitchen_that_has_different_types_of_pots,_and_pans_on_a_stove..png",1,12.491504,1,-20.054152,0
"/shared/home/sarim.hashmi/usenix/benchmark/newbench_norm/fake/A_kitchen_that_includes_a_stove,_ovens_and_refrigerator..png",1,12.767631,1,-19.864897,0
/shared/home/sarim.hashmi/usenix/benchmark/newbench_norm/fake/A_kitchen_that_is_ready_to_have_appliances_put_into_it..png,1,12.638518,1,-19.138288,0
"/shared/home/sarim.hashmi/usenix/benchmark/newbench_norm/fake/A_kitchen_with_a_refrigerator,_sink,_drawers_and_cabinets._.png",1,11.534171,1,-20.359224,0
/shared/home/sarim.hashmi/usenix/benchmark/newbench_norm/fake/A_kitchen_with_a_stove_and_a_microwave..png,1,12.184804,1,-18.709736,0
/shared/home/sarim.hashmi/usenix/benchmark/newbench_norm/fake/A_kitchen_with_a_wooden_table__with_a_cat_sleeping_on_top_of_it..png,1,12.448416,1,-19.917114,0
"/shared/home/sarim.hashmi/usenix/benchmark/newbench_norm/fake/A_kitchen_with_an_oven,_stove_,_sink,_microwave_and_refrigerator..png",1,13.618151,1,-19.151228,0
/shared/home/sarim.hashmi/usenix/benchmark/newbench_norm/fake/A_kitchen_with_granite_counter_tops_and_a_large_oven..png,1,13.668640,1,-18.457174,0
/shared/home/sarim.hashmi/usenix/benchmark/newbench_norm/fake/A_kitchen_with_lots_of_black_counter_top_space..png,1,11.766570,1,-16.771994,0
/shared/home/sarim.hashmi/usenix/benchmark/newbench_norm/fake/A_kitchen_with_lots_of_clutter_a_door_with_a_large_window..png,1,12.517646,1,-20.576530,0
/shared/home/sarim.hashmi/usenix/benchmark/newbench_norm/fake/A_kitchen_with_wooden_cabinets_and_a_fridge.png,1,11.825943,1,-19.721319,0
/shared/home/sarim.hashmi/usenix/benchmark/newbench_norm/fake/A_kitchen_with_wooden_counter_tops_and_a_stove_top_oven..png,1,12.688987,1,-19.735224,0
/shared/home/sarim.hashmi/usenix/benchmark/newbench_norm/fake/A_kitchen_with_wooden_walls_and_cabinets_with_lighting..png,1,12.746863,1,-20.697727,0
/shared/home/sarim.hashmi/usenix/benchmark/newbench_norm/fake/A_kitten_eating_food_out_of_a_dish_on_the_kitchen_floor..png,1,12.478038,1,-16.795734,0
/shared/home/sarim.hashmi/usenix/benchmark/newbench_norm/fake/A_lady_in_bed_with_oxygen_tube_and_a_dog..png,1,11.395210,1,-19.593697,0
/shared/home/sarim.hashmi/usenix/benchmark/newbench_norm/fake/A_lady_with_a_flower_in_her_hair_taking_of_picture_of_herself_in_a_mirror..png,1,12.028560,1,-19.486069,0
/shared/home/sarim.hashmi/usenix/benchmark/newbench_norm/fake/A_laptop_computer_on_a_table_in_the_passenger_cabin_of_an_airplane..png,1,11.940888,1,-16.338079,0
/shared/home/sarim.hashmi/usenix/benchmark/newbench_norm/fake/A_laptop_computer_sitting_on_top_of_a_computer_desk..png,1,12.396012,1,-19.780870,0
/shared/home/sarim.hashmi/usenix/benchmark/newbench_norm/fake/A_large_air_plane_smoking_and_parked_in_the_snow_._.png,1,13.189720,1,-20.422924,0
/shared/home/sarim.hashmi/usenix/benchmark/newbench_norm/fake/A_large_airplane_flies_overhead_through_the_sky..png,1,1.429712,1,-19.665167,0
/shared/home/sarim.hashmi/usenix/benchmark/newbench_norm/fake/A_large_airplane_flying_over_a_lush_green_hillside..png,1,12.621184,1,-19.543699,0
/shared/home/sarim.hashmi/usenix/benchmark/newbench_norm/fake/A_large_bird_sitting_on_top_of_a_tree..png,1,12.900352,1,-19.479244,0
/shared/home/sarim.hashmi/usenix/benchmark/newbench_norm/fake/A_large_blue_train_on_a_steel_track..png,1,11.539166,1,-20.038260,0
/shared/home/sarim.hashmi/usenix/benchmark/newbench_norm/fake/A_large_body_of_water_in_front_of_a_shoreline_with_a_long_train_bridge..png,1,12.501725,1,-19.866693,0
/shared/home/sarim.hashmi/usenix/benchmark/newbench_norm/fake/A_large_collection_of_cooking_utensils_hanging_on_a_wall..png,1,13.375182,1,-18.445232,0
/shared/home/sarim.hashmi/usenix/benchmark/newbench_norm/fake/A_large_exit_street_sign_laying_on_the_ground..png,1,9.377043,1,-19.167511,0
"/shared/home/sarim.hashmi/usenix/benchmark/newbench_norm/fake/A_large_filled_with_lots_of_purple_flowers_behind_a_blue_sign
.png",1,12.209462,1,-19.948952,0
/shared/home/sarim.hashmi/usenix/benchmark/newbench_norm/fake/A_large_giraffe_standing_behind_a_wire_fence..png,1,12.673740,1,-19.063574,0
/shared/home/sarim.hashmi/usenix/benchmark/newbench_norm/fake/A_large_group_of_tall_giraffe_in_a_room..png,1,12.497710,1,-18.804964,0
/shared/home/sarim.hashmi/usenix/benchmark/newbench_norm/fake/A_large_jet_flying_through_a_cloudy_blue_sky..png,1,13.203189,1,-19.358320,0
/shared/home/sarim.hashmi/usenix/benchmark/newbench_norm/fake/A_large_jet_sitting_on_top_of_an_airport_tarmac..png,1,12.743935,1,-19.515226,0
/shared/home/sarim.hashmi/usenix/benchmark/newbench_norm/fake/A_large_jetliner_flying_over_a_tall_building_in_the_sky..png,1,12.076284,1,-19.912031,0
/shared/home/sarim.hashmi/usenix/benchmark/newbench_norm/fake/A_large_jetliner_flying_through_a_cloudy_blue_sky..png,1,12.544140,1,-19.641144,0
/shared/home/sarim.hashmi/usenix/benchmark/newbench_norm/fake/A_large_jetliner_sitting_on_top_of_an_airport_runway..png,1,12.655553,1,-19.290983,0
/shared/home/sarim.hashmi/usenix/benchmark/newbench_norm/fake/A_large_jetliner_sitting_on_top_of_an_airport_tarmac..png,1,11.323611,1,-19.298664,0
/shared/home/sarim.hashmi/usenix/benchmark/newbench_norm/fake/A_large_long_train_on_a_steel_track..png,1,13.603311,1,-20.458082,0
/shared/home/sarim.hashmi/usenix/benchmark/newbench_norm/fake/A_large_modern_bathroom_features_an_oversize_tub_and_walk-in_shower..png,1,12.627065,1,-20.069124,0
/shared/home/sarim.hashmi/usenix/benchmark/newbench_norm/fake/A_large_open_room_with_a_long_white_staircase..png,1,11.822969,1,-20.502901,0
/shared/home/sarim.hashmi/usenix/benchmark/newbench_norm/fake/A_large_passenger_jet_flying_over_the_top_of_a_forest..png,1,12.618890,1,-20.237036,0
/shared/home/sarim.hashmi/usenix/benchmark/newbench_norm/fake/A_large_white_airplane_with_blue_tail_parked..png,1,13.058268,1,-19.667934,0
/shared/home/sarim.hashmi/usenix/benchmark/newbench_norm/fake/A_large_white_bush_driving_down_a_city_street..png,1,12.871964,1,-18.487411,0
/shared/home/sarim.hashmi/usenix/benchmark/newbench_norm/fake/A_large_white_castle_like_building_with_a_statue_in_front._.png,1,12.389554,1,-18.496298,0
/shared/home/sarim.hashmi/usenix/benchmark/newbench_norm/fake/A_large_white_dog_statue_sitting_next_to_a_clock..png,1,13.097703,1,-19.848150,0
/shared/home/sarim.hashmi/usenix/benchmark/newbench_norm/fake/A_larger_passenger_jet_flying_through_a_blue_sky..png,1,12.145889,1,-19.503115,0
"/shared/home/sarim.hashmi/usenix/benchmark/newbench_norm/fake/A_left_turn_signal,_stoplight_and_street_sign_are_hanging_on_a_pole..png",1,13.159680,1,-19.814096,0
/shared/home/sarim.hashmi/usenix/benchmark/newbench_norm/fake/A_little_boy_in_the_airport_watching_an_airplane..png,1,12.521190,1,-19.748972,0
/shared/home/sarim.hashmi/usenix/benchmark/newbench_norm/fake/A_little_boy_wearing_a_hat_and_leather_boots..png,1,12.730011,1,-19.799711,0
/shared/home/sarim.hashmi/usenix/benchmark/newbench_norm/fake/A_little_girl_climbing_up_steps_to_touch_a_giraffe..png,1,13.314385,1,-19.072754,0
"/shared/home/sarim.hashmi/usenix/benchmark/newbench_norm/fake/A_little_girl_lies_on_a_wooden_bench,_eating_snacks_from_a_bag..png",1,12.904973,1,-18.292740,0
/shared/home/sarim.hashmi/usenix/benchmark/newbench_norm/fake/A_lone_woman_stands_at_an_empty_train_station..png,1,13.260313,1,-19.308548,0
/shared/home/sarim.hashmi/usenix/benchmark/newbench_norm/fake/A_long_bench_sitting_next_to_a_large_fence..png,1,11.644773,1,-18.477654,0
/shared/home/sarim.hashmi/usenix/benchmark/newbench_norm/fake/A_lot_of_birds_flying_around_on_a_beach..png,1,12.481114,1,-18.329056,0
/shared/home/sarim.hashmi/usenix/benchmark/newbench_norm/fake/A_lot_of_thought_went_into_decorating_this_rustic_bathroom..png,1,12.603649,1,-19.764235,0
/shared/home/sarim.hashmi/usenix/benchmark/newbench_norm/fake/A_man's_reflection_is_in_a_mirror_of_a_bathroom..png,1,12.074372,1,-19.279427,0
"/shared/home/sarim.hashmi/usenix/benchmark/newbench_norm/fake/A_man,_woman_and_child_in_an_advertisement_vehicle_for_a_seafood_restaurant..png",1,12.447486,1,-20.000887,0
/shared/home/sarim.hashmi/usenix/benchmark/newbench_norm/fake/A_man_admiring_a_dog_on_a_bench_made_of_books..png,1,12.764685,1,-20.348116,0
/shared/home/sarim.hashmi/usenix/benchmark/newbench_norm/fake/A_man_and_two_women_are_standing_beside_an_airplane..png,1,12.091677,1,-14.780986,0
/shared/home/sarim.hashmi/usenix/benchmark/newbench_norm/fake/A_man_and_two_women_walking_their_dogs_and_hiking_in_the_woods..png,1,12.459460,1,-20.426878,0
/shared/home/sarim.hashmi/usenix/benchmark/newbench_norm/fake/A_man_cycling_and_a_Stop_sign_at_the_front.png,1,12.727000,1,-20.080959,0
/shared/home/sarim.hashmi/usenix/benchmark/newbench_norm/fake/A_man_drives_fast_in_a_motorcycle_with_kids_in_the_sidecar.png,1,12.906474,1,-17.195936,0
/shared/home/sarim.hashmi/usenix/benchmark/newbench_norm/fake/A_man_fixing_a_traffic_light_while_on_a_cherry_picker..png,1,12.505530,1,-20.108709,0
/shared/home/sarim.hashmi/usenix/benchmark/newbench_norm/fake/A_man_flying_through_the_air_while_riding_a_snowboard..png,1,12.754577,1,-19.095753,0
/shared/home/sarim.hashmi/usenix/benchmark/newbench_norm/fake/A_man_flying_through_the_air_while_riding_a_surfboard..png,1,13.061732,1,-6.862517,0
/shared/home/sarim.hashmi/usenix/benchmark/newbench_norm/fake/A_man_in_a_dress_riding_a_tiger_motorcycle..png,1,12.153343,1,-19.798594,0
/shared/home/sarim.hashmi/usenix/benchmark/newbench_norm/fake/A_man_in_a_gray_jacket_standing_in_a_kitchen_next_to_a_black_dog..png,1,11.053634,1,-14.740587,0
/shared/home/sarim.hashmi/usenix/benchmark/newbench_norm/fake/A_man_in_a_wetsuit_is_holding_his_surfboard_on_the_pier._.png,1,10.485150,1,-20.033297,0
/shared/home/sarim.hashmi/usenix/benchmark/newbench_norm/fake/A_man_in_hipster_clothes_straddling_a_bicycle_on_the_sidewalk..png,1,12.070800,1,-20.425226,0
/shared/home/sarim.hashmi/usenix/benchmark/newbench_norm/fake/A_man_is_feeding_a_griaffe_off_of_the_stand.png,1,12.572690,1,-20.065989,0
/shared/home/sarim.hashmi/usenix/benchmark/newbench_norm/fake/A_man_is_sitting_in_a_beige_chair_in_a_living_room.png,1,12.258420,1,-17.965105,0
/shared/home/sarim.hashmi/usenix/benchmark/newbench_norm/fake/A_man_is_sitting_on_a_bench_reading_a_book..png,1,12.572182,1,-20.179504,0
/shared/home/sarim.hashmi/usenix/benchmark/newbench_norm/fake/A_man_laying_on_the_ground_in_front_of_a_motorcycle..png,1,12.641125,1,-20.395233,0
/shared/home/sarim.hashmi/usenix/benchmark/newbench_norm/fake/A_man_on_a_motorcycle_with_a_group_of_people_standing_around_it..png,1,13.559875,1,-15.260534,0
/shared/home/sarim.hashmi/usenix/benchmark/newbench_norm/fake/A_man_on_a_motorcycle_with_a_woman_on_back.png,1,13.051183,1,-19.368887,0
/shared/home/sarim.hashmi/usenix/benchmark/newbench_norm/fake/A_man_on_a_skateboard_riding_on_a_street..png,1,12.554294,1,-19.335501,0
/shared/home/sarim.hashmi/usenix/benchmark/newbench_norm/fake/A_man_on_bicycle_carrying_bunches_of_bananas_through_street..png,1,12.854025,1,-19.043280,0
/shared/home/sarim.hashmi/usenix/benchmark/newbench_norm/fake/A_man_preparing_food_in_a_restaurant_kitchen._.png,1,12.000036,1,-20.349363,0
/shared/home/sarim.hashmi/usenix/benchmark/newbench_norm/fake/A_man_races_a_motorcycle_on_a_track..png,1,14.371234,1,-18.893381,0
/shared/home/sarim.hashmi/usenix/benchmark/newbench_norm/fake/A_man_riding_a_bike_down_a_dark_city_street..png,1,13.210804,1,-19.303381,0
/shared/home/sarim.hashmi/usenix/benchmark/newbench_norm/fake/A_man_riding_a_bike_down_a_street..png,1,10.386183,1,-20.139448,0
/shared/home/sarim.hashmi/usenix/benchmark/newbench_norm/fake/A_man_riding_a_bike_down_a_street_past_a_young_man..png,1,12.640759,1,-19.828672,0
/shared/home/sarim.hashmi/usenix/benchmark/newbench_norm/fake/A_man_riding_a_bike_on_a_dirt_path_through_a_forest..png,1,12.168903,1,-15.369271,0
/shared/home/sarim.hashmi/usenix/benchmark/newbench_norm/fake/A_man_riding_a_motorcycle_across_a_sandy_beach..png,1,13.980752,1,-18.823071,0
/shared/home/sarim.hashmi/usenix/benchmark/newbench_norm/fake/A_man_riding_a_motorcycle_next_to_a_red_stop_sign..png,1,10.230296,1,-20.280460,0
/shared/home/sarim.hashmi/usenix/benchmark/newbench_norm/fake/A_man_riding_a_motorcycle_with_a_helmet_on._.png,1,13.471356,1,-18.991079,0
/shared/home/sarim.hashmi/usenix/benchmark/newbench_norm/fake/A_man_riding_on_the_back_of_another_mans_bike_in_the_street.png,1,12.467299,1,-9.942325,0
/shared/home/sarim.hashmi/usenix/benchmark/newbench_norm/fake/A_man_sees_a_double_reflection_in_his_mirror..png,1,12.756924,1,-19.140814,0
/shared/home/sarim.hashmi/usenix/benchmark/newbench_norm/fake/A_man_sitting_at_a_park_working_on_a_laptop_computer..png,1,12.277486,1,-20.240261,0
/shared/home/sarim.hashmi/usenix/benchmark/newbench_norm/fake/A_man_sitting_on_his_skateboard_in_a_field..png,1,12.660947,1,-20.015306,0
/shared/home/sarim.hashmi/usenix/benchmark/newbench_norm/fake/A_man_sleeping_on_a_navy_blue_pillow_with_a_TV_monitor_in_place_of_his_head._.png,1,13.501200,1,-19.645451,0
/shared/home/sarim.hashmi/usenix/benchmark/newbench_norm/fake/A_man_standing_in_front_of_a_mirror_above_a_counter..png,1,12.053574,1,-19.185410,0
/shared/home/sarim.hashmi/usenix/benchmark/newbench_norm/fake/A_man_standing_next_to_a_car_in_the_snow..png,1,14.012803,1,-18.548120,0
/shared/home/sarim.hashmi/usenix/benchmark/newbench_norm/fake/A_man_standing_next_to_a_motorcycle_on_the_side_of_a_hill..png,1,13.198320,1,-19.918139,0
/shared/home/sarim.hashmi/usenix/benchmark/newbench_norm/fake/A_man_standing_next_to_a_parked_motorcycle..png,1,11.999640,1,-19.918406,0
/shared/home/sarim.hashmi/usenix/benchmark/newbench_norm/fake/A_man_standing_next_to_a_woman_in_a_room..png,1,13.356465,1,-18.047842,0
/shared/home/sarim.hashmi/usenix/benchmark/newbench_norm/fake/A_man_standing_outdoors_next_to_a_dirt_bike_and_ATV..png,1,11.992421,1,-19.546625,0
/shared/home/sarim.hashmi/usenix/benchmark/newbench_norm/fake/A_man_standing_outside_of_a_building_next_to_bicycles..png,1,11.228473,1,-19.759092,0
/shared/home/sarim.hashmi/usenix/benchmark/newbench_norm/fake/A_man_taking_a_picture_of_his_reflection_in_the_bathroom.png,1,12.565713,1,-20.362368,0
/shared/home/sarim.hashmi/usenix/benchmark/newbench_norm/fake/A_man_that_has_a_happy_new__year_hat_on..png,1,12.829007,1,-19.511976,0
/shared/home/sarim.hashmi/usenix/benchmark/newbench_norm/fake/A_man_thinks_as_he_stands_in_front_of_a_sign..png,1,11.595238,1,-19.613194,0
/shared/home/sarim.hashmi/usenix/benchmark/newbench_norm/fake/A_man_walking_down_a_road_in_front_of_a_double_decker_bus..png,1,13.150842,1,-19.469980,0
/shared/home/sarim.hashmi/usenix/benchmark/newbench_norm/fake/A_man_walking_down_a_road_with_a_horse_and_carriage_coming_at_him..png,1,13.595241,1,-19.793667,0
/shared/home/sarim.hashmi/usenix/benchmark/newbench_norm/fake/A_man_walking_towards_a_stop_sign_on_the_sidewalk..png,1,12.611447,1,-15.521962,0
/shared/home/sarim.hashmi/usenix/benchmark/newbench_norm/fake/A_man_walking_while_holding_an_umbrella_on_a_wet_sidewalk..png,1,10.851686,1,-11.680281,0
/shared/home/sarim.hashmi/usenix/benchmark/newbench_norm/fake/A_man_walks_across_a_street_with_a_stop_sign_in_the_foreground..png,1,12.061904,1,-18.323935,0
/shared/home/sarim.hashmi/usenix/benchmark/newbench_norm/fake/A_man_watching_a_single_engine_plane_make_an_approach_to_land..png,1,12.928468,1,-12.548219,0
/shared/home/sarim.hashmi/usenix/benchmark/newbench_norm/fake/A_man_wearing_a_glove_with_a_bird_on_top_of_it..png,1,13.661733,1,-17.757334,0
/shared/home/sarim.hashmi/usenix/benchmark/newbench_norm/fake/A_man_wearing_a_hat_riding_a_motorcycle..png,1,12.192961,1,-19.802769,0
/shared/home/sarim.hashmi/usenix/benchmark/newbench_norm/fake/A_man_wearing_jeans_sitting_on_a_parked_motorcycle..png,1,13.207076,1,-19.259821,0
/shared/home/sarim.hashmi/usenix/benchmark/newbench_norm/fake/A_man_with_camera_watching_a_group_of_giraffes.png,1,12.258840,1,-19.926823,0
/shared/home/sarim.hashmi/usenix/benchmark/newbench_norm/fake/A_man_with_glasses_riding_in_a_car_with_an_adorable_dog_in_the_backseat..png,1,13.066315,1,-20.113234,0
/shared/home/sarim.hashmi/usenix/benchmark/newbench_norm/fake/A_marble_tiled_bathroom_with_double_sinks_and_wooden_cabinets.png,1,13.793167,1,-19.383194,0
/shared/home/sarim.hashmi/usenix/benchmark/newbench_norm/fake/A_men's_public_washroom_with_a_blue_floor._.png,1,12.782091,1,-20.028629,0
/shared/home/sarim.hashmi/usenix/benchmark/newbench_norm/fake/A_messy_desk_is_shown_with_a_laptop_computer..png,1,13.110583,1,-19.312845,0
/shared/home/sarim.hashmi/usenix/benchmark/newbench_norm/fake/A_metal_pole_with_four_different_street_signs_hanging_on_it's_side..png,1,12.618514,1,-19.276800,0
/shared/home/sarim.hashmi/usenix/benchmark/newbench_norm/fake/A_metal_sink_and_a_row_of_white_urinals.png,1,10.623111,1,-16.348509,0
/shared/home/sarim.hashmi/usenix/benchmark/newbench_norm/fake/A_military_air_craft_flies_in_the_sky_with_landing_gear_down._.png,1,13.250863,1,-19.638781,0
/shared/home/sarim.hashmi/usenix/benchmark/newbench_norm/fake/A_miniature_train_in_a_park_full_of_people..png,1,11.410195,1,-20.507858,0
/shared/home/sarim.hashmi/usenix/benchmark/newbench_norm/fake/A_modern_bathroom_is_shown_with_a_square_sink..png,1,12.923222,1,-19.448997,0
/shared/home/sarim.hashmi/usenix/benchmark/newbench_norm/fake/A_modern_jet_airplane_coming_in_to_park_at_the_gate_of_an_airport.png,1,11.989902,1,-20.211271,0
/shared/home/sarim.hashmi/usenix/benchmark/newbench_norm/fake/A_modified_motorcycle_parked_with_other_motorcycles_on_the_pavement..png,1,12.688149,1,-19.407049,0
/shared/home/sarim.hashmi/usenix/benchmark/newbench_norm/fake/A_monitor_showing_a_film_on_an_airplane..png,1,12.298478,1,-18.358541,0
/shared/home/sarim.hashmi/usenix/benchmark/newbench_norm/fake/A_mother_bird_and_her_offspring_walk_in_a_meadow..png,1,13.183210,1,-19.545412,0
/shared/home/sarim.hashmi/usenix/benchmark/newbench_norm/fake/A_motorcycle_carrying_a_bicycle_is_parked_in_the_gravel._.png,1,13.268767,1,-19.624380,0
/shared/home/sarim.hashmi/usenix/benchmark/newbench_norm/fake/A_motorcycle_is_in_a_parking_lot_with_a_helmet_on_top..png,1,12.755887,1,-19.873579,0
/shared/home/sarim.hashmi/usenix/benchmark/newbench_norm/fake/A_motorcycle_is_parked_in_the_gravel_alongside_a_street..png,1,12.947375,1,-20.022924,0
/shared/home/sarim.hashmi/usenix/benchmark/newbench_norm/fake/A_motorcycle_parked_behind_a_truck_on_a_green_field..png,1,12.394640,1,-19.790190,0
/shared/home/sarim.hashmi/usenix/benchmark/newbench_norm/fake/A_motorcycle_parked_next_to_a_few_bicycles..png,1,12.895813,1,-17.862740,0
/shared/home/sarim.hashmi/usenix/benchmark/newbench_norm/fake/A_motorcycle_parked_next_to_each_other_near_people...png,1,12.889447,1,-19.017881,0
/shared/home/sarim.hashmi/usenix/benchmark/newbench_norm/fake/A_motorcycle_parked_on_top_of_a_tiled_floor..png,1,11.178431,1,-19.031382,0
/shared/home/sarim.hashmi/usenix/benchmark/newbench_norm/fake/A_motorcycle_sits_parked_across_from_a_herd_of_livestock..png,1,14.014894,1,-19.542084,0
/shared/home/sarim.hashmi/usenix/benchmark/newbench_norm/fake/A_nice_spacious_bathroom_with_light_brown_tile..png,1,12.810140,1,-19.188898,0
/shared/home/sarim.hashmi/usenix/benchmark/newbench_norm/fake/A_no_left_turn_sign_hanging_from_the_side_of_a_wooden_pole..png,1,12.982524,1,-20.195560,0
/shared/home/sarim.hashmi/usenix/benchmark/newbench_norm/fake/A_pair_of_remote_controlled_planes_flying_through_the_air..png,1,12.360977,1,-19.361788,0
/shared/home/sarim.hashmi/usenix/benchmark/newbench_norm/fake/A_pair_of_sheep_looking_eagerly_at_something_through_a_fence..png,1,13.847486,1,-19.828110,0
/shared/home/sarim.hashmi/usenix/benchmark/newbench_norm/fake/A_pair_of_sneakers_hang_in_the_background_at_this_street_corner..png,1,13.546766,1,-15.542245,0
/shared/home/sarim.hashmi/usenix/benchmark/newbench_norm/fake/A_pan_filled_with_veggies_and_a_block_of_butter..png,1,11.802583,1,-16.040106,0
/shared/home/sarim.hashmi/usenix/benchmark/newbench_norm/fake/A_parked_motorcycle_sitting_next_to_a_white_brick_wall..png,1,12.930566,1,-19.393839,0
/shared/home/sarim.hashmi/usenix/benchmark/newbench_norm/fake/A_parking_lot_filled_with_large_passenger_buses..png,1,12.099761,1,-17.237524,0
/shared/home/sarim.hashmi/usenix/benchmark/newbench_norm/fake/A_parking_meter_lies_askew_on_a_street..png,1,12.785365,1,-19.443872,0
/shared/home/sarim.hashmi/usenix/benchmark/newbench_norm/fake/A_parking_sign_is_displaying_spaces_available_on_a_city_street.png,1,13.172460,1,-19.712503,0
/shared/home/sarim.hashmi/usenix/benchmark/newbench_norm/fake/A_passenger_jet_aircraft_flying_in_the_sky..png,1,12.701361,1,-18.290968,0
/shared/home/sarim.hashmi/usenix/benchmark/newbench_norm/fake/A_passenger_jet_that_is_pulled_in_next_to_the_terminal..png,1,12.727601,1,-19.891703,0
/shared/home/sarim.hashmi/usenix/benchmark/newbench_norm/fake/A_passenger_plane_that_is_parked_on_the_runway..png,1,13.084128,1,-17.680143,0
/shared/home/sarim.hashmi/usenix/benchmark/newbench_norm/fake/A_patch_of_grass_with_lots_of_bikes_parked_on_it..png,1,12.980321,1,-20.443773,0
/shared/home/sarim.hashmi/usenix/benchmark/newbench_norm/fake/A_person_drives_a_bus_on_a_busy_road._.png,1,10.412620,1,-19.887678,0
/shared/home/sarim.hashmi/usenix/benchmark/newbench_norm/fake/A_person_driving_a_car_towards_an_overpass..png,1,13.322331,1,-19.192812,0
/shared/home/sarim.hashmi/usenix/benchmark/newbench_norm/fake/A_person_feeding_a_giraffe_while_wearing_a_hat..png,1,13.640561,1,-20.035448,0
/shared/home/sarim.hashmi/usenix/benchmark/newbench_norm/fake/A_person_holding_a_black_cat_next_to_their_face..png,1,13.511166,1,-15.700180,0
/shared/home/sarim.hashmi/usenix/benchmark/newbench_norm/fake/A_person_holding_up_a_piece_of_banana_to_the_camera..png,1,11.699447,1,-18.282652,0
/shared/home/sarim.hashmi/usenix/benchmark/newbench_norm/fake/A_person_is_driving_a_speedboat_quickly_through_the_water..png,1,13.258746,1,-19.733551,0
/shared/home/sarim.hashmi/usenix/benchmark/newbench_norm/fake/A_person_is_on_a_bench_near_a_grassy_field..png,1,13.187665,1,-19.131178,0
/shared/home/sarim.hashmi/usenix/benchmark/newbench_norm/fake/A_person_laying_on_an_inflatable_mattress_with_two_sleeping_bags..png,1,12.349931,1,-19.651121,0
/shared/home/sarim.hashmi/usenix/benchmark/newbench_norm/fake/A_person_leading_a_herd_of_sheep_with_a_dog..png,1,12.443103,1,-19.610035,0
/shared/home/sarim.hashmi/usenix/benchmark/newbench_norm/fake/A_person_on_a_street_next_to_a_motor_bike..png,1,12.159375,1,-19.889908,0
/shared/home/sarim.hashmi/usenix/benchmark/newbench_norm/fake/A_person_riding_a_speed_motorcycle_on_a_track..png,1,12.861641,1,-19.758959,0
/shared/home/sarim.hashmi/usenix/benchmark/newbench_norm/fake/A_person_sitting_on_top_of_a_bench_with_their_arms_spread_out..png,1,11.305892,1,-15.030003,0
/shared/home/sarim.hashmi/usenix/benchmark/newbench_norm/fake/A_person_standing_next_to_a_couple_of_motor_bikes..png,1,12.796222,1,-20.218344,0
/shared/home/sarim.hashmi/usenix/benchmark/newbench_norm/fake/A_person_walking_in_the_rain_on_the_sidewalk._.png,1,12.020881,1,-19.631634,0
/shared/home/sarim.hashmi/usenix/benchmark/newbench_norm/fake/A_person_with_an_umbrella_is_standing_by_a_fountain..png,1,13.028090,1,-18.186451,0
/shared/home/sarim.hashmi/usenix/benchmark/newbench_norm/fake/A_photo_of_a_restroom_containing_two_toilets..png,1,12.893278,1,-19.350359,0
/shared/home/sarim.hashmi/usenix/benchmark/newbench_norm/fake/A_picture_of_a_group_of_fighter_jets_flying_together..png,1,11.484014,1,-20.009081,0
/shared/home/sarim.hashmi/usenix/benchmark/newbench_norm/fake/A_picture_of_a_stone_bench_in_a_park..png,1,12.590936,1,-18.751520,0
/shared/home/sarim.hashmi/usenix/benchmark/newbench_norm/fake/A_picture_of_a_train_coming_out_of_a_house..png,1,12.634640,1,-19.850122,0
/shared/home/sarim.hashmi/usenix/benchmark/newbench_norm/fake/A_picture_of_a_wooden_container_with_crosses_on_it..png,1,12.914949,1,-18.217299,0
/shared/home/sarim.hashmi/usenix/benchmark/newbench_norm/fake/A_picture_of_large_glass_door_trimmed_in_white_and_a_large_beige_structure_beside_it..png,1,12.975753,1,-19.818254,0
/shared/home/sarim.hashmi/usenix/benchmark/newbench_norm/fake/A_picture_taken_from_the_driver_seat_of_car_at_a_stop_sign..png,1,12.807390,1,-19.265657,0
/shared/home/sarim.hashmi/usenix/benchmark/newbench_norm/fake/A_pigeon_perched_on_a_ledge_with_a_street_behind_it..png,1,12.521384,1,-17.878006,0
/shared/home/sarim.hashmi/usenix/benchmark/newbench_norm/fake/A_pile_of_toilet_paper_sitting_on_top_of_a_toilet..png,1,12.501584,1,-19.161854,0
/shared/home/sarim.hashmi/usenix/benchmark/newbench_norm/fake/A_pirstine_white_and_black_bathroom_with_a_tub_by_a_window.png,1,12.365460,1,-20.002110,0
/shared/home/sarim.hashmi/usenix/benchmark/newbench_norm/fake/A_plane_is_parked_near_the_pretty_blue_ocean._.png,1,12.095054,1,-19.933268,0
/shared/home/sarim.hashmi/usenix/benchmark/newbench_norm/fake/A_police_man_on_a_motorcycle_drives_down_the_road..png,1,13.989977,1,-20.355700,0
/shared/home/sarim.hashmi/usenix/benchmark/newbench_norm/fake/A_police_officer_directing_traffic_in_front_of_a_yellow_double_deck_bus..png,1,13.111362,1,-19.886744,0
/shared/home/sarim.hashmi/usenix/benchmark/newbench_norm/fake/A_pretty_bird_is_sitting_on_a_tree_branch..png,1,12.976958,1,-17.874926,0
/shared/home/sarim.hashmi/usenix/benchmark/newbench_norm/fake/A_professional_motorcycle_driver_riding_his_bike_on_the_track..png,1,12.995882,1,-19.693289,0
"/shared/home/sarim.hashmi/usenix/benchmark/newbench_norm/fake/A_rear_view_mirror_on_a_bike_is_reflecting_a_poster_on_building.
.png",1,12.901666,1,-20.640089,0
"/shared/home/sarim.hashmi/usenix/benchmark/newbench_norm/fake/A_red,_white_and_blue_train_next_to_satellites..png",1,12.310260,1,-16.293287,0
/shared/home/sarim.hashmi/usenix/benchmark/newbench_norm/fake/A_red_all_terrain_vehicle_next_to_a_man_with_a_green_dirt_bike..png,1,13.788322,1,-18.134703,0
/shared/home/sarim.hashmi/usenix/benchmark/newbench_norm/fake/A_red_and_black_motorcycle_parked_near_another_bike..png,1,12.829776,1,-19.339361,0
/shared/home/sarim.hashmi/usenix/benchmark/newbench_norm/fake/A_red_and_white_fire_hydrant_is_on_the_lawn..png,1,13.860583,1,-19.413530,0
/shared/home/sarim.hashmi/usenix/benchmark/newbench_norm/fake/A_red_and_white_fire_hydrant_on_a_sidewalk_at_the_park..png,1,12.570114,1,-20.043615,0
"/shared/home/sarim.hashmi/usenix/benchmark/newbench_norm/fake/A_red_and_yellow_bus_sits_on_the_back_of_a_flatbed_truck,_driving_down_the_highway..png",1,12.893706,1,-19.850477,0
/shared/home/sarim.hashmi/usenix/benchmark/newbench_norm/fake/A_red_fire_hydrant_between_two_trees_in_front_of_a_building..png,1,11.827550,1,-19.445116,0
/shared/home/sarim.hashmi/usenix/benchmark/newbench_norm/fake/A_red_fire_hydrant_on_the_side_of_a_street..png,1,12.300581,1,-19.854418,0
/shared/home/sarim.hashmi/usenix/benchmark/newbench_norm/fake/A_red_fire_hydrant_with_a_green_cap_with_a_bird_on_top_of_it..png,1,13.533991,1,-20.084517,0
/shared/home/sarim.hashmi/usenix/benchmark/newbench_norm/fake/A_red_motorcycle_is_parked_in_between_white_lines..png,1,12.551683,1,-20.100193,0
/shared/home/sarim.hashmi/usenix/benchmark/newbench_norm/fake/A_red_motorcycle_riding_down_one_side_of_the_street_and_a_cow_walking_down_the_other_side_of_the_str.png,1,12.852741,1,-20.219633,0
/shared/home/sarim.hashmi/usenix/benchmark/newbench_norm/fake/A_red_small_engine_plane_in_motion_on_a_field..png,1,12.820955,1,-20.686975,0
/shared/home/sarim.hashmi/usenix/benchmark/newbench_norm/fake/A_red_stop_sign_mounted_to_the_top_of_a_metal_pole..png,1,11.836276,1,-18.311602,0
/shared/home/sarim.hashmi/usenix/benchmark/newbench_norm/fake/A_red_stop_sign_on_a_gate_next_to_a_grass_covered_field..png,1,12.610758,1,-20.073610,0
/shared/home/sarim.hashmi/usenix/benchmark/newbench_norm/fake/A_red_stop_sign_on_the_side_of_a_brick_road..png,1,12.992020,1,-20.089293,0
/shared/home/sarim.hashmi/usenix/benchmark/newbench_norm/fake/A_red_stop_sign_sitting_on_the_side_of_a_pole..png,1,12.989718,1,-19.445707,0
/shared/home/sarim.hashmi/usenix/benchmark/newbench_norm/fake/A_red_stop_sign_sitting_on_the_side_of_a_road..png,1,13.901422,1,-19.436224,0
/shared/home/sarim.hashmi/usenix/benchmark/newbench_norm/fake/A_red_stop_sign_with_a_sticker_of_a_man_holding_up_a_sword..png,1,12.465705,1,-18.774015,0
/shared/home/sarim.hashmi/usenix/benchmark/newbench_norm/fake/A_red_traffic_with_a_mirror_hanging_off_the_side_of_it..png,1,14.076379,1,-16.208031,0
/shared/home/sarim.hashmi/usenix/benchmark/newbench_norm/fake/A_red_train_driving_on_a_train_train_track_next_to_an_elevated_stone_sidewalk..png,1,12.292743,1,-19.720118,0
/shared/home/sarim.hashmi/usenix/benchmark/newbench_norm/fake/A_red_train_traveling_under_a_bridge_on_train_tracks..png,1,12.195347,1,-19.865211,0
/shared/home/sarim.hashmi/usenix/benchmark/newbench_norm/fake/A_red_trolly_bus_driving_down_a_dirt_road..png,1,13.073788,1,-20.302689,0
/shared/home/sarim.hashmi/usenix/benchmark/newbench_norm/fake/A_road_sign_on_the_side_of_a_road..png,1,12.957610,1,-19.548452,0
/shared/home/sarim.hashmi/usenix/benchmark/newbench_norm/fake/A_room_with_white_walls_and_bright_lights..png,1,12.619815,1,-19.169657,0
/shared/home/sarim.hashmi/usenix/benchmark/newbench_norm/fake/A_row_of_birds_are_flying_against_a_blue_sky..png,1,13.209586,1,-19.200518,0
/shared/home/sarim.hashmi/usenix/benchmark/newbench_norm/fake/A_row_of_motorcycles_sitting_on_top_of_a_parking_lot..png,1,13.626407,1,-19.722380,0
/shared/home/sarim.hashmi/usenix/benchmark/newbench_norm/fake/A_row_of_red_and_white_umbrellas_stand_above_tables_in_an_outdoor_eating_area..png,1,12.278842,1,-20.331663,0
/shared/home/sarim.hashmi/usenix/benchmark/newbench_norm/fake/A_row_of_wall_mounted_urinals_under_aquariums..png,1,13.619731,1,-16.235903,0
/shared/home/sarim.hashmi/usenix/benchmark/newbench_norm/fake/A_rusty_side_car_of_a_train_that_has_been_vandalized_with_artwork..png,1,12.906817,1,-19.707996,0
/shared/home/sarim.hashmi/usenix/benchmark/newbench_norm/fake/A_scooter_is_parked_on_the_street_in_front_of_a_car._.png,1,13.066484,1,-19.011541,0
/shared/home/sarim.hashmi/usenix/benchmark/newbench_norm/fake/A_set_of_three_wall_mounted_urinals_with_pictures_of_men_on_top_of_them..png,1,12.509089,1,-20.722546,0
/shared/home/sarim.hashmi/usenix/benchmark/newbench_norm/fake/A_shelf_of_various_cups_and_glasses_mounted_to_the_wall..png,1,13.347167,1,-19.657108,0
/shared/home/sarim.hashmi/usenix/benchmark/newbench_norm/fake/A_shower_and_a_white_toilet_in_a_small_bathroom..png,1,11.140536,1,-19.704308,0
/shared/home/sarim.hashmi/usenix/benchmark/newbench_norm/fake/A_sidewalk_sitting_along_side_of_a_building_at_night..png,1,13.422257,1,-20.202965,0
/shared/home/sarim.hashmi/usenix/benchmark/newbench_norm/fake/A_sidewalk_sitting_along_side_of_a_street_under_a_billboard..png,1,12.108345,1,-20.143646,0
/shared/home/sarim.hashmi/usenix/benchmark/newbench_norm/fake/A_sign_near_a_wooden_fence_and_a_tree..png,1,12.905960,1,-18.989260,0
/shared/home/sarim.hashmi/usenix/benchmark/newbench_norm/fake/A_sign_on_top_of_a_restaurant_next_to_a_traffic_light..png,1,13.100824,1,-19.504255,0
/shared/home/sarim.hashmi/usenix/benchmark/newbench_norm/fake/A_sign_says_fashion_district_near_some_buildings..png,1,13.274311,1,-19.731726,0
/shared/home/sarim.hashmi/usenix/benchmark/newbench_norm/fake/A_sign_warning_drivers_that_there_are_children_at_play..png,1,12.562820,1,-18.571131,0
/shared/home/sarim.hashmi/usenix/benchmark/newbench_norm/fake/A_silver_and_red_bus_in_parking_lot_next_to_cars..png,1,10.980935,1,-20.127386,0
/shared/home/sarim.hashmi/usenix/benchmark/newbench_norm/fake/A_silver_train_passing_under_high_beams_and_trees..png,1,13.211021,1,-20.230600,0
/shared/home/sarim.hashmi/usenix/benchmark/newbench_norm/fake/A_silver_train_that_is_sitting_on_a_track..png,1,12.281305,1,-20.263861,0
/shared/home/sarim.hashmi/usenix/benchmark/newbench_norm/fake/A_simple_bathroom_has_various_classic_decorations_around_it..png,1,10.874598,1,-18.761665,0
/shared/home/sarim.hashmi/usenix/benchmark/newbench_norm/fake/A_simple_white_residential_kitchen_with_breakfast_bar.png,1,12.402689,1,-17.544687,0
/shared/home/sarim.hashmi/usenix/benchmark/newbench_norm/fake/A_simple_wooden_bench_is_in_the_woods..png,1,13.522092,1,-18.612385,0
/shared/home/sarim.hashmi/usenix/benchmark/newbench_norm/fake/A_skier_in_the_midst_of_a_jump.png,1,13.187980,1,-19.470335,0
/shared/home/sarim.hashmi/usenix/benchmark/newbench_norm/fake/A_small_bathroom_with_a_shower_curtain_and_toilet.png,1,11.590390,1,-19.431435,0
/shared/home/sarim.hashmi/usenix/benchmark/newbench_norm/fake/A_small_bird_is_perched_on_an_empty_bird_feeder..png,1,12.732665,1,-19.547499,0
/shared/home/sarim.hashmi/usenix/benchmark/newbench_norm/fake/A_small_bird_perched_on_some_metal_bar_.png,1,12.757366,1,-19.297735,0
/shared/home/sarim.hashmi/usenix/benchmark/newbench_norm/fake/A_small_bird_sitting_on_a_beach_next_to_the_ocean..png,1,-9.135420,0,-17.290995,0
/shared/home/sarim.hashmi/usenix/benchmark/newbench_norm/fake/A_small_bird_sitting_on_the_handle_of_a_car_door..png,1,-13.068410,0,-19.543247,0
/shared/home/sarim.hashmi/usenix/benchmark/newbench_norm/fake/A_small_bird_sitting_on_top_of_a_plastic_cup_of_water..png,1,12.937413,1,-20.143732,0
/shared/home/sarim.hashmi/usenix/benchmark/newbench_norm/fake/A_small_black_dog_sitting_in_front_of_a_TV..png,1,13.468804,1,-19.137087,0
/shared/home/sarim.hashmi/usenix/benchmark/newbench_norm/fake/A_small_blue_car_on_a_city_road..png,1,13.379207,1,-19.818863,0
/shared/home/sarim.hashmi/usenix/benchmark/newbench_norm/fake/A_small_calf_is_in_a_pen_with_bails_of_hay..png,1,13.216378,1,-15.777020,0
/shared/home/sarim.hashmi/usenix/benchmark/newbench_norm/fake/A_small_car_is_parked_in_front_of_a_scooter.png,1,13.363732,1,-19.486259,0
/shared/home/sarim.hashmi/usenix/benchmark/newbench_norm/fake/A_small_cat_is_standing_near_the_computer_keyboard._.png,1,11.464401,1,-17.896963,0
/shared/home/sarim.hashmi/usenix/benchmark/newbench_norm/fake/A_small_dog_laying_next_to_a_door..png,1,12.836356,1,-19.667974,0
/shared/home/sarim.hashmi/usenix/benchmark/newbench_norm/fake/A_small_dog_walking_past_a_red_fire_hydrant..png,1,12.668229,1,-16.582771,0
/shared/home/sarim.hashmi/usenix/benchmark/newbench_norm/fake/A_small_green_car_has_a_plaque_with_writing_in_front_of_it._.png,1,13.126944,1,-19.667143,0
/shared/home/sarim.hashmi/usenix/benchmark/newbench_norm/fake/A_small_plane_flying_through_a_cloudy_blue_sky..png,1,13.130288,1,7.405138,1
/shared/home/sarim.hashmi/usenix/benchmark/newbench_norm/fake/A_small_plane_landing_in__a_grassy_field.png,1,12.047630,1,-18.573549,0
/shared/home/sarim.hashmi/usenix/benchmark/newbench_norm/fake/A_small_sailboat_docked_at_a_local_shore..png,1,12.956782,1,-19.316549,0
/shared/home/sarim.hashmi/usenix/benchmark/newbench_norm/fake/A_small_town_street_filled_with_traffic_beneath_a_mountain..png,1,13.328347,1,-20.743929,0
/shared/home/sarim.hashmi/usenix/benchmark/newbench_norm/fake/A_small_white_airplane_high_up_in_the_sky..png,1,13.187501,1,-18.709278,0
/shared/home/sarim.hashmi/usenix/benchmark/newbench_norm/fake/A_small_white_bird_standing_on_top_of_a_dirt_field..png,1,13.619159,1,-16.224550,0
/shared/home/sarim.hashmi/usenix/benchmark/newbench_norm/fake/A_small_white_dog_standing_next_to_a_red_fire_hydrant..png,1,13.353975,1,-11.235078,0
/shared/home/sarim.hashmi/usenix/benchmark/newbench_norm/fake/A_small_woman_standing_in_front_of_a_baby_elephant..png,1,13.221963,1,-19.368780,0
/shared/home/sarim.hashmi/usenix/benchmark/newbench_norm/fake/A_smiling_man_in_a_nice_hat_in_a_car..png,1,13.044114,1,-9.990935,0
/shared/home/sarim.hashmi/usenix/benchmark/newbench_norm/fake/A_snowy_scene_of_trees_and_a_road..png,1,12.480292,1,-19.879293,0
/shared/home/sarim.hashmi/usenix/benchmark/newbench_norm/fake/A_spring_form_bird_feeder_filled_with_corn_to_eat..png,1,13.183196,1,-19.695810,0
/shared/home/sarim.hashmi/usenix/benchmark/newbench_norm/fake/A_square_white_sink_beneath_an_elegant_mirror.png,1,13.098172,1,-19.696003,0
/shared/home/sarim.hashmi/usenix/benchmark/newbench_norm/fake/A_stop_light_with_green_arrows_on_Woodbine_Ave._.png,1,12.872346,1,-19.460274,0
/shared/home/sarim.hashmi/usenix/benchmark/newbench_norm/fake/A_stop_sign_and_a_fire_hydrant_on_the_corner_of_a_grassy_sidewalk..png,1,13.400018,1,-19.967245,0
"/shared/home/sarim.hashmi/usenix/benchmark/newbench_norm/fake/A_store_room_holds_sinks,_bathtubs_and_toilets.png",1,13.109582,1,-20.392904,0
/shared/home/sarim.hashmi/usenix/benchmark/newbench_norm/fake/A_stove_top_oven_sitting_next_to_a_tiled_wall..png,1,12.619819,1,-19.340118,0
/shared/home/sarim.hashmi/usenix/benchmark/newbench_norm/fake/A_stove_top_with_a_tea_kettle_sitting_on_top_of_it..png,1,12.897464,1,-19.918001,0
/shared/home/sarim.hashmi/usenix/benchmark/newbench_norm/fake/A_stove_top_with_lots_of_pots_and_pans..png,1,11.126266,1,-20.273563,0
/shared/home/sarim.hashmi/usenix/benchmark/newbench_norm/fake/A_street_light_and_other_road_signs._.png,1,11.969049,1,-19.955076,0
/shared/home/sarim.hashmi/usenix/benchmark/newbench_norm/fake/A_street_scene_looking_down_at_cars_and_motorcycles_parked..png,1,11.018023,1,-19.306726,0
/shared/home/sarim.hashmi/usenix/benchmark/newbench_norm/fake/A_street_sign_is_filled_with_various_stickers.__.png,1,14.315705,1,-20.507278,0
/shared/home/sarim.hashmi/usenix/benchmark/newbench_norm/fake/A_street_sign_next_to_a_bend_in_the_road..png,1,12.851035,1,-19.099890,0
/shared/home/sarim.hashmi/usenix/benchmark/newbench_norm/fake/A_street_sign_saying_S._Gay_st_while_a_traffic_light_is_yellow..png,1,10.791688,1,-19.884708,0
/shared/home/sarim.hashmi/usenix/benchmark/newbench_norm/fake/A_street_sign_showing_a_person_walking_with_a_child_and_a_bike_sits_on_the_sit_of_the_road._.png,1,12.324845,1,-19.514307,0
/shared/home/sarim.hashmi/usenix/benchmark/newbench_norm/fake/A_street_sign_showing_they_are_making_improvements.png,1,12.951568,1,-14.844739,0
/shared/home/sarim.hashmi/usenix/benchmark/newbench_norm/fake/A_street_sign_showing_what_roads_go_which_ways..png,1,11.932673,1,-19.990025,0
/shared/home/sarim.hashmi/usenix/benchmark/newbench_norm/fake/A_street_sign_sitting_along_side_of_train_tracks..png,1,12.170587,1,-20.064333,0
"/shared/home/sarim.hashmi/usenix/benchmark/newbench_norm/fake/A_street_sign_with_the_name_of_two_streets_and_a_stop_sign,_and_parked_cars_and_buildings_in_the_dis.png",1,12.402308,1,-19.929754,0
/shared/home/sarim.hashmi/usenix/benchmark/newbench_norm/fake/A_stuffed_bear_is_sitting_next_to_a_computer_monitor..png,1,12.974511,1,-19.971630,0
/shared/home/sarim.hashmi/usenix/benchmark/newbench_norm/fake/A_subway_train_with_a_row_of_orange_and_white_seats..png,1,13.438283,1,-18.967688,0
/shared/home/sarim.hashmi/usenix/benchmark/newbench_norm/fake/A_sun_spot_is_the_only_mark_in_a_clear_sky_with_a_plane_traveling_over_a_snowy_expanse_with_a_bunch_.png,1,13.879224,1,-18.862085,0
/shared/home/sarim.hashmi/usenix/benchmark/newbench_norm/fake/A_table_full_of_items_and_on_a_sunny_day._.png,1,12.687330,1,-20.091402,0
/shared/home/sarim.hashmi/usenix/benchmark/newbench_norm/fake/A_tall_giraffe_in_a_green_grassy_field..png,1,13.584474,1,-17.972578,0
/shared/home/sarim.hashmi/usenix/benchmark/newbench_norm/fake/A_tall_giraffe_standing_next_to_a_herd_of_deer..png,1,12.131113,1,-20.019358,0
/shared/home/sarim.hashmi/usenix/benchmark/newbench_norm/fake/A_taxi_cab_parked_next_to_a_fire_hydrant..png,1,12.710685,1,-19.999685,0
/shared/home/sarim.hashmi/usenix/benchmark/newbench_norm/fake/A_television_sits_on_a_cabinet_in_a_room..png,1,11.276090,1,-19.775238,0
/shared/home/sarim.hashmi/usenix/benchmark/newbench_norm/fake/A_tie-dyed_cyclist_stands_beside_his_bicycle_in_front_of_fellow_cyclists..png,1,12.589725,1,-16.545481,0
"/shared/home/sarim.hashmi/usenix/benchmark/newbench_norm/fake/A_tiled_bathroom_with_a_single_vanity,_toilet_and_shower..png",1,12.107642,1,-19.330883,0
/shared/home/sarim.hashmi/usenix/benchmark/newbench_norm/fake/A_toilet_in_a_stall_with_remote_control_buttons..png,1,10.830011,1,-18.981714,0
/shared/home/sarim.hashmi/usenix/benchmark/newbench_norm/fake/A_toilet_seat_sits_on_top_of_a_hole_in_the_ground..png,1,12.286454,1,-19.735060,0
/shared/home/sarim.hashmi/usenix/benchmark/newbench_norm/fake/A_toilet_sitting_outside_a_building_in_an_alley..png,1,11.914287,1,-20.044676,0
/shared/home/sarim.hashmi/usenix/benchmark/newbench_norm/fake/A_toilet_that_is_very_clean_in_a_bathroom..png,1,11.177051,1,-19.976892,0
/shared/home/sarim.hashmi/usenix/benchmark/newbench_norm/fake/A_tow_truck_driving_past_a_very_old_stop_sign..png,1,12.242110,1,-20.180235,0
/shared/home/sarim.hashmi/usenix/benchmark/newbench_norm/fake/A_towel_hangs_beneath_a_sink_in_a_bathroom..png,1,12.078352,1,-18.561804,0
/shared/home/sarim.hashmi/usenix/benchmark/newbench_norm/fake/A_traffic_light_and_cars_on_a_street..png,1,11.828493,1,-19.544491,0
/shared/home/sarim.hashmi/usenix/benchmark/newbench_norm/fake/A_traffic_light_glows_red_on_a_cloudy_day.png,1,9.754328,1,-19.932438,0
/shared/home/sarim.hashmi/usenix/benchmark/newbench_norm/fake/A_traffic_light_on_a_street_with_some_people..png,1,13.545556,1,-20.202980,0
/shared/home/sarim.hashmi/usenix/benchmark/newbench_norm/fake/A_traffic_light_sitting_next_to_a_cluster_of_traffic_cones..png,1,11.909979,1,-19.840586,0
/shared/home/sarim.hashmi/usenix/benchmark/newbench_norm/fake/A_traffic_light_sitting_on_the_side_of_a_road..png,1,12.560527,1,-19.920345,0
/shared/home/sarim.hashmi/usenix/benchmark/newbench_norm/fake/A_traffic_sign_hung_upside_down_on_a_pole._.png,1,12.954369,1,-19.756847,0
/shared/home/sarim.hashmi/usenix/benchmark/newbench_norm/fake/A_train_coming_up_to_a_railroad_crossing..png,1,12.318006,1,-19.728565,0
/shared/home/sarim.hashmi/usenix/benchmark/newbench_norm/fake/A_train_covered_in_graffiti_sitting_on_top_of__train_tracks..png,1,12.768769,1,-18.075748,0
/shared/home/sarim.hashmi/usenix/benchmark/newbench_norm/fake/A_train_covered_in_graffiti_traveling_down_railroad_tracks..png,1,13.253242,1,-20.243677,0
/shared/home/sarim.hashmi/usenix/benchmark/newbench_norm/fake/A_train_going_down_the_tracks_that_has_just_gone_under_a_bridge..png,1,14.045281,1,-20.644575,0
/shared/home/sarim.hashmi/usenix/benchmark/newbench_norm/fake/A_train_is_moving_along_train_tracks_through_the_woods..png,1,13.877118,1,-19.638458,0
/shared/home/sarim.hashmi/usenix/benchmark/newbench_norm/fake/A_train_is_stopped_in_front_of_an_industrial_area..png,1,12.219937,1,-18.821188,0
/shared/home/sarim.hashmi/usenix/benchmark/newbench_norm/fake/A_train_making_its_way_through_a_rail_yard..png,1,12.993750,1,-20.265970,0
/shared/home/sarim.hashmi/usenix/benchmark/newbench_norm/fake/A_train_sitting_in_front_of_a_tin_building_and_a_dry_grass_field..png,1,13.082881,1,-20.344191,0
/shared/home/sarim.hashmi/usenix/benchmark/newbench_norm/fake/A_train_sitting_inside_of_a_train_station_near_a_skylight..png,1,12.161313,1,-20.183245,0
/shared/home/sarim.hashmi/usenix/benchmark/newbench_norm/fake/A_train_traveling_along_a_rocky_mountain_side..png,1,12.914657,1,-16.106371,0
/shared/home/sarim.hashmi/usenix/benchmark/newbench_norm/fake/A_train_traveling_down_train_tracks_next_to_a_building..png,1,13.105063,1,-19.799997,0
/shared/home/sarim.hashmi/usenix/benchmark/newbench_norm/fake/A_train_traveling_through_rural_countryside_under_power_lines..png,1,13.417336,1,-17.553999,0
/shared/home/sarim.hashmi/usenix/benchmark/newbench_norm/fake/A_train_with_a_green_and_orange_stripe_is_sitting_on_the_tracks..png,1,11.969485,1,-19.993673,0
/shared/home/sarim.hashmi/usenix/benchmark/newbench_norm/fake/A_trash_can_made_to_look_like_a_soup_can..png,1,12.560494,1,-19.979452,0
/shared/home/sarim.hashmi/usenix/benchmark/newbench_norm/fake/A_travel_guide_taking_a_photo_as_the_tour_bus_arrives.png,1,13.213998,1,-19.408033,0
/shared/home/sarim.hashmi/usenix/benchmark/newbench_norm/fake/A_tree_sitting_next_to_a_bench_near_a_lake..png,1,12.758265,1,-19.958868,0
/shared/home/sarim.hashmi/usenix/benchmark/newbench_norm/fake/A_tree_sitting_on_top_of_a_hillside_near_a_bench..png,1,12.658891,1,-18.936850,0
/shared/home/sarim.hashmi/usenix/benchmark/newbench_norm/fake/A_very_skinny_red_fire_hydrant_with_silver_top_and_sides._.png,1,12.659429,1,-19.435520,0
/shared/home/sarim.hashmi/usenix/benchmark/newbench_norm/fake/A_very_tall_building_sitting_on_the_side_of_a_road..png,1,12.222063,1,-19.004633,0
/shared/home/sarim.hashmi/usenix/benchmark/newbench_norm/fake/A_very_tall_building_with_a_clock_mounted_to_it's_side..png,1,12.916098,1,-19.710155,0
/shared/home/sarim.hashmi/usenix/benchmark/newbench_norm/fake/A_very_tall_building_with_lots_of_windows..png,1,12.237859,1,-20.017452,0
/shared/home/sarim.hashmi/usenix/benchmark/newbench_norm/fake/A_very_upscale_looking_hotel_room_with_large_bed_and_a_bathroom_in_the_next_room..png,1,12.733908,1,-19.921373,0
/shared/home/sarim.hashmi/usenix/benchmark/newbench_norm/fake/A_view_from_the_street_of_two_traffic_lights_and_a_building._.png,1,11.019425,1,-20.143408,0
"/shared/home/sarim.hashmi/usenix/benchmark/newbench_norm/fake/A_view_of_a_kitchen_sink,_knives,_hanging_cups,_and_wine_glasses..png",1,12.602662,1,-19.394911,0
/shared/home/sarim.hashmi/usenix/benchmark/newbench_norm/fake/A_vintage_STOP_sign_in_black_&_white.png,1,13.501077,1,-15.336259,0
/shared/home/sarim.hashmi/usenix/benchmark/newbench_norm/fake/A_walk_in_shower_next_to_a_tub_in_a_bathroom..png,1,14.276203,1,-20.125647,0
/shared/home/sarim.hashmi/usenix/benchmark/newbench_norm/fake/A_wall_mounted_oven_inside_of_a_kitchen_with_a_large_entrance..png,1,13.216188,1,-19.497395,0
/shared/home/sarim.hashmi/usenix/benchmark/newbench_norm/fake/A_water-stained_cathedral_clock-tower_enveloped_by_various_green_vines..png,1,12.064579,1,-19.829414,0
/shared/home/sarim.hashmi/usenix/benchmark/newbench_norm/fake/A_water_foul_near_the_shore_in_a_body_of_water_with_an_island_in_the_middle_of_it..png,1,13.345768,1,-8.045135,0
/shared/home/sarim.hashmi/usenix/benchmark/newbench_norm/fake/A_white_and_black_bird_perched_on_a_wooden_fence_rail..png,1,12.118960,1,-19.770216,0
/shared/home/sarim.hashmi/usenix/benchmark/newbench_norm/fake/A_white_and_black_checkered_floor_in_a_kitchen..png,1,11.954095,1,-20.434875,0
/shared/home/sarim.hashmi/usenix/benchmark/newbench_norm/fake/A_white_and_blue_bus_parked_on_the_side_of_a_road..png,1,12.574761,1,-19.227201,0
/shared/home/sarim.hashmi/usenix/benchmark/newbench_norm/fake/A_white_and_orange_cat_sitting_on_top_of_a_sidewalk..png,1,12.825560,1,-19.836264,0
/shared/home/sarim.hashmi/usenix/benchmark/newbench_norm/fake/A_white_bath_tub_sitting_under_a_window_next_to_a_toilet..png,1,11.319638,1,-19.462320,0
/shared/home/sarim.hashmi/usenix/benchmark/newbench_norm/fake/A_white_bathroom_mirror_mounted_to_it's_wall..png,1,11.496037,1,-19.921438,0
/shared/home/sarim.hashmi/usenix/benchmark/newbench_norm/fake/A_white_bathroom_sink_sitting_next_to_a_toilet..png,1,12.771948,1,-20.052710,0
/shared/home/sarim.hashmi/usenix/benchmark/newbench_norm/fake/A_white_cake_topped_with_coconut_on_a_counter..png,1,13.811603,1,-16.122984,0
/shared/home/sarim.hashmi/usenix/benchmark/newbench_norm/fake/A_white_car_with_chrome_rims_parked_next_to_an_older_lady..png,1,13.368838,1,-19.916740,0
/shared/home/sarim.hashmi/usenix/benchmark/newbench_norm/fake/A_white_church_sitting_at_the_bottom_of_a_hillside..png,1,12.555523,1,-19.993162,0
/shared/home/sarim.hashmi/usenix/benchmark/newbench_norm/fake/A_white_city_bus_pulling_onto_a_street_near_a_cross_walk..png,1,12.006650,1,-19.852781,0
/shared/home/sarim.hashmi/usenix/benchmark/newbench_norm/fake/A_white_compact_car_parked_on_a_sandy_dirt_road..png,1,12.478939,1,-19.584673,0
/shared/home/sarim.hashmi/usenix/benchmark/newbench_norm/fake/A_white_kitchen_with_marble_countertops_and_stone_floors..png,1,12.720703,1,-20.082951,0
/shared/home/sarim.hashmi/usenix/benchmark/newbench_norm/fake/A_white_park_bench_sitting_in_the_middle_of_a_forest..png,1,11.804011,1,-19.829378,0
/shared/home/sarim.hashmi/usenix/benchmark/newbench_norm/fake/A_white_sink_under_a_mirror_in_a_bathroom_next_to_a_light_switch..png,1,13.055552,1,-19.681540,0
/shared/home/sarim.hashmi/usenix/benchmark/newbench_norm/fake/A_white_stove_top_oven_sitting_inside_of_a_kitchen..png,1,12.060258,1,-17.340096,0
/shared/home/sarim.hashmi/usenix/benchmark/newbench_norm/fake/A_white_stove_with_two_metal_pots_on_its_back_burners._.png,1,12.473095,1,-19.861485,0
/shared/home/sarim.hashmi/usenix/benchmark/newbench_norm/fake/A_white_toilet_in_a_bathroom_next_to_toilet_paper..png,1,12.398711,1,-19.621784,0
/shared/home/sarim.hashmi/usenix/benchmark/newbench_norm/fake/A_white_toilet_sitting_in_a_bathroom_next_to_a_counter..png,1,13.017543,1,-19.242125,0
/shared/home/sarim.hashmi/usenix/benchmark/newbench_norm/fake/A_white_toilet_sitting_inside_of_a_bathroom..png,1,11.827640,1,-19.545650,0
/shared/home/sarim.hashmi/usenix/benchmark/newbench_norm/fake/A_white_toilet_sitting_on_top_of_a_bathroom_floor..png,1,12.616732,1,-19.540808,0
/shared/home/sarim.hashmi/usenix/benchmark/newbench_norm/fake/A_white_toilet_sitting_underneath_a_window_next_to_a_sink..png,1,12.305034,1,-17.883543,0
/shared/home/sarim.hashmi/usenix/benchmark/newbench_norm/fake/A_white_toilet_with_a_black_lid_and_red_painting_on_it._.png,1,13.298481,1,-19.273911,0
/shared/home/sarim.hashmi/usenix/benchmark/newbench_norm/fake/A_white_trunk_parked_next_to_a_stop_sign..png,1,13.241135,1,-1.295355,0
/shared/home/sarim.hashmi/usenix/benchmark/newbench_norm/fake/A_white_tub_sitting_underneath_a_couple_of_windows..png,1,11.076271,1,-19.779623,0
/shared/home/sarim.hashmi/usenix/benchmark/newbench_norm/fake/A_whole_bunch_of_traffic_stop_signs_huddled_together..png,1,12.814028,1,-20.152008,0
/shared/home/sarim.hashmi/usenix/benchmark/newbench_norm/fake/A_window_shot_of_a_plane_in_the_air_with_another_plane_present._.png,1,11.937688,1,-20.049585,0
/shared/home/sarim.hashmi/usenix/benchmark/newbench_norm/fake/A_woman_and_two_men_sitting_on_a_bench_in_front_of_a_store..png,1,12.066371,1,-18.765297,0
/shared/home/sarim.hashmi/usenix/benchmark/newbench_norm/fake/A_woman_eating_vegetables_in_front_of_a_stove..png,1,12.887375,1,-13.851774,0
/shared/home/sarim.hashmi/usenix/benchmark/newbench_norm/fake/A_woman_holding_up_measuring_cups_and_a_cat_watching_on_the_counter..png,1,13.438396,1,-20.538124,0
/shared/home/sarim.hashmi/usenix/benchmark/newbench_norm/fake/A_woman_is_kneeling_down_next_to_a_toilet..png,1,12.467470,1,-20.374155,0
/shared/home/sarim.hashmi/usenix/benchmark/newbench_norm/fake/A_woman_is_riding_an_orange_sports_motorcycle..png,1,13.242387,1,-17.436192,0
/shared/home/sarim.hashmi/usenix/benchmark/newbench_norm/fake/A_woman_is_standing_on_a_kitchen_floor..png,1,12.295773,1,-20.165411,0
/shared/home/sarim.hashmi/usenix/benchmark/newbench_norm/fake/A_woman_is_unloading_a_bag_in_a_large_kitchen..png,1,12.571753,1,-19.246378,0
/shared/home/sarim.hashmi/usenix/benchmark/newbench_norm/fake/A_woman_is_walking_a_dog_in_the_city..png,1,11.531215,1,-20.134129,0
/shared/home/sarim.hashmi/usenix/benchmark/newbench_norm/fake/A_woman_preparing_food_inside_of_a_kitchen..png,1,12.953919,1,-20.046934,0
/shared/home/sarim.hashmi/usenix/benchmark/newbench_norm/fake/A_woman_riding_a_green_bike_with_a_small_white_dog_on_the_back..png,1,12.312610,1,-16.330400,0
/shared/home/sarim.hashmi/usenix/benchmark/newbench_norm/fake/A_woman_sitting_on_a_bench_in_a_field_in_front_of_a_pond..png,1,13.400081,1,-18.269979,0
/shared/home/sarim.hashmi/usenix/benchmark/newbench_norm/fake/A_woman_sitting_on_a_motorcycle_while_talking_to_a_child_with_a_man_laying_in_a_hammock_behind_them..png,1,12.184562,1,-19.691856,0
/shared/home/sarim.hashmi/usenix/benchmark/newbench_norm/fake/A_woman_standing_in_a_kitchen_holding_a_jug_of_milk..png,1,12.835643,1,-19.208132,0
/shared/home/sarim.hashmi/usenix/benchmark/newbench_norm/fake/A_woman_standing_in_a_kitchen_next_to_a_sink..png,1,12.966538,1,-19.996469,0
/shared/home/sarim.hashmi/usenix/benchmark/newbench_norm/fake/A_woman_standing_in_front_of_a_bathroom_mirror_next_to_a_sink..png,1,13.242902,1,-19.932432,0
/shared/home/sarim.hashmi/usenix/benchmark/newbench_norm/fake/A_woman_standing_in_front_of_a_table_with_lots_of_salad..png,1,12.975140,1,-18.664362,0
/shared/home/sarim.hashmi/usenix/benchmark/newbench_norm/fake/A_woman_standing_next_to_a_standing_toilet..png,1,13.154031,1,-20.061132,0
/shared/home/sarim.hashmi/usenix/benchmark/newbench_norm/fake/A_woman_standing_next_to_a_traffic_signal_on_a_street_corner..png,1,12.733260,1,-20.291862,0
/shared/home/sarim.hashmi/usenix/benchmark/newbench_norm/fake/A_woman_standing_with_a_bi-wing_airplane_on_a_runway..png,1,13.321656,1,-16.721699,0
/shared/home/sarim.hashmi/usenix/benchmark/newbench_norm/fake/A_woman_walking_a_dog_down_a_street..png,1,12.653657,1,-18.720404,0
/shared/home/sarim.hashmi/usenix/benchmark/newbench_norm/fake/A_wooden_bench_near_tall_vegetation_in_front_of_a_house..png,1,12.574996,1,-20.428022,0
/shared/home/sarim.hashmi/usenix/benchmark/newbench_norm/fake/A_wooden_bench_sitting_on_a_lush_green_park..png,1,12.355243,1,-19.875460,0
/shared/home/sarim.hashmi/usenix/benchmark/newbench_norm/fake/A_wooden_bench_that_is_next_to_a_meter..png,1,13.235047,1,-19.228767,0
/shared/home/sarim.hashmi/usenix/benchmark/newbench_norm/fake/A_wooden_bench_with_snow_in_a__forest..png,1,12.155127,1,-12.824279,0
/shared/home/sarim.hashmi/usenix/benchmark/newbench_norm/fake/A_wooden_park_bench_with_a_remote_control_on_top_of_it..png,1,13.570065,1,-18.471323,0
/shared/home/sarim.hashmi/usenix/benchmark/newbench_norm/fake/A_yellow_and_blue_bus_driving_down_a_curvy_road..png,1,12.869466,1,-19.606417,0
/shared/home/sarim.hashmi/usenix/benchmark/newbench_norm/fake/A_yellow_and_green_train_pulling_out_of_a_tunnel_next_to_a_red_car..png,1,12.769905,1,-19.051348,0
/shared/home/sarim.hashmi/usenix/benchmark/newbench_norm/fake/A_yellow_bus_carrying_passengers_riding_along_the_road..png,1,11.688087,1,-20.044172,0
/shared/home/sarim.hashmi/usenix/benchmark/newbench_norm/fake/A_yellow_dune_buggy_on_display_amongst_other_automobiles..png,1,11.733641,1,-19.389795,0
/shared/home/sarim.hashmi/usenix/benchmark/newbench_norm/fake/A_yellow_fire_hydrant_in_front_of_a_bike_leaning_against_four_poles.png,1,12.761813,1,-11.695566,0
/shared/home/sarim.hashmi/usenix/benchmark/newbench_norm/fake/A_yellow_motorcycle_in_front_of_a_street_with_several_people._.png,1,11.261361,1,-20.162642,0
/shared/home/sarim.hashmi/usenix/benchmark/newbench_norm/fake/A_yellow_sign_sitting_on_the_side_of_a_road..png,1,13.364666,1,-19.878107,0
/shared/home/sarim.hashmi/usenix/benchmark/newbench_norm/fake/A_yellow_stripped_cat_sitting_in_a_bathroom_sink..png,1,12.582990,1,-18.993834,0
/shared/home/sarim.hashmi/usenix/benchmark/newbench_norm/fake/A_young_boy_seems_to_be_trying_to_feed_a_giraffe._.png,1,12.632698,1,-18.138086,0
/shared/home/sarim.hashmi/usenix/benchmark/newbench_norm/fake/A_young_cat_with_a_beautiful_coat_standing_alone._.png,1,13.027324,1,-18.647697,0
/shared/home/sarim.hashmi/usenix/benchmark/newbench_norm/fake/A_young_girl_standing_on_a_field_with_a_flock_of_birds..png,1,12.479344,1,-17.124395,0
/shared/home/sarim.hashmi/usenix/benchmark/newbench_norm/fake/A_young_woman_lays_a_hand_on_the_neck_of_the_horse_she_is_riding..png,1,12.540061,1,-19.545630,0
/shared/home/sarim.hashmi/usenix/benchmark/newbench_norm/fake/A_zebra_and_giraffe_that_is_in_the_dirt..png,1,12.347955,1,-16.739576,0
/shared/home/sarim.hashmi/usenix/benchmark/newbench_norm/fake/Adult_lying_obscurely_on_park_bench_in_wide_open_area..png,1,10.005830,1,-19.216463,0
/shared/home/sarim.hashmi/usenix/benchmark/newbench_norm/fake/Aerial_tricks_performed_on_red_bike_over_stacked_skateboards_with_photographer_in_background..png,1,12.024098,1,-19.231977,0
/shared/home/sarim.hashmi/usenix/benchmark/newbench_norm/fake/All_of_the_bunches_of_bananas_are_yellow_and_ripe..png,1,13.075030,1,-19.324566,0
/shared/home/sarim.hashmi/usenix/benchmark/newbench_norm/fake/An_All_Nippon_Airways_777_sitting_at_a_gate_on_the_tarmac..png,1,14.130662,1,-18.725779,0
/shared/home/sarim.hashmi/usenix/benchmark/newbench_norm/fake/An_airplane_flying_in_the_sky_with_smoke_coming_out_of_it._.png,1,10.798638,1,-18.223120,0
/shared/home/sarim.hashmi/usenix/benchmark/newbench_norm/fake/An_airplane_is_flying_against_a_partly_cloudy_sky..png,1,11.459672,1,-14.625441,0
/shared/home/sarim.hashmi/usenix/benchmark/newbench_norm/fake/An_airplane_nose_sits_in_a_hangar._.png,1,11.624108,1,-19.949556,0
/shared/home/sarim.hashmi/usenix/benchmark/newbench_norm/fake/An_airplane_on_a_runway_with_snow_on_it..png,1,12.301589,1,-19.230366,0
/shared/home/sarim.hashmi/usenix/benchmark/newbench_norm/fake/An_animal_surrounded_by_a_flock_of_birds.png,1,13.828391,1,-20.171949,0
/shared/home/sarim.hashmi/usenix/benchmark/newbench_norm/fake/An_assortment_of_flying_objects_including_kites_and_airplanes_hung_inside_a_building..png,1,12.967847,1,-16.798740,0
/shared/home/sarim.hashmi/usenix/benchmark/newbench_norm/fake/An_empty_bathroom_with_a_shower_next_to_a_toilet..png,1,10.553407,1,-18.708101,0
/shared/home/sarim.hashmi/usenix/benchmark/newbench_norm/fake/An_empty_kitchen_with_lots_of_tile_blue_counter_top_space..png,1,13.127599,1,-19.960905,0
/shared/home/sarim.hashmi/usenix/benchmark/newbench_norm/fake/An_intersection_features_a_directional_sign_to_local_towns._.png,1,12.560561,1,-20.063953,0
/shared/home/sarim.hashmi/usenix/benchmark/newbench_norm/fake/An_intersection_of_wires_and_cables_stretching_over_a_traffic_light..png,1,12.515499,1,-19.237089,0
/shared/home/sarim.hashmi/usenix/benchmark/newbench_norm/fake/An_odd_couple_of_formal_woman_in_black_dress_and_pearls_with_casual_boy_in_a_cap_and_untidy_clothes_.png,1,13.403678,1,-19.943266,0
/shared/home/sarim.hashmi/usenix/benchmark/newbench_norm/fake/An_office_cubicle_with_clutter_on_the_desk.png,1,11.538792,1,-19.781031,0
"/shared/home/sarim.hashmi/usenix/benchmark/newbench_norm/fake/An_old,_rusty_fire_hydrant,_in_front_of_the_pole._.png",1,12.677746,1,-20.373857,0
/shared/home/sarim.hashmi/usenix/benchmark/newbench_norm/fake/An_old_black_and_white_picture_of_a_bus_and_homes_in_the_background._.png,1,12.074609,1,-19.643944,0
/shared/home/sarim.hashmi/usenix/benchmark/newbench_norm/fake/An_old_bus_makes_its_way_down_a_city_street..png,1,12.029576,1,-20.303455,0
/shared/home/sarim.hashmi/usenix/benchmark/newbench_norm/fake/An_old_clock_bordered_by_a_tire_in_front_of_a_rusted_door..png,1,13.061067,1,-11.920622,0
/shared/home/sarim.hashmi/usenix/benchmark/newbench_norm/fake/An_old_fashioned_biplane_with_its_propeller_spinning..png,1,13.243370,1,-20.612030,0
/shared/home/sarim.hashmi/usenix/benchmark/newbench_norm/fake/An_old_fire_hydrant_in_the_middle_of_the_woods..png,1,12.730192,1,-19.659979,0
/shared/home/sarim.hashmi/usenix/benchmark/newbench_norm/fake/An_old_lady_smiling_in_a_pink_kitchen..png,1,13.305985,1,-19.643038,0
/shared/home/sarim.hashmi/usenix/benchmark/newbench_norm/fake/An_old_toilet_outside_against_an_old_painted_wall..png,1,12.315333,1,-14.370442,0
/shared/home/sarim.hashmi/usenix/benchmark/newbench_norm/fake/An_old_train_moving_on_a_train_track..png,1,13.339514,1,-18.951204,0
/shared/home/sarim.hashmi/usenix/benchmark/newbench_norm/fake/An_older_model_passenger_bus_in_a_city..png,1,10.880883,1,-19.951132,0
"/shared/home/sarim.hashmi/usenix/benchmark/newbench_norm/fake/An_open_door_leading_to_a_bathroom_toilet,_with_a_shower_rack_and_bureau_visible..png",1,13.033195,1,-18.909208,0
/shared/home/sarim.hashmi/usenix/benchmark/newbench_norm/fake/An_open_toilet_with_a_sign_posted_on_it..png,1,11.029353,1,-20.050478,0
/shared/home/sarim.hashmi/usenix/benchmark/newbench_norm/fake/An_orange_fire_hydrant_sitting_next_to_a_stone_wall..png,1,13.558264,1,-20.541918,0
/shared/home/sarim.hashmi/usenix/benchmark/newbench_norm/fake/An_orange_sign_that_has_a_picture_of_a_man_holding_a_flag..png,1,10.475789,1,-19.610617,0
/shared/home/sarim.hashmi/usenix/benchmark/newbench_norm/fake/An_worn_out_rainbow_colored_park_bench_seat.png,1,13.213762,1,-19.851112,0
/shared/home/sarim.hashmi/usenix/benchmark/newbench_norm/fake/Bench_and_window_with_shutters_with_bricked_wall.png,1,11.478639,1,-19.964396,0
/shared/home/sarim.hashmi/usenix/benchmark/newbench_norm/fake/Birds_perched_up_on_a_tree_branch_next_to_a_window..png,1,11.685185,1,-14.404429,0
/shared/home/sarim.hashmi/usenix/benchmark/newbench_norm/fake/Black_and_white_photo_of_a_clocktower_and_a_bird..png,1,13.561425,1,-15.848006,0
/shared/home/sarim.hashmi/usenix/benchmark/newbench_norm/fake/Car_parked_in_the_parking_lot_next_to_the_pier.png,1,12.247010,1,-16.289438,0
/shared/home/sarim.hashmi/usenix/benchmark/newbench_norm/fake/Cars_parked_and_driving_in_front_of_a_school..png,1,12.230083,1,-19.390593,0
/shared/home/sarim.hashmi/usenix/benchmark/newbench_norm/fake/City_bus_loading_on_a_busy_metropolitan_street._.png,1,12.907998,1,-19.497240,0
/shared/home/sarim.hashmi/usenix/benchmark/newbench_norm/fake/City_bus_on_an_empty_city_street_near_a_STOP_sign._.png,1,13.108193,1,-18.309526,0
/shared/home/sarim.hashmi/usenix/benchmark/newbench_norm/fake/Cliffs_rise_on_the_edge_of_a_placid_lake..png,1,13.971580,1,-20.496706,0
/shared/home/sarim.hashmi/usenix/benchmark/newbench_norm/fake/Closeup_of_view_of_the_cabin_and_wing_of_a_large_commercial_airliner..png,1,12.420369,1,-19.322266,0
/shared/home/sarim.hashmi/usenix/benchmark/newbench_norm/fake/Colorful_passenger_cars_are_parked_at_an_empty_station..png,1,11.967984,1,-20.441927,0
/shared/home/sarim.hashmi/usenix/benchmark/newbench_norm/fake/Construction_worker_holding_a_stop_sign_on_the_side_of_a_road_on_a_sunny_day..png,1,13.174899,1,-19.615107,0
/shared/home/sarim.hashmi/usenix/benchmark/newbench_norm/fake/Cute_multi_colored_kitten_sitting_in_woman's_lap.png,1,11.559316,1,-19.919542,0
/shared/home/sarim.hashmi/usenix/benchmark/newbench_norm/fake/Double_decker_city_bus_passing_under_an_overpass._.png,1,12.924693,1,-19.611862,0
/shared/home/sarim.hashmi/usenix/benchmark/newbench_norm/fake/Emergency_vehicles_are_on_the_scene_of_the_accident..png,1,12.772330,1,-19.283758,0
/shared/home/sarim.hashmi/usenix/benchmark/newbench_norm/fake/Fruit_in_a_jar_filled_with_liquid_sitting_on_a_wooden_table..png,1,14.386048,1,-15.761989,0
/shared/home/sarim.hashmi/usenix/benchmark/newbench_norm/fake/Full_grown_cat_laying_down_and_sleeping_on_top_of_a_car._.png,1,13.288102,1,-19.937269,0
/shared/home/sarim.hashmi/usenix/benchmark/newbench_norm/fake/Giraffe_walking_through_a_field_next_to_a_forest..png,1,13.363309,1,-19.282885,0
/shared/home/sarim.hashmi/usenix/benchmark/newbench_norm/fake/Giraffe_with_large_trees_grazing_in_gray_sky.png,1,13.128240,1,-19.321863,0
/shared/home/sarim.hashmi/usenix/benchmark/newbench_norm/fake/Group_of_giraffes_standing_near_a_puddle_on_the_savannah..png,1,11.947164,1,-20.229540,0
/shared/home/sarim.hashmi/usenix/benchmark/newbench_norm/fake/Jet_liner_flying_off_into_the_distance_on_an_overcast_day.png,1,13.326198,1,-19.324800,0
/shared/home/sarim.hashmi/usenix/benchmark/newbench_norm/fake/Large_commuter_train_parked_on_the_track_with_no_people_around..png,1,12.022468,1,-19.712023,0
/shared/home/sarim.hashmi/usenix/benchmark/newbench_norm/fake/Lots_of_fruit_sits_on_bowls_on_the_counter_of_this_kitchen._.png,1,13.026021,1,-20.148920,0
/shared/home/sarim.hashmi/usenix/benchmark/newbench_norm/fake/Man_on_bike_on_street_corner_with_buildings_and_stoplight.png,1,13.020974,1,-19.458193,0
/shared/home/sarim.hashmi/usenix/benchmark/newbench_norm/fake/Man_on_blue_and_white_motorcycle_riding_on_one_wheel._.png,1,13.002559,1,-19.420481,0
/shared/home/sarim.hashmi/usenix/benchmark/newbench_norm/fake/Many_motorcycles_are_parked_around_a_crowd_of_people..png,1,13.519723,1,-20.284929,0
/shared/home/sarim.hashmi/usenix/benchmark/newbench_norm/fake/Many_people_bike_through_the_streets_at_night..png,1,12.798222,1,-20.112690,0
/shared/home/sarim.hashmi/usenix/benchmark/newbench_norm/fake/Many_planes_are_arranged_in_a_large_building..png,1,13.109814,1,-19.774120,0
/shared/home/sarim.hashmi/usenix/benchmark/newbench_norm/fake/Many_plates_and_dishes_line_a_kitchen_cabinet._.png,1,12.607814,1,-20.263220,0
/shared/home/sarim.hashmi/usenix/benchmark/newbench_norm/fake/Men_and_women_are_riding_on_motorcycles_on_the_street.png,1,13.274494,1,-20.186440,0
/shared/home/sarim.hashmi/usenix/benchmark/newbench_norm/fake/Multiple_lane_road_in_large_city_on_sunny_day..png,1,12.470149,1,-20.638317,0
"/shared/home/sarim.hashmi/usenix/benchmark/newbench_norm/fake/Non_passenger_train,_slowly_coming_down_the_tracks.png",1,13.033265,1,-20.065355,0
/shared/home/sarim.hashmi/usenix/benchmark/newbench_norm/fake/One_giraffe_in_the_foreground_with_two_giraffes_in_the_background..png,1,12.712070,1,-19.683889,0
/shared/home/sarim.hashmi/usenix/benchmark/newbench_norm/fake/People_are_sitting_and_standing_outside_between_train_cars..png,1,11.679215,1,-19.749542,0
/shared/home/sarim.hashmi/usenix/benchmark/newbench_norm/fake/People_are_waiting_for_the_bus_near_a_bus_stop..png,1,11.713645,1,-19.520555,0
/shared/home/sarim.hashmi/usenix/benchmark/newbench_norm/fake/People_are_waiting_for_the_train_to_arrive.png,1,12.891216,1,-20.298428,0
/shared/home/sarim.hashmi/usenix/benchmark/newbench_norm/fake/People_at_a_bus_stop_waiting_on_a_bus..png,1,13.249421,1,-19.796309,0
/shared/home/sarim.hashmi/usenix/benchmark/newbench_norm/fake/People_crossing_the_street_at_a_busy_intersection.png,1,12.377411,1,-20.486635,0
/shared/home/sarim.hashmi/usenix/benchmark/newbench_norm/fake/People_sitting_on_benches_next_to_each_other..png,1,11.873891,1,-19.023676,0
/shared/home/sarim.hashmi/usenix/benchmark/newbench_norm/fake/People_standing_around_looking_at_a_small_train_on_a_track.png,1,13.294474,1,-20.130955,0
/shared/home/sarim.hashmi/usenix/benchmark/newbench_norm/fake/People_standing_on_a_sidewalk_near_a_parked_bus_at_night..png,1,12.196640,1,-20.464931,0
/shared/home/sarim.hashmi/usenix/benchmark/newbench_norm/fake/People_walking_around_downtown_and_a_man_riding_his_bike..png,1,13.847482,1,-19.162371,0
/shared/home/sarim.hashmi/usenix/benchmark/newbench_norm/fake/Red_and_white_plane_sitting_in_a_green_field..png,1,13.290191,1,-19.335899,0
/shared/home/sarim.hashmi/usenix/benchmark/newbench_norm/fake/Red_brick_building_with_fire_hydrant_and_car_with_cloudy_sky.png,1,12.251477,1,-19.514719,0
/shared/home/sarim.hashmi/usenix/benchmark/newbench_norm/fake/Red_bus_passing_by_a_famous_clock_tower._.png,1,12.934585,1,-16.567308,0
/shared/home/sarim.hashmi/usenix/benchmark/newbench_norm/fake/Red_train_at_a_stop_and_a_man_that_is_waiting._.png,1,13.480038,1,-19.918356,0
/shared/home/sarim.hashmi/usenix/benchmark/newbench_norm/fake/Red_wrong_way_sign_in_front_of_a_church.png,1,12.553689,1,-19.323452,0
/shared/home/sarim.hashmi/usenix/benchmark/newbench_norm/fake/Row_of_motorcycles_parked_at_curb_in_outdoor_area..png,1,12.525858,1,-20.158449,0
/shared/home/sarim.hashmi/usenix/benchmark/newbench_norm/fake/Rows_of_gray_and_black_keyboards_make_up_several_different_pictures..png,1,12.620655,1,-18.396868,0
/shared/home/sarim.hashmi/usenix/benchmark/newbench_norm/fake/Separate_men_sitting_on_park_benches_playing_on_phone_and_reading..png,1,12.277640,1,-19.593468,0
/shared/home/sarim.hashmi/usenix/benchmark/newbench_norm/fake/Seven_giraffe_are_standing_around_a_bush_in_a_field..png,1,12.530483,1,-14.706627,0
/shared/home/sarim.hashmi/usenix/benchmark/newbench_norm/fake/Several_bicycles_lined_up_against_a_brick_building..png,1,10.541948,1,-20.673975,0
/shared/home/sarim.hashmi/usenix/benchmark/newbench_norm/fake/Several_buses_stopped_on_a_night_time_street..png,1,13.106951,1,-10.073021,0
/shared/home/sarim.hashmi/usenix/benchmark/newbench_norm/fake/Several_different_pots_place_on_a_stone_floor..png,1,12.287584,1,-20.228151,0
/shared/home/sarim.hashmi/usenix/benchmark/newbench_norm/fake/Several_motorcycles_and_cars_parked_on_a_city_street..png,1,11.126407,1,-20.140116,0
/shared/home/sarim.hashmi/usenix/benchmark/newbench_norm/fake/Several_people_are_seen_sitting_around_and_smoking..png,1,12.624938,1,-16.455942,0
/shared/home/sarim.hashmi/usenix/benchmark/newbench_norm/fake/Several_people_stand_on_a_sidewalk_by_a_train_next_to_a_cart_stacked_with_materials..png,1,12.665183,1,-20.455730,0
/shared/home/sarim.hashmi/usenix/benchmark/newbench_norm/fake/Several_sheep_are_in_a_grassy_field_with_trees..png,1,13.201512,1,-20.245764,0
/shared/home/sarim.hashmi/usenix/benchmark/newbench_norm/fake/Sign_over_city_street_above_traffic_lights_by_a_building..png,1,12.562978,1,-19.480486,0
/shared/home/sarim.hashmi/usenix/benchmark/newbench_norm/fake/Signs_with_red_men_for_go_and_stop.png,1,10.639054,1,-19.423967,0
/shared/home/sarim.hashmi/usenix/benchmark/newbench_norm/fake/Small_bathroom_with_toilet_and_sink_connected_to_each_other._.png,1,12.296959,1,-19.593069,0
/shared/home/sarim.hashmi/usenix/benchmark/newbench_norm/fake/Small_black_bird_standing_on_a_wooden_table_or_deck..png,1,12.950643,1,-19.661036,0
/shared/home/sarim.hashmi/usenix/benchmark/newbench_norm/fake/Small_kitchen_with_white_cabinets_and_white_appliances_with_a_city_view._.png,1,13.123587,1,-20.306234,0
/shared/home/sarim.hashmi/usenix/benchmark/newbench_norm/fake/Some_cars_are_traveling_on_the_streets_on_a_cloudy_day._.png,1,13.119803,1,-19.754026,0
/shared/home/sarim.hashmi/usenix/benchmark/newbench_norm/fake/Street_sign_in_front_of_a_large_building_and_clear_skies..png,1,12.391761,1,-19.872286,0
/shared/home/sarim.hashmi/usenix/benchmark/newbench_norm/fake/Street_signs_are_advising_people_to_proceed_while_being_aware_of_their_surroundings..png,1,13.002011,1,-20.153538,0
"/shared/home/sarim.hashmi/usenix/benchmark/newbench_norm/fake/Street_signs_at_an_intersection,_silhouetted_against_trees_and_a_blue_sky.png",1,13.246491,1,-18.481779,0
/shared/home/sarim.hashmi/usenix/benchmark/newbench_norm/fake/THERE_IS_A_PARK_BENCH_FACING_A_SNOW_COVERED_MOUNTAIN_.png,1,11.379738,1,-17.031248,0
/shared/home/sarim.hashmi/usenix/benchmark/newbench_norm/fake/TWO_PEOPLE_IN_A_VERY_SMALL_APARTMENT_SIZE_KITCHEN.png,1,11.245890,1,-18.947496,0
/shared/home/sarim.hashmi/usenix/benchmark/newbench_norm/fake/That_looks_like_a_wall_mural_in_the_background_of_this_photo_with_a_lot_of_sheet..png,1,13.431559,1,-19.251768,0
/shared/home/sarim.hashmi/usenix/benchmark/newbench_norm/fake/The_airplane_flies_low_to_the_ground_during_sunset..png,1,13.649290,1,-18.945223,0
/shared/home/sarim.hashmi/usenix/benchmark/newbench_norm/fake/The_airplane_is_majestic_as_it_takes_off_into_the_air..png,1,12.868269,1,-19.847139,0
/shared/home/sarim.hashmi/usenix/benchmark/newbench_norm/fake/The_back_door_with_a_window_in_the_kitchen..png,1,13.540719,1,-19.133629,0
/shared/home/sarim.hashmi/usenix/benchmark/newbench_norm/fake/The_baseball_player_is_prominent_in_all_the_featured_pictures..png,1,12.899400,1,-20.625830,0
/shared/home/sarim.hashmi/usenix/benchmark/newbench_norm/fake/The_bathroom_has_two_large_windows_with_a_ledge..png,1,11.451092,1,-18.983459,0
/shared/home/sarim.hashmi/usenix/benchmark/newbench_norm/fake/The_bathroom_is_clean_for_the_guests_to_use._.png,1,12.343062,1,-19.816586,0
"/shared/home/sarim.hashmi/usenix/benchmark/newbench_norm/fake/The_bathroom_is_small_but_clean_and_neat_looking,_with_an_immaculate_black_and_white_tub___shower..png",1,11.567953,1,-19.465595,0
/shared/home/sarim.hashmi/usenix/benchmark/newbench_norm/fake/The_bird_is_perched_alone_on_the_bannister._.png,1,10.498656,1,-9.428259,0
/shared/home/sarim.hashmi/usenix/benchmark/newbench_norm/fake/The_black_cat_is_laying_on_top_of_books_on_the_shelf._.png,1,12.440557,1,-19.045130,0
/shared/home/sarim.hashmi/usenix/benchmark/newbench_norm/fake/The_car_is_traveling_down_the_road_while_the_dog_watches..png,1,13.449294,1,-19.986811,0
/shared/home/sarim.hashmi/usenix/benchmark/newbench_norm/fake/The_clock_on_the_side_of_the_metal_building_is_gold_and_black._.png,1,9.950478,1,-17.288837,0
/shared/home/sarim.hashmi/usenix/benchmark/newbench_norm/fake/The_couple_is_riding_the_motorcycle_together._.png,1,11.823936,1,-19.806416,0
/shared/home/sarim.hashmi/usenix/benchmark/newbench_norm/fake/The_fire_hydrant_is_sitting_on_the_side_of_the_road.png,1,13.470042,1,-19.168341,0
/shared/home/sarim.hashmi/usenix/benchmark/newbench_norm/fake/The_four_urinals_have_a_very_modern_design..png,1,13.153063,1,-20.187401,0
/shared/home/sarim.hashmi/usenix/benchmark/newbench_norm/fake/The_freight_train_is_speeding_through_the_crossing..png,1,10.763278,1,-19.419367,0
"/shared/home/sarim.hashmi/usenix/benchmark/newbench_norm/fake/The_german_shepherd_is_guarding_the_front_of_the_barred_door,.png",1,12.773906,1,-19.683252,0
/shared/home/sarim.hashmi/usenix/benchmark/newbench_norm/fake/The_giraffe_eats_from_a_reachable_limb_of_the_tree..png,1,12.132497,1,-19.872034,0
/shared/home/sarim.hashmi/usenix/benchmark/newbench_norm/fake/The_infamous_Big_Ben_clock_tower_towering_over_the_city_of_London..png,1,13.060088,1,-19.693178,0
/shared/home/sarim.hashmi/usenix/benchmark/newbench_norm/fake/The_kitchen_sits_empty_and_unused_during_the_day..png,1,13.003806,1,-20.130667,0
/shared/home/sarim.hashmi/usenix/benchmark/newbench_norm/fake/The_large_green_city_bus_is_driving_on_a_road..png,1,13.523564,1,-19.998461,0
/shared/home/sarim.hashmi/usenix/benchmark/newbench_norm/fake/The_lights_are_on_above_the_mirror_of_the_bathroom_sink..png,1,12.521815,1,-19.152071,0
/shared/home/sarim.hashmi/usenix/benchmark/newbench_norm/fake/The_little_girl_is_standing_between_the_low_shrub_and_the_fire_plug.png,1,11.587895,1,-20.292330,0
/shared/home/sarim.hashmi/usenix/benchmark/newbench_norm/fake/The_motorcycle_has_a_large_cargo_box_attached_to_the_seat..png,1,13.439795,1,-20.752867,0
/shared/home/sarim.hashmi/usenix/benchmark/newbench_norm/fake/The_officer_is_riding_a_horse_threw_the_streets._.png,1,13.114367,1,-8.924309,0
/shared/home/sarim.hashmi/usenix/benchmark/newbench_norm/fake/The_person_stands_in_a_field_flying_a_yellow_kite._.png,1,13.284622,1,-19.227633,0
/shared/home/sarim.hashmi/usenix/benchmark/newbench_norm/fake/The_red_bus_has_an_anime_girl_on_it._.png,1,12.395762,1,-18.088844,0
/shared/home/sarim.hashmi/usenix/benchmark/newbench_norm/fake/The_shoreline_of_a_beach_on_a_cloudy_day._.png,1,11.114541,1,-19.389162,0
/shared/home/sarim.hashmi/usenix/benchmark/newbench_norm/fake/The_skilled_skier_is_taking_the_downhill_route..png,1,13.439344,1,-19.887787,0
/shared/home/sarim.hashmi/usenix/benchmark/newbench_norm/fake/The_sleek_fighter_jet_is_flying_sideways_through_the_air._.png,1,12.356419,1,-16.933550,0
/shared/home/sarim.hashmi/usenix/benchmark/newbench_norm/fake/The_small_bathroom_has_an_old_bathtub_in_it..png,1,8.713534,1,-17.329367,0
/shared/home/sarim.hashmi/usenix/benchmark/newbench_norm/fake/The_small_street_is_crowded_with_small_shops..png,1,13.297391,1,-19.812933,0
/shared/home/sarim.hashmi/usenix/benchmark/newbench_norm/fake/The_snow_covered_mountain_looks_over_the_small_city..png,1,12.855762,1,-19.781147,0
/shared/home/sarim.hashmi/usenix/benchmark/newbench_norm/fake/The_stop_sign_with_an_apartment_building_in_the_backgroundis_shot_from_below..png,1,11.535028,1,-20.049685,0
/shared/home/sarim.hashmi/usenix/benchmark/newbench_norm/fake/The_street_sign_is_across_from_an_electronic_sign_of_a_restaurant..png,1,13.063098,1,-20.291405,0
/shared/home/sarim.hashmi/usenix/benchmark/newbench_norm/fake/The_three_giraffe_stand_next_to_a_pile_of_logs..png,1,12.309440,1,-20.325041,0
/shared/home/sarim.hashmi/usenix/benchmark/newbench_norm/fake/The_train_could_be_going_as_fast_as_lightning.png,1,11.323786,1,-14.927506,0
/shared/home/sarim.hashmi/usenix/benchmark/newbench_norm/fake/The_train_is_passing_by_the_open_field..png,1,12.840080,1,-19.466654,0
/shared/home/sarim.hashmi/usenix/benchmark/newbench_norm/fake/The_view_from_the_airplane_shows_a_mountain_range..png,1,13.095700,1,-16.216551,0
/shared/home/sarim.hashmi/usenix/benchmark/newbench_norm/fake/The_windows_of_a_railroad_train_photographed_against_a_cloudy_background..png,1,12.342650,1,-19.113228,0
/shared/home/sarim.hashmi/usenix/benchmark/newbench_norm/fake/The_woman_smiles_while_posing_with_a_big_cat_in_her_arms..png,1,12.436231,1,-15.330247,0
/shared/home/sarim.hashmi/usenix/benchmark/newbench_norm/fake/The_woman_stands_near_the_stove_near_a_baby_chair_on_the_ground._.png,1,12.946629,1,-19.698971,0
/shared/home/sarim.hashmi/usenix/benchmark/newbench_norm/fake/There's_an_outdoor_dining_area_featuring_a_fountain._.png,1,13.118708,1,-20.131493,0
/shared/home/sarim.hashmi/usenix/benchmark/newbench_norm/fake/There_are_billboards_on_the_side_of_the_road..png,1,12.375688,1,-20.379541,0
/shared/home/sarim.hashmi/usenix/benchmark/newbench_norm/fake/There_are_many_cars_parked_next_to_the_ship..png,1,12.573650,1,-19.637669,0
/shared/home/sarim.hashmi/usenix/benchmark/newbench_norm/fake/There_are_stop_signs_and_one_way_signs_at_this_intersection..png,1,11.687629,1,-20.108713,0
/shared/home/sarim.hashmi/usenix/benchmark/newbench_norm/fake/There_are_two_men_sitting_on_a_park_bench.png,1,11.423945,1,-19.766905,0
/shared/home/sarim.hashmi/usenix/benchmark/newbench_norm/fake/There_are_two_sinks_next_to_two_mirrors..png,1,9.797156,1,-19.355726,0
/shared/home/sarim.hashmi/usenix/benchmark/newbench_norm/fake/There_is_a_blue_and_yellow_train_stopped_at_a_train_stop.png,1,12.457869,1,-17.597260,0
/shared/home/sarim.hashmi/usenix/benchmark/newbench_norm/fake/There_is_a_man_picking_bananas_next_to_a_street..png,1,12.798965,1,-20.049173,0
/shared/home/sarim.hashmi/usenix/benchmark/newbench_norm/fake/This_hazy_picture_depicts_traffic_on_a_busy_street..png,1,13.422749,1,-19.042002,0
/shared/home/sarim.hashmi/usenix/benchmark/newbench_norm/fake/This_is_an_image_of_an_elevated_train_in_the_city..png,1,13.102530,1,-19.873278,0
/shared/home/sarim.hashmi/usenix/benchmark/newbench_norm/fake/This_is_an_open_box_containing_four_cucumbers..png,1,11.551635,1,-19.319555,0
/shared/home/sarim.hashmi/usenix/benchmark/newbench_norm/fake/This_quaint_backyard_has_a_shed_and_a_bench.png,1,12.060451,1,-19.645102,0
/shared/home/sarim.hashmi/usenix/benchmark/newbench_norm/fake/Thomas_the_tank_traveling_down_train_tracks_next_to_a__bush..png,1,12.729964,1,-19.915960,0
/shared/home/sarim.hashmi/usenix/benchmark/newbench_norm/fake/Three_airliners_are_preparing_to_load_passengers_onto_a_plane..png,1,12.987399,1,-13.961794,0
/shared/home/sarim.hashmi/usenix/benchmark/newbench_norm/fake/Three_giraffe_eating_greens_in_a_field_next_to_lots_of_trees..png,1,13.502954,1,-19.628237,0
/shared/home/sarim.hashmi/usenix/benchmark/newbench_norm/fake/Three_giraffe_standing_near_trees_and_one_eating_on_a_tree.__.png,1,8.959336,1,-20.376110,0
/shared/home/sarim.hashmi/usenix/benchmark/newbench_norm/fake/Three_light_sheep_are_grazing_on_grass_in_a_ring_and_a_dark_sheep_is_eating_by_himself..png,1,12.592075,1,-20.348692,0
"/shared/home/sarim.hashmi/usenix/benchmark/newbench_norm/fake/Three_men_in_military_suits_are_sitting_on_a_bench,.png",1,12.214433,1,-20.345295,0
/shared/home/sarim.hashmi/usenix/benchmark/newbench_norm/fake/Three_monitors_sitting_on_a_table_one_with_a_view_of_a_baseball_game..png,1,13.297335,1,-19.766182,0
/shared/home/sarim.hashmi/usenix/benchmark/newbench_norm/fake/Three_people_on_a_motorcycle_in_the_middle_of_a_city..png,1,13.618783,1,-16.598166,0
/shared/home/sarim.hashmi/usenix/benchmark/newbench_norm/fake/Three_people_riding_horses_on_a_beach_next_to_the_ocean...png,1,13.572948,1,-19.799908,0
/shared/home/sarim.hashmi/usenix/benchmark/newbench_norm/fake/Three_sheep_in_the_process_of_running_on_grass_outside..png,1,12.775609,1,-20.186256,0
/shared/home/sarim.hashmi/usenix/benchmark/newbench_norm/fake/Three_white_storks_with_black_legs_and_beaks_wading_in_some_water..png,1,12.389000,1,-7.569707,0
/shared/home/sarim.hashmi/usenix/benchmark/newbench_norm/fake/Traffic_lights_next_to_traffic_signs_on_a_bridge..png,1,12.651571,1,-20.338213,0
/shared/home/sarim.hashmi/usenix/benchmark/newbench_norm/fake/Train_track_running_alongside_a_mountain_with_an_orange_train_car_in_distance..png,1,13.499944,1,-20.019876,0
/shared/home/sarim.hashmi/usenix/benchmark/newbench_norm/fake/Train_with_four_cars_traveling_through_the_wooded_area..png,1,12.809591,1,-20.516298,0
/shared/home/sarim.hashmi/usenix/benchmark/newbench_norm/fake/Twin_baby_girls_wearing_hats_eat_ice_cream..png,1,12.714076,1,-19.180326,0
/shared/home/sarim.hashmi/usenix/benchmark/newbench_norm/fake/Two_No_Parking_Signs_emphasize_the_law_on_this_street..png,1,12.171163,1,-19.438824,0
/shared/home/sarim.hashmi/usenix/benchmark/newbench_norm/fake/Two_airplanes_flying_through_a_blue_sky_with_smoke_pouring_out_of_their_rear_ends..png,1,12.101167,1,-11.913548,0
/shared/home/sarim.hashmi/usenix/benchmark/newbench_norm/fake/Two_bathroom_sinks_under_two_mirrors_next_to_paper_towel_dispenser..png,1,11.591895,1,-20.075857,0
/shared/home/sarim.hashmi/usenix/benchmark/newbench_norm/fake/Two_black_horses_standing_next_to_each_other..png,1,12.114151,1,-19.528610,0
/shared/home/sarim.hashmi/usenix/benchmark/newbench_norm/fake/Two_buses_passing_each_other_by_while_traveling_under_a_bridge..png,1,12.379387,1,-20.122370,0
/shared/home/sarim.hashmi/usenix/benchmark/newbench_norm/fake/Two_busses_on_street_next_to_cars_with_buildings_in_the_background..png,1,11.442406,1,-19.865206,0
/shared/home/sarim.hashmi/usenix/benchmark/newbench_norm/fake/Two_cats_sitting_on_a__sill_looking_out_the_window.png,1,12.997615,1,-16.205753,0
/shared/home/sarim.hashmi/usenix/benchmark/newbench_norm/fake/Two_giraffe_standing_next_to_each_other_around_a_tree..png,1,13.206239,1,-6.101490,0
/shared/home/sarim.hashmi/usenix/benchmark/newbench_norm/fake/Two_giraffe_standing_next_to_each_other_on_a_field..png,1,12.552296,1,-20.346117,0
/shared/home/sarim.hashmi/usenix/benchmark/newbench_norm/fake/Two_giraffe_standing_next_to_each_other_on_a_lush_green_field..png,1,13.218437,1,-19.827135,0
/shared/home/sarim.hashmi/usenix/benchmark/newbench_norm/fake/Two_giraffes_are_walking_and_standing_in_the_open_field.png,1,13.297784,1,-19.710060,0
/shared/home/sarim.hashmi/usenix/benchmark/newbench_norm/fake/Two_giraffes_in_a_outdoor_shelter_under_a_net..png,1,13.637668,1,-20.069750,0
/shared/home/sarim.hashmi/usenix/benchmark/newbench_norm/fake/Two_giraffes_in_a_room_with_people_looking_at_them..png,1,12.936075,1,-20.040890,0
/shared/home/sarim.hashmi/usenix/benchmark/newbench_norm/fake/Two_giraffes_near_a_tree_in_the_wild..png,1,13.150655,1,-19.854572,0
/shared/home/sarim.hashmi/usenix/benchmark/newbench_norm/fake/Two_giraffes_stand_in_a_dirt_yard_next_to_a_wooden_structure..png,1,12.879170,1,-20.091928,0
/shared/home/sarim.hashmi/usenix/benchmark/newbench_norm/fake/Two_giraffes_standing_next_to_each_other_looking_over_a_fence..png,1,13.190641,1,-20.020613,0
/shared/home/sarim.hashmi/usenix/benchmark/newbench_norm/fake/Two_goat_kids_and_one_young_lamb_are_in_a_field.__.png,1,13.797518,1,-19.580381,0
/shared/home/sarim.hashmi/usenix/benchmark/newbench_norm/fake/Two_large_colorful_birds_touch_their_beaks_together..png,1,13.270772,1,-19.860769,0
/shared/home/sarim.hashmi/usenix/benchmark/newbench_norm/fake/Two_large_passenger_jets_flying_over_a_beach_filled_with_birds..png,1,13.196694,1,-20.039875,0
/shared/home/sarim.hashmi/usenix/benchmark/newbench_norm/fake/Two_men_riding_on_a_motorcycle_with_a_young_girl..png,1,12.876423,1,-19.274868,0
/shared/home/sarim.hashmi/usenix/benchmark/newbench_norm/fake/Two_mountain_goats_standing_on_the_side_of_a_mountain..png,1,13.403951,1,-17.629187,0
/shared/home/sarim.hashmi/usenix/benchmark/newbench_norm/fake/Two_people_are_looking_at_a_truck_while_a_dog_is_being_walked..png,1,13.445012,1,-5.910568,0
/shared/home/sarim.hashmi/usenix/benchmark/newbench_norm/fake/Two_people_are_sitting_at_a_picnic_table_by_a_lake..png,1,13.500577,1,-20.036634,0
/shared/home/sarim.hashmi/usenix/benchmark/newbench_norm/fake/Two_people_ride_on_a_motorcycle_on_a_street._.png,1,12.609529,1,-19.791536,0
/shared/home/sarim.hashmi/usenix/benchmark/newbench_norm/fake/Two_people_sit_in_the_sand_with_their_surf_boards._.png,1,12.258992,1,-19.101404,0
/shared/home/sarim.hashmi/usenix/benchmark/newbench_norm/fake/Two_people_standing_in_the_grass_flying_a_kite..png,1,14.009487,1,-20.249590,0
/shared/home/sarim.hashmi/usenix/benchmark/newbench_norm/fake/Two_photos_of_an_airplane_in_the_air..png,1,13.485641,1,-19.311438,0
/shared/home/sarim.hashmi/usenix/benchmark/newbench_norm/fake/Two_sheep_are_looking_over_a_cement_wall..png,1,12.485411,1,-19.633572,0
/shared/home/sarim.hashmi/usenix/benchmark/newbench_norm/fake/Two_sheep_graze_in_a_valley_near_a_small_town..png,1,13.754672,1,-20.372238,0
/shared/home/sarim.hashmi/usenix/benchmark/newbench_norm/fake/Two_sheep_one_with_a_bell_tied_to_its_neck_walking_in_a_green_field..png,1,13.128131,1,-19.951849,0
/shared/home/sarim.hashmi/usenix/benchmark/newbench_norm/fake/Two_sheep_that_are_standing_in_the_grass..png,1,13.130232,1,-19.765100,0
/shared/home/sarim.hashmi/usenix/benchmark/newbench_norm/fake/Two_signs_in_front_of_a_red_brick_building_that_say_Tow_Away_No_Stopping_from_4pm_to_6pm_and_No_Park.png,1,13.378114,1,-7.621738,0
/shared/home/sarim.hashmi/usenix/benchmark/newbench_norm/fake/Two_stuffed_animals_are_cutting_bread_and_spreading_jelly_on_it..png,1,13.026356,1,-18.594589,0
/shared/home/sarim.hashmi/usenix/benchmark/newbench_norm/fake/Two_tall_giraffe_standing_next_to_a_green_leaf_filled_tree.png,1,12.369892,1,-19.044725,0
/shared/home/sarim.hashmi/usenix/benchmark/newbench_norm/fake/Two_toilets_sit_near_each_other_in_the_same_room..png,1,12.904103,1,-19.888456,0
/shared/home/sarim.hashmi/usenix/benchmark/newbench_norm/fake/Two_urinals_in_wall_with_a_white_divider..png,1,11.259675,1,-19.649260,0
/shared/home/sarim.hashmi/usenix/benchmark/newbench_norm/fake/Vet_supplies_laying_on_the_floor_of_a_room..png,1,11.531628,1,-17.812502,0
/shared/home/sarim.hashmi/usenix/benchmark/newbench_norm/fake/Water_is_spewing_form_the_ground_while_people_watch_on..png,1,13.197634,1,-19.521572,0
/shared/home/sarim.hashmi/usenix/benchmark/newbench_norm/fake/We_are_looking_at_a_model_train_coming_down_the_track..png,1,12.471496,1,-20.334175,0
/shared/home/sarim.hashmi/usenix/benchmark/newbench_norm/fake/White_and_gray_cat_looking_past_spoked_wheel..png,1,12.636416,1,-19.598709,0
/shared/home/sarim.hashmi/usenix/benchmark/newbench_norm/fake/Woman_interacting_with_giraffe_at_fence_in_zoo..png,1,12.642478,1,-19.956594,0
/shared/home/sarim.hashmi/usenix/benchmark/newbench_norm/fake/Woman_riding_her_bike_down_a_small_side_path..png,1,14.082445,1,-17.956980,0
/shared/home/sarim.hashmi/usenix/benchmark/newbench_norm/fake/Women_taking_picture_of_themselves_while_brushing_their_teeth..png,1,12.779147,1,-19.354231,0
/shared/home/sarim.hashmi/usenix/benchmark/newbench_norm/fake/Woodpeckers_on_the_side_of_trees_during_the_day..png,1,13.147264,1,-19.960188,0
"/shared/home/sarim.hashmi/usenix/benchmark/newbench_norm/fake/_A_bathroom_with_a_toilet,_sink,_counter_and_large_mirror.png",1,12.151494,1,-20.500067,0
/shared/home/sarim.hashmi/usenix/benchmark/newbench_norm/fake/_A_sidewalk_with_street_sings_next_to_a_road..png,1,13.402127,1,-15.056430,0
/shared/home/sarim.hashmi/usenix/benchmark/newbench_norm/fake/_a_street_sign_with_the_red_light_glowing_brightly_on_it_.png,1,13.122008,1,-19.300207,0
/shared/home/sarim.hashmi/usenix/benchmark/newbench_norm/fake/a_bath_room_with_a_toilet_a_sink_and_a_bath_tub.png,1,13.389384,1,-19.697245,0
/shared/home/sarim.hashmi/usenix/benchmark/newbench_norm/fake/a_bath_room_with_a_toilet_a_stool_and_handle_bars.png,1,12.761895,1,-19.149546,0
/shared/home/sarim.hashmi/usenix/benchmark/newbench_norm/fake/a_bath_room_with_two_sinks_a_large_mirror_a_bath_tub.png,1,11.773841,1,-19.307615,0
/shared/home/sarim.hashmi/usenix/benchmark/newbench_norm/fake/a_bathroom_counter_with_two_sinks_on_it_.png,1,12.346581,1,-19.945562,0
/shared/home/sarim.hashmi/usenix/benchmark/newbench_norm/fake/a_bathroom_with_a_bath_tub_a_toilet_and_a_sink.png,1,12.593557,1,-19.243816,0
/shared/home/sarim.hashmi/usenix/benchmark/newbench_norm/fake/a_bathroom_with_a_sink_a_mirror_and_a_toilet.png,1,12.771716,1,-19.017927,0
/shared/home/sarim.hashmi/usenix/benchmark/newbench_norm/fake/a_bathroom_with_a_white_sink_next_to_a_white_bath_tub..png,1,13.142300,1,-19.512835,0
/shared/home/sarim.hashmi/usenix/benchmark/newbench_norm/fake/a_bathroom_with_bright_lights_and_white_carpet_.png,1,12.670904,1,-19.165251,0
/shared/home/sarim.hashmi/usenix/benchmark/newbench_norm/fake/a_beautiful_lady_with_a_very_nice_motor_bike.png,1,13.028191,1,-20.320086,0
/shared/home/sarim.hashmi/usenix/benchmark/newbench_norm/fake/a_bench_in_the_woods_covered_in_snow_.png,1,11.996185,1,-19.634501,0
/shared/home/sarim.hashmi/usenix/benchmark/newbench_norm/fake/a_big_red_fire_hydrant_on_the_side_of_a_building..png,1,11.297957,1,-19.124004,0
/shared/home/sarim.hashmi/usenix/benchmark/newbench_norm/fake/a_black_and_white_photo_of_a_long_bench_for_sitting_near_a_building.png,1,12.901710,1,-20.144587,0
/shared/home/sarim.hashmi/usenix/benchmark/newbench_norm/fake/a_blue_sign_in_the_sidewalk_of_a_walking_trail.png,1,12.487071,1,-19.822981,0
/shared/home/sarim.hashmi/usenix/benchmark/newbench_norm/fake/a_bluish_motorcycle_parked_on_sidewalk_in_park.png,1,12.598115,1,-19.672424,0
/shared/home/sarim.hashmi/usenix/benchmark/newbench_norm/fake/a_brown_and_white_dog_is_sitting_in_some_grass_and_a_red_and_white_fire_hydrant.png,1,11.525791,1,-14.896100,0
/shared/home/sarim.hashmi/usenix/benchmark/newbench_norm/fake/a_cat_is_sitting_on_a_wooden_bench_outside.png,1,13.430989,1,-19.790388,0
/shared/home/sarim.hashmi/usenix/benchmark/newbench_norm/fake/a_close_up_of_a_cat_on_a_desk_near_a_sandwich_.png,1,12.670661,1,-19.903318,0
/shared/home/sarim.hashmi/usenix/benchmark/newbench_norm/fake/a_close_up_of_a_pot_with_a_cell_phone_.png,1,13.946502,1,-20.409855,0
/shared/home/sarim.hashmi/usenix/benchmark/newbench_norm/fake/a_close_up_of_two_giraffes_with_a_rock_background.png,1,13.151743,1,-18.978333,0
/shared/home/sarim.hashmi/usenix/benchmark/newbench_norm/fake/a_colofrul_biplane_flying_above_some_trees_.png,1,12.836691,1,-19.608984,0
/shared/home/sarim.hashmi/usenix/benchmark/newbench_norm/fake/a_commercial_plane_is_on_the_airport_runway.png,1,12.674219,1,-19.823793,0
/shared/home/sarim.hashmi/usenix/benchmark/newbench_norm/fake/a_counter_with_cleaning_supplies_ice_cube_trays_and_racks_from_a_fridge_and_a_drawer_missing.png,1,12.092524,1,-18.305124,0
/shared/home/sarim.hashmi/usenix/benchmark/newbench_norm/fake/a_couple_of_anmails_standing_next_to_a_truck.png,1,13.067798,1,-19.085533,0
/shared/home/sarim.hashmi/usenix/benchmark/newbench_norm/fake/a_couple_of_buildings_grouped_together_next_to_some_power_lines_.png,1,11.445244,1,-19.536455,0
/shared/home/sarim.hashmi/usenix/benchmark/newbench_norm/fake/a_couple_of_cats_sit_in_front_of_a_tub_full_of_water_.png,1,10.461511,1,-18.899031,0
/shared/home/sarim.hashmi/usenix/benchmark/newbench_norm/fake/a_couple_of_fire_trucks_that_are_by_a_motorcycle.png,1,11.232600,1,-20.689268,0
/shared/home/sarim.hashmi/usenix/benchmark/newbench_norm/fake/a_couple_of_people_in_uniforms_are_sitting_together.png,1,12.153516,1,-19.283957,0
/shared/home/sarim.hashmi/usenix/benchmark/newbench_norm/fake/a_couple_of_planes_are_out_on_a_runway.png,1,12.810919,1,-17.209938,0
/shared/home/sarim.hashmi/usenix/benchmark/newbench_norm/fake/a_couple_of_sgns_are_on_poles_in_the_ground.png,1,12.349470,1,-16.641870,0
/shared/home/sarim.hashmi/usenix/benchmark/newbench_norm/fake/a_couple_of_sheep_walking_across_a_grass_covered_field..png,1,13.206547,1,-19.264727,0
/shared/home/sarim.hashmi/usenix/benchmark/newbench_norm/fake/a_cyclist_with_a_motorbike_moving_very_fast.png,1,12.908477,1,-20.554792,0
/shared/home/sarim.hashmi/usenix/benchmark/newbench_norm/fake/a_desk_with_a_banana_a_keyboard_and_a_mouse.png,1,13.179488,1,-20.356476,0
/shared/home/sarim.hashmi/usenix/benchmark/newbench_norm/fake/a_dog_walking_beside_a_man_carrying_a_surf_board.png,1,12.914869,1,-10.416428,0
/shared/home/sarim.hashmi/usenix/benchmark/newbench_norm/fake/a_double_decker_red_bus_stopped_outside_of_a_brick_building.png,1,11.834805,1,-20.436937,0
/shared/home/sarim.hashmi/usenix/benchmark/newbench_norm/fake/a_fancy_white_train_parked_by_the_platform_.png,1,13.717795,1,-20.148464,0
/shared/home/sarim.hashmi/usenix/benchmark/newbench_norm/fake/a_female_in_a_gray_top_is_holding_a_cellphone.png,1,13.565824,1,-20.074234,0
/shared/home/sarim.hashmi/usenix/benchmark/newbench_norm/fake/a_giraffe_in_a_field_with_another_in_the_background.png,1,13.098327,1,-18.417768,0
/shared/home/sarim.hashmi/usenix/benchmark/newbench_norm/fake/a_giraffe_reaching_up_to_eat_some_grass_from_a_cage_.png,1,13.111623,1,-19.921709,0
/shared/home/sarim.hashmi/usenix/benchmark/newbench_norm/fake/a_giraffe_walking_on_a_street_with_trees.png,1,11.067466,1,-19.946093,0
/shared/home/sarim.hashmi/usenix/benchmark/newbench_norm/fake/a_girl_wearing_a_cowboy_hat_while_holding_a_dog_.png,1,13.509976,1,-17.142145,0
/shared/home/sarim.hashmi/usenix/benchmark/newbench_norm/fake/a_green_double_Decker_bus_stopped_on_the_street.png,1,13.249711,1,-19.913315,0
/shared/home/sarim.hashmi/usenix/benchmark/newbench_norm/fake/a_green_train_engine_sitting_at_the_end_of_the_train_and_next_to_the_buidling.png,1,12.860467,1,-19.469061,0
/shared/home/sarim.hashmi/usenix/benchmark/newbench_norm/fake/a_group_of_light_resting_on_a_post_with_a_street_sign_on_it.png,1,13.844979,1,-19.007963,0
/shared/home/sarim.hashmi/usenix/benchmark/newbench_norm/fake/a_group_of_people_on_motorcycles_drive_down_the_road.png,1,11.785690,1,-19.225630,0
/shared/home/sarim.hashmi/usenix/benchmark/newbench_norm/fake/a_group_of_people_that_are_taking_a_picture.png,1,13.560393,1,-19.364918,0
/shared/home/sarim.hashmi/usenix/benchmark/newbench_norm/fake/a_group_of_urinals_is_near_the_trees.png,1,13.127015,1,-19.246323,0
/shared/home/sarim.hashmi/usenix/benchmark/newbench_norm/fake/a_group_of_vehicles_parked_next_to_a_firehydrant.png,1,12.528272,1,-19.150002,0
/shared/home/sarim.hashmi/usenix/benchmark/newbench_norm/fake/a_herd_of_sheep_standing_around_in_a_big_grassy_field_.png,1,12.334280,1,-20.011452,0
/shared/home/sarim.hashmi/usenix/benchmark/newbench_norm/fake/a_home_made_stop_sign_in_the_middle_of_nowhere.png,1,12.078722,1,-19.891289,0
/shared/home/sarim.hashmi/usenix/benchmark/newbench_norm/fake/a_kitchen_that_makes_food_has_pots_and_pans..png,1,11.941205,1,-20.243101,0
/shared/home/sarim.hashmi/usenix/benchmark/newbench_norm/fake/a_kitchen_with_a__sink_surrounded_by_a_bunch_of_cluttered_items.png,1,11.541517,1,-16.737452,0
/shared/home/sarim.hashmi/usenix/benchmark/newbench_norm/fake/a_kitchen_with_a_nasty_dirty_kitchen_with_a_light_beam_through_the_window.png,1,12.509890,1,-20.171434,0
/shared/home/sarim.hashmi/usenix/benchmark/newbench_norm/fake/a_large_air_plane_flying_in_the_air.png,1,12.112958,1,-18.768581,0
/shared/home/sarim.hashmi/usenix/benchmark/newbench_norm/fake/a_large_body_of_water_with_trees_in_the_background.png,1,11.137362,1,-20.371784,0
/shared/home/sarim.hashmi/usenix/benchmark/newbench_norm/fake/a_line_of_cars_with_a_motorcycle_in_front.png,1,12.487052,1,-18.693552,0
/shared/home/sarim.hashmi/usenix/benchmark/newbench_norm/fake/a_lit_up_counter_with_two_fancy_sinks_on_it.png,1,12.949965,1,-18.216288,0
/shared/home/sarim.hashmi/usenix/benchmark/newbench_norm/fake/a_little_giraffe_sitting_on_the_ground_next_to_a_somewhat_bigger_one_.png,1,13.251519,1,-20.201391,0
/shared/home/sarim.hashmi/usenix/benchmark/newbench_norm/fake/a_living_room_with_some_fancy_curtains_behind_a_couch_.png,1,12.722754,1,-20.238281,0
/shared/home/sarim.hashmi/usenix/benchmark/newbench_norm/fake/a_man_assisting_a_woman_shearing_a_sheep_with_several_children_watching.png,1,12.221410,1,-17.551889,0
/shared/home/sarim.hashmi/usenix/benchmark/newbench_norm/fake/a_man_on_skis_holds_onto_the_hands_of_a_small_girl_on_skis.png,1,12.531520,1,-8.693397,0
/shared/home/sarim.hashmi/usenix/benchmark/newbench_norm/fake/a_man_riding_a_small_motorcycle_in_the_bustling_streets.png,1,13.529571,1,-19.838884,0
/shared/home/sarim.hashmi/usenix/benchmark/newbench_norm/fake/a_man_sits_by_himself_on_a_bench_in_a_stone-paved_square_in_front_of_a_large_bed_of_flowers.png,1,9.404696,1,-18.712246,0
/shared/home/sarim.hashmi/usenix/benchmark/newbench_norm/fake/a_man_standing_next_to_a_red_train_near_a_train_track_.png,1,10.661017,1,-19.046236,0
/shared/home/sarim.hashmi/usenix/benchmark/newbench_norm/fake/a_man_standing_on_the_side_walk_while_holding_a_sign_.png,1,10.398717,1,-19.774586,0
/shared/home/sarim.hashmi/usenix/benchmark/newbench_norm/fake/a_man_taking_a_nap_on_the_bench_in_the_middle_of_a_park.png,1,12.165836,1,-19.197325,0
/shared/home/sarim.hashmi/usenix/benchmark/newbench_norm/fake/a_modern_flush_toilet_in_a_bathroom_with_tile._.png,1,12.183295,1,-20.310434,0
"/shared/home/sarim.hashmi/usenix/benchmark/newbench_norm/fake/a_modern_kitchen_with_an_oven,_stove,_and_a_fridge_.png",1,13.661435,1,-19.072163,0
/shared/home/sarim.hashmi/usenix/benchmark/newbench_norm/fake/a_motorcycle_is_parked_near_a_building_by_the_curb.png,1,13.320110,1,-19.440474,0
/shared/home/sarim.hashmi/usenix/benchmark/newbench_norm/fake/a_motorcycle_parked_in_a_field_with_a_sky_background_.png,1,13.251994,1,-20.247065,0
/shared/home/sarim.hashmi/usenix/benchmark/newbench_norm/fake/a_number_of_birds_flying_near_a_nest_.png,1,12.986732,1,-20.067642,0
/shared/home/sarim.hashmi/usenix/benchmark/newbench_norm/fake/a_person_driving_a_motorcycle_on_a_closed_course.png,1,11.779637,1,-19.347668,0
/shared/home/sarim.hashmi/usenix/benchmark/newbench_norm/fake/a_person_in_an_office_setting_sitting_in_a_chair.png,1,12.322700,1,-19.126150,0
/shared/home/sarim.hashmi/usenix/benchmark/newbench_norm/fake/a_person_on_the_back_of_a_parked_truck.png,1,12.945716,1,-19.336809,0
/shared/home/sarim.hashmi/usenix/benchmark/newbench_norm/fake/a_person_riding_a_dirt_bike_in_the_air_with_a_sky_background.png,1,13.497203,1,-19.568907,0
/shared/home/sarim.hashmi/usenix/benchmark/newbench_norm/fake/a_person_riding_a_motorcycle_on_a_road_.png,1,12.952123,1,-19.972868,0
/shared/home/sarim.hashmi/usenix/benchmark/newbench_norm/fake/a_person_riding_a_motorcycle_on_a_road_with_a_hill_in_the_background.png,1,13.771067,1,-14.603112,0
/shared/home/sarim.hashmi/usenix/benchmark/newbench_norm/fake/a_person_sitting_on_a_bike_near_many_other_parked_bikes_.png,1,12.221136,1,-20.027540,0
/shared/home/sarim.hashmi/usenix/benchmark/newbench_norm/fake/a_person_that_is_riding_a_bike_next_to_some_seats.png,1,11.084835,1,-19.721140,0
/shared/home/sarim.hashmi/usenix/benchmark/newbench_norm/fake/a_picture_of_a_water_hydrant_with_many_snow._.png,1,12.356405,1,-19.167086,0
/shared/home/sarim.hashmi/usenix/benchmark/newbench_norm/fake/a_pole_that_has_a_sign_attached_to_it.png,1,12.609579,1,-20.695866,0
/shared/home/sarim.hashmi/usenix/benchmark/newbench_norm/fake/a_policeman_on_a_motorcycling_driving_on_the_road_smiling.png,1,13.310429,1,-19.958012,0
/shared/home/sarim.hashmi/usenix/benchmark/newbench_norm/fake/a_public_bathroom_with_a_toilet_and_hand_rail.png,1,11.373943,1,-19.362261,0
/shared/home/sarim.hashmi/usenix/benchmark/newbench_norm/fake/a_public_transit_train_on_a_train_track_with_trees_in_the_background.png,1,12.142766,1,-19.842188,0
/shared/home/sarim.hashmi/usenix/benchmark/newbench_norm/fake/a_red_bus_that_has_stuff_wrote_on_the_outside.png,1,11.746280,1,-19.235874,0
/shared/home/sarim.hashmi/usenix/benchmark/newbench_norm/fake/a_red_fire_hydrogen_next_to_a_road_in_front_of_a_bus.png,1,13.225598,1,-20.003725,0
/shared/home/sarim.hashmi/usenix/benchmark/newbench_norm/fake/a_sculpture_made_of_spoons_and_an_old_toaster.png,1,12.169345,1,-20.409304,0
/shared/home/sarim.hashmi/usenix/benchmark/newbench_norm/fake/a_sign_hanging_up_that_says_waterman_ave.png,1,12.302848,1,-20.422796,0
/shared/home/sarim.hashmi/usenix/benchmark/newbench_norm/fake/a_small_air_plane_on_an_air_plane_run_way.png,1,12.891355,1,-15.121174,0
/shared/home/sarim.hashmi/usenix/benchmark/newbench_norm/fake/a_small_bathroom_with_a_mirror_and_sink.png,1,13.183661,1,-19.455900,0
/shared/home/sarim.hashmi/usenix/benchmark/newbench_norm/fake/a_steam_locomotive_on_a_narrow_gauge_track_in_the_snow.png,1,13.093963,1,-19.300653,0
/shared/home/sarim.hashmi/usenix/benchmark/newbench_norm/fake/a_stop_sign_and_railway_crossing_sign_on_a_pole.png,1,12.881619,1,-18.863823,0
/shared/home/sarim.hashmi/usenix/benchmark/newbench_norm/fake/a_store_sits_in_front_of_a_fire_hydrant_.png,1,13.294616,1,-19.440062,0
/shared/home/sarim.hashmi/usenix/benchmark/newbench_norm/fake/a_street_light_hanging_fron_one_of_many_wires_connected_to_a_power_pole.png,1,14.035517,1,-20.065754,0
/shared/home/sarim.hashmi/usenix/benchmark/newbench_norm/fake/a_street_with_people_and_vehicles_in_the_middle_of_it.png,1,13.347003,1,-19.669214,0
/shared/home/sarim.hashmi/usenix/benchmark/newbench_norm/fake/a_stuffed_animal_and_a_figurine_are_sitting_on_a_bench_and_water.png,1,12.719007,1,-20.174997,0
/shared/home/sarim.hashmi/usenix/benchmark/newbench_norm/fake/a_table_top_with_some_laptops_on_it_.png,1,13.634059,1,-20.034723,0
/shared/home/sarim.hashmi/usenix/benchmark/newbench_norm/fake/a_toilet_sits_in_front_of_a_bath_tub.png,1,12.785166,1,-19.081659,0
/shared/home/sarim.hashmi/usenix/benchmark/newbench_norm/fake/a_toilet_sits_next_to_a_bath_tub_as_a_bunch_of_tiles_sit_piled_up_.png,1,10.341213,1,-18.671654,0
/shared/home/sarim.hashmi/usenix/benchmark/newbench_norm/fake/a_traffic_light_above_a_road_with_a_building_in_the_background.png,1,13.213261,1,-19.984552,0
/shared/home/sarim.hashmi/usenix/benchmark/newbench_norm/fake/a_train_getting_ready_to_go_into_a_tunnel_.png,1,11.875932,1,-14.968616,0
/shared/home/sarim.hashmi/usenix/benchmark/newbench_norm/fake/a_train_on_a_train_track_at_a_station_.png,1,13.195603,1,-19.257772,0
/shared/home/sarim.hashmi/usenix/benchmark/newbench_norm/fake/a_train_that_is_on_a_train_track.png,1,12.141668,1,-20.113882,0
/shared/home/sarim.hashmi/usenix/benchmark/newbench_norm/fake/a_tree_surrounded_by_a_little_bench_with_someone_sitting_on_it.png,1,12.646480,1,-7.826406,0
/shared/home/sarim.hashmi/usenix/benchmark/newbench_norm/fake/a_very_big_boat_that_is_in_some_water.png,1,11.983591,1,-19.232531,0
/shared/home/sarim.hashmi/usenix/benchmark/newbench_norm/fake/a_very_big_bus_moving_on_the_street_with_no_people.png,1,12.072104,1,-19.313536,0
/shared/home/sarim.hashmi/usenix/benchmark/newbench_norm/fake/a_view_of_a_bathroom_area_with_a_white_long_flusher_and_window_behind_it_.png,1,13.111053,1,-20.413401,0
/shared/home/sarim.hashmi/usenix/benchmark/newbench_norm/fake/a_white_and_black_sea_bird_standing_in_very_shallow_water.png,1,12.035257,1,-5.190765,0
/shared/home/sarim.hashmi/usenix/benchmark/newbench_norm/fake/a_white_bus_is_on_a_busy_street.png,1,11.705186,1,-20.234932,0
/shared/home/sarim.hashmi/usenix/benchmark/newbench_norm/fake/a_woman_in_kitchen_cooking_chips_in_fry.png,1,12.765571,1,-19.403788,0
/shared/home/sarim.hashmi/usenix/benchmark/newbench_norm/fake/a_woman_is_out_in_a_field_with_sheep_.png,1,12.458157,1,-19.709597,0
/shared/home/sarim.hashmi/usenix/benchmark/newbench_norm/fake/a_woman_is_standing_next_to_an_oven.png,1,12.609427,1,-18.879133,0
/shared/home/sarim.hashmi/usenix/benchmark/newbench_norm/fake/a_woman_posing_on_a_wooden_bench_in_the_woods.png,1,12.020391,1,-20.048613,0
/shared/home/sarim.hashmi/usenix/benchmark/newbench_norm/fake/a_woman_riding_a_horse_while_holding_a_flag.png,1,12.667876,1,-20.132055,0
/shared/home/sarim.hashmi/usenix/benchmark/newbench_norm/fake/a_wooden_and_metal_bench_near_a_over_grown_bush.png,1,12.858876,1,-19.604860,0
/shared/home/sarim.hashmi/usenix/benchmark/newbench_norm/fake/a_young_female_siting_on_a_bench_near_a_small_stagnant_lake.png,1,11.805190,1,-19.193922,0
/shared/home/sarim.hashmi/usenix/benchmark/newbench_norm/fake/an_image_of_a_a_plane_that_is_flying_in_the_air.png,1,13.057967,1,-19.743328,0
/shared/home/sarim.hashmi/usenix/benchmark/newbench_norm/fake/an_image_of_a_cat_in_a_toilet_with_the_water.png,1,11.371507,1,-19.952074,0
/shared/home/sarim.hashmi/usenix/benchmark/newbench_norm/fake/an_image_of_a_tourbus_stopping_on_a_route.png,1,12.197101,1,-20.492941,0
/shared/home/sarim.hashmi/usenix/benchmark/newbench_norm/fake/an_up_close_picture_of_mechanic_of_a_bike_.png,1,12.567797,1,-20.075483,0
/shared/home/sarim.hashmi/usenix/benchmark/newbench_norm/fake/cars_wait_at_red_light_at_an_intersection_by_mountains.png,1,13.467309,1,-17.483644,0
"/shared/home/sarim.hashmi/usenix/benchmark/newbench_norm/fake/group_of_giraffes_mingling_in_a_stand_of_trees
.png",1,11.012273,1,-17.370642,0
/shared/home/sarim.hashmi/usenix/benchmark/newbench_norm/fake/many_bikes_parked_in_a_parking_lot_very_close_to_each_other.png,1,12.585979,1,-19.922441,0
"/shared/home/sarim.hashmi/usenix/benchmark/newbench_norm/fake/older_women_sit_on_a_bench,_with_one_of_the_women_holding_crutches.png",1,11.557406,1,-20.055361,0
/shared/home/sarim.hashmi/usenix/benchmark/newbench_norm/fake/people_at_costume_party_dressed_up_in_costumes.png,1,12.659856,1,-20.485991,0
/shared/home/sarim.hashmi/usenix/benchmark/newbench_norm/fake/people_riding_bikes_near_a_beach_and_others_swimming.png,1,13.408252,1,-19.902346,0
/shared/home/sarim.hashmi/usenix/benchmark/newbench_norm/fake/people_standing_outside_a_building_with_clocks_built_into_the_side_of_it.png,1,12.720309,1,-20.266045,0
/shared/home/sarim.hashmi/usenix/benchmark/newbench_norm/fake/several_motorcycles_are_parked_next_to_each_other.png,1,12.669046,1,-19.854418,0
/shared/home/sarim.hashmi/usenix/benchmark/newbench_norm/fake/some_blurred_sheep_are_running_and_some_green_grass.png,1,13.041966,1,-19.627035,0
/shared/home/sarim.hashmi/usenix/benchmark/newbench_norm/fake/some_people_on_a_park_bench_in_a_field.png,1,12.434978,1,-20.498499,0
/shared/home/sarim.hashmi/usenix/benchmark/newbench_norm/fake/there_are_blue_lights_shining_threw_palm_trees_.png,1,12.337007,1,-20.193245,0
/shared/home/sarim.hashmi/usenix/benchmark/newbench_norm/fake/there_are_many_rocks_on_the_side_of_this_road.png,1,13.652249,1,-18.439436,0
/shared/home/sarim.hashmi/usenix/benchmark/newbench_norm/fake/there_are_several_stop_signs_along_side_the_grass.png,1,11.802709,1,-16.655134,0
/shared/home/sarim.hashmi/usenix/benchmark/newbench_norm/fake/there_are_two_very_tall_giraffes_in_this_zoo_by_the_water.png,1,12.440869,1,-19.854223,0
/shared/home/sarim.hashmi/usenix/benchmark/newbench_norm/fake/there_is_a_one_way_street_sign_under_a_street_name_sign.png,1,11.999068,1,-18.605612,0
/shared/home/sarim.hashmi/usenix/benchmark/newbench_norm/fake/there_is_a_sheep_behind_a_fence_standing_in_the_snow.png,1,12.001048,1,-19.257706,0
/shared/home/sarim.hashmi/usenix/benchmark/newbench_norm/fake/there_is_a_stop_sign_at_the_end_of_this_cross_walk.png,1,13.349884,1,-19.043749,0
/shared/home/sarim.hashmi/usenix/benchmark/newbench_norm/fake/this_fire_hydrant_has_a_painting_on_it.png,1,12.224380,1,-19.564837,0
/shared/home/sarim.hashmi/usenix/benchmark/newbench_norm/fake/this_is_a_bus_with_an_ad_for_a_casino.png,1,11.619090,1,-19.910305,0
/shared/home/sarim.hashmi/usenix/benchmark/newbench_norm/fake/this_is_a_close_up_picture_of_a_roosters_neck.png,1,12.374029,1,-20.076105,0
/shared/home/sarim.hashmi/usenix/benchmark/newbench_norm/fake/this_man_is_riding_a_board_near_a_field.png,1,12.449300,1,-18.706846,0
/shared/home/sarim.hashmi/usenix/benchmark/newbench_norm/fake/three_children_sitting_on_a_bench_near_one_another.png,1,10.943418,1,-20.223970,0
/shared/home/sarim.hashmi/usenix/benchmark/newbench_norm/fake/train_pulling_up_the_track_while_people_wait_on_the_sidewalk.png,1,9.796176,1,-19.850529,0
/shared/home/sarim.hashmi/usenix/benchmark/newbench_norm/fake/two_birds_flying_over_some_water_and_their_reflection.png,1,13.114213,1,-17.391201,0
/shared/home/sarim.hashmi/usenix/benchmark/newbench_norm/fake/two_large_air_planes_on_a_run_way.png,1,12.862048,1,-19.811386,0
/shared/home/sarim.hashmi/usenix/benchmark/newbench_norm/fake/two_people_riding_on_a_motorcycle_on_a_road.png,1,12.322105,1,-19.296988,0
