path,label,score_clean,pred_clean,score_adv,pred_adv
/shared/home/sarim.hashmi/usenix/benchmark/newbench_norm/real/1_military_jet_fighter_flying_in_formation_alongside_a_1_military_propeller_pilot._.png,0,0.0003911044623237103,0,1.0,1
/shared/home/sarim.hashmi/usenix/benchmark/newbench_norm/real/A_CGI_man_sitting_on_top_of_a_CGI_hospital_bed..png,0,0.00012771034380421042,0,1.0,1
/shared/home/sarim.hashmi/usenix/benchmark/newbench_norm/real/A_CLEAN_AND_COLORFUL_BATHROOM_WITH_A_LARGE_MIRROR.png,0,0.0005044566350989044,0,1.0,1
/shared/home/sarim.hashmi/usenix/benchmark/newbench_norm/real/A_LOT_OF_SHEEP_IS_IN_THE_GRASS_WITH_A_SHEEP_DOG.png,0,0.00014257154543884099,0,1.0,1
/shared/home/sarim.hashmi/usenix/benchmark/newbench_norm/real/A_banana_that_is_sitting_in_a_bowl_on_the_table..png,0,0.0028788160998374224,0,1.0,1
/shared/home/sarim.hashmi/usenix/benchmark/newbench_norm/real/A_basket_filled_with_ripe_bananas_on_top_of_a_table..png,0,0.0019171551102772355,0,1.0,1
/shared/home/sarim.hashmi/usenix/benchmark/newbench_norm/real/A_bathroom_filled_with_a_white_toilet_next_to_a_sink..png,0,0.00013261825370136648,0,1.0,1
/shared/home/sarim.hashmi/usenix/benchmark/newbench_norm/real/A_bathroom_has_a_self_standing_sink_on_the_wall..png,0,0.0006603439105674624,0,0.9999997615814209,1
"/shared/home/sarim.hashmi/usenix/benchmark/newbench_norm/real/A_bathroom_has_a_toilet,_sink,_mirror_and_bidet..png",0,0.000146359670907259,0,1.0,1
/shared/home/sarim.hashmi/usenix/benchmark/newbench_norm/real/A_bathroom_is_photographed_with_a_fisheye_filter..png,0,5.880026947124861e-05,0,0.9999992847442627,1
"/shared/home/sarim.hashmi/usenix/benchmark/newbench_norm/real/A_bathroom_is_shown_with_a_toilet,_sink,_and_shower..png",0,6.249554644455202e-06,0,1.0,1
"/shared/home/sarim.hashmi/usenix/benchmark/newbench_norm/real/A_bathroom_scene_with_a_toilet,_sink_and_a_mirror..png",0,1.520871137472568e-05,0,1.0,1
/shared/home/sarim.hashmi/usenix/benchmark/newbench_norm/real/A_bathroom_showing_a_necklace_rack_and_toiletries_grouped_on_the_sink_.png,0,4.915571116725914e-05,0,1.0,1
/shared/home/sarim.hashmi/usenix/benchmark/newbench_norm/real/A_bathroom_sink_sitting_under_a_large_mirror..png,0,0.0008512880303896964,0,1.0,1
/shared/home/sarim.hashmi/usenix/benchmark/newbench_norm/real/A_bathroom_sink_under_a_mirror_in_a_bathroom..png,0,0.006771964021027088,0,1.0,1
"/shared/home/sarim.hashmi/usenix/benchmark/newbench_norm/real/A_bathroom_sink_with_a_toothbrush,_soap_dispenser_and_mirror..png",0,0.00023934384807944298,0,1.0,1
/shared/home/sarim.hashmi/usenix/benchmark/newbench_norm/real/A_bathroom_sink_with_wood_finish_cabinets._.png,0,0.0006378036923706532,0,1.0,1
/shared/home/sarim.hashmi/usenix/benchmark/newbench_norm/real/A_bathroom_that_has_a_special_shelf_for_towels._.png,0,0.00989114586263895,0,1.0,1
/shared/home/sarim.hashmi/usenix/benchmark/newbench_norm/real/A_bathroom_toilet_with_yellow_liquid_inside_and_a_dirty_tub..png,0,5.495400546351448e-05,0,1.0,1
"/shared/home/sarim.hashmi/usenix/benchmark/newbench_norm/real/A_bathroom_with_a_shower_curtain,_a_toilet,_a_sink_and_cabinets..png",0,0.0005953392246738076,0,1.0,1
"/shared/home/sarim.hashmi/usenix/benchmark/newbench_norm/real/A_bathroom_with_a_sink,_counter,_toilet_and_shower_curtain..png",0,0.00027696843608282506,0,1.0,1
/shared/home/sarim.hashmi/usenix/benchmark/newbench_norm/real/A_bathroom_with_a_standing_shower_next_to_a_sink_and_mirror..png,0,0.024883275851607323,0,1.0,1
"/shared/home/sarim.hashmi/usenix/benchmark/newbench_norm/real/A_bathroom_with_a_toilet,_tub,_mirror_and_shower_curtain._.png",0,0.0018609203398227692,0,1.0,1
/shared/home/sarim.hashmi/usenix/benchmark/newbench_norm/real/A_bathroom_with_a_toilet_bowl_and_shower..png,0,0.0015127920778468251,0,1.0,1
/shared/home/sarim.hashmi/usenix/benchmark/newbench_norm/real/A_bathroom_with_a_vanity_mirror_toilette_and_kitchen_sink_next_to_a_shower..png,0,0.012340283021330833,0,1.0,1
/shared/home/sarim.hashmi/usenix/benchmark/newbench_norm/real/A_bathroom_with_a_white_bath_tub_and_two_sinks..png,0,0.00012208131374791265,0,1.0,1
/shared/home/sarim.hashmi/usenix/benchmark/newbench_norm/real/A_bathroom_with_a_white_sink_next_to_a_toilet_paper_roller..png,0,0.0008171845693141222,0,0.9999998807907104,1
/shared/home/sarim.hashmi/usenix/benchmark/newbench_norm/real/A_bathroom_with_a_white_toilet_next_to_a_shower..png,0,0.005848626606166363,0,0.9999607801437378,1
/shared/home/sarim.hashmi/usenix/benchmark/newbench_norm/real/A_bathroom_with_two_toilets_look_in_very_bad_shape..png,0,0.13758236169815063,0,1.0,1
/shared/home/sarim.hashmi/usenix/benchmark/newbench_norm/real/A_bathroom_with_white_colored_cabinets_and_toilet.png,0,0.00016789943038020283,0,1.0,1
/shared/home/sarim.hashmi/usenix/benchmark/newbench_norm/real/A_bathroom_with_white_urinals_amd_sinks_and_brown_stall_doors..png,0,0.0002010168245760724,0,1.0,1
/shared/home/sarim.hashmi/usenix/benchmark/newbench_norm/real/A_bathtub_with_candles_lit_up_around_it_and_a_stool_next_to_it..png,0,0.002528549637645483,0,1.0,1
/shared/home/sarim.hashmi/usenix/benchmark/newbench_norm/real/A_beautiful_kitchen_with_lots_of_windows_and_wooden_cabinets._.png,0,0.0008002479444257915,0,1.0,1
/shared/home/sarim.hashmi/usenix/benchmark/newbench_norm/real/A_beige_bathroom_with_a_phone_beside_the_toilet..png,0,0.000998173258267343,0,1.0,1
/shared/home/sarim.hashmi/usenix/benchmark/newbench_norm/real/A_bench_partially_buried_in_sand_on_a_beach_near_the_ocean..png,0,0.007483544759452343,0,1.0,1
/shared/home/sarim.hashmi/usenix/benchmark/newbench_norm/real/A_bench_that_looks_like_a_round_hut..png,0,0.0009268884896300733,0,1.0,1
/shared/home/sarim.hashmi/usenix/benchmark/newbench_norm/real/A_bicycle_resting_outside_of_a_building_door.png,0,1.4128207112662494e-05,0,1.0,1
/shared/home/sarim.hashmi/usenix/benchmark/newbench_norm/real/A_bicyclist_is_riding_across_the_street_next_to_someone_on_a_motorcycle._.png,0,0.008160848170518875,0,1.0,1
/shared/home/sarim.hashmi/usenix/benchmark/newbench_norm/real/A_big_commercial_plane_flying_in_cloudy_skies..png,0,0.003258452983573079,0,1.0,1
/shared/home/sarim.hashmi/usenix/benchmark/newbench_norm/real/A_big_locomotive_stopped_in_a_train_station.png,0,0.00018551650282461196,0,1.0,1
/shared/home/sarim.hashmi/usenix/benchmark/newbench_norm/real/A_bike_is_parked_alongside_the_lake_shore..png,0,5.6504075473640114e-05,0,1.0,1
/shared/home/sarim.hashmi/usenix/benchmark/newbench_norm/real/A_bike_is_shown_attached_to_a_rack..png,0,0.00023370180861093104,0,1.0,1
/shared/home/sarim.hashmi/usenix/benchmark/newbench_norm/real/A_bike_parked_in_front_of_a_store_with_a_basket..png,0,0.001280230120755732,0,1.0,1
/shared/home/sarim.hashmi/usenix/benchmark/newbench_norm/real/A_bike_sitting_In_a_glass_window_in_a_building.png,0,0.0056217024102807045,0,1.0,1
/shared/home/sarim.hashmi/usenix/benchmark/newbench_norm/real/A_bird_flying_through_the_air_while_flapping_it's_wings..png,0,0.00017870085139293224,0,1.0,1
/shared/home/sarim.hashmi/usenix/benchmark/newbench_norm/real/A_bird_is_standing_upright_in_the_water_and_leaves..png,0,0.00838557817041874,0,1.0,1
/shared/home/sarim.hashmi/usenix/benchmark/newbench_norm/real/A_bird_perched_on_the_back_of_a_white_bench..png,0,0.01772085390985012,0,0.9999995231628418,1
/shared/home/sarim.hashmi/usenix/benchmark/newbench_norm/real/A_bird_perched_on_top_of_a_wooden_power_pole..png,0,0.00014904428098816425,0,1.0,1
/shared/home/sarim.hashmi/usenix/benchmark/newbench_norm/real/A_bird_stands_on_the_ground_among_dried_leaves..png,0,0.02558152750134468,0,1.0,1
/shared/home/sarim.hashmi/usenix/benchmark/newbench_norm/real/A_bird_that_is_on_a_tree_limb..png,0,0.015337037853896618,0,1.0,1
/shared/home/sarim.hashmi/usenix/benchmark/newbench_norm/real/A_bird_with_a_fish_in_its_hand_on_a_beach..png,0,0.009692050516605377,0,1.0,1
/shared/home/sarim.hashmi/usenix/benchmark/newbench_norm/real/A_birthday_cake_is_decorated_like_a_fire_engine..png,0,2.6565196094452403e-05,0,1.0,1
/shared/home/sarim.hashmi/usenix/benchmark/newbench_norm/real/A_black_and_white_dog_on_a_brown_tile_floor_next_to_counter..png,0,0.04412300884723663,0,0.9999998807907104,1
/shared/home/sarim.hashmi/usenix/benchmark/newbench_norm/real/A_black_and_white_photo_of_an_old_locomotive..png,0,0.6668134331703186,1,1.0,1
/shared/home/sarim.hashmi/usenix/benchmark/newbench_norm/real/A_black_and_white_photo_of_four_young_children..png,0,0.00010788381041493267,0,1.0,1
/shared/home/sarim.hashmi/usenix/benchmark/newbench_norm/real/A_black_and_white_toilet_with_a_plunger..png,0,0.0003407660697121173,0,1.0,1
/shared/home/sarim.hashmi/usenix/benchmark/newbench_norm/real/A_black_and_yellow_fire_hydrant_on_a_city_sidewalk..png,0,0.00014859711518511176,0,1.0,1
/shared/home/sarim.hashmi/usenix/benchmark/newbench_norm/real/A_black_cat_half-submerged_in_a_toilet_while_drinking_out_of_it..png,0,0.0009262048406526446,0,1.0,1
/shared/home/sarim.hashmi/usenix/benchmark/newbench_norm/real/A_black_cat_wearing_a_black_beanie_while_laying_on_a_red_couch...png,0,8.56814076541923e-05,0,1.0,1
/shared/home/sarim.hashmi/usenix/benchmark/newbench_norm/real/A_black_lab_waits_at_a_picnic_table_for_it's_master..png,0,0.0005220439052209258,0,1.0,1
/shared/home/sarim.hashmi/usenix/benchmark/newbench_norm/real/A_blonde_woman_standing_in_front_of_a_red_double_decker_bus..png,0,9.125847282120958e-05,0,1.0,1
/shared/home/sarim.hashmi/usenix/benchmark/newbench_norm/real/A_blue_bike_parked_next_to_a_tree_in_a_planter..png,0,0.0001436488819308579,0,1.0,1
/shared/home/sarim.hashmi/usenix/benchmark/newbench_norm/real/A_blue_bowl_sitting_on_a_table_with_a_banana_in_it._.png,0,0.0024853921495378017,0,0.9999997615814209,1
/shared/home/sarim.hashmi/usenix/benchmark/newbench_norm/real/A_blue_bus_driving_down_a_street_next_to_trees..png,0,0.0002597313723526895,0,1.0,1
/shared/home/sarim.hashmi/usenix/benchmark/newbench_norm/real/A_blue_bus_is_crossing_the_intersection_with_various_vehicles_behind_it..png,0,0.024127889424562454,0,1.0,1
/shared/home/sarim.hashmi/usenix/benchmark/newbench_norm/real/A_blue_motor_scooter_parked_in_a_parking_lot..png,0,0.02804849110543728,0,1.0,1
/shared/home/sarim.hashmi/usenix/benchmark/newbench_norm/real/A_blue_motor_scooter_with_a_cat_sitting_on_it..png,0,3.7678539683838608e-06,0,1.0,1
/shared/home/sarim.hashmi/usenix/benchmark/newbench_norm/real/A_boat_sitting_next_to_a_beach_in_the_ocean_covered_with_birds..png,0,0.0007982319802977145,0,1.0,1
/shared/home/sarim.hashmi/usenix/benchmark/newbench_norm/real/A_boat_that_is_on_the_sand_and_people_nearby._.png,0,0.4840535819530487,0,1.0,1
/shared/home/sarim.hashmi/usenix/benchmark/newbench_norm/real/A_bowl_in_a_sink_and_window_in_a_room..png,0,0.00027720860089175403,0,1.0,1
"/shared/home/sarim.hashmi/usenix/benchmark/newbench_norm/real/A_bowl_of_cereal_with_milk,_bananas,_raspberries_and_blueberries..png",0,0.0045197452418506145,0,1.0,1
/shared/home/sarim.hashmi/usenix/benchmark/newbench_norm/real/A_boy_carrying_a_surfboard_on_a_busy_sidewalk..png,0,0.0007746107876300812,0,1.0,1
/shared/home/sarim.hashmi/usenix/benchmark/newbench_norm/real/A_boy_in_blue_hat_riding_on_a_carousel..png,0,0.00010705658496590331,0,1.0,1
/shared/home/sarim.hashmi/usenix/benchmark/newbench_norm/real/A_bright_blue_and_white_AMX_jet_is_in_the_clear_sky..png,0,0.028953269124031067,0,1.0,1
/shared/home/sarim.hashmi/usenix/benchmark/newbench_norm/real/A_brown_duck_floats_by_itself_on_the_water.png,0,0.008628577925264835,0,1.0,1
/shared/home/sarim.hashmi/usenix/benchmark/newbench_norm/real/A_brown_plane_is_parked_at_air_port.png,0,0.022505635395646095,0,1.0,1
/shared/home/sarim.hashmi/usenix/benchmark/newbench_norm/real/A_brown_songbird_perched_on_the_handlebars_of_a_bicycle..png,0,0.008792338892817497,0,1.0,1
/shared/home/sarim.hashmi/usenix/benchmark/newbench_norm/real/A_building_in_the_sky_that_has_the_lights_on..png,0,5.357295594876632e-05,0,1.0,1
/shared/home/sarim.hashmi/usenix/benchmark/newbench_norm/real/A_bunch_of_airplanes_are_parked_on_the_runway._.png,0,0.0023546123411506414,0,1.0,1
/shared/home/sarim.hashmi/usenix/benchmark/newbench_norm/real/A_bunch_of_antelopes_are_seen_roaming_the_plains..png,0,2.222872899437789e-05,0,1.0,1
/shared/home/sarim.hashmi/usenix/benchmark/newbench_norm/real/A_bunch_of_bananas_hanging_from_a_green_tree..png,0,0.5042875409126282,1,0.9999998807907104,1
/shared/home/sarim.hashmi/usenix/benchmark/newbench_norm/real/A_bunch_of_bicycles_parked_on_the_street_with_items_sitting_around_them_.png,0,0.0004973768373019993,0,1.0,1
/shared/home/sarim.hashmi/usenix/benchmark/newbench_norm/real/A_bunch_of_giraffes_that_are_standing_in_the_dirt..png,0,0.003718630177900195,0,1.0,1
/shared/home/sarim.hashmi/usenix/benchmark/newbench_norm/real/A_bunch_of_goats_are_eating_out_of_a_box.png,0,0.008600425906479359,0,1.0,1
/shared/home/sarim.hashmi/usenix/benchmark/newbench_norm/real/A_bunch_of_sheep_smile_are_they_walk_by..png,0,0.08589022606611252,0,1.0,1
/shared/home/sarim.hashmi/usenix/benchmark/newbench_norm/real/A_bunk_bed_sits_next_to_an_open_window._.png,0,0.00027567887445911765,0,1.0,1
/shared/home/sarim.hashmi/usenix/benchmark/newbench_norm/real/A_bus_all_lite_up_inside_and_out_with_diffrent_colors_._.png,0,0.0006928430520929396,0,1.0,1
/shared/home/sarim.hashmi/usenix/benchmark/newbench_norm/real/A_bus_driving_down_a_city_street_during_the_day..png,0,0.00021493833628483117,0,1.0,1
/shared/home/sarim.hashmi/usenix/benchmark/newbench_norm/real/A_bus_is_parked_in_front_of_a_building..png,0,0.029176779091358185,0,1.0,1
/shared/home/sarim.hashmi/usenix/benchmark/newbench_norm/real/A_bus_is_parked_on_the_street_away_from_some_cars..png,0,0.001411433331668377,0,1.0,1
/shared/home/sarim.hashmi/usenix/benchmark/newbench_norm/real/A_bus_on_a_divided_street_near_a_stop_light..png,0,0.0014363910304382443,0,1.0,1
/shared/home/sarim.hashmi/usenix/benchmark/newbench_norm/real/A_bus_pulled_up_to_the_curb_along_a_road..png,0,0.03470354154706001,0,1.0,1
/shared/home/sarim.hashmi/usenix/benchmark/newbench_norm/real/A_bus_stop_next_to_a_curvy_road_surrounded_by_traffic_lights..png,0,0.0036400072276592255,0,1.0,1
/shared/home/sarim.hashmi/usenix/benchmark/newbench_norm/real/A_bus_stop_sign_on_a_city_street..png,0,0.0066981022246181965,0,1.0,1
/shared/home/sarim.hashmi/usenix/benchmark/newbench_norm/real/A_bus_stops_next_to_a_street_sign..png,0,0.08363695442676544,0,1.0,1
/shared/home/sarim.hashmi/usenix/benchmark/newbench_norm/real/A_bus_traveling_down_a_road_next_to_a_bus_stop..png,0,0.0012388969771564007,0,1.0,1
/shared/home/sarim.hashmi/usenix/benchmark/newbench_norm/real/A_bus_travels_on_a_road_near_buildings_and_parked_vehicles.png,0,0.01101943664252758,0,1.0,1
/shared/home/sarim.hashmi/usenix/benchmark/newbench_norm/real/A_bus_window_with_finger_writing_on_it..png,0,0.1327812522649765,0,1.0,1
/shared/home/sarim.hashmi/usenix/benchmark/newbench_norm/real/A_bus_with_a_mural_on_the_side_and_front..png,0,0.0002461591502651572,0,1.0,1
/shared/home/sarim.hashmi/usenix/benchmark/newbench_norm/real/A_busy_city_street_filled_with_people_walling_and_street_signs..png,0,0.006773538887500763,0,1.0,1
/shared/home/sarim.hashmi/usenix/benchmark/newbench_norm/real/A_busy_city_street_with_dimly_lit_trees_at_night..png,0,7.080577779561281e-05,0,1.0,1
/shared/home/sarim.hashmi/usenix/benchmark/newbench_norm/real/A_cage_packed_full_of_yellow_parakeets._.png,0,0.0025064763613045216,0,1.0,1
/shared/home/sarim.hashmi/usenix/benchmark/newbench_norm/real/A_cake_cover_is_made_to_look_like_a_wire_birdcage._.png,0,0.15910565853118896,0,1.0,1
/shared/home/sarim.hashmi/usenix/benchmark/newbench_norm/real/A_calico_cat_drinking_water_from_a_running_tap_in_a_bathroom..png,0,0.0010757927084341645,0,1.0,1
/shared/home/sarim.hashmi/usenix/benchmark/newbench_norm/real/A_car_is_parked_on_the_street_by_some_signs..png,0,3.6060202546650544e-05,0,1.0,1
/shared/home/sarim.hashmi/usenix/benchmark/newbench_norm/real/A_car_is_waiting_beside_people_standing_on_the_sidewalk..png,0,1.2845077435486019e-05,0,1.0,1
/shared/home/sarim.hashmi/usenix/benchmark/newbench_norm/real/A_cat_in_a_birthday_hat_is_lying_on_a_couch..png,0,0.005934747867286205,0,1.0,1
/shared/home/sarim.hashmi/usenix/benchmark/newbench_norm/real/A_cat_is_drinking_water_from_the_toilet_bowl.png,0,0.003154892474412918,0,1.0,1
/shared/home/sarim.hashmi/usenix/benchmark/newbench_norm/real/A_cat_laying_next_to_a_stainless_steel_bowl..png,0,0.01151666883379221,0,1.0,1
/shared/home/sarim.hashmi/usenix/benchmark/newbench_norm/real/A_cat_laying_on_a_cushion_on_top_of_a_table..png,0,0.0001827002561185509,0,1.0,1
/shared/home/sarim.hashmi/usenix/benchmark/newbench_norm/real/A_cat_looking_out_of_a_vehicle_window_during_rain..png,0,7.105700206011534e-05,0,1.0,1
/shared/home/sarim.hashmi/usenix/benchmark/newbench_norm/real/A_cat_lying_in_a_white_sink_in_the_bathroom._.png,0,0.0003522164188325405,0,1.0,1
/shared/home/sarim.hashmi/usenix/benchmark/newbench_norm/real/A_cat_sits_on_the_edge_of_a_bathroom_sink..png,0,0.0020740001928061247,0,1.0,1
/shared/home/sarim.hashmi/usenix/benchmark/newbench_norm/real/A_cat_sitting_on_top_of_a_green_car..png,0,0.0008493705536238849,0,0.9999998807907104,1
/shared/home/sarim.hashmi/usenix/benchmark/newbench_norm/real/A_cat_sitting_on_top_of_a_window_sill_over_a_sink..png,0,0.012871712446212769,0,1.0,1
/shared/home/sarim.hashmi/usenix/benchmark/newbench_norm/real/A_cat_sitting_outside_on_a_bench_on_a_sunny_day..png,0,0.0002678007585927844,0,1.0,1
/shared/home/sarim.hashmi/usenix/benchmark/newbench_norm/real/A_cat_sitting_outside_on_some_cobble_stone..png,0,0.03452098369598389,0,1.0,1
/shared/home/sarim.hashmi/usenix/benchmark/newbench_norm/real/A_cat_standing_on_top_of_a_toilet_seat_next_to_a_sink..png,0,0.0005097566754557192,0,0.9999998807907104,1
/shared/home/sarim.hashmi/usenix/benchmark/newbench_norm/real/A_cat_standing_on_top_of_a_wooden_bench..png,0,0.007068667095154524,0,1.0,1
/shared/home/sarim.hashmi/usenix/benchmark/newbench_norm/real/A_center_island_in_a_kitchen_covered_in_a_fan..png,0,0.0038386511150747538,0,1.0,1
/shared/home/sarim.hashmi/usenix/benchmark/newbench_norm/real/A_chair_and_a_table_in_a_small_room..png,0,0.05489017441868782,0,1.0,1
/shared/home/sarim.hashmi/usenix/benchmark/newbench_norm/real/A_cheesy_pastry_sitting_on_top_of_a_plate..png,0,0.050793226808309555,0,1.0,1
/shared/home/sarim.hashmi/usenix/benchmark/newbench_norm/real/A_church_with_a_massively_tall_tower_covered_in_a_clock..png,0,0.00025067839305847883,0,1.0,1
/shared/home/sarim.hashmi/usenix/benchmark/newbench_norm/real/A_city_street_filled_with_lots_of_traffic..png,0,0.028254901990294456,0,1.0,1
/shared/home/sarim.hashmi/usenix/benchmark/newbench_norm/real/A_city_street_filled_with_traffic_and_parking_lights..png,0,0.00017325331282336265,0,1.0,1
/shared/home/sarim.hashmi/usenix/benchmark/newbench_norm/real/A_city_traffic_light_is_red_with_a_large_billow_of_smoke_in_the_background..png,0,0.031089505180716515,0,1.0,1
/shared/home/sarim.hashmi/usenix/benchmark/newbench_norm/real/A_classic_car_waiting_at_a_3-way_stop_sign..png,0,0.06329865008592606,0,1.0,1
/shared/home/sarim.hashmi/usenix/benchmark/newbench_norm/real/A_clock_mounted_on_a_wall_over_the_doorway_of_a_kitchen..png,0,0.0013167797587811947,0,1.0,1
/shared/home/sarim.hashmi/usenix/benchmark/newbench_norm/real/A_close-up_of_a_tropical_bird_with_a_mirror_behind_it..png,0,0.0010716307442635298,0,0.9999988079071045,1
/shared/home/sarim.hashmi/usenix/benchmark/newbench_norm/real/A_close-up_shot_of_a_metal_squat_toilet..png,0,0.02463369071483612,0,1.0,1
/shared/home/sarim.hashmi/usenix/benchmark/newbench_norm/real/A_close-up_view_of_a_green_and_yellow_fire_hydrant..png,0,6.4768341871968005e-06,0,0.9999961853027344,1
/shared/home/sarim.hashmi/usenix/benchmark/newbench_norm/real/A_close_up_of_a_peacock_who_is_behind_an_enclosure._.png,0,0.75295090675354,1,1.0,1
/shared/home/sarim.hashmi/usenix/benchmark/newbench_norm/real/A_colorful_bus_is_parked_on_the_street..png,0,0.03777146339416504,0,1.0,1
/shared/home/sarim.hashmi/usenix/benchmark/newbench_norm/real/A_commercial_airplane_either_landing_or_preparing_for_take_off..png,0,0.00185095623601228,0,1.0,1
/shared/home/sarim.hashmi/usenix/benchmark/newbench_norm/real/A_corner_of_street_with_a_building_showing_a_bowling_pin..png,0,0.02503485232591629,0,1.0,1
/shared/home/sarim.hashmi/usenix/benchmark/newbench_norm/real/A_couch_on_the_side_of_the_street_with_a_television_on_it..png,0,0.0003623327938839793,0,1.0,1
/shared/home/sarim.hashmi/usenix/benchmark/newbench_norm/real/A_couple_of_baby_sheep_standing_next_to_each_other..png,0,0.002176659880205989,0,1.0,1
/shared/home/sarim.hashmi/usenix/benchmark/newbench_norm/real/A_couple_of_bathrooms_one_with_a_standing_toilet_next_to_one_with_a_sitting_toilet..png,0,0.0030175563879311085,0,1.0,1
/shared/home/sarim.hashmi/usenix/benchmark/newbench_norm/real/A_couple_of_bicycles_sitting_in_a_large_garden..png,0,0.638420820236206,1,1.0,1
/shared/home/sarim.hashmi/usenix/benchmark/newbench_norm/real/A_couple_of_birds_fly_through_a_blue_cloudy_sky..png,0,0.00029579998226836324,0,1.0,1
/shared/home/sarim.hashmi/usenix/benchmark/newbench_norm/real/A_couple_of_birds_standing_on_top_of__a_wooden_bench..png,0,0.0001292761880904436,0,1.0,1
/shared/home/sarim.hashmi/usenix/benchmark/newbench_norm/real/A_couple_of_captive_giraffes_look_around_the_ground_in_the_zoo._.png,0,0.03373816981911659,0,1.0,1
/shared/home/sarim.hashmi/usenix/benchmark/newbench_norm/real/A_couple_of_giraffe_in_a_field_near_some_trees..png,0,0.003276009112596512,0,1.0,1
/shared/home/sarim.hashmi/usenix/benchmark/newbench_norm/real/A_couple_of_giraffe_standing_next_to_a_doorway..png,0,6.96485149092041e-05,0,1.0,1
/shared/home/sarim.hashmi/usenix/benchmark/newbench_norm/real/A_couple_of_giraffe_standing_next_to_each_other..png,0,0.0023370152339339256,0,1.0,1
/shared/home/sarim.hashmi/usenix/benchmark/newbench_norm/real/A_couple_of_older_men_sitting_on_top_of_a_bench..png,0,0.01404675655066967,0,1.0,1
/shared/home/sarim.hashmi/usenix/benchmark/newbench_norm/real/A_couple_of_people_flying_kites_on_top_of_a_beach..png,0,1.0330917575629428e-05,0,1.0,1
/shared/home/sarim.hashmi/usenix/benchmark/newbench_norm/real/A_couple_of_people_standing_in_a_field_flying_a_giant_kite..png,0,0.0002887806622311473,0,1.0,1
/shared/home/sarim.hashmi/usenix/benchmark/newbench_norm/real/A_couple_of_people_standing_next_to_a_food_cart_filled_with_smoke..png,0,0.0006502480246126652,0,1.0,1
/shared/home/sarim.hashmi/usenix/benchmark/newbench_norm/real/A_couple_of_people_that_are_holding_an_umbrellas..png,0,0.00169049808755517,0,1.0,1
/shared/home/sarim.hashmi/usenix/benchmark/newbench_norm/real/A_couple_of_red_motorcycles_parked_in_front_of_a_building..png,0,7.203027053037658e-05,0,1.0,1
/shared/home/sarim.hashmi/usenix/benchmark/newbench_norm/real/A_couple_of_red_trains_parked_in_a_train_station..png,0,0.0014919859822839499,0,1.0,1
/shared/home/sarim.hashmi/usenix/benchmark/newbench_norm/real/A_couple_of_wooden_benches_sitting_across_from_each_other..png,0,0.0010591177269816399,0,1.0,1
/shared/home/sarim.hashmi/usenix/benchmark/newbench_norm/real/A_couple_of_zebra_walking_next_to_a_giraffe_on_a_lush_green_field..png,0,0.00044956908095628023,0,1.0,1
/shared/home/sarim.hashmi/usenix/benchmark/newbench_norm/real/A_crowded_city_street_filled_with_traffic_at_night..png,0,0.00498610083013773,0,1.0,1
/shared/home/sarim.hashmi/usenix/benchmark/newbench_norm/real/A_crystal_bowl_filled_with_oranges_on_top_of_a_table..png,0,0.006987296510487795,0,1.0,1
/shared/home/sarim.hashmi/usenix/benchmark/newbench_norm/real/A_custom_cake_featuring_a_fisherman_for_a_man's_65th_birthday._.png,0,2.488204245310044e-06,0,1.0,1
/shared/home/sarim.hashmi/usenix/benchmark/newbench_norm/real/A_desktop_computer_in_a_kitchen_with_a_lamp_next_to_it..png,0,0.009435166604816914,0,1.0,1
/shared/home/sarim.hashmi/usenix/benchmark/newbench_norm/real/A_dinning_room_table_sitting_next_to_a_small_fireplace..png,0,0.00981060415506363,0,1.0,1
/shared/home/sarim.hashmi/usenix/benchmark/newbench_norm/real/A_dirty_toilet_that_is_in_a_bathroom..png,0,0.021305479109287262,0,1.0,1
/shared/home/sarim.hashmi/usenix/benchmark/newbench_norm/real/A_distant_airplane_flying_between_two_large_buildings..png,0,0.00016079063061624765,0,1.0,1
/shared/home/sarim.hashmi/usenix/benchmark/newbench_norm/real/A_distant_shot_with_people_approaching_the_bus._.png,0,0.09878367185592651,0,1.0,1
/shared/home/sarim.hashmi/usenix/benchmark/newbench_norm/real/A_dog_and_a_goat_with_their_noses_touching_at_fence..png,0,5.280775440041907e-05,0,1.0,1
/shared/home/sarim.hashmi/usenix/benchmark/newbench_norm/real/A_dog_is_posing_on_top_of_a_motorcycle._.png,0,0.00010507798288017511,0,1.0,1
/shared/home/sarim.hashmi/usenix/benchmark/newbench_norm/real/A_dog_laying_on_the_dashboard_of_a_vehicle..png,0,5.271185364108533e-05,0,1.0,1
/shared/home/sarim.hashmi/usenix/benchmark/newbench_norm/real/A_dog_sitting_in_the_passenger_seat_of_a_car..png,0,0.0047697704285383224,0,1.0,1
/shared/home/sarim.hashmi/usenix/benchmark/newbench_norm/real/A_dog_wearing_a_Santa_Claus_hat._.png,0,0.00011991581413894892,0,1.0,1
/shared/home/sarim.hashmi/usenix/benchmark/newbench_norm/real/A_donkey_leads_a_herd_of_sheep_down_a_busy_street..png,0,0.010733714327216148,0,1.0,1
"/shared/home/sarim.hashmi/usenix/benchmark/newbench_norm/real/A_doorway_view_with_a_toilet,_shower_and_a_sink..png",0,0.006389095447957516,0,1.0,1
/shared/home/sarim.hashmi/usenix/benchmark/newbench_norm/real/A_double_decker_bus_driving_down_a_street..png,0,0.0003886043559759855,0,1.0,1
/shared/home/sarim.hashmi/usenix/benchmark/newbench_norm/real/A_double_decker_bus_driving_down_a_street_past_a_tall_building..png,0,0.00020800126367248595,0,1.0,1
/shared/home/sarim.hashmi/usenix/benchmark/newbench_norm/real/A_duck_and_baby_ducks_are_in_the_blue_water..png,0,0.0010415620636194944,0,1.0,1
/shared/home/sarim.hashmi/usenix/benchmark/newbench_norm/real/A_faded_red_fire_hydrant_sitting_on_the_side_of_a_street..png,0,0.0011137212859466672,0,1.0,1
/shared/home/sarim.hashmi/usenix/benchmark/newbench_norm/real/A_family_of_giraffes_standing_next_to_a_pile_of_logs..png,0,2.6767647796077654e-05,0,1.0,1
/shared/home/sarim.hashmi/usenix/benchmark/newbench_norm/real/A_fancy_motorcycle_parked_on_a_red_carpet.png,0,0.00023998985125217587,0,1.0,1
/shared/home/sarim.hashmi/usenix/benchmark/newbench_norm/real/A_field_full_of_lots_of_yellow_flowers_with_a_train_passing_it_by..png,0,0.2475387156009674,0,1.0,1
/shared/home/sarim.hashmi/usenix/benchmark/newbench_norm/real/A_fire_burns_while_a_person_rides_a_green_motorcycle_and_several_motorcycles_are_flipping_in_the_air.png,0,6.587073585251346e-05,0,1.0,1
/shared/home/sarim.hashmi/usenix/benchmark/newbench_norm/real/A_fire_hydrant_covered_up_halfway_with_snow..png,0,0.0024355840869247913,0,1.0,1
/shared/home/sarim.hashmi/usenix/benchmark/newbench_norm/real/A_fire_hydrant_in_the_grass_near_the_curb_with_the_remnants_of_melting_snow.png,0,0.02600923925638199,0,0.9999998807907104,1
"/shared/home/sarim.hashmi/usenix/benchmark/newbench_norm/real/A_fire_hydrant_on_the_side_of_the_road,_it_looks_old..png",0,0.001771217561326921,0,1.0,1
/shared/home/sarim.hashmi/usenix/benchmark/newbench_norm/real/A_fire_hydrant_sitting_next_to_a_tree_in_a_forest..png,0,6.825890159234405e-05,0,1.0,1
/shared/home/sarim.hashmi/usenix/benchmark/newbench_norm/real/A_fire_hydrant_that_is_red_on_top_and_says_to_open..png,0,6.356287940434413e-06,0,1.0,1
/shared/home/sarim.hashmi/usenix/benchmark/newbench_norm/real/A_fire_hydrant_that_is_spewing_water_in_the_middle_of_a_city..png,0,0.18730683624744415,0,1.0,1
/shared/home/sarim.hashmi/usenix/benchmark/newbench_norm/real/A_flock_of_birds_are_flying_above_the_spire_of_a_building_tower..png,0,0.00885953102260828,0,1.0,1
/shared/home/sarim.hashmi/usenix/benchmark/newbench_norm/real/A_flock_of_sheep_graze_on_a_hillside..png,0,0.0008957774261943996,0,1.0,1
/shared/home/sarim.hashmi/usenix/benchmark/newbench_norm/real/A_flock_of_sheep_grazing_in_a_field_of_grass..png,0,0.04006189852952957,0,1.0,1
/shared/home/sarim.hashmi/usenix/benchmark/newbench_norm/real/A_folk_of_birds_flying_over_a_military_ship..png,0,0.0004145549319218844,0,1.0,1
/shared/home/sarim.hashmi/usenix/benchmark/newbench_norm/real/A_formation_of_birds_in_a_sky_at_sunset..png,0,8.010816236492246e-05,0,1.0,1
/shared/home/sarim.hashmi/usenix/benchmark/newbench_norm/real/A_four_engine_Air_Algerie_prop_plane_with_landing_gear_out.png,0,0.0007735831895843148,0,1.0,1
/shared/home/sarim.hashmi/usenix/benchmark/newbench_norm/real/A_frozen_fire_hydrant_spewing_ice_out_into_a_street..png,0,0.03608027845621109,0,1.0,1
"/shared/home/sarim.hashmi/usenix/benchmark/newbench_norm/real/A_full_perspective_of_a_restroom_view_with_a_few_things._
.png",0,3.829280558420578e-06,0,1.0,1
/shared/home/sarim.hashmi/usenix/benchmark/newbench_norm/real/A_full_view_of_a_nice_and_comfortable_bed_with_pillows._.png,0,0.03197373077273369,0,1.0,1
/shared/home/sarim.hashmi/usenix/benchmark/newbench_norm/real/A_gang_of_bikers_riding_down_a_street_next_to_tall_buildings..png,0,0.0013153833569958806,0,1.0,1
/shared/home/sarim.hashmi/usenix/benchmark/newbench_norm/real/A_garden_is_surrounded_by_a_train_and_phone_booth._.png,0,0.0004781301540788263,0,1.0,1
/shared/home/sarim.hashmi/usenix/benchmark/newbench_norm/real/A_giraffe_grazing_from_a_tree_with_rock_wall_in_background..png,0,0.004340761806815863,0,1.0,1
/shared/home/sarim.hashmi/usenix/benchmark/newbench_norm/real/A_giraffe_in_a_grassy_field_near_a_hill..png,0,0.02698715217411518,0,1.0,1
/shared/home/sarim.hashmi/usenix/benchmark/newbench_norm/real/A_giraffe_laying_on_the_ground_near_a_fence..png,0,0.000281869521131739,0,1.0,1
/shared/home/sarim.hashmi/usenix/benchmark/newbench_norm/real/A_giraffe_stand_in_front_of_large_rocks_and_looks_at_a_tree..png,0,0.005012319888919592,0,1.0,1
/shared/home/sarim.hashmi/usenix/benchmark/newbench_norm/real/A_giraffe_standing_next_to_a_tall_tree..png,0,0.00034698686795309186,0,1.0,1
/shared/home/sarim.hashmi/usenix/benchmark/newbench_norm/real/A_giraffe_standing_on_a_dirt_road_next_to_plants..png,0,0.009287512861192226,0,1.0,1
/shared/home/sarim.hashmi/usenix/benchmark/newbench_norm/real/A_giraffe_standing_on_top_of_a_lush_green_field..png,0,0.0005693571292795241,0,1.0,1
/shared/home/sarim.hashmi/usenix/benchmark/newbench_norm/real/A_giraffe_stands_with_several_birds_resting_on_it's_neck._.png,0,0.0015955310082063079,0,1.0,1
/shared/home/sarim.hashmi/usenix/benchmark/newbench_norm/real/A_giraffe_walking_across_a_dirt_and_grass_field..png,0,0.0023019493091851473,0,1.0,1
/shared/home/sarim.hashmi/usenix/benchmark/newbench_norm/real/A_giraffe_walking_across_a_lush_green_field..png,0,0.013897189870476723,0,1.0,1
/shared/home/sarim.hashmi/usenix/benchmark/newbench_norm/real/A_giraffe_walking_in_a_field_with_gazelle's_looking_on._.png,0,2.8657002985710278e-05,0,1.0,1
/shared/home/sarim.hashmi/usenix/benchmark/newbench_norm/real/A_giraffe_walking_in_a_sandy_enclosure_.png,0,0.00018971343524754047,0,1.0,1
/shared/home/sarim.hashmi/usenix/benchmark/newbench_norm/real/A_girl_holding_a_skewer_with_a_banana_on_the_end.__.png,0,3.867201940011e-06,0,1.0,1
/shared/home/sarim.hashmi/usenix/benchmark/newbench_norm/real/A_girl_in_white_shirt_painting_a_black_umbrella..png,0,0.008564215153455734,0,1.0,1
/shared/home/sarim.hashmi/usenix/benchmark/newbench_norm/real/A_girl_takes_a_picture_of_herself_in_the_mirror..png,0,0.00012754384079016745,0,1.0,1
/shared/home/sarim.hashmi/usenix/benchmark/newbench_norm/real/A_goat_standing_next_to_a_tree_in_the_open..png,0,0.19562865793704987,0,1.0,1
/shared/home/sarim.hashmi/usenix/benchmark/newbench_norm/real/A_goat_with_very_long_horns_standing_in_front_of_a_tree..png,0,0.020275311544537544,0,1.0,1
/shared/home/sarim.hashmi/usenix/benchmark/newbench_norm/real/A_gray_and_black_bird_sitting_next_to_the_ocean..png,0,0.0005322701763361692,0,1.0,1
/shared/home/sarim.hashmi/usenix/benchmark/newbench_norm/real/A_gray_and_white_cat_sitting_in_blue_bowl..png,0,0.00017037396901287138,0,1.0,1
/shared/home/sarim.hashmi/usenix/benchmark/newbench_norm/real/A_gray_and_yellow_train_traveling_along_the_tracks.png,0,0.03973384574055672,0,1.0,1
/shared/home/sarim.hashmi/usenix/benchmark/newbench_norm/real/A_gray_motorcycle_parked_in_a_parking_lot..png,0,0.00025533168809488416,0,1.0,1
/shared/home/sarim.hashmi/usenix/benchmark/newbench_norm/real/A_green_and_blue_bus_stopped_to_discharge_passengers..png,0,0.004582837224006653,0,1.0,1
/shared/home/sarim.hashmi/usenix/benchmark/newbench_norm/real/A_green_and_white_bus_driving_down_a__city_street..png,0,0.003058291971683502,0,1.0,1
/shared/home/sarim.hashmi/usenix/benchmark/newbench_norm/real/A_green_mailbox_with_graffiti_on_the_side.png,0,0.00032831213320605457,0,1.0,1
/shared/home/sarim.hashmi/usenix/benchmark/newbench_norm/real/A_green_mountain_bike_sitting_next_to_a_bridge_as_a_train_passes_by..png,0,0.0007817973382771015,0,1.0,1
/shared/home/sarim.hashmi/usenix/benchmark/newbench_norm/real/A_green_street_sign_sitting_below_a_large_tree..png,0,0.00018998624000232667,0,0.9999595880508423,1
/shared/home/sarim.hashmi/usenix/benchmark/newbench_norm/real/A_green_train_traveling_down_train_tracks_next_to_another_train..png,0,0.0002089474437525496,0,1.0,1
/shared/home/sarim.hashmi/usenix/benchmark/newbench_norm/real/A_green_truck_parked_in_the_middle_of_a_garage..png,0,0.00585561478510499,0,1.0,1
/shared/home/sarim.hashmi/usenix/benchmark/newbench_norm/real/A_grey_and_white_cat_outside_looking_into_a_window..png,0,0.00012961351603735238,0,1.0,1
/shared/home/sarim.hashmi/usenix/benchmark/newbench_norm/real/A_group_of_bikers_parked_in_the_middle_of_a_street..png,0,0.00023497715301346034,0,1.0,1
/shared/home/sarim.hashmi/usenix/benchmark/newbench_norm/real/A_group_of_birds_eating_at_a_bird_feeder.png,0,0.18023565411567688,0,1.0,1
/shared/home/sarim.hashmi/usenix/benchmark/newbench_norm/real/A_group_of_elephants_are_standing_under_a_roof_cover..png,0,3.4272304674232146e-06,0,1.0,1
/shared/home/sarim.hashmi/usenix/benchmark/newbench_norm/real/A_group_of_giraffe_standing_next_to_each_other_on_a_field..png,0,0.004416836891323328,0,1.0,1
/shared/home/sarim.hashmi/usenix/benchmark/newbench_norm/real/A_group_of_giraffe_standing_on_top_of_a_dirt_field..png,0,0.00019925247761420906,0,1.0,1
/shared/home/sarim.hashmi/usenix/benchmark/newbench_norm/real/A_group_of_giraffes_next_to_a_fence..png,0,2.451964064675849e-05,0,1.0,1
/shared/home/sarim.hashmi/usenix/benchmark/newbench_norm/real/A_group_of_knives_mounted_to_a_kitchen_wall..png,0,0.04031042754650116,0,1.0,1
/shared/home/sarim.hashmi/usenix/benchmark/newbench_norm/real/A_group_of_men_standing_around_a_luggage_cart..png,0,2.8512624794529984e-07,0,1.0,1
/shared/home/sarim.hashmi/usenix/benchmark/newbench_norm/real/A_group_of_men_standing_in_front_of_a_bar_having_a_conversation..png,0,0.003638159018009901,0,1.0,1
/shared/home/sarim.hashmi/usenix/benchmark/newbench_norm/real/A_group_of_motorcycles_parked_in_front_of_a_building..png,0,2.5919829568010755e-05,0,1.0,1
/shared/home/sarim.hashmi/usenix/benchmark/newbench_norm/real/A_group_of_people_are_playing_some_musical_instruments..png,0,0.008646073751151562,0,1.0,1
/shared/home/sarim.hashmi/usenix/benchmark/newbench_norm/real/A_group_of_people_eating_at_tables_under_umbrellas_in_front_of_a_restaurant..png,0,8.542898285668343e-05,0,1.0,1
/shared/home/sarim.hashmi/usenix/benchmark/newbench_norm/real/A_group_of_people_in_suits_standing_in_a_kitchen..png,0,9.759374734130688e-06,0,1.0,1
/shared/home/sarim.hashmi/usenix/benchmark/newbench_norm/real/A_group_of_people_on_a_city_street..png,0,2.4295964067277964e-06,0,1.0,1
/shared/home/sarim.hashmi/usenix/benchmark/newbench_norm/real/A_group_of_people_on_motorbikes_ride_on_a_path..png,0,1.5504692782997154e-05,0,1.0,1
/shared/home/sarim.hashmi/usenix/benchmark/newbench_norm/real/A_group_of_people_sitting_and_laying_next_to_each_other..png,0,3.799817932303995e-06,0,1.0,1
/shared/home/sarim.hashmi/usenix/benchmark/newbench_norm/real/A_group_of_people_sitting_on_motor_bikes_on_a_street..png,0,0.05996154621243477,0,1.0,1
/shared/home/sarim.hashmi/usenix/benchmark/newbench_norm/real/A_group_of_people_sitting_on_strange_looking_benches._.png,0,1.88188896572683e-05,0,1.0,1
/shared/home/sarim.hashmi/usenix/benchmark/newbench_norm/real/A_group_of_people_standing_outside_of_a_small_airplane..png,0,2.2120584617368877e-05,0,1.0,1
/shared/home/sarim.hashmi/usenix/benchmark/newbench_norm/real/A_group_of_police_officer_standing_in_front_of_a_red_bus..png,0,0.0005252222763374448,0,1.0,1
/shared/home/sarim.hashmi/usenix/benchmark/newbench_norm/real/A_group_of_sheep_being_herded_by_a_black_dog..png,0,0.005438676103949547,0,1.0,1
/shared/home/sarim.hashmi/usenix/benchmark/newbench_norm/real/A_group_of_sheep_is_standing_in_a_grassy_field..png,0,0.00842128787189722,0,1.0,1
/shared/home/sarim.hashmi/usenix/benchmark/newbench_norm/real/A_group_of_sheep_sitting_next_to_a_tree..png,0,0.040077801793813705,0,1.0,1
/shared/home/sarim.hashmi/usenix/benchmark/newbench_norm/real/A_group_of_small_exotic_birds_standing_on_a_large_bamboo_stick..png,0,0.006240931339561939,0,1.0,1
/shared/home/sarim.hashmi/usenix/benchmark/newbench_norm/real/A_group_of_three_women_sitting_at_a_table_sharing_a_cup_of_tea..png,0,0.003445141250267625,0,1.0,1
/shared/home/sarim.hashmi/usenix/benchmark/newbench_norm/real/A_group_of_women_standing_next_to_each_other_in_an_office..png,0,2.7220325137022883e-05,0,1.0,1
/shared/home/sarim.hashmi/usenix/benchmark/newbench_norm/real/A_guy_rides_a_bike_in_a_race_and_has_fun.png,0,1.4844028555671684e-05,0,1.0,1
/shared/home/sarim.hashmi/usenix/benchmark/newbench_norm/real/A_herd_of_animals_laying_down_in_a_lush_green_field..png,0,0.05887272581458092,0,1.0,1
/shared/home/sarim.hashmi/usenix/benchmark/newbench_norm/real/A_herd_of_sheep_standing_on_a_grass_covered_hillside..png,0,0.0015355473151430488,0,1.0,1
/shared/home/sarim.hashmi/usenix/benchmark/newbench_norm/real/A_highway_scene_with_focus_on_an_exit_sign..png,0,1.8363511117058806e-05,0,1.0,1
/shared/home/sarim.hashmi/usenix/benchmark/newbench_norm/real/A_jet_is_flying_through_the_air_leaving_smoke_behind_it..png,0,0.030900293961167336,0,1.0,1
"/shared/home/sarim.hashmi/usenix/benchmark/newbench_norm/real/A_kitchen_area_with_shelves,_counter_and_bar_stools..png",0,0.0004363042244222015,0,1.0,1
/shared/home/sarim.hashmi/usenix/benchmark/newbench_norm/real/A_kitchen_filled_with_appliances_and_track_lighting..png,0,0.0008819027571007609,0,1.0,1
/shared/home/sarim.hashmi/usenix/benchmark/newbench_norm/real/A_kitchen_filled_with_clutter_all_over_it's_counter..png,0,2.0083329218323343e-05,0,1.0,1
/shared/home/sarim.hashmi/usenix/benchmark/newbench_norm/real/A_kitchen_filled_with_wooden_cabinets_and_a_table..png,0,0.001729077659547329,0,1.0,1
"/shared/home/sarim.hashmi/usenix/benchmark/newbench_norm/real/A_kitchen_is_displayed,_showing_wooden_cabinets_and_a_blue_tiled_counter_top..png",0,0.001090832520276308,0,1.0,1
/shared/home/sarim.hashmi/usenix/benchmark/newbench_norm/real/A_kitchen_scene_with_focus_on_a_sink_and_oven..png,0,0.024697987362742424,0,1.0,1
/shared/home/sarim.hashmi/usenix/benchmark/newbench_norm/real/A_kitchen_that_has_a_sink_and_cabinets_in_it..png,0,0.0009538084268569946,0,1.0,1
"/shared/home/sarim.hashmi/usenix/benchmark/newbench_norm/real/A_kitchen_that_has_different_types_of_pots,_and_pans_on_a_stove..png",0,0.10920314490795135,0,1.0,1
"/shared/home/sarim.hashmi/usenix/benchmark/newbench_norm/real/A_kitchen_that_includes_a_stove,_ovens_and_refrigerator..png",0,0.0043699066154658794,0,1.0,1
/shared/home/sarim.hashmi/usenix/benchmark/newbench_norm/real/A_kitchen_that_is_ready_to_have_appliances_put_into_it..png,0,0.0016525199171155691,0,1.0,1
"/shared/home/sarim.hashmi/usenix/benchmark/newbench_norm/real/A_kitchen_with_a_refrigerator,_sink,_drawers_and_cabinets._.png",0,0.015818146988749504,0,1.0,1
/shared/home/sarim.hashmi/usenix/benchmark/newbench_norm/real/A_kitchen_with_a_stove_and_a_microwave..png,0,0.0020044452976435423,0,1.0,1
/shared/home/sarim.hashmi/usenix/benchmark/newbench_norm/real/A_kitchen_with_a_wooden_table__with_a_cat_sleeping_on_top_of_it..png,0,1.7810318240663037e-05,0,1.0,1
"/shared/home/sarim.hashmi/usenix/benchmark/newbench_norm/real/A_kitchen_with_an_oven,_stove_,_sink,_microwave_and_refrigerator..png",0,0.0008389361319132149,0,1.0,1
/shared/home/sarim.hashmi/usenix/benchmark/newbench_norm/real/A_kitchen_with_granite_counter_tops_and_a_large_oven..png,0,0.001462468528188765,0,1.0,1
/shared/home/sarim.hashmi/usenix/benchmark/newbench_norm/real/A_kitchen_with_lots_of_black_counter_top_space..png,0,0.0016517696203663945,0,1.0,1
/shared/home/sarim.hashmi/usenix/benchmark/newbench_norm/real/A_kitchen_with_lots_of_clutter_a_door_with_a_large_window..png,0,0.00043396188993938267,0,1.0,1
/shared/home/sarim.hashmi/usenix/benchmark/newbench_norm/real/A_kitchen_with_wooden_cabinets_and_a_fridge.png,0,0.00023852034064475447,0,1.0,1
/shared/home/sarim.hashmi/usenix/benchmark/newbench_norm/real/A_kitchen_with_wooden_counter_tops_and_a_stove_top_oven..png,0,5.189727744436823e-06,0,1.0,1
/shared/home/sarim.hashmi/usenix/benchmark/newbench_norm/real/A_kitchen_with_wooden_walls_and_cabinets_with_lighting..png,0,1.3617299373436254e-05,0,1.0,1
/shared/home/sarim.hashmi/usenix/benchmark/newbench_norm/real/A_kitten_eating_food_out_of_a_dish_on_the_kitchen_floor..png,0,0.0029824944213032722,0,1.0,1
/shared/home/sarim.hashmi/usenix/benchmark/newbench_norm/real/A_lady_in_bed_with_oxygen_tube_and_a_dog..png,0,0.0007146900752559304,0,0.9999997615814209,1
/shared/home/sarim.hashmi/usenix/benchmark/newbench_norm/real/A_lady_with_a_flower_in_her_hair_taking_of_picture_of_herself_in_a_mirror..png,0,0.0008561856811866164,0,1.0,1
/shared/home/sarim.hashmi/usenix/benchmark/newbench_norm/real/A_laptop_computer_on_a_table_in_the_passenger_cabin_of_an_airplane..png,0,0.030954383313655853,0,1.0,1
/shared/home/sarim.hashmi/usenix/benchmark/newbench_norm/real/A_laptop_computer_sitting_on_top_of_a_computer_desk..png,0,0.0002840357774402946,0,1.0,1
/shared/home/sarim.hashmi/usenix/benchmark/newbench_norm/real/A_large_air_plane_smoking_and_parked_in_the_snow_._.png,0,1.6234497479672427e-07,0,1.0,1
/shared/home/sarim.hashmi/usenix/benchmark/newbench_norm/real/A_large_airplane_flies_overhead_through_the_sky..png,0,0.0008673258125782013,0,1.0,1
/shared/home/sarim.hashmi/usenix/benchmark/newbench_norm/real/A_large_airplane_flying_over_a_lush_green_hillside..png,0,0.5108102560043335,1,1.0,1
/shared/home/sarim.hashmi/usenix/benchmark/newbench_norm/real/A_large_bird_sitting_on_top_of_a_tree..png,0,0.021580923348665237,0,1.0,1
/shared/home/sarim.hashmi/usenix/benchmark/newbench_norm/real/A_large_blue_train_on_a_steel_track..png,0,0.01120542362332344,0,1.0,1
/shared/home/sarim.hashmi/usenix/benchmark/newbench_norm/real/A_large_body_of_water_in_front_of_a_shoreline_with_a_long_train_bridge..png,0,0.0004877522587776184,0,1.0,1
/shared/home/sarim.hashmi/usenix/benchmark/newbench_norm/real/A_large_collection_of_cooking_utensils_hanging_on_a_wall..png,0,0.0011392435990273952,0,1.0,1
/shared/home/sarim.hashmi/usenix/benchmark/newbench_norm/real/A_large_exit_street_sign_laying_on_the_ground..png,0,2.766272700682748e-06,0,1.0,1
"/shared/home/sarim.hashmi/usenix/benchmark/newbench_norm/real/A_large_filled_with_lots_of_purple_flowers_behind_a_blue_sign
.png",0,1.8398426391286193e-06,0,1.0,1
/shared/home/sarim.hashmi/usenix/benchmark/newbench_norm/real/A_large_giraffe_standing_behind_a_wire_fence..png,0,0.1286742240190506,0,1.0,1
/shared/home/sarim.hashmi/usenix/benchmark/newbench_norm/real/A_large_group_of_tall_giraffe_in_a_room..png,0,0.032356616109609604,0,1.0,1
/shared/home/sarim.hashmi/usenix/benchmark/newbench_norm/real/A_large_jet_flying_through_a_cloudy_blue_sky..png,0,0.06888806074857712,0,1.0,1
/shared/home/sarim.hashmi/usenix/benchmark/newbench_norm/real/A_large_jet_sitting_on_top_of_an_airport_tarmac..png,0,7.330851076403633e-05,0,1.0,1
/shared/home/sarim.hashmi/usenix/benchmark/newbench_norm/real/A_large_jetliner_flying_over_a_tall_building_in_the_sky..png,0,0.05939294397830963,0,0.9999998807907104,1
/shared/home/sarim.hashmi/usenix/benchmark/newbench_norm/real/A_large_jetliner_flying_through_a_cloudy_blue_sky..png,0,0.0004242242721375078,0,1.0,1
/shared/home/sarim.hashmi/usenix/benchmark/newbench_norm/real/A_large_jetliner_sitting_on_top_of_an_airport_runway..png,0,0.004846610128879547,0,1.0,1
/shared/home/sarim.hashmi/usenix/benchmark/newbench_norm/real/A_large_jetliner_sitting_on_top_of_an_airport_tarmac..png,0,0.18076775968074799,0,1.0,1
/shared/home/sarim.hashmi/usenix/benchmark/newbench_norm/real/A_large_long_train_on_a_steel_track..png,0,0.1271737962961197,0,1.0,1
/shared/home/sarim.hashmi/usenix/benchmark/newbench_norm/real/A_large_modern_bathroom_features_an_oversize_tub_and_walk-in_shower..png,0,6.44811152596958e-05,0,1.0,1
/shared/home/sarim.hashmi/usenix/benchmark/newbench_norm/real/A_large_open_room_with_a_long_white_staircase..png,0,0.28998303413391113,0,1.0,1
/shared/home/sarim.hashmi/usenix/benchmark/newbench_norm/real/A_large_passenger_jet_flying_over_the_top_of_a_forest..png,0,0.00011361195356585085,0,1.0,1
/shared/home/sarim.hashmi/usenix/benchmark/newbench_norm/real/A_large_white_airplane_with_blue_tail_parked..png,0,0.0024351743049919605,0,1.0,1
/shared/home/sarim.hashmi/usenix/benchmark/newbench_norm/real/A_large_white_bush_driving_down_a_city_street..png,0,0.00010553557513048872,0,1.0,1
/shared/home/sarim.hashmi/usenix/benchmark/newbench_norm/real/A_large_white_castle_like_building_with_a_statue_in_front._.png,0,6.968026718823239e-05,0,1.0,1
/shared/home/sarim.hashmi/usenix/benchmark/newbench_norm/real/A_large_white_dog_statue_sitting_next_to_a_clock..png,0,6.350813782773912e-05,0,1.0,1
/shared/home/sarim.hashmi/usenix/benchmark/newbench_norm/real/A_larger_passenger_jet_flying_through_a_blue_sky..png,0,0.03172961249947548,0,1.0,1
"/shared/home/sarim.hashmi/usenix/benchmark/newbench_norm/real/A_left_turn_signal,_stoplight_and_street_sign_are_hanging_on_a_pole..png",0,0.005061611533164978,0,1.0,1
/shared/home/sarim.hashmi/usenix/benchmark/newbench_norm/real/A_little_boy_in_the_airport_watching_an_airplane..png,0,1.7794394807424396e-05,0,1.0,1
/shared/home/sarim.hashmi/usenix/benchmark/newbench_norm/real/A_little_boy_wearing_a_hat_and_leather_boots..png,0,0.0003563443315215409,0,0.9999998807907104,1
/shared/home/sarim.hashmi/usenix/benchmark/newbench_norm/real/A_little_girl_climbing_up_steps_to_touch_a_giraffe..png,0,1.1152940714964643e-05,0,1.0,1
"/shared/home/sarim.hashmi/usenix/benchmark/newbench_norm/real/A_little_girl_lies_on_a_wooden_bench,_eating_snacks_from_a_bag..png",0,0.0006584216025657952,0,1.0,1
/shared/home/sarim.hashmi/usenix/benchmark/newbench_norm/real/A_lone_woman_stands_at_an_empty_train_station..png,0,6.378816578944679e-06,0,1.0,1
/shared/home/sarim.hashmi/usenix/benchmark/newbench_norm/real/A_long_bench_sitting_next_to_a_large_fence..png,0,0.00036892027128487825,0,1.0,1
/shared/home/sarim.hashmi/usenix/benchmark/newbench_norm/real/A_lot_of_birds_flying_around_on_a_beach..png,0,0.00043602127698250115,0,1.0,1
/shared/home/sarim.hashmi/usenix/benchmark/newbench_norm/real/A_lot_of_thought_went_into_decorating_this_rustic_bathroom..png,0,0.00402877340093255,0,1.0,1
/shared/home/sarim.hashmi/usenix/benchmark/newbench_norm/real/A_man's_reflection_is_in_a_mirror_of_a_bathroom..png,0,2.8042776989423146e-07,0,0.999998927116394,1
"/shared/home/sarim.hashmi/usenix/benchmark/newbench_norm/real/A_man,_woman_and_child_in_an_advertisement_vehicle_for_a_seafood_restaurant..png",0,3.65339255949948e-05,0,1.0,1
/shared/home/sarim.hashmi/usenix/benchmark/newbench_norm/real/A_man_admiring_a_dog_on_a_bench_made_of_books..png,0,0.00023514679924119264,0,1.0,1
/shared/home/sarim.hashmi/usenix/benchmark/newbench_norm/real/A_man_and_two_women_are_standing_beside_an_airplane..png,0,9.830007184064016e-05,0,1.0,1
/shared/home/sarim.hashmi/usenix/benchmark/newbench_norm/real/A_man_and_two_women_walking_their_dogs_and_hiking_in_the_woods..png,0,4.200161129119806e-06,0,1.0,1
/shared/home/sarim.hashmi/usenix/benchmark/newbench_norm/real/A_man_cycling_and_a_Stop_sign_at_the_front.png,0,1.902207986859139e-05,0,1.0,1
/shared/home/sarim.hashmi/usenix/benchmark/newbench_norm/real/A_man_drives_fast_in_a_motorcycle_with_kids_in_the_sidecar.png,0,0.021767815575003624,0,1.0,1
/shared/home/sarim.hashmi/usenix/benchmark/newbench_norm/real/A_man_fixing_a_traffic_light_while_on_a_cherry_picker..png,0,0.00015374862414319068,0,0.9999986886978149,1
/shared/home/sarim.hashmi/usenix/benchmark/newbench_norm/real/A_man_flying_through_the_air_while_riding_a_snowboard..png,0,0.00012355163926258683,0,1.0,1
/shared/home/sarim.hashmi/usenix/benchmark/newbench_norm/real/A_man_flying_through_the_air_while_riding_a_surfboard..png,0,0.003515490097925067,0,1.0,1
/shared/home/sarim.hashmi/usenix/benchmark/newbench_norm/real/A_man_in_a_dress_riding_a_tiger_motorcycle..png,0,0.0014389505377039313,0,1.0,1
/shared/home/sarim.hashmi/usenix/benchmark/newbench_norm/real/A_man_in_a_gray_jacket_standing_in_a_kitchen_next_to_a_black_dog..png,0,2.6346859158365987e-05,0,0.9999698400497437,1
/shared/home/sarim.hashmi/usenix/benchmark/newbench_norm/real/A_man_in_a_wetsuit_is_holding_his_surfboard_on_the_pier._.png,0,5.152066296432167e-05,0,1.0,1
/shared/home/sarim.hashmi/usenix/benchmark/newbench_norm/real/A_man_in_hipster_clothes_straddling_a_bicycle_on_the_sidewalk..png,0,3.9852666304796e-06,0,1.0,1
/shared/home/sarim.hashmi/usenix/benchmark/newbench_norm/real/A_man_is_feeding_a_griaffe_off_of_the_stand.png,0,0.0018610699335113168,0,1.0,1
/shared/home/sarim.hashmi/usenix/benchmark/newbench_norm/real/A_man_is_sitting_in_a_beige_chair_in_a_living_room.png,0,0.00037485011853277683,0,1.0,1
/shared/home/sarim.hashmi/usenix/benchmark/newbench_norm/real/A_man_is_sitting_on_a_bench_reading_a_book..png,0,0.0005991237121634185,0,1.0,1
/shared/home/sarim.hashmi/usenix/benchmark/newbench_norm/real/A_man_laying_on_the_ground_in_front_of_a_motorcycle..png,0,0.0014894017949700356,0,1.0,1
/shared/home/sarim.hashmi/usenix/benchmark/newbench_norm/real/A_man_on_a_motorcycle_with_a_group_of_people_standing_around_it..png,0,6.887739436933771e-05,0,0.9999998807907104,1
/shared/home/sarim.hashmi/usenix/benchmark/newbench_norm/real/A_man_on_a_motorcycle_with_a_woman_on_back.png,0,0.03843579813838005,0,1.0,1
/shared/home/sarim.hashmi/usenix/benchmark/newbench_norm/real/A_man_on_a_skateboard_riding_on_a_street..png,0,0.0006258680950850248,0,1.0,1
/shared/home/sarim.hashmi/usenix/benchmark/newbench_norm/real/A_man_on_bicycle_carrying_bunches_of_bananas_through_street..png,0,0.0026982284616678953,0,1.0,1
/shared/home/sarim.hashmi/usenix/benchmark/newbench_norm/real/A_man_preparing_food_in_a_restaurant_kitchen._.png,0,0.00046507077058777213,0,1.0,1
/shared/home/sarim.hashmi/usenix/benchmark/newbench_norm/real/A_man_races_a_motorcycle_on_a_track..png,0,0.00018726600683294237,0,1.0,1
/shared/home/sarim.hashmi/usenix/benchmark/newbench_norm/real/A_man_riding_a_bike_down_a_dark_city_street..png,0,0.00046780670527368784,0,1.0,1
/shared/home/sarim.hashmi/usenix/benchmark/newbench_norm/real/A_man_riding_a_bike_down_a_street..png,0,9.174124897981528e-06,0,1.0,1
/shared/home/sarim.hashmi/usenix/benchmark/newbench_norm/real/A_man_riding_a_bike_down_a_street_past_a_young_man..png,0,0.00110250199213624,0,1.0,1
/shared/home/sarim.hashmi/usenix/benchmark/newbench_norm/real/A_man_riding_a_bike_on_a_dirt_path_through_a_forest..png,0,0.0001674990198807791,0,1.0,1
/shared/home/sarim.hashmi/usenix/benchmark/newbench_norm/real/A_man_riding_a_motorcycle_across_a_sandy_beach..png,0,0.1647896021604538,0,1.0,1
/shared/home/sarim.hashmi/usenix/benchmark/newbench_norm/real/A_man_riding_a_motorcycle_next_to_a_red_stop_sign..png,0,2.6100708510057302e-06,0,1.0,1
/shared/home/sarim.hashmi/usenix/benchmark/newbench_norm/real/A_man_riding_a_motorcycle_with_a_helmet_on._.png,0,0.001298100221902132,0,1.0,1
/shared/home/sarim.hashmi/usenix/benchmark/newbench_norm/real/A_man_riding_on_the_back_of_another_mans_bike_in_the_street.png,0,1.2007712939521298e-05,0,1.0,1
/shared/home/sarim.hashmi/usenix/benchmark/newbench_norm/real/A_man_sees_a_double_reflection_in_his_mirror..png,0,8.642058674013242e-05,0,1.0,1
/shared/home/sarim.hashmi/usenix/benchmark/newbench_norm/real/A_man_sitting_at_a_park_working_on_a_laptop_computer..png,0,0.00017988130275625736,0,1.0,1
/shared/home/sarim.hashmi/usenix/benchmark/newbench_norm/real/A_man_sitting_on_his_skateboard_in_a_field..png,0,6.877467967569828e-05,0,1.0,1
/shared/home/sarim.hashmi/usenix/benchmark/newbench_norm/real/A_man_sleeping_on_a_navy_blue_pillow_with_a_TV_monitor_in_place_of_his_head._.png,0,0.018187973648309708,0,1.0,1
/shared/home/sarim.hashmi/usenix/benchmark/newbench_norm/real/A_man_standing_in_front_of_a_mirror_above_a_counter..png,0,0.011883300729095936,0,1.0,1
/shared/home/sarim.hashmi/usenix/benchmark/newbench_norm/real/A_man_standing_next_to_a_car_in_the_snow..png,0,0.0047438666224479675,0,1.0,1
/shared/home/sarim.hashmi/usenix/benchmark/newbench_norm/real/A_man_standing_next_to_a_motorcycle_on_the_side_of_a_hill..png,0,0.0043328264728188515,0,1.0,1
/shared/home/sarim.hashmi/usenix/benchmark/newbench_norm/real/A_man_standing_next_to_a_parked_motorcycle..png,0,0.007488937582820654,0,1.0,1
/shared/home/sarim.hashmi/usenix/benchmark/newbench_norm/real/A_man_standing_next_to_a_woman_in_a_room..png,0,3.983058923040517e-05,0,1.0,1
/shared/home/sarim.hashmi/usenix/benchmark/newbench_norm/real/A_man_standing_outdoors_next_to_a_dirt_bike_and_ATV..png,0,1.0572537576081231e-05,0,1.0,1
/shared/home/sarim.hashmi/usenix/benchmark/newbench_norm/real/A_man_standing_outside_of_a_building_next_to_bicycles..png,0,0.147513747215271,0,1.0,1
/shared/home/sarim.hashmi/usenix/benchmark/newbench_norm/real/A_man_taking_a_picture_of_his_reflection_in_the_bathroom.png,0,2.4500006475136615e-05,0,1.0,1
/shared/home/sarim.hashmi/usenix/benchmark/newbench_norm/real/A_man_that_has_a_happy_new__year_hat_on..png,0,1.9171542589901946e-05,0,1.0,1
/shared/home/sarim.hashmi/usenix/benchmark/newbench_norm/real/A_man_thinks_as_he_stands_in_front_of_a_sign..png,0,0.021878328174352646,0,1.0,1
/shared/home/sarim.hashmi/usenix/benchmark/newbench_norm/real/A_man_walking_down_a_road_in_front_of_a_double_decker_bus..png,0,0.00017621861479710788,0,1.0,1
/shared/home/sarim.hashmi/usenix/benchmark/newbench_norm/real/A_man_walking_down_a_road_with_a_horse_and_carriage_coming_at_him..png,0,6.915016456332523e-06,0,1.0,1
/shared/home/sarim.hashmi/usenix/benchmark/newbench_norm/real/A_man_walking_towards_a_stop_sign_on_the_sidewalk..png,0,0.000516905274707824,0,1.0,1
/shared/home/sarim.hashmi/usenix/benchmark/newbench_norm/real/A_man_walking_while_holding_an_umbrella_on_a_wet_sidewalk..png,0,3.828949775197543e-05,0,0.9999991655349731,1
/shared/home/sarim.hashmi/usenix/benchmark/newbench_norm/real/A_man_walks_across_a_street_with_a_stop_sign_in_the_foreground..png,0,0.000718327471986413,0,0.9999997615814209,1
/shared/home/sarim.hashmi/usenix/benchmark/newbench_norm/real/A_man_watching_a_single_engine_plane_make_an_approach_to_land..png,0,0.07830937206745148,0,1.0,1
/shared/home/sarim.hashmi/usenix/benchmark/newbench_norm/real/A_man_wearing_a_glove_with_a_bird_on_top_of_it..png,0,0.0006161650526337326,0,1.0,1
/shared/home/sarim.hashmi/usenix/benchmark/newbench_norm/real/A_man_wearing_a_hat_riding_a_motorcycle..png,0,9.186187526211143e-05,0,1.0,1
/shared/home/sarim.hashmi/usenix/benchmark/newbench_norm/real/A_man_wearing_jeans_sitting_on_a_parked_motorcycle..png,0,0.00018207506218459457,0,1.0,1
/shared/home/sarim.hashmi/usenix/benchmark/newbench_norm/real/A_man_with_camera_watching_a_group_of_giraffes.png,0,1.8645148884388618e-05,0,1.0,1
/shared/home/sarim.hashmi/usenix/benchmark/newbench_norm/real/A_man_with_glasses_riding_in_a_car_with_an_adorable_dog_in_the_backseat..png,0,0.002715266775339842,0,1.0,1
/shared/home/sarim.hashmi/usenix/benchmark/newbench_norm/real/A_marble_tiled_bathroom_with_double_sinks_and_wooden_cabinets.png,0,0.00045866475556977093,0,1.0,1
/shared/home/sarim.hashmi/usenix/benchmark/newbench_norm/real/A_men's_public_washroom_with_a_blue_floor._.png,0,1.0185391147388145e-05,0,1.0,1
/shared/home/sarim.hashmi/usenix/benchmark/newbench_norm/real/A_messy_desk_is_shown_with_a_laptop_computer..png,0,0.019534774124622345,0,0.9999990463256836,1
/shared/home/sarim.hashmi/usenix/benchmark/newbench_norm/real/A_metal_pole_with_four_different_street_signs_hanging_on_it's_side..png,0,0.0016450312687084079,0,1.0,1
/shared/home/sarim.hashmi/usenix/benchmark/newbench_norm/real/A_metal_sink_and_a_row_of_white_urinals.png,0,0.000275872356723994,0,1.0,1
/shared/home/sarim.hashmi/usenix/benchmark/newbench_norm/real/A_military_air_craft_flies_in_the_sky_with_landing_gear_down._.png,0,0.04569907858967781,0,1.0,1
/shared/home/sarim.hashmi/usenix/benchmark/newbench_norm/real/A_miniature_train_in_a_park_full_of_people..png,0,5.68104269405012e-06,0,1.0,1
/shared/home/sarim.hashmi/usenix/benchmark/newbench_norm/real/A_modern_bathroom_is_shown_with_a_square_sink..png,0,0.003533736104145646,0,1.0,1
/shared/home/sarim.hashmi/usenix/benchmark/newbench_norm/real/A_modern_jet_airplane_coming_in_to_park_at_the_gate_of_an_airport.png,0,0.003056175773963332,0,1.0,1
/shared/home/sarim.hashmi/usenix/benchmark/newbench_norm/real/A_modified_motorcycle_parked_with_other_motorcycles_on_the_pavement..png,0,0.005027872510254383,0,1.0,1
/shared/home/sarim.hashmi/usenix/benchmark/newbench_norm/real/A_monitor_showing_a_film_on_an_airplane..png,0,0.0001728793722577393,0,0.9999996423721313,1
/shared/home/sarim.hashmi/usenix/benchmark/newbench_norm/real/A_mother_bird_and_her_offspring_walk_in_a_meadow..png,0,0.02226807363331318,0,1.0,1
/shared/home/sarim.hashmi/usenix/benchmark/newbench_norm/real/A_motorcycle_carrying_a_bicycle_is_parked_in_the_gravel._.png,0,0.07383378595113754,0,1.0,1
/shared/home/sarim.hashmi/usenix/benchmark/newbench_norm/real/A_motorcycle_is_in_a_parking_lot_with_a_helmet_on_top..png,0,0.009653243236243725,0,1.0,1
/shared/home/sarim.hashmi/usenix/benchmark/newbench_norm/real/A_motorcycle_is_parked_in_the_gravel_alongside_a_street..png,0,0.07623016089200974,0,1.0,1
/shared/home/sarim.hashmi/usenix/benchmark/newbench_norm/real/A_motorcycle_parked_behind_a_truck_on_a_green_field..png,0,0.017525773495435715,0,1.0,1
/shared/home/sarim.hashmi/usenix/benchmark/newbench_norm/real/A_motorcycle_parked_next_to_a_few_bicycles..png,0,0.000607242516707629,0,1.0,1
/shared/home/sarim.hashmi/usenix/benchmark/newbench_norm/real/A_motorcycle_parked_next_to_each_other_near_people...png,0,0.004841182846575975,0,1.0,1
/shared/home/sarim.hashmi/usenix/benchmark/newbench_norm/real/A_motorcycle_parked_on_top_of_a_tiled_floor..png,0,7.346659549511969e-05,0,1.0,1
/shared/home/sarim.hashmi/usenix/benchmark/newbench_norm/real/A_motorcycle_sits_parked_across_from_a_herd_of_livestock..png,0,0.005198000930249691,0,1.0,1
/shared/home/sarim.hashmi/usenix/benchmark/newbench_norm/real/A_nice_spacious_bathroom_with_light_brown_tile..png,0,0.0004828481178265065,0,0.9999977350234985,1
/shared/home/sarim.hashmi/usenix/benchmark/newbench_norm/real/A_no_left_turn_sign_hanging_from_the_side_of_a_wooden_pole..png,0,0.0007334739784710109,0,1.0,1
/shared/home/sarim.hashmi/usenix/benchmark/newbench_norm/real/A_pair_of_remote_controlled_planes_flying_through_the_air..png,0,0.023917555809020996,0,1.0,1
/shared/home/sarim.hashmi/usenix/benchmark/newbench_norm/real/A_pair_of_sheep_looking_eagerly_at_something_through_a_fence..png,0,0.011604901403188705,0,1.0,1
/shared/home/sarim.hashmi/usenix/benchmark/newbench_norm/real/A_pair_of_sneakers_hang_in_the_background_at_this_street_corner..png,0,3.969578392570838e-05,0,1.0,1
/shared/home/sarim.hashmi/usenix/benchmark/newbench_norm/real/A_pan_filled_with_veggies_and_a_block_of_butter..png,0,0.02261846698820591,0,1.0,1
/shared/home/sarim.hashmi/usenix/benchmark/newbench_norm/real/A_parked_motorcycle_sitting_next_to_a_white_brick_wall..png,0,0.0031120528001338243,0,1.0,1
/shared/home/sarim.hashmi/usenix/benchmark/newbench_norm/real/A_parking_lot_filled_with_large_passenger_buses..png,0,0.0008711991831660271,0,1.0,1
/shared/home/sarim.hashmi/usenix/benchmark/newbench_norm/real/A_parking_meter_lies_askew_on_a_street..png,0,0.010400296188890934,0,1.0,1
/shared/home/sarim.hashmi/usenix/benchmark/newbench_norm/real/A_parking_sign_is_displaying_spaces_available_on_a_city_street.png,0,6.406684406101704e-05,0,1.0,1
/shared/home/sarim.hashmi/usenix/benchmark/newbench_norm/real/A_passenger_jet_aircraft_flying_in_the_sky..png,0,7.377817382803187e-05,0,1.0,1
/shared/home/sarim.hashmi/usenix/benchmark/newbench_norm/real/A_passenger_jet_that_is_pulled_in_next_to_the_terminal..png,0,0.005044267978519201,0,1.0,1
/shared/home/sarim.hashmi/usenix/benchmark/newbench_norm/real/A_passenger_plane_that_is_parked_on_the_runway..png,0,1.2661301980188e-06,0,1.0,1
/shared/home/sarim.hashmi/usenix/benchmark/newbench_norm/real/A_patch_of_grass_with_lots_of_bikes_parked_on_it..png,0,1.988808435271494e-05,0,1.0,1
/shared/home/sarim.hashmi/usenix/benchmark/newbench_norm/real/A_person_drives_a_bus_on_a_busy_road._.png,0,0.00029737610020674765,0,1.0,1
/shared/home/sarim.hashmi/usenix/benchmark/newbench_norm/real/A_person_driving_a_car_towards_an_overpass..png,0,2.223496267106384e-07,0,0.9999384880065918,1
/shared/home/sarim.hashmi/usenix/benchmark/newbench_norm/real/A_person_feeding_a_giraffe_while_wearing_a_hat..png,0,0.0003803500148933381,0,1.0,1
/shared/home/sarim.hashmi/usenix/benchmark/newbench_norm/real/A_person_holding_a_black_cat_next_to_their_face..png,0,6.058856160962023e-05,0,1.0,1
/shared/home/sarim.hashmi/usenix/benchmark/newbench_norm/real/A_person_holding_up_a_piece_of_banana_to_the_camera..png,0,0.0005998796550557017,0,0.9999998807907104,1
/shared/home/sarim.hashmi/usenix/benchmark/newbench_norm/real/A_person_is_driving_a_speedboat_quickly_through_the_water..png,0,0.3644223213195801,0,1.0,1
/shared/home/sarim.hashmi/usenix/benchmark/newbench_norm/real/A_person_is_on_a_bench_near_a_grassy_field..png,0,0.3161669671535492,0,1.0,1
/shared/home/sarim.hashmi/usenix/benchmark/newbench_norm/real/A_person_laying_on_an_inflatable_mattress_with_two_sleeping_bags..png,0,0.0004964008694514632,0,1.0,1
/shared/home/sarim.hashmi/usenix/benchmark/newbench_norm/real/A_person_leading_a_herd_of_sheep_with_a_dog..png,0,0.10685020685195923,0,1.0,1
/shared/home/sarim.hashmi/usenix/benchmark/newbench_norm/real/A_person_on_a_street_next_to_a_motor_bike..png,0,0.00033156233257614076,0,1.0,1
/shared/home/sarim.hashmi/usenix/benchmark/newbench_norm/real/A_person_riding_a_speed_motorcycle_on_a_track..png,0,0.00040569386328570545,0,1.0,1
/shared/home/sarim.hashmi/usenix/benchmark/newbench_norm/real/A_person_sitting_on_top_of_a_bench_with_their_arms_spread_out..png,0,0.007443995680660009,0,1.0,1
/shared/home/sarim.hashmi/usenix/benchmark/newbench_norm/real/A_person_standing_next_to_a_couple_of_motor_bikes..png,0,0.00480523519217968,0,1.0,1
/shared/home/sarim.hashmi/usenix/benchmark/newbench_norm/real/A_person_walking_in_the_rain_on_the_sidewalk._.png,0,0.001225706422701478,0,1.0,1
/shared/home/sarim.hashmi/usenix/benchmark/newbench_norm/real/A_person_with_an_umbrella_is_standing_by_a_fountain..png,0,0.00024895204114727676,0,1.0,1
/shared/home/sarim.hashmi/usenix/benchmark/newbench_norm/real/A_photo_of_a_restroom_containing_two_toilets..png,0,0.0002750498242676258,0,1.0,1
/shared/home/sarim.hashmi/usenix/benchmark/newbench_norm/real/A_picture_of_a_group_of_fighter_jets_flying_together..png,0,1.8379347238806076e-05,0,1.0,1
/shared/home/sarim.hashmi/usenix/benchmark/newbench_norm/real/A_picture_of_a_stone_bench_in_a_park..png,0,0.0008422377286478877,0,1.0,1
/shared/home/sarim.hashmi/usenix/benchmark/newbench_norm/real/A_picture_of_a_train_coming_out_of_a_house..png,0,0.003298408119007945,0,1.0,1
/shared/home/sarim.hashmi/usenix/benchmark/newbench_norm/real/A_picture_of_a_wooden_container_with_crosses_on_it..png,0,2.125930222973693e-05,0,1.0,1
/shared/home/sarim.hashmi/usenix/benchmark/newbench_norm/real/A_picture_of_large_glass_door_trimmed_in_white_and_a_large_beige_structure_beside_it..png,0,0.05998649820685387,0,1.0,1
/shared/home/sarim.hashmi/usenix/benchmark/newbench_norm/real/A_picture_taken_from_the_driver_seat_of_car_at_a_stop_sign..png,0,1.1623926184256561e-05,0,1.0,1
/shared/home/sarim.hashmi/usenix/benchmark/newbench_norm/real/A_pigeon_perched_on_a_ledge_with_a_street_behind_it..png,0,2.6170295313932e-05,0,0.9999997615814209,1
/shared/home/sarim.hashmi/usenix/benchmark/newbench_norm/real/A_pile_of_toilet_paper_sitting_on_top_of_a_toilet..png,0,1.2298818546696566e-05,0,1.0,1
/shared/home/sarim.hashmi/usenix/benchmark/newbench_norm/real/A_pirstine_white_and_black_bathroom_with_a_tub_by_a_window.png,0,0.004705461673438549,0,1.0,1
/shared/home/sarim.hashmi/usenix/benchmark/newbench_norm/real/A_plane_is_parked_near_the_pretty_blue_ocean._.png,0,0.009241461753845215,0,1.0,1
/shared/home/sarim.hashmi/usenix/benchmark/newbench_norm/real/A_police_man_on_a_motorcycle_drives_down_the_road..png,0,0.0004892126889899373,0,1.0,1
/shared/home/sarim.hashmi/usenix/benchmark/newbench_norm/real/A_police_officer_directing_traffic_in_front_of_a_yellow_double_deck_bus..png,0,0.00395229971036315,0,1.0,1
/shared/home/sarim.hashmi/usenix/benchmark/newbench_norm/real/A_pretty_bird_is_sitting_on_a_tree_branch..png,0,0.4105842709541321,0,1.0,1
/shared/home/sarim.hashmi/usenix/benchmark/newbench_norm/real/A_professional_motorcycle_driver_riding_his_bike_on_the_track..png,0,0.0010957076447084546,0,1.0,1
"/shared/home/sarim.hashmi/usenix/benchmark/newbench_norm/real/A_rear_view_mirror_on_a_bike_is_reflecting_a_poster_on_building.
.png",0,0.0364643819630146,0,1.0,1
"/shared/home/sarim.hashmi/usenix/benchmark/newbench_norm/real/A_red,_white_and_blue_train_next_to_satellites..png",0,0.0003019528812728822,0,1.0,1
/shared/home/sarim.hashmi/usenix/benchmark/newbench_norm/real/A_red_all_terrain_vehicle_next_to_a_man_with_a_green_dirt_bike..png,0,2.960482561320532e-05,0,1.0,1
/shared/home/sarim.hashmi/usenix/benchmark/newbench_norm/real/A_red_and_black_motorcycle_parked_near_another_bike..png,0,0.003801708808168769,0,1.0,1
/shared/home/sarim.hashmi/usenix/benchmark/newbench_norm/real/A_red_and_white_fire_hydrant_is_on_the_lawn..png,0,0.001883950550109148,0,1.0,1
/shared/home/sarim.hashmi/usenix/benchmark/newbench_norm/real/A_red_and_white_fire_hydrant_on_a_sidewalk_at_the_park..png,0,8.734117727726698e-06,0,0.9999996423721313,1
"/shared/home/sarim.hashmi/usenix/benchmark/newbench_norm/real/A_red_and_yellow_bus_sits_on_the_back_of_a_flatbed_truck,_driving_down_the_highway..png",0,0.014842077158391476,0,1.0,1
/shared/home/sarim.hashmi/usenix/benchmark/newbench_norm/real/A_red_fire_hydrant_between_two_trees_in_front_of_a_building..png,0,0.0005357268964871764,0,1.0,1
/shared/home/sarim.hashmi/usenix/benchmark/newbench_norm/real/A_red_fire_hydrant_on_the_side_of_a_street..png,0,0.001067467499524355,0,1.0,1
/shared/home/sarim.hashmi/usenix/benchmark/newbench_norm/real/A_red_fire_hydrant_with_a_green_cap_with_a_bird_on_top_of_it..png,0,0.0029179146513342857,0,1.0,1
/shared/home/sarim.hashmi/usenix/benchmark/newbench_norm/real/A_red_motorcycle_is_parked_in_between_white_lines..png,0,0.0002252667909488082,0,1.0,1
/shared/home/sarim.hashmi/usenix/benchmark/newbench_norm/real/A_red_motorcycle_riding_down_one_side_of_the_street_and_a_cow_walking_down_the_other_side_of_the_str.png,0,6.1154664763307665e-06,0,1.0,1
/shared/home/sarim.hashmi/usenix/benchmark/newbench_norm/real/A_red_small_engine_plane_in_motion_on_a_field..png,0,0.041713643819093704,0,1.0,1
/shared/home/sarim.hashmi/usenix/benchmark/newbench_norm/real/A_red_stop_sign_mounted_to_the_top_of_a_metal_pole..png,0,9.144200885202736e-05,0,0.9999995231628418,1
/shared/home/sarim.hashmi/usenix/benchmark/newbench_norm/real/A_red_stop_sign_on_a_gate_next_to_a_grass_covered_field..png,0,0.031440619379282,0,1.0,1
/shared/home/sarim.hashmi/usenix/benchmark/newbench_norm/real/A_red_stop_sign_on_the_side_of_a_brick_road..png,0,3.413196463952772e-05,0,1.0,1
/shared/home/sarim.hashmi/usenix/benchmark/newbench_norm/real/A_red_stop_sign_sitting_on_the_side_of_a_pole..png,0,1.8511047528591007e-05,0,1.0,1
/shared/home/sarim.hashmi/usenix/benchmark/newbench_norm/real/A_red_stop_sign_sitting_on_the_side_of_a_road..png,0,0.00022253238421399146,0,1.0,1
/shared/home/sarim.hashmi/usenix/benchmark/newbench_norm/real/A_red_stop_sign_with_a_sticker_of_a_man_holding_up_a_sword..png,0,0.24913477897644043,0,1.0,1
/shared/home/sarim.hashmi/usenix/benchmark/newbench_norm/real/A_red_traffic_with_a_mirror_hanging_off_the_side_of_it..png,0,0.013759366236627102,0,1.0,1
/shared/home/sarim.hashmi/usenix/benchmark/newbench_norm/real/A_red_train_driving_on_a_train_train_track_next_to_an_elevated_stone_sidewalk..png,0,0.00037159191560931504,0,1.0,1
/shared/home/sarim.hashmi/usenix/benchmark/newbench_norm/real/A_red_train_traveling_under_a_bridge_on_train_tracks..png,0,0.00297321705147624,0,1.0,1
/shared/home/sarim.hashmi/usenix/benchmark/newbench_norm/real/A_red_trolly_bus_driving_down_a_dirt_road..png,0,0.0029982104897499084,0,1.0,1
/shared/home/sarim.hashmi/usenix/benchmark/newbench_norm/real/A_road_sign_on_the_side_of_a_road..png,0,0.02129773423075676,0,1.0,1
/shared/home/sarim.hashmi/usenix/benchmark/newbench_norm/real/A_room_with_white_walls_and_bright_lights..png,0,0.005613029468804598,0,0.9999991655349731,1
/shared/home/sarim.hashmi/usenix/benchmark/newbench_norm/real/A_row_of_birds_are_flying_against_a_blue_sky..png,0,0.005656340159475803,0,1.0,1
/shared/home/sarim.hashmi/usenix/benchmark/newbench_norm/real/A_row_of_motorcycles_sitting_on_top_of_a_parking_lot..png,0,0.0038358529563993216,0,0.9999997615814209,1
/shared/home/sarim.hashmi/usenix/benchmark/newbench_norm/real/A_row_of_red_and_white_umbrellas_stand_above_tables_in_an_outdoor_eating_area..png,0,0.00025216556969098747,0,1.0,1
/shared/home/sarim.hashmi/usenix/benchmark/newbench_norm/real/A_row_of_wall_mounted_urinals_under_aquariums..png,0,0.7847791314125061,1,1.0,1
/shared/home/sarim.hashmi/usenix/benchmark/newbench_norm/real/A_rusty_side_car_of_a_train_that_has_been_vandalized_with_artwork..png,0,0.12249556183815002,0,1.0,1
/shared/home/sarim.hashmi/usenix/benchmark/newbench_norm/real/A_scooter_is_parked_on_the_street_in_front_of_a_car._.png,0,0.00020200441940687597,0,1.0,1
/shared/home/sarim.hashmi/usenix/benchmark/newbench_norm/real/A_set_of_three_wall_mounted_urinals_with_pictures_of_men_on_top_of_them..png,0,1.921726652653888e-05,0,0.9999997615814209,1
/shared/home/sarim.hashmi/usenix/benchmark/newbench_norm/real/A_shelf_of_various_cups_and_glasses_mounted_to_the_wall..png,0,0.0008333176374435425,0,1.0,1
/shared/home/sarim.hashmi/usenix/benchmark/newbench_norm/real/A_shower_and_a_white_toilet_in_a_small_bathroom..png,0,0.010224996134638786,0,1.0,1
/shared/home/sarim.hashmi/usenix/benchmark/newbench_norm/real/A_sidewalk_sitting_along_side_of_a_building_at_night..png,0,0.004048112314194441,0,1.0,1
/shared/home/sarim.hashmi/usenix/benchmark/newbench_norm/real/A_sidewalk_sitting_along_side_of_a_street_under_a_billboard..png,0,8.382896339753643e-05,0,1.0,1
/shared/home/sarim.hashmi/usenix/benchmark/newbench_norm/real/A_sign_near_a_wooden_fence_and_a_tree..png,0,0.03258797153830528,0,1.0,1
/shared/home/sarim.hashmi/usenix/benchmark/newbench_norm/real/A_sign_on_top_of_a_restaurant_next_to_a_traffic_light..png,0,1.342161249340279e-05,0,1.0,1
/shared/home/sarim.hashmi/usenix/benchmark/newbench_norm/real/A_sign_says_fashion_district_near_some_buildings..png,0,1.956687447091099e-05,0,1.0,1
/shared/home/sarim.hashmi/usenix/benchmark/newbench_norm/real/A_sign_warning_drivers_that_there_are_children_at_play..png,0,0.0024740395601838827,0,0.9999998807907104,1
/shared/home/sarim.hashmi/usenix/benchmark/newbench_norm/real/A_silver_and_red_bus_in_parking_lot_next_to_cars..png,0,0.00718983169645071,0,1.0,1
/shared/home/sarim.hashmi/usenix/benchmark/newbench_norm/real/A_silver_train_passing_under_high_beams_and_trees..png,0,0.016211068257689476,0,1.0,1
/shared/home/sarim.hashmi/usenix/benchmark/newbench_norm/real/A_silver_train_that_is_sitting_on_a_track..png,0,0.08625318855047226,0,1.0,1
/shared/home/sarim.hashmi/usenix/benchmark/newbench_norm/real/A_simple_bathroom_has_various_classic_decorations_around_it..png,0,0.00177941529545933,0,1.0,1
/shared/home/sarim.hashmi/usenix/benchmark/newbench_norm/real/A_simple_white_residential_kitchen_with_breakfast_bar.png,0,0.01261988002806902,0,1.0,1
/shared/home/sarim.hashmi/usenix/benchmark/newbench_norm/real/A_simple_wooden_bench_is_in_the_woods..png,0,0.007925743237137794,0,1.0,1
/shared/home/sarim.hashmi/usenix/benchmark/newbench_norm/real/A_skier_in_the_midst_of_a_jump.png,0,0.06352937966585159,0,1.0,1
/shared/home/sarim.hashmi/usenix/benchmark/newbench_norm/real/A_small_bathroom_with_a_shower_curtain_and_toilet.png,0,0.017009243369102478,0,1.0,1
/shared/home/sarim.hashmi/usenix/benchmark/newbench_norm/real/A_small_bird_is_perched_on_an_empty_bird_feeder..png,0,6.609398405998945e-05,0,1.0,1
/shared/home/sarim.hashmi/usenix/benchmark/newbench_norm/real/A_small_bird_perched_on_some_metal_bar_.png,0,0.1697525531053543,0,1.0,1
/shared/home/sarim.hashmi/usenix/benchmark/newbench_norm/real/A_small_bird_sitting_on_a_beach_next_to_the_ocean..png,0,0.0003343866264913231,0,1.0,1
/shared/home/sarim.hashmi/usenix/benchmark/newbench_norm/real/A_small_bird_sitting_on_the_handle_of_a_car_door..png,0,0.0006631523137912154,0,1.0,1
/shared/home/sarim.hashmi/usenix/benchmark/newbench_norm/real/A_small_bird_sitting_on_top_of_a_plastic_cup_of_water..png,0,0.0005937556852586567,0,1.0,1
/shared/home/sarim.hashmi/usenix/benchmark/newbench_norm/real/A_small_black_dog_sitting_in_front_of_a_TV..png,0,1.978781938305474e-06,0,1.0,1
/shared/home/sarim.hashmi/usenix/benchmark/newbench_norm/real/A_small_blue_car_on_a_city_road..png,0,0.0002475616929586977,0,1.0,1
/shared/home/sarim.hashmi/usenix/benchmark/newbench_norm/real/A_small_calf_is_in_a_pen_with_bails_of_hay..png,0,0.015113258734345436,0,1.0,1
/shared/home/sarim.hashmi/usenix/benchmark/newbench_norm/real/A_small_car_is_parked_in_front_of_a_scooter.png,0,0.015368010848760605,0,1.0,1
/shared/home/sarim.hashmi/usenix/benchmark/newbench_norm/real/A_small_cat_is_standing_near_the_computer_keyboard._.png,0,0.002505756448954344,0,1.0,1
/shared/home/sarim.hashmi/usenix/benchmark/newbench_norm/real/A_small_dog_laying_next_to_a_door..png,0,0.13892245292663574,0,0.9999632835388184,1
/shared/home/sarim.hashmi/usenix/benchmark/newbench_norm/real/A_small_dog_walking_past_a_red_fire_hydrant..png,0,0.002120286924764514,0,1.0,1
/shared/home/sarim.hashmi/usenix/benchmark/newbench_norm/real/A_small_green_car_has_a_plaque_with_writing_in_front_of_it._.png,0,0.01293880958110094,0,1.0,1
/shared/home/sarim.hashmi/usenix/benchmark/newbench_norm/real/A_small_plane_flying_through_a_cloudy_blue_sky..png,0,0.07874374091625214,0,1.0,1
/shared/home/sarim.hashmi/usenix/benchmark/newbench_norm/real/A_small_plane_landing_in__a_grassy_field.png,0,0.011918295174837112,0,1.0,1
/shared/home/sarim.hashmi/usenix/benchmark/newbench_norm/real/A_small_sailboat_docked_at_a_local_shore..png,0,0.020493540912866592,0,1.0,1
/shared/home/sarim.hashmi/usenix/benchmark/newbench_norm/real/A_small_town_street_filled_with_traffic_beneath_a_mountain..png,0,0.0003287221188656986,0,1.0,1
/shared/home/sarim.hashmi/usenix/benchmark/newbench_norm/real/A_small_white_airplane_high_up_in_the_sky..png,0,0.03325090929865837,0,1.0,1
/shared/home/sarim.hashmi/usenix/benchmark/newbench_norm/real/A_small_white_bird_standing_on_top_of_a_dirt_field..png,0,0.0007548180292360485,0,1.0,1
/shared/home/sarim.hashmi/usenix/benchmark/newbench_norm/real/A_small_white_dog_standing_next_to_a_red_fire_hydrant..png,0,0.00018398989050183445,0,1.0,1
/shared/home/sarim.hashmi/usenix/benchmark/newbench_norm/real/A_small_woman_standing_in_front_of_a_baby_elephant..png,0,0.003093198174610734,0,1.0,1
/shared/home/sarim.hashmi/usenix/benchmark/newbench_norm/real/A_smiling_man_in_a_nice_hat_in_a_car..png,0,0.0006230180151760578,0,1.0,1
/shared/home/sarim.hashmi/usenix/benchmark/newbench_norm/real/A_snowy_scene_of_trees_and_a_road..png,0,2.9779561373288743e-05,0,1.0,1
/shared/home/sarim.hashmi/usenix/benchmark/newbench_norm/real/A_spring_form_bird_feeder_filled_with_corn_to_eat..png,0,0.000982726807706058,0,1.0,1
/shared/home/sarim.hashmi/usenix/benchmark/newbench_norm/real/A_square_white_sink_beneath_an_elegant_mirror.png,0,1.2781243640347384e-05,0,1.0,1
/shared/home/sarim.hashmi/usenix/benchmark/newbench_norm/real/A_stop_light_with_green_arrows_on_Woodbine_Ave._.png,0,0.00019781719311140478,0,1.0,1
/shared/home/sarim.hashmi/usenix/benchmark/newbench_norm/real/A_stop_sign_and_a_fire_hydrant_on_the_corner_of_a_grassy_sidewalk..png,0,0.00020479453087318689,0,1.0,1
"/shared/home/sarim.hashmi/usenix/benchmark/newbench_norm/real/A_store_room_holds_sinks,_bathtubs_and_toilets.png",0,0.009645105339586735,0,1.0,1
/shared/home/sarim.hashmi/usenix/benchmark/newbench_norm/real/A_stove_top_oven_sitting_next_to_a_tiled_wall..png,0,0.0011626479681581259,0,1.0,1
/shared/home/sarim.hashmi/usenix/benchmark/newbench_norm/real/A_stove_top_with_a_tea_kettle_sitting_on_top_of_it..png,0,0.005218303296715021,0,1.0,1
/shared/home/sarim.hashmi/usenix/benchmark/newbench_norm/real/A_stove_top_with_lots_of_pots_and_pans..png,0,0.0023923704866319895,0,1.0,1
/shared/home/sarim.hashmi/usenix/benchmark/newbench_norm/real/A_street_light_and_other_road_signs._.png,0,0.0033955550752580166,0,1.0,1
/shared/home/sarim.hashmi/usenix/benchmark/newbench_norm/real/A_street_scene_looking_down_at_cars_and_motorcycles_parked..png,0,4.9764739742386155e-06,0,1.0,1
/shared/home/sarim.hashmi/usenix/benchmark/newbench_norm/real/A_street_sign_is_filled_with_various_stickers.__.png,0,0.0007408341043628752,0,1.0,1
/shared/home/sarim.hashmi/usenix/benchmark/newbench_norm/real/A_street_sign_next_to_a_bend_in_the_road..png,0,8.090288611128926e-05,0,1.0,1
/shared/home/sarim.hashmi/usenix/benchmark/newbench_norm/real/A_street_sign_saying_S._Gay_st_while_a_traffic_light_is_yellow..png,0,0.002296163234859705,0,0.9999998807907104,1
/shared/home/sarim.hashmi/usenix/benchmark/newbench_norm/real/A_street_sign_showing_a_person_walking_with_a_child_and_a_bike_sits_on_the_sit_of_the_road._.png,0,7.682433533773292e-06,0,0.9999988079071045,1
/shared/home/sarim.hashmi/usenix/benchmark/newbench_norm/real/A_street_sign_showing_they_are_making_improvements.png,0,1.39034881385669e-07,0,1.0,1
/shared/home/sarim.hashmi/usenix/benchmark/newbench_norm/real/A_street_sign_showing_what_roads_go_which_ways..png,0,1.3797089195577428e-05,0,0.9999998807907104,1
/shared/home/sarim.hashmi/usenix/benchmark/newbench_norm/real/A_street_sign_sitting_along_side_of_train_tracks..png,0,2.362205123063177e-06,0,1.0,1
"/shared/home/sarim.hashmi/usenix/benchmark/newbench_norm/real/A_street_sign_with_the_name_of_two_streets_and_a_stop_sign,_and_parked_cars_and_buildings_in_the_dis.png",0,0.0005695389118045568,0,1.0,1
/shared/home/sarim.hashmi/usenix/benchmark/newbench_norm/real/A_stuffed_bear_is_sitting_next_to_a_computer_monitor..png,0,0.0312950424849987,0,1.0,1
/shared/home/sarim.hashmi/usenix/benchmark/newbench_norm/real/A_subway_train_with_a_row_of_orange_and_white_seats..png,0,0.00010300474241375923,0,1.0,1
/shared/home/sarim.hashmi/usenix/benchmark/newbench_norm/real/A_sun_spot_is_the_only_mark_in_a_clear_sky_with_a_plane_traveling_over_a_snowy_expanse_with_a_bunch_.png,0,4.1411844904359896e-06,0,1.0,1
/shared/home/sarim.hashmi/usenix/benchmark/newbench_norm/real/A_table_full_of_items_and_on_a_sunny_day._.png,0,0.0001674966188147664,0,1.0,1
/shared/home/sarim.hashmi/usenix/benchmark/newbench_norm/real/A_tall_giraffe_in_a_green_grassy_field..png,0,0.00732059171423316,0,1.0,1
/shared/home/sarim.hashmi/usenix/benchmark/newbench_norm/real/A_tall_giraffe_standing_next_to_a_herd_of_deer..png,0,0.015557407401502132,0,1.0,1
/shared/home/sarim.hashmi/usenix/benchmark/newbench_norm/real/A_taxi_cab_parked_next_to_a_fire_hydrant..png,0,0.5561465620994568,1,1.0,1
/shared/home/sarim.hashmi/usenix/benchmark/newbench_norm/real/A_television_sits_on_a_cabinet_in_a_room..png,0,2.028920562224812e-06,0,0.9999855756759644,1
/shared/home/sarim.hashmi/usenix/benchmark/newbench_norm/real/A_tie-dyed_cyclist_stands_beside_his_bicycle_in_front_of_fellow_cyclists..png,0,0.0003152051067445427,0,1.0,1
"/shared/home/sarim.hashmi/usenix/benchmark/newbench_norm/real/A_tiled_bathroom_with_a_single_vanity,_toilet_and_shower..png",0,0.004491116851568222,0,0.9999997615814209,1
/shared/home/sarim.hashmi/usenix/benchmark/newbench_norm/real/A_toilet_in_a_stall_with_remote_control_buttons..png,0,0.00028497999301180243,0,0.9999998807907104,1
/shared/home/sarim.hashmi/usenix/benchmark/newbench_norm/real/A_toilet_seat_sits_on_top_of_a_hole_in_the_ground..png,0,0.14325392246246338,0,1.0,1
/shared/home/sarim.hashmi/usenix/benchmark/newbench_norm/real/A_toilet_sitting_outside_a_building_in_an_alley..png,0,0.004573990125209093,0,1.0,1
/shared/home/sarim.hashmi/usenix/benchmark/newbench_norm/real/A_toilet_that_is_very_clean_in_a_bathroom..png,0,8.037943189265206e-05,0,1.0,1
/shared/home/sarim.hashmi/usenix/benchmark/newbench_norm/real/A_tow_truck_driving_past_a_very_old_stop_sign..png,0,0.00017683800251688808,0,1.0,1
/shared/home/sarim.hashmi/usenix/benchmark/newbench_norm/real/A_towel_hangs_beneath_a_sink_in_a_bathroom..png,0,0.0006987056112848222,0,1.0,1
/shared/home/sarim.hashmi/usenix/benchmark/newbench_norm/real/A_traffic_light_and_cars_on_a_street..png,0,0.000516835309099406,0,1.0,1
/shared/home/sarim.hashmi/usenix/benchmark/newbench_norm/real/A_traffic_light_glows_red_on_a_cloudy_day.png,0,0.0002479138784110546,0,0.9999995231628418,1
/shared/home/sarim.hashmi/usenix/benchmark/newbench_norm/real/A_traffic_light_on_a_street_with_some_people..png,0,9.01333442016039e-06,0,1.0,1
/shared/home/sarim.hashmi/usenix/benchmark/newbench_norm/real/A_traffic_light_sitting_next_to_a_cluster_of_traffic_cones..png,0,1.335068645857973e-06,0,1.0,1
/shared/home/sarim.hashmi/usenix/benchmark/newbench_norm/real/A_traffic_light_sitting_on_the_side_of_a_road..png,0,0.005436221603304148,0,1.0,1
/shared/home/sarim.hashmi/usenix/benchmark/newbench_norm/real/A_traffic_sign_hung_upside_down_on_a_pole._.png,0,0.012750817462801933,0,1.0,1
/shared/home/sarim.hashmi/usenix/benchmark/newbench_norm/real/A_train_coming_up_to_a_railroad_crossing..png,0,0.0001687864278210327,0,1.0,1
/shared/home/sarim.hashmi/usenix/benchmark/newbench_norm/real/A_train_covered_in_graffiti_sitting_on_top_of__train_tracks..png,0,2.2613248802372254e-06,0,1.0,1
/shared/home/sarim.hashmi/usenix/benchmark/newbench_norm/real/A_train_covered_in_graffiti_traveling_down_railroad_tracks..png,0,0.0015086124185472727,0,1.0,1
/shared/home/sarim.hashmi/usenix/benchmark/newbench_norm/real/A_train_going_down_the_tracks_that_has_just_gone_under_a_bridge..png,0,0.028150495141744614,0,1.0,1
/shared/home/sarim.hashmi/usenix/benchmark/newbench_norm/real/A_train_is_moving_along_train_tracks_through_the_woods..png,0,0.09921956062316895,0,1.0,1
/shared/home/sarim.hashmi/usenix/benchmark/newbench_norm/real/A_train_is_stopped_in_front_of_an_industrial_area..png,0,0.0009770180331543088,0,1.0,1
/shared/home/sarim.hashmi/usenix/benchmark/newbench_norm/real/A_train_making_its_way_through_a_rail_yard..png,0,0.0001724483590805903,0,1.0,1
/shared/home/sarim.hashmi/usenix/benchmark/newbench_norm/real/A_train_sitting_in_front_of_a_tin_building_and_a_dry_grass_field..png,0,0.290709525346756,0,1.0,1
/shared/home/sarim.hashmi/usenix/benchmark/newbench_norm/real/A_train_sitting_inside_of_a_train_station_near_a_skylight..png,0,0.05578939616680145,0,1.0,1
/shared/home/sarim.hashmi/usenix/benchmark/newbench_norm/real/A_train_traveling_along_a_rocky_mountain_side..png,0,0.0003135990700684488,0,1.0,1
/shared/home/sarim.hashmi/usenix/benchmark/newbench_norm/real/A_train_traveling_down_train_tracks_next_to_a_building..png,0,0.010494556277990341,0,1.0,1
/shared/home/sarim.hashmi/usenix/benchmark/newbench_norm/real/A_train_traveling_through_rural_countryside_under_power_lines..png,0,0.0015648804837837815,0,1.0,1
/shared/home/sarim.hashmi/usenix/benchmark/newbench_norm/real/A_train_with_a_green_and_orange_stripe_is_sitting_on_the_tracks..png,0,0.0003480197046883404,0,0.9999804496765137,1
/shared/home/sarim.hashmi/usenix/benchmark/newbench_norm/real/A_trash_can_made_to_look_like_a_soup_can..png,0,9.748593583935872e-06,0,0.9999998807907104,1
/shared/home/sarim.hashmi/usenix/benchmark/newbench_norm/real/A_travel_guide_taking_a_photo_as_the_tour_bus_arrives.png,0,0.0026242861058562994,0,1.0,1
/shared/home/sarim.hashmi/usenix/benchmark/newbench_norm/real/A_tree_sitting_next_to_a_bench_near_a_lake..png,0,0.0007010120316408575,0,1.0,1
/shared/home/sarim.hashmi/usenix/benchmark/newbench_norm/real/A_tree_sitting_on_top_of_a_hillside_near_a_bench..png,0,0.0034000054001808167,0,1.0,1
/shared/home/sarim.hashmi/usenix/benchmark/newbench_norm/real/A_very_skinny_red_fire_hydrant_with_silver_top_and_sides._.png,0,3.3095616345235612e-06,0,1.0,1
/shared/home/sarim.hashmi/usenix/benchmark/newbench_norm/real/A_very_tall_building_sitting_on_the_side_of_a_road..png,0,7.342961907852441e-05,0,1.0,1
/shared/home/sarim.hashmi/usenix/benchmark/newbench_norm/real/A_very_tall_building_with_a_clock_mounted_to_it's_side..png,0,0.00044114020420238376,0,1.0,1
/shared/home/sarim.hashmi/usenix/benchmark/newbench_norm/real/A_very_tall_building_with_lots_of_windows..png,0,5.174431862542406e-06,0,1.0,1
/shared/home/sarim.hashmi/usenix/benchmark/newbench_norm/real/A_very_upscale_looking_hotel_room_with_large_bed_and_a_bathroom_in_the_next_room..png,0,0.00034762872382998466,0,1.0,1
/shared/home/sarim.hashmi/usenix/benchmark/newbench_norm/real/A_view_from_the_street_of_two_traffic_lights_and_a_building._.png,0,0.003591107437387109,0,1.0,1
"/shared/home/sarim.hashmi/usenix/benchmark/newbench_norm/real/A_view_of_a_kitchen_sink,_knives,_hanging_cups,_and_wine_glasses..png",0,0.0026033588219434023,0,1.0,1
/shared/home/sarim.hashmi/usenix/benchmark/newbench_norm/real/A_vintage_STOP_sign_in_black_&_white.png,0,0.7419515252113342,1,1.0,1
/shared/home/sarim.hashmi/usenix/benchmark/newbench_norm/real/A_walk_in_shower_next_to_a_tub_in_a_bathroom..png,0,0.0009781067492440343,0,0.9999998807907104,1
/shared/home/sarim.hashmi/usenix/benchmark/newbench_norm/real/A_wall_mounted_oven_inside_of_a_kitchen_with_a_large_entrance..png,0,0.013720480725169182,0,1.0,1
/shared/home/sarim.hashmi/usenix/benchmark/newbench_norm/real/A_water-stained_cathedral_clock-tower_enveloped_by_various_green_vines..png,0,8.846819582686294e-06,0,1.0,1
/shared/home/sarim.hashmi/usenix/benchmark/newbench_norm/real/A_water_foul_near_the_shore_in_a_body_of_water_with_an_island_in_the_middle_of_it..png,0,0.016964765265583992,0,1.0,1
/shared/home/sarim.hashmi/usenix/benchmark/newbench_norm/real/A_white_and_black_bird_perched_on_a_wooden_fence_rail..png,0,0.00013732242223341018,0,1.0,1
/shared/home/sarim.hashmi/usenix/benchmark/newbench_norm/real/A_white_and_black_checkered_floor_in_a_kitchen..png,0,6.039476375008235e-06,0,1.0,1
/shared/home/sarim.hashmi/usenix/benchmark/newbench_norm/real/A_white_and_blue_bus_parked_on_the_side_of_a_road..png,0,0.008619987405836582,0,1.0,1
/shared/home/sarim.hashmi/usenix/benchmark/newbench_norm/real/A_white_and_orange_cat_sitting_on_top_of_a_sidewalk..png,0,0.00022105337120592594,0,1.0,1
/shared/home/sarim.hashmi/usenix/benchmark/newbench_norm/real/A_white_bath_tub_sitting_under_a_window_next_to_a_toilet..png,0,0.0036233202554285526,0,1.0,1
/shared/home/sarim.hashmi/usenix/benchmark/newbench_norm/real/A_white_bathroom_mirror_mounted_to_it's_wall..png,0,0.31999471783638,0,1.0,1
/shared/home/sarim.hashmi/usenix/benchmark/newbench_norm/real/A_white_bathroom_sink_sitting_next_to_a_toilet..png,0,0.00016181975661311299,0,0.9999971389770508,1
/shared/home/sarim.hashmi/usenix/benchmark/newbench_norm/real/A_white_cake_topped_with_coconut_on_a_counter..png,0,0.05937962606549263,0,1.0,1
/shared/home/sarim.hashmi/usenix/benchmark/newbench_norm/real/A_white_car_with_chrome_rims_parked_next_to_an_older_lady..png,0,3.5803523132926784e-06,0,1.0,1
/shared/home/sarim.hashmi/usenix/benchmark/newbench_norm/real/A_white_church_sitting_at_the_bottom_of_a_hillside..png,0,0.00014639513392467052,0,1.0,1
/shared/home/sarim.hashmi/usenix/benchmark/newbench_norm/real/A_white_city_bus_pulling_onto_a_street_near_a_cross_walk..png,0,0.0018297744682058692,0,1.0,1
/shared/home/sarim.hashmi/usenix/benchmark/newbench_norm/real/A_white_compact_car_parked_on_a_sandy_dirt_road..png,0,0.0026818360202014446,0,1.0,1
/shared/home/sarim.hashmi/usenix/benchmark/newbench_norm/real/A_white_kitchen_with_marble_countertops_and_stone_floors..png,0,0.00030195750878192484,0,1.0,1
/shared/home/sarim.hashmi/usenix/benchmark/newbench_norm/real/A_white_park_bench_sitting_in_the_middle_of_a_forest..png,0,4.995815106667578e-05,0,1.0,1
/shared/home/sarim.hashmi/usenix/benchmark/newbench_norm/real/A_white_sink_under_a_mirror_in_a_bathroom_next_to_a_light_switch..png,0,0.0004355219716671854,0,1.0,1
/shared/home/sarim.hashmi/usenix/benchmark/newbench_norm/real/A_white_stove_top_oven_sitting_inside_of_a_kitchen..png,0,0.0001282197772525251,0,0.9999998807907104,1
/shared/home/sarim.hashmi/usenix/benchmark/newbench_norm/real/A_white_stove_with_two_metal_pots_on_its_back_burners._.png,0,0.20555831491947174,0,1.0,1
/shared/home/sarim.hashmi/usenix/benchmark/newbench_norm/real/A_white_toilet_in_a_bathroom_next_to_toilet_paper..png,0,0.07565692067146301,0,1.0,1
/shared/home/sarim.hashmi/usenix/benchmark/newbench_norm/real/A_white_toilet_sitting_in_a_bathroom_next_to_a_counter..png,0,0.01609611324965954,0,1.0,1
/shared/home/sarim.hashmi/usenix/benchmark/newbench_norm/real/A_white_toilet_sitting_inside_of_a_bathroom..png,0,0.0006652323645539582,0,1.0,1
/shared/home/sarim.hashmi/usenix/benchmark/newbench_norm/real/A_white_toilet_sitting_on_top_of_a_bathroom_floor..png,0,2.2060081391828135e-05,0,1.0,1
/shared/home/sarim.hashmi/usenix/benchmark/newbench_norm/real/A_white_toilet_sitting_underneath_a_window_next_to_a_sink..png,0,1.3225408110884018e-05,0,1.0,1
/shared/home/sarim.hashmi/usenix/benchmark/newbench_norm/real/A_white_toilet_with_a_black_lid_and_red_painting_on_it._.png,0,0.0021060912404209375,0,0.9999998807907104,1
/shared/home/sarim.hashmi/usenix/benchmark/newbench_norm/real/A_white_trunk_parked_next_to_a_stop_sign..png,0,0.03814197704195976,0,1.0,1
/shared/home/sarim.hashmi/usenix/benchmark/newbench_norm/real/A_white_tub_sitting_underneath_a_couple_of_windows..png,0,6.265842966968194e-05,0,1.0,1
/shared/home/sarim.hashmi/usenix/benchmark/newbench_norm/real/A_whole_bunch_of_traffic_stop_signs_huddled_together..png,0,0.005069174338132143,0,0.9999978542327881,1
/shared/home/sarim.hashmi/usenix/benchmark/newbench_norm/real/A_window_shot_of_a_plane_in_the_air_with_another_plane_present._.png,0,0.001608503283932805,0,1.0,1
/shared/home/sarim.hashmi/usenix/benchmark/newbench_norm/real/A_woman_and_two_men_sitting_on_a_bench_in_front_of_a_store..png,0,4.803314368473366e-06,0,1.0,1
/shared/home/sarim.hashmi/usenix/benchmark/newbench_norm/real/A_woman_eating_vegetables_in_front_of_a_stove..png,0,0.0003932873369194567,0,1.0,1
/shared/home/sarim.hashmi/usenix/benchmark/newbench_norm/real/A_woman_holding_up_measuring_cups_and_a_cat_watching_on_the_counter..png,0,0.001391965663060546,0,1.0,1
/shared/home/sarim.hashmi/usenix/benchmark/newbench_norm/real/A_woman_is_kneeling_down_next_to_a_toilet..png,0,0.0002303520595887676,0,1.0,1
/shared/home/sarim.hashmi/usenix/benchmark/newbench_norm/real/A_woman_is_riding_an_orange_sports_motorcycle..png,0,0.00026834849268198013,0,1.0,1
/shared/home/sarim.hashmi/usenix/benchmark/newbench_norm/real/A_woman_is_standing_on_a_kitchen_floor..png,0,0.005741482600569725,0,1.0,1
/shared/home/sarim.hashmi/usenix/benchmark/newbench_norm/real/A_woman_is_unloading_a_bag_in_a_large_kitchen..png,0,0.03496992588043213,0,1.0,1
/shared/home/sarim.hashmi/usenix/benchmark/newbench_norm/real/A_woman_is_walking_a_dog_in_the_city..png,0,0.0062650348991155624,0,1.0,1
/shared/home/sarim.hashmi/usenix/benchmark/newbench_norm/real/A_woman_preparing_food_inside_of_a_kitchen..png,0,0.00324273481965065,0,1.0,1
/shared/home/sarim.hashmi/usenix/benchmark/newbench_norm/real/A_woman_riding_a_green_bike_with_a_small_white_dog_on_the_back..png,0,0.0002751376887317747,0,1.0,1
/shared/home/sarim.hashmi/usenix/benchmark/newbench_norm/real/A_woman_sitting_on_a_bench_in_a_field_in_front_of_a_pond..png,0,0.0036947643384337425,0,0.9999994039535522,1
/shared/home/sarim.hashmi/usenix/benchmark/newbench_norm/real/A_woman_sitting_on_a_motorcycle_while_talking_to_a_child_with_a_man_laying_in_a_hammock_behind_them..png,0,0.0031730388291180134,0,1.0,1
/shared/home/sarim.hashmi/usenix/benchmark/newbench_norm/real/A_woman_standing_in_a_kitchen_holding_a_jug_of_milk..png,0,5.531880015041679e-05,0,1.0,1
/shared/home/sarim.hashmi/usenix/benchmark/newbench_norm/real/A_woman_standing_in_a_kitchen_next_to_a_sink..png,0,0.005164839327335358,0,1.0,1
/shared/home/sarim.hashmi/usenix/benchmark/newbench_norm/real/A_woman_standing_in_front_of_a_bathroom_mirror_next_to_a_sink..png,0,5.029299245506991e-06,0,0.9999998807907104,1
/shared/home/sarim.hashmi/usenix/benchmark/newbench_norm/real/A_woman_standing_in_front_of_a_table_with_lots_of_salad..png,0,0.0016241202829405665,0,1.0,1
/shared/home/sarim.hashmi/usenix/benchmark/newbench_norm/real/A_woman_standing_next_to_a_standing_toilet..png,0,0.011868377216160297,0,1.0,1
/shared/home/sarim.hashmi/usenix/benchmark/newbench_norm/real/A_woman_standing_next_to_a_traffic_signal_on_a_street_corner..png,0,0.00015473915846087039,0,1.0,1
/shared/home/sarim.hashmi/usenix/benchmark/newbench_norm/real/A_woman_standing_with_a_bi-wing_airplane_on_a_runway..png,0,0.0014813054585829377,0,1.0,1
/shared/home/sarim.hashmi/usenix/benchmark/newbench_norm/real/A_woman_walking_a_dog_down_a_street..png,0,0.0014093327336013317,0,1.0,1
/shared/home/sarim.hashmi/usenix/benchmark/newbench_norm/real/A_wooden_bench_near_tall_vegetation_in_front_of_a_house..png,0,0.0016729668714106083,0,1.0,1
/shared/home/sarim.hashmi/usenix/benchmark/newbench_norm/real/A_wooden_bench_sitting_on_a_lush_green_park..png,0,1.1622418583101535e-07,0,1.0,1
/shared/home/sarim.hashmi/usenix/benchmark/newbench_norm/real/A_wooden_bench_that_is_next_to_a_meter..png,0,0.0001604553690413013,0,1.0,1
/shared/home/sarim.hashmi/usenix/benchmark/newbench_norm/real/A_wooden_bench_with_snow_in_a__forest..png,0,5.583911843132228e-06,0,1.0,1
/shared/home/sarim.hashmi/usenix/benchmark/newbench_norm/real/A_wooden_park_bench_with_a_remote_control_on_top_of_it..png,0,3.0403023629332893e-05,0,1.0,1
/shared/home/sarim.hashmi/usenix/benchmark/newbench_norm/real/A_yellow_and_blue_bus_driving_down_a_curvy_road..png,0,2.8536629542941228e-05,0,1.0,1
/shared/home/sarim.hashmi/usenix/benchmark/newbench_norm/real/A_yellow_and_green_train_pulling_out_of_a_tunnel_next_to_a_red_car..png,0,0.03628721460700035,0,1.0,1
/shared/home/sarim.hashmi/usenix/benchmark/newbench_norm/real/A_yellow_bus_carrying_passengers_riding_along_the_road..png,0,0.07440266758203506,0,1.0,1
/shared/home/sarim.hashmi/usenix/benchmark/newbench_norm/real/A_yellow_dune_buggy_on_display_amongst_other_automobiles..png,0,0.0031241208780556917,0,1.0,1
/shared/home/sarim.hashmi/usenix/benchmark/newbench_norm/real/A_yellow_fire_hydrant_in_front_of_a_bike_leaning_against_four_poles.png,0,1.9048655303777196e-05,0,1.0,1
/shared/home/sarim.hashmi/usenix/benchmark/newbench_norm/real/A_yellow_motorcycle_in_front_of_a_street_with_several_people._.png,0,0.0017047314904630184,0,1.0,1
/shared/home/sarim.hashmi/usenix/benchmark/newbench_norm/real/A_yellow_sign_sitting_on_the_side_of_a_road..png,0,0.001420833170413971,0,1.0,1
/shared/home/sarim.hashmi/usenix/benchmark/newbench_norm/real/A_yellow_stripped_cat_sitting_in_a_bathroom_sink..png,0,0.0006403373554348946,0,1.0,1
/shared/home/sarim.hashmi/usenix/benchmark/newbench_norm/real/A_young_boy_seems_to_be_trying_to_feed_a_giraffe._.png,0,0.0017171090003103018,0,1.0,1
/shared/home/sarim.hashmi/usenix/benchmark/newbench_norm/real/A_young_cat_with_a_beautiful_coat_standing_alone._.png,0,0.03898421674966812,0,1.0,1
/shared/home/sarim.hashmi/usenix/benchmark/newbench_norm/real/A_young_girl_standing_on_a_field_with_a_flock_of_birds..png,0,0.00011926090519409627,0,1.0,1
/shared/home/sarim.hashmi/usenix/benchmark/newbench_norm/real/A_young_woman_lays_a_hand_on_the_neck_of_the_horse_she_is_riding..png,0,1.2115469871787354e-05,0,1.0,1
/shared/home/sarim.hashmi/usenix/benchmark/newbench_norm/real/A_zebra_and_giraffe_that_is_in_the_dirt..png,0,0.005377120804041624,0,1.0,1
/shared/home/sarim.hashmi/usenix/benchmark/newbench_norm/real/Adult_lying_obscurely_on_park_bench_in_wide_open_area..png,0,0.04709753766655922,0,1.0,1
/shared/home/sarim.hashmi/usenix/benchmark/newbench_norm/real/Aerial_tricks_performed_on_red_bike_over_stacked_skateboards_with_photographer_in_background..png,0,8.16154988569906e-06,0,1.0,1
/shared/home/sarim.hashmi/usenix/benchmark/newbench_norm/real/All_of_the_bunches_of_bananas_are_yellow_and_ripe..png,0,0.0003609202103689313,0,1.0,1
/shared/home/sarim.hashmi/usenix/benchmark/newbench_norm/real/An_All_Nippon_Airways_777_sitting_at_a_gate_on_the_tarmac..png,0,0.0013650143519043922,0,1.0,1
/shared/home/sarim.hashmi/usenix/benchmark/newbench_norm/real/An_airplane_flying_in_the_sky_with_smoke_coming_out_of_it._.png,0,0.003868372878059745,0,1.0,1
/shared/home/sarim.hashmi/usenix/benchmark/newbench_norm/real/An_airplane_is_flying_against_a_partly_cloudy_sky..png,0,0.31191325187683105,0,1.0,1
/shared/home/sarim.hashmi/usenix/benchmark/newbench_norm/real/An_airplane_nose_sits_in_a_hangar._.png,0,0.0017125720623880625,0,1.0,1
/shared/home/sarim.hashmi/usenix/benchmark/newbench_norm/real/An_airplane_on_a_runway_with_snow_on_it..png,0,0.0044755167327821255,0,1.0,1
/shared/home/sarim.hashmi/usenix/benchmark/newbench_norm/real/An_animal_surrounded_by_a_flock_of_birds.png,0,0.0012748738517984748,0,1.0,1
/shared/home/sarim.hashmi/usenix/benchmark/newbench_norm/real/An_assortment_of_flying_objects_including_kites_and_airplanes_hung_inside_a_building..png,0,0.013290629722177982,0,1.0,1
/shared/home/sarim.hashmi/usenix/benchmark/newbench_norm/real/An_empty_bathroom_with_a_shower_next_to_a_toilet..png,0,0.015416719950735569,0,1.0,1
/shared/home/sarim.hashmi/usenix/benchmark/newbench_norm/real/An_empty_kitchen_with_lots_of_tile_blue_counter_top_space..png,0,6.60477380733937e-05,0,1.0,1
/shared/home/sarim.hashmi/usenix/benchmark/newbench_norm/real/An_intersection_features_a_directional_sign_to_local_towns._.png,0,1.5644771337974817e-05,0,1.0,1
/shared/home/sarim.hashmi/usenix/benchmark/newbench_norm/real/An_intersection_of_wires_and_cables_stretching_over_a_traffic_light..png,0,0.0003004793543368578,0,1.0,1
/shared/home/sarim.hashmi/usenix/benchmark/newbench_norm/real/An_odd_couple_of_formal_woman_in_black_dress_and_pearls_with_casual_boy_in_a_cap_and_untidy_clothes_.png,0,7.639224577360437e-07,0,1.0,1
/shared/home/sarim.hashmi/usenix/benchmark/newbench_norm/real/An_office_cubicle_with_clutter_on_the_desk.png,0,0.0011544680455699563,0,1.0,1
"/shared/home/sarim.hashmi/usenix/benchmark/newbench_norm/real/An_old,_rusty_fire_hydrant,_in_front_of_the_pole._.png",0,0.03082103841006756,0,1.0,1
/shared/home/sarim.hashmi/usenix/benchmark/newbench_norm/real/An_old_black_and_white_picture_of_a_bus_and_homes_in_the_background._.png,0,0.01116240955889225,0,1.0,1
/shared/home/sarim.hashmi/usenix/benchmark/newbench_norm/real/An_old_bus_makes_its_way_down_a_city_street..png,0,0.011227545328438282,0,1.0,1
/shared/home/sarim.hashmi/usenix/benchmark/newbench_norm/real/An_old_clock_bordered_by_a_tire_in_front_of_a_rusted_door..png,0,0.7585039734840393,1,1.0,1
/shared/home/sarim.hashmi/usenix/benchmark/newbench_norm/real/An_old_fashioned_biplane_with_its_propeller_spinning..png,0,0.0015907010529190302,0,1.0,1
/shared/home/sarim.hashmi/usenix/benchmark/newbench_norm/real/An_old_fire_hydrant_in_the_middle_of_the_woods..png,0,0.00012261119263712317,0,1.0,1
/shared/home/sarim.hashmi/usenix/benchmark/newbench_norm/real/An_old_lady_smiling_in_a_pink_kitchen..png,0,6.873843631183263e-06,0,1.0,1
/shared/home/sarim.hashmi/usenix/benchmark/newbench_norm/real/An_old_toilet_outside_against_an_old_painted_wall..png,0,0.02057216875255108,0,1.0,1
/shared/home/sarim.hashmi/usenix/benchmark/newbench_norm/real/An_old_train_moving_on_a_train_track..png,0,0.024858055636286736,0,1.0,1
/shared/home/sarim.hashmi/usenix/benchmark/newbench_norm/real/An_older_model_passenger_bus_in_a_city..png,0,0.02194189839065075,0,1.0,1
"/shared/home/sarim.hashmi/usenix/benchmark/newbench_norm/real/An_open_door_leading_to_a_bathroom_toilet,_with_a_shower_rack_and_bureau_visible..png",0,1.7011489035212435e-05,0,1.0,1
/shared/home/sarim.hashmi/usenix/benchmark/newbench_norm/real/An_open_toilet_with_a_sign_posted_on_it..png,0,6.082591426093131e-06,0,0.9999998807907104,1
/shared/home/sarim.hashmi/usenix/benchmark/newbench_norm/real/An_orange_fire_hydrant_sitting_next_to_a_stone_wall..png,0,0.05951321870088577,0,1.0,1
/shared/home/sarim.hashmi/usenix/benchmark/newbench_norm/real/An_orange_sign_that_has_a_picture_of_a_man_holding_a_flag..png,0,4.263693335815333e-05,0,1.0,1
/shared/home/sarim.hashmi/usenix/benchmark/newbench_norm/real/An_worn_out_rainbow_colored_park_bench_seat.png,0,0.16589292883872986,0,1.0,1
/shared/home/sarim.hashmi/usenix/benchmark/newbench_norm/real/Bench_and_window_with_shutters_with_bricked_wall.png,0,4.5585409679915756e-05,0,1.0,1
/shared/home/sarim.hashmi/usenix/benchmark/newbench_norm/real/Birds_perched_up_on_a_tree_branch_next_to_a_window..png,0,0.2525111436843872,0,1.0,1
/shared/home/sarim.hashmi/usenix/benchmark/newbench_norm/real/Black_and_white_photo_of_a_clocktower_and_a_bird..png,0,0.01639331877231598,0,1.0,1
/shared/home/sarim.hashmi/usenix/benchmark/newbench_norm/real/Car_parked_in_the_parking_lot_next_to_the_pier.png,0,0.005977518390864134,0,1.0,1
/shared/home/sarim.hashmi/usenix/benchmark/newbench_norm/real/Cars_parked_and_driving_in_front_of_a_school..png,0,0.0008957479149103165,0,0.9999997615814209,1
/shared/home/sarim.hashmi/usenix/benchmark/newbench_norm/real/City_bus_loading_on_a_busy_metropolitan_street._.png,0,0.0005412844475358725,0,1.0,1
/shared/home/sarim.hashmi/usenix/benchmark/newbench_norm/real/City_bus_on_an_empty_city_street_near_a_STOP_sign._.png,0,0.00012639428314287215,0,1.0,1
/shared/home/sarim.hashmi/usenix/benchmark/newbench_norm/real/Cliffs_rise_on_the_edge_of_a_placid_lake..png,0,0.00014461285900324583,0,1.0,1
/shared/home/sarim.hashmi/usenix/benchmark/newbench_norm/real/Closeup_of_view_of_the_cabin_and_wing_of_a_large_commercial_airliner..png,0,0.000948870787397027,0,1.0,1
/shared/home/sarim.hashmi/usenix/benchmark/newbench_norm/real/Colorful_passenger_cars_are_parked_at_an_empty_station..png,0,0.030341291800141335,0,1.0,1
/shared/home/sarim.hashmi/usenix/benchmark/newbench_norm/real/Construction_worker_holding_a_stop_sign_on_the_side_of_a_road_on_a_sunny_day..png,0,0.0005166378105059266,0,0.9999991655349731,1
/shared/home/sarim.hashmi/usenix/benchmark/newbench_norm/real/Cute_multi_colored_kitten_sitting_in_woman's_lap.png,0,0.0007021292112767696,0,1.0,1
/shared/home/sarim.hashmi/usenix/benchmark/newbench_norm/real/Double_decker_city_bus_passing_under_an_overpass._.png,0,0.02730422094464302,0,1.0,1
/shared/home/sarim.hashmi/usenix/benchmark/newbench_norm/real/Emergency_vehicles_are_on_the_scene_of_the_accident..png,0,0.002751419087871909,0,1.0,1
/shared/home/sarim.hashmi/usenix/benchmark/newbench_norm/real/Fruit_in_a_jar_filled_with_liquid_sitting_on_a_wooden_table..png,0,0.2143108993768692,0,1.0,1
/shared/home/sarim.hashmi/usenix/benchmark/newbench_norm/real/Full_grown_cat_laying_down_and_sleeping_on_top_of_a_car._.png,0,0.0001560170203447342,0,0.9999998807907104,1
/shared/home/sarim.hashmi/usenix/benchmark/newbench_norm/real/Giraffe_walking_through_a_field_next_to_a_forest..png,0,0.0006026763003319502,0,1.0,1
/shared/home/sarim.hashmi/usenix/benchmark/newbench_norm/real/Giraffe_with_large_trees_grazing_in_gray_sky.png,0,0.013092928566038609,0,1.0,1
/shared/home/sarim.hashmi/usenix/benchmark/newbench_norm/real/Group_of_giraffes_standing_near_a_puddle_on_the_savannah..png,0,0.0009855648968368769,0,1.0,1
/shared/home/sarim.hashmi/usenix/benchmark/newbench_norm/real/Jet_liner_flying_off_into_the_distance_on_an_overcast_day.png,0,0.0005097587127238512,0,1.0,1
/shared/home/sarim.hashmi/usenix/benchmark/newbench_norm/real/Large_commuter_train_parked_on_the_track_with_no_people_around..png,0,0.02404625527560711,0,1.0,1
/shared/home/sarim.hashmi/usenix/benchmark/newbench_norm/real/Lots_of_fruit_sits_on_bowls_on_the_counter_of_this_kitchen._.png,0,0.0019252736819908023,0,1.0,1
/shared/home/sarim.hashmi/usenix/benchmark/newbench_norm/real/Man_on_bike_on_street_corner_with_buildings_and_stoplight.png,0,1.6003601558622904e-05,0,1.0,1
/shared/home/sarim.hashmi/usenix/benchmark/newbench_norm/real/Man_on_blue_and_white_motorcycle_riding_on_one_wheel._.png,0,0.0005987127078697085,0,1.0,1
/shared/home/sarim.hashmi/usenix/benchmark/newbench_norm/real/Many_motorcycles_are_parked_around_a_crowd_of_people..png,0,0.00025652319891378284,0,1.0,1
/shared/home/sarim.hashmi/usenix/benchmark/newbench_norm/real/Many_people_bike_through_the_streets_at_night..png,0,5.883762423763983e-05,0,1.0,1
/shared/home/sarim.hashmi/usenix/benchmark/newbench_norm/real/Many_planes_are_arranged_in_a_large_building..png,0,0.0002728607796598226,0,1.0,1
/shared/home/sarim.hashmi/usenix/benchmark/newbench_norm/real/Many_plates_and_dishes_line_a_kitchen_cabinet._.png,0,0.00026942184194922447,0,1.0,1
/shared/home/sarim.hashmi/usenix/benchmark/newbench_norm/real/Men_and_women_are_riding_on_motorcycles_on_the_street.png,0,0.00016023092030081898,0,1.0,1
/shared/home/sarim.hashmi/usenix/benchmark/newbench_norm/real/Multiple_lane_road_in_large_city_on_sunny_day..png,0,0.001094785868190229,0,1.0,1
"/shared/home/sarim.hashmi/usenix/benchmark/newbench_norm/real/Non_passenger_train,_slowly_coming_down_the_tracks.png",0,0.00137037702370435,0,1.0,1
/shared/home/sarim.hashmi/usenix/benchmark/newbench_norm/real/One_giraffe_in_the_foreground_with_two_giraffes_in_the_background..png,0,7.546205597463995e-05,0,1.0,1
/shared/home/sarim.hashmi/usenix/benchmark/newbench_norm/real/People_are_sitting_and_standing_outside_between_train_cars..png,0,0.0005683751660399139,0,1.0,1
/shared/home/sarim.hashmi/usenix/benchmark/newbench_norm/real/People_are_waiting_for_the_bus_near_a_bus_stop..png,0,8.376751793548465e-05,0,1.0,1
/shared/home/sarim.hashmi/usenix/benchmark/newbench_norm/real/People_are_waiting_for_the_train_to_arrive.png,0,0.0027461748104542494,0,1.0,1
/shared/home/sarim.hashmi/usenix/benchmark/newbench_norm/real/People_at_a_bus_stop_waiting_on_a_bus..png,0,1.640783011680469e-05,0,0.9999997615814209,1
/shared/home/sarim.hashmi/usenix/benchmark/newbench_norm/real/People_crossing_the_street_at_a_busy_intersection.png,0,0.00012786337174475193,0,1.0,1
/shared/home/sarim.hashmi/usenix/benchmark/newbench_norm/real/People_sitting_on_benches_next_to_each_other..png,0,0.0004430678382050246,0,1.0,1
/shared/home/sarim.hashmi/usenix/benchmark/newbench_norm/real/People_standing_around_looking_at_a_small_train_on_a_track.png,0,0.031501952558755875,0,1.0,1
/shared/home/sarim.hashmi/usenix/benchmark/newbench_norm/real/People_standing_on_a_sidewalk_near_a_parked_bus_at_night..png,0,5.1621682359836996e-05,0,1.0,1
/shared/home/sarim.hashmi/usenix/benchmark/newbench_norm/real/People_walking_around_downtown_and_a_man_riding_his_bike..png,0,0.00019015242287423462,0,1.0,1
/shared/home/sarim.hashmi/usenix/benchmark/newbench_norm/real/Red_and_white_plane_sitting_in_a_green_field..png,0,0.01653926633298397,0,1.0,1
/shared/home/sarim.hashmi/usenix/benchmark/newbench_norm/real/Red_brick_building_with_fire_hydrant_and_car_with_cloudy_sky.png,0,7.442380592692643e-06,0,0.9999998807907104,1
/shared/home/sarim.hashmi/usenix/benchmark/newbench_norm/real/Red_bus_passing_by_a_famous_clock_tower._.png,0,0.007265680469572544,0,1.0,1
/shared/home/sarim.hashmi/usenix/benchmark/newbench_norm/real/Red_train_at_a_stop_and_a_man_that_is_waiting._.png,0,0.0004974841722287238,0,1.0,1
/shared/home/sarim.hashmi/usenix/benchmark/newbench_norm/real/Red_wrong_way_sign_in_front_of_a_church.png,0,0.003568163374438882,0,1.0,1
/shared/home/sarim.hashmi/usenix/benchmark/newbench_norm/real/Row_of_motorcycles_parked_at_curb_in_outdoor_area..png,0,6.280290108406916e-05,0,1.0,1
/shared/home/sarim.hashmi/usenix/benchmark/newbench_norm/real/Rows_of_gray_and_black_keyboards_make_up_several_different_pictures..png,0,0.8732591867446899,1,0.9999998807907104,1
/shared/home/sarim.hashmi/usenix/benchmark/newbench_norm/real/Separate_men_sitting_on_park_benches_playing_on_phone_and_reading..png,0,3.980461406172253e-05,0,0.9999998807907104,1
/shared/home/sarim.hashmi/usenix/benchmark/newbench_norm/real/Seven_giraffe_are_standing_around_a_bush_in_a_field..png,0,0.00037902468466199934,0,1.0,1
/shared/home/sarim.hashmi/usenix/benchmark/newbench_norm/real/Several_bicycles_lined_up_against_a_brick_building..png,0,0.008530905470252037,0,1.0,1
/shared/home/sarim.hashmi/usenix/benchmark/newbench_norm/real/Several_buses_stopped_on_a_night_time_street..png,0,0.0002519132394809276,0,1.0,1
/shared/home/sarim.hashmi/usenix/benchmark/newbench_norm/real/Several_different_pots_place_on_a_stone_floor..png,0,9.87165913102217e-05,0,1.0,1
/shared/home/sarim.hashmi/usenix/benchmark/newbench_norm/real/Several_motorcycles_and_cars_parked_on_a_city_street..png,0,0.006439832039177418,0,1.0,1
/shared/home/sarim.hashmi/usenix/benchmark/newbench_norm/real/Several_people_are_seen_sitting_around_and_smoking..png,0,8.887075819075108e-05,0,1.0,1
/shared/home/sarim.hashmi/usenix/benchmark/newbench_norm/real/Several_people_stand_on_a_sidewalk_by_a_train_next_to_a_cart_stacked_with_materials..png,0,0.0024656702298671007,0,1.0,1
/shared/home/sarim.hashmi/usenix/benchmark/newbench_norm/real/Several_sheep_are_in_a_grassy_field_with_trees..png,0,0.11979267746210098,0,1.0,1
/shared/home/sarim.hashmi/usenix/benchmark/newbench_norm/real/Sign_over_city_street_above_traffic_lights_by_a_building..png,0,4.729721240437357e-06,0,1.0,1
/shared/home/sarim.hashmi/usenix/benchmark/newbench_norm/real/Signs_with_red_men_for_go_and_stop.png,0,0.002677850890904665,0,0.9999991655349731,1
/shared/home/sarim.hashmi/usenix/benchmark/newbench_norm/real/Small_bathroom_with_toilet_and_sink_connected_to_each_other._.png,0,0.005823856685310602,0,0.9999997615814209,1
/shared/home/sarim.hashmi/usenix/benchmark/newbench_norm/real/Small_black_bird_standing_on_a_wooden_table_or_deck..png,0,0.004270764067769051,0,1.0,1
/shared/home/sarim.hashmi/usenix/benchmark/newbench_norm/real/Small_kitchen_with_white_cabinets_and_white_appliances_with_a_city_view._.png,0,0.0031326208263635635,0,1.0,1
/shared/home/sarim.hashmi/usenix/benchmark/newbench_norm/real/Some_cars_are_traveling_on_the_streets_on_a_cloudy_day._.png,0,1.692917794571258e-05,0,1.0,1
/shared/home/sarim.hashmi/usenix/benchmark/newbench_norm/real/Street_sign_in_front_of_a_large_building_and_clear_skies..png,0,1.3244113688415382e-05,0,1.0,1
/shared/home/sarim.hashmi/usenix/benchmark/newbench_norm/real/Street_signs_are_advising_people_to_proceed_while_being_aware_of_their_surroundings..png,0,0.0009407601319253445,0,1.0,1
"/shared/home/sarim.hashmi/usenix/benchmark/newbench_norm/real/Street_signs_at_an_intersection,_silhouetted_against_trees_and_a_blue_sky.png",0,0.0008990158676169813,0,1.0,1
/shared/home/sarim.hashmi/usenix/benchmark/newbench_norm/real/THERE_IS_A_PARK_BENCH_FACING_A_SNOW_COVERED_MOUNTAIN_.png,0,0.0002151093358406797,0,1.0,1
/shared/home/sarim.hashmi/usenix/benchmark/newbench_norm/real/TWO_PEOPLE_IN_A_VERY_SMALL_APARTMENT_SIZE_KITCHEN.png,0,7.775149424560368e-05,0,1.0,1
/shared/home/sarim.hashmi/usenix/benchmark/newbench_norm/real/That_looks_like_a_wall_mural_in_the_background_of_this_photo_with_a_lot_of_sheet..png,0,0.00034226648858748376,0,1.0,1
/shared/home/sarim.hashmi/usenix/benchmark/newbench_norm/real/The_airplane_flies_low_to_the_ground_during_sunset..png,0,0.0012894965475425124,0,1.0,1
/shared/home/sarim.hashmi/usenix/benchmark/newbench_norm/real/The_airplane_is_majestic_as_it_takes_off_into_the_air..png,0,0.017585810273885727,0,1.0,1
/shared/home/sarim.hashmi/usenix/benchmark/newbench_norm/real/The_back_door_with_a_window_in_the_kitchen..png,0,6.528845551656559e-05,0,1.0,1
/shared/home/sarim.hashmi/usenix/benchmark/newbench_norm/real/The_baseball_player_is_prominent_in_all_the_featured_pictures..png,0,0.0035192507784813643,0,0.9999998807907104,1
/shared/home/sarim.hashmi/usenix/benchmark/newbench_norm/real/The_bathroom_has_two_large_windows_with_a_ledge..png,0,3.073491825489327e-05,0,1.0,1
/shared/home/sarim.hashmi/usenix/benchmark/newbench_norm/real/The_bathroom_is_clean_for_the_guests_to_use._.png,0,0.017808759585022926,0,1.0,1
"/shared/home/sarim.hashmi/usenix/benchmark/newbench_norm/real/The_bathroom_is_small_but_clean_and_neat_looking,_with_an_immaculate_black_and_white_tub___shower..png",0,0.011753503233194351,0,1.0,1
/shared/home/sarim.hashmi/usenix/benchmark/newbench_norm/real/The_bird_is_perched_alone_on_the_bannister._.png,0,3.395384737814311e-06,0,1.0,1
/shared/home/sarim.hashmi/usenix/benchmark/newbench_norm/real/The_black_cat_is_laying_on_top_of_books_on_the_shelf._.png,0,0.0014680736931040883,0,0.9999998807907104,1
/shared/home/sarim.hashmi/usenix/benchmark/newbench_norm/real/The_car_is_traveling_down_the_road_while_the_dog_watches..png,0,0.011751791462302208,0,1.0,1
/shared/home/sarim.hashmi/usenix/benchmark/newbench_norm/real/The_clock_on_the_side_of_the_metal_building_is_gold_and_black._.png,0,0.00024279144417960197,0,1.0,1
/shared/home/sarim.hashmi/usenix/benchmark/newbench_norm/real/The_couple_is_riding_the_motorcycle_together._.png,0,0.004751162137836218,0,1.0,1
/shared/home/sarim.hashmi/usenix/benchmark/newbench_norm/real/The_fire_hydrant_is_sitting_on_the_side_of_the_road.png,0,0.04715689644217491,0,1.0,1
/shared/home/sarim.hashmi/usenix/benchmark/newbench_norm/real/The_four_urinals_have_a_very_modern_design..png,0,0.0012080237502232194,0,0.9999998807907104,1
/shared/home/sarim.hashmi/usenix/benchmark/newbench_norm/real/The_freight_train_is_speeding_through_the_crossing..png,0,0.015945132821798325,0,1.0,1
"/shared/home/sarim.hashmi/usenix/benchmark/newbench_norm/real/The_german_shepherd_is_guarding_the_front_of_the_barred_door,.png",0,0.013287658803164959,0,1.0,1
/shared/home/sarim.hashmi/usenix/benchmark/newbench_norm/real/The_giraffe_eats_from_a_reachable_limb_of_the_tree..png,0,0.0004478207847569138,0,1.0,1
/shared/home/sarim.hashmi/usenix/benchmark/newbench_norm/real/The_infamous_Big_Ben_clock_tower_towering_over_the_city_of_London..png,0,0.0006999025354161859,0,0.9999991655349731,1
/shared/home/sarim.hashmi/usenix/benchmark/newbench_norm/real/The_kitchen_sits_empty_and_unused_during_the_day..png,0,0.0009228289127349854,0,1.0,1
/shared/home/sarim.hashmi/usenix/benchmark/newbench_norm/real/The_large_green_city_bus_is_driving_on_a_road..png,0,0.0006316593498922884,0,1.0,1
/shared/home/sarim.hashmi/usenix/benchmark/newbench_norm/real/The_lights_are_on_above_the_mirror_of_the_bathroom_sink..png,0,8.941488340497017e-05,0,1.0,1
/shared/home/sarim.hashmi/usenix/benchmark/newbench_norm/real/The_little_girl_is_standing_between_the_low_shrub_and_the_fire_plug.png,0,0.003228797810152173,0,1.0,1
/shared/home/sarim.hashmi/usenix/benchmark/newbench_norm/real/The_motorcycle_has_a_large_cargo_box_attached_to_the_seat..png,0,0.0017448598518967628,0,1.0,1
/shared/home/sarim.hashmi/usenix/benchmark/newbench_norm/real/The_officer_is_riding_a_horse_threw_the_streets._.png,0,0.0011021464597433805,0,1.0,1
/shared/home/sarim.hashmi/usenix/benchmark/newbench_norm/real/The_person_stands_in_a_field_flying_a_yellow_kite._.png,0,0.46642231941223145,0,1.0,1
/shared/home/sarim.hashmi/usenix/benchmark/newbench_norm/real/The_red_bus_has_an_anime_girl_on_it._.png,0,0.0014302110066637397,0,1.0,1
/shared/home/sarim.hashmi/usenix/benchmark/newbench_norm/real/The_shoreline_of_a_beach_on_a_cloudy_day._.png,0,5.999047061777674e-05,0,1.0,1
/shared/home/sarim.hashmi/usenix/benchmark/newbench_norm/real/The_skilled_skier_is_taking_the_downhill_route..png,0,0.001520412159152329,0,1.0,1
/shared/home/sarim.hashmi/usenix/benchmark/newbench_norm/real/The_sleek_fighter_jet_is_flying_sideways_through_the_air._.png,0,0.001824154518544674,0,1.0,1
/shared/home/sarim.hashmi/usenix/benchmark/newbench_norm/real/The_small_bathroom_has_an_old_bathtub_in_it..png,0,0.005799891892820597,0,1.0,1
/shared/home/sarim.hashmi/usenix/benchmark/newbench_norm/real/The_small_street_is_crowded_with_small_shops..png,0,0.00011001421808032319,0,1.0,1
/shared/home/sarim.hashmi/usenix/benchmark/newbench_norm/real/The_snow_covered_mountain_looks_over_the_small_city..png,0,0.6786421537399292,1,0.9999997615814209,1
/shared/home/sarim.hashmi/usenix/benchmark/newbench_norm/real/The_stop_sign_with_an_apartment_building_in_the_backgroundis_shot_from_below..png,0,0.002758848713710904,0,0.9999998807907104,1
/shared/home/sarim.hashmi/usenix/benchmark/newbench_norm/real/The_street_sign_is_across_from_an_electronic_sign_of_a_restaurant..png,0,6.181518529047025e-06,0,1.0,1
/shared/home/sarim.hashmi/usenix/benchmark/newbench_norm/real/The_three_giraffe_stand_next_to_a_pile_of_logs..png,0,0.00043212552554905415,0,1.0,1
/shared/home/sarim.hashmi/usenix/benchmark/newbench_norm/real/The_train_could_be_going_as_fast_as_lightning.png,0,0.14501692354679108,0,1.0,1
/shared/home/sarim.hashmi/usenix/benchmark/newbench_norm/real/The_train_is_passing_by_the_open_field..png,0,4.9834907258627936e-05,0,1.0,1
/shared/home/sarim.hashmi/usenix/benchmark/newbench_norm/real/The_view_from_the_airplane_shows_a_mountain_range..png,0,0.0014568320475518703,0,1.0,1
/shared/home/sarim.hashmi/usenix/benchmark/newbench_norm/real/The_windows_of_a_railroad_train_photographed_against_a_cloudy_background..png,0,0.02032606676220894,0,1.0,1
/shared/home/sarim.hashmi/usenix/benchmark/newbench_norm/real/The_woman_smiles_while_posing_with_a_big_cat_in_her_arms..png,0,0.019316529855132103,0,1.0,1
/shared/home/sarim.hashmi/usenix/benchmark/newbench_norm/real/The_woman_stands_near_the_stove_near_a_baby_chair_on_the_ground._.png,0,3.83402148145251e-05,0,1.0,1
/shared/home/sarim.hashmi/usenix/benchmark/newbench_norm/real/There's_an_outdoor_dining_area_featuring_a_fountain._.png,0,0.0008476347429677844,0,1.0,1
/shared/home/sarim.hashmi/usenix/benchmark/newbench_norm/real/There_are_billboards_on_the_side_of_the_road..png,0,0.00043699477100744843,0,1.0,1
/shared/home/sarim.hashmi/usenix/benchmark/newbench_norm/real/There_are_many_cars_parked_next_to_the_ship..png,0,0.0004059412458445877,0,1.0,1
/shared/home/sarim.hashmi/usenix/benchmark/newbench_norm/real/There_are_stop_signs_and_one_way_signs_at_this_intersection..png,0,0.016928326338529587,0,1.0,1
/shared/home/sarim.hashmi/usenix/benchmark/newbench_norm/real/There_are_two_men_sitting_on_a_park_bench.png,0,0.0005190171068534255,0,1.0,1
/shared/home/sarim.hashmi/usenix/benchmark/newbench_norm/real/There_are_two_sinks_next_to_two_mirrors..png,0,0.007880344055593014,0,1.0,1
/shared/home/sarim.hashmi/usenix/benchmark/newbench_norm/real/There_is_a_blue_and_yellow_train_stopped_at_a_train_stop.png,0,0.19617636501789093,0,1.0,1
/shared/home/sarim.hashmi/usenix/benchmark/newbench_norm/real/There_is_a_man_picking_bananas_next_to_a_street..png,0,3.04364748444641e-05,0,1.0,1
/shared/home/sarim.hashmi/usenix/benchmark/newbench_norm/real/This_hazy_picture_depicts_traffic_on_a_busy_street..png,0,0.008532611653208733,0,1.0,1
/shared/home/sarim.hashmi/usenix/benchmark/newbench_norm/real/This_is_an_image_of_an_elevated_train_in_the_city..png,0,0.00013559537183027714,0,1.0,1
/shared/home/sarim.hashmi/usenix/benchmark/newbench_norm/real/This_is_an_open_box_containing_four_cucumbers..png,0,0.02343362383544445,0,1.0,1
/shared/home/sarim.hashmi/usenix/benchmark/newbench_norm/real/This_quaint_backyard_has_a_shed_and_a_bench.png,0,0.004018518142402172,0,1.0,1
/shared/home/sarim.hashmi/usenix/benchmark/newbench_norm/real/Thomas_the_tank_traveling_down_train_tracks_next_to_a__bush..png,0,0.011970913037657738,0,1.0,1
/shared/home/sarim.hashmi/usenix/benchmark/newbench_norm/real/Three_airliners_are_preparing_to_load_passengers_onto_a_plane..png,0,0.0014312644489109516,0,0.9999980926513672,1
/shared/home/sarim.hashmi/usenix/benchmark/newbench_norm/real/Three_giraffe_eating_greens_in_a_field_next_to_lots_of_trees..png,0,6.928641960257664e-05,0,1.0,1
/shared/home/sarim.hashmi/usenix/benchmark/newbench_norm/real/Three_giraffe_standing_near_trees_and_one_eating_on_a_tree.__.png,0,0.0002618662838358432,0,1.0,1
/shared/home/sarim.hashmi/usenix/benchmark/newbench_norm/real/Three_light_sheep_are_grazing_on_grass_in_a_ring_and_a_dark_sheep_is_eating_by_himself..png,0,0.024024778977036476,0,1.0,1
"/shared/home/sarim.hashmi/usenix/benchmark/newbench_norm/real/Three_men_in_military_suits_are_sitting_on_a_bench,.png",0,1.02156855064095e-06,0,1.0,1
/shared/home/sarim.hashmi/usenix/benchmark/newbench_norm/real/Three_monitors_sitting_on_a_table_one_with_a_view_of_a_baseball_game..png,0,0.00039454290526919067,0,1.0,1
/shared/home/sarim.hashmi/usenix/benchmark/newbench_norm/real/Three_people_on_a_motorcycle_in_the_middle_of_a_city..png,0,0.0031352113001048565,0,1.0,1
/shared/home/sarim.hashmi/usenix/benchmark/newbench_norm/real/Three_people_riding_horses_on_a_beach_next_to_the_ocean...png,0,1.4266756807046477e-05,0,1.0,1
/shared/home/sarim.hashmi/usenix/benchmark/newbench_norm/real/Three_sheep_in_the_process_of_running_on_grass_outside..png,0,0.05714639648795128,0,1.0,1
/shared/home/sarim.hashmi/usenix/benchmark/newbench_norm/real/Three_white_storks_with_black_legs_and_beaks_wading_in_some_water..png,0,0.009402653202414513,0,1.0,1
/shared/home/sarim.hashmi/usenix/benchmark/newbench_norm/real/Traffic_lights_next_to_traffic_signs_on_a_bridge..png,0,8.073903154581785e-05,0,1.0,1
/shared/home/sarim.hashmi/usenix/benchmark/newbench_norm/real/Train_track_running_alongside_a_mountain_with_an_orange_train_car_in_distance..png,0,0.0011018136283382773,0,1.0,1
/shared/home/sarim.hashmi/usenix/benchmark/newbench_norm/real/Train_with_four_cars_traveling_through_the_wooded_area..png,0,0.000638542405795306,0,1.0,1
/shared/home/sarim.hashmi/usenix/benchmark/newbench_norm/real/Twin_baby_girls_wearing_hats_eat_ice_cream..png,0,0.00036697907489724457,0,1.0,1
/shared/home/sarim.hashmi/usenix/benchmark/newbench_norm/real/Two_No_Parking_Signs_emphasize_the_law_on_this_street..png,0,0.00041101660463027656,0,1.0,1
/shared/home/sarim.hashmi/usenix/benchmark/newbench_norm/real/Two_airplanes_flying_through_a_blue_sky_with_smoke_pouring_out_of_their_rear_ends..png,0,0.00020291168766561896,0,1.0,1
/shared/home/sarim.hashmi/usenix/benchmark/newbench_norm/real/Two_bathroom_sinks_under_two_mirrors_next_to_paper_towel_dispenser..png,0,0.01234525442123413,0,1.0,1
/shared/home/sarim.hashmi/usenix/benchmark/newbench_norm/real/Two_black_horses_standing_next_to_each_other..png,0,0.0001287942286580801,0,1.0,1
/shared/home/sarim.hashmi/usenix/benchmark/newbench_norm/real/Two_buses_passing_each_other_by_while_traveling_under_a_bridge..png,0,0.009186447598040104,0,1.0,1
/shared/home/sarim.hashmi/usenix/benchmark/newbench_norm/real/Two_busses_on_street_next_to_cars_with_buildings_in_the_background..png,0,0.0028535528108477592,0,1.0,1
/shared/home/sarim.hashmi/usenix/benchmark/newbench_norm/real/Two_cats_sitting_on_a__sill_looking_out_the_window.png,0,2.623203727125656e-05,0,1.0,1
/shared/home/sarim.hashmi/usenix/benchmark/newbench_norm/real/Two_giraffe_standing_next_to_each_other_around_a_tree..png,0,0.004052570555359125,0,1.0,1
/shared/home/sarim.hashmi/usenix/benchmark/newbench_norm/real/Two_giraffe_standing_next_to_each_other_on_a_field..png,0,0.003338631009683013,0,1.0,1
/shared/home/sarim.hashmi/usenix/benchmark/newbench_norm/real/Two_giraffe_standing_next_to_each_other_on_a_lush_green_field..png,0,0.00034709207830019295,0,1.0,1
/shared/home/sarim.hashmi/usenix/benchmark/newbench_norm/real/Two_giraffes_are_walking_and_standing_in_the_open_field.png,0,0.002549926284700632,0,1.0,1
/shared/home/sarim.hashmi/usenix/benchmark/newbench_norm/real/Two_giraffes_in_a_outdoor_shelter_under_a_net..png,0,0.0012043804163113236,0,1.0,1
/shared/home/sarim.hashmi/usenix/benchmark/newbench_norm/real/Two_giraffes_in_a_room_with_people_looking_at_them..png,0,0.00677662855014205,0,1.0,1
/shared/home/sarim.hashmi/usenix/benchmark/newbench_norm/real/Two_giraffes_near_a_tree_in_the_wild..png,0,8.16045721876435e-05,0,1.0,1
/shared/home/sarim.hashmi/usenix/benchmark/newbench_norm/real/Two_giraffes_stand_in_a_dirt_yard_next_to_a_wooden_structure..png,0,0.006242829840630293,0,1.0,1
/shared/home/sarim.hashmi/usenix/benchmark/newbench_norm/real/Two_giraffes_standing_next_to_each_other_looking_over_a_fence..png,0,0.0003847862535621971,0,1.0,1
/shared/home/sarim.hashmi/usenix/benchmark/newbench_norm/real/Two_goat_kids_and_one_young_lamb_are_in_a_field.__.png,0,0.0007853283896110952,0,1.0,1
/shared/home/sarim.hashmi/usenix/benchmark/newbench_norm/real/Two_large_colorful_birds_touch_their_beaks_together..png,0,0.22463949024677277,0,1.0,1
/shared/home/sarim.hashmi/usenix/benchmark/newbench_norm/real/Two_large_passenger_jets_flying_over_a_beach_filled_with_birds..png,0,0.011908955872058868,0,1.0,1
/shared/home/sarim.hashmi/usenix/benchmark/newbench_norm/real/Two_men_riding_on_a_motorcycle_with_a_young_girl..png,0,3.620647839852609e-05,0,1.0,1
/shared/home/sarim.hashmi/usenix/benchmark/newbench_norm/real/Two_mountain_goats_standing_on_the_side_of_a_mountain..png,0,0.002161684213206172,0,1.0,1
/shared/home/sarim.hashmi/usenix/benchmark/newbench_norm/real/Two_people_are_looking_at_a_truck_while_a_dog_is_being_walked..png,0,3.532261689542793e-05,0,1.0,1
/shared/home/sarim.hashmi/usenix/benchmark/newbench_norm/real/Two_people_are_sitting_at_a_picnic_table_by_a_lake..png,0,0.0006513142143376172,0,1.0,1
/shared/home/sarim.hashmi/usenix/benchmark/newbench_norm/real/Two_people_ride_on_a_motorcycle_on_a_street._.png,0,0.00044622665154747665,0,1.0,1
/shared/home/sarim.hashmi/usenix/benchmark/newbench_norm/real/Two_people_sit_in_the_sand_with_their_surf_boards._.png,0,1.4963218745833728e-05,0,1.0,1
/shared/home/sarim.hashmi/usenix/benchmark/newbench_norm/real/Two_people_standing_in_the_grass_flying_a_kite..png,0,0.027732038870453835,0,1.0,1
/shared/home/sarim.hashmi/usenix/benchmark/newbench_norm/real/Two_photos_of_an_airplane_in_the_air..png,0,0.012389717623591423,0,1.0,1
/shared/home/sarim.hashmi/usenix/benchmark/newbench_norm/real/Two_sheep_are_looking_over_a_cement_wall..png,0,0.15540951490402222,0,1.0,1
/shared/home/sarim.hashmi/usenix/benchmark/newbench_norm/real/Two_sheep_graze_in_a_valley_near_a_small_town..png,0,0.0023755019064992666,0,1.0,1
/shared/home/sarim.hashmi/usenix/benchmark/newbench_norm/real/Two_sheep_one_with_a_bell_tied_to_its_neck_walking_in_a_green_field..png,0,0.0407341867685318,0,1.0,1
/shared/home/sarim.hashmi/usenix/benchmark/newbench_norm/real/Two_sheep_that_are_standing_in_the_grass..png,0,0.010022187605500221,0,1.0,1
/shared/home/sarim.hashmi/usenix/benchmark/newbench_norm/real/Two_signs_in_front_of_a_red_brick_building_that_say_Tow_Away_No_Stopping_from_4pm_to_6pm_and_No_Park.png,0,1.3651105291501153e-05,0,0.9999995231628418,1
/shared/home/sarim.hashmi/usenix/benchmark/newbench_norm/real/Two_stuffed_animals_are_cutting_bread_and_spreading_jelly_on_it..png,0,0.039437226951122284,0,1.0,1
/shared/home/sarim.hashmi/usenix/benchmark/newbench_norm/real/Two_tall_giraffe_standing_next_to_a_green_leaf_filled_tree.png,0,0.029421305283904076,0,0.9999998807907104,1
/shared/home/sarim.hashmi/usenix/benchmark/newbench_norm/real/Two_toilets_sit_near_each_other_in_the_same_room..png,0,0.005375700071454048,0,1.0,1
/shared/home/sarim.hashmi/usenix/benchmark/newbench_norm/real/Two_urinals_in_wall_with_a_white_divider..png,0,0.0791129618883133,0,1.0,1
/shared/home/sarim.hashmi/usenix/benchmark/newbench_norm/real/Vet_supplies_laying_on_the_floor_of_a_room..png,0,5.953185791440774e-06,0,1.0,1
/shared/home/sarim.hashmi/usenix/benchmark/newbench_norm/real/Water_is_spewing_form_the_ground_while_people_watch_on..png,0,0.0015073049580678344,0,1.0,1
/shared/home/sarim.hashmi/usenix/benchmark/newbench_norm/real/We_are_looking_at_a_model_train_coming_down_the_track..png,0,0.1567894071340561,0,0.9999998807907104,1
/shared/home/sarim.hashmi/usenix/benchmark/newbench_norm/real/White_and_gray_cat_looking_past_spoked_wheel..png,0,0.0023816276807338,0,1.0,1
/shared/home/sarim.hashmi/usenix/benchmark/newbench_norm/real/Woman_interacting_with_giraffe_at_fence_in_zoo..png,0,8.759625779930502e-05,0,1.0,1
/shared/home/sarim.hashmi/usenix/benchmark/newbench_norm/real/Woman_riding_her_bike_down_a_small_side_path..png,0,0.0008230060921050608,0,1.0,1
/shared/home/sarim.hashmi/usenix/benchmark/newbench_norm/real/Women_taking_picture_of_themselves_while_brushing_their_teeth..png,0,0.000985249993391335,0,1.0,1
/shared/home/sarim.hashmi/usenix/benchmark/newbench_norm/real/Woodpeckers_on_the_side_of_trees_during_the_day..png,0,0.7831976413726807,1,1.0,1
"/shared/home/sarim.hashmi/usenix/benchmark/newbench_norm/real/_A_bathroom_with_a_toilet,_sink,_counter_and_large_mirror.png",0,0.0029249221552163363,0,1.0,1
/shared/home/sarim.hashmi/usenix/benchmark/newbench_norm/real/_A_sidewalk_with_street_sings_next_to_a_road..png,0,1.868903018475976e-05,0,1.0,1
/shared/home/sarim.hashmi/usenix/benchmark/newbench_norm/real/_a_street_sign_with_the_red_light_glowing_brightly_on_it_.png,0,0.0003040173905901611,0,1.0,1
/shared/home/sarim.hashmi/usenix/benchmark/newbench_norm/real/a_bath_room_with_a_toilet_a_sink_and_a_bath_tub.png,0,0.01224761363118887,0,1.0,1
/shared/home/sarim.hashmi/usenix/benchmark/newbench_norm/real/a_bath_room_with_a_toilet_a_stool_and_handle_bars.png,0,0.0003854454553220421,0,1.0,1
/shared/home/sarim.hashmi/usenix/benchmark/newbench_norm/real/a_bath_room_with_two_sinks_a_large_mirror_a_bath_tub.png,0,0.11546114832162857,0,1.0,1
/shared/home/sarim.hashmi/usenix/benchmark/newbench_norm/real/a_bathroom_counter_with_two_sinks_on_it_.png,0,0.002452756045386195,0,1.0,1
/shared/home/sarim.hashmi/usenix/benchmark/newbench_norm/real/a_bathroom_with_a_bath_tub_a_toilet_and_a_sink.png,0,0.043593402951955795,0,1.0,1
/shared/home/sarim.hashmi/usenix/benchmark/newbench_norm/real/a_bathroom_with_a_sink_a_mirror_and_a_toilet.png,0,0.00037939485628157854,0,1.0,1
/shared/home/sarim.hashmi/usenix/benchmark/newbench_norm/real/a_bathroom_with_a_white_sink_next_to_a_white_bath_tub..png,0,0.0010072087170556188,0,0.9999998807907104,1
/shared/home/sarim.hashmi/usenix/benchmark/newbench_norm/real/a_bathroom_with_bright_lights_and_white_carpet_.png,0,0.009889296256005764,0,1.0,1
/shared/home/sarim.hashmi/usenix/benchmark/newbench_norm/real/a_beautiful_lady_with_a_very_nice_motor_bike.png,0,0.000711023632902652,0,1.0,1
/shared/home/sarim.hashmi/usenix/benchmark/newbench_norm/real/a_bench_in_the_woods_covered_in_snow_.png,0,0.00022263129358179867,0,1.0,1
/shared/home/sarim.hashmi/usenix/benchmark/newbench_norm/real/a_big_red_fire_hydrant_on_the_side_of_a_building..png,0,8.929105206334498e-06,0,1.0,1
/shared/home/sarim.hashmi/usenix/benchmark/newbench_norm/real/a_black_and_white_photo_of_a_long_bench_for_sitting_near_a_building.png,0,3.786042725550942e-05,0,0.9999990463256836,1
/shared/home/sarim.hashmi/usenix/benchmark/newbench_norm/real/a_blue_sign_in_the_sidewalk_of_a_walking_trail.png,0,0.04458242282271385,0,1.0,1
/shared/home/sarim.hashmi/usenix/benchmark/newbench_norm/real/a_bluish_motorcycle_parked_on_sidewalk_in_park.png,0,0.014917080290615559,0,1.0,1
/shared/home/sarim.hashmi/usenix/benchmark/newbench_norm/real/a_brown_and_white_dog_is_sitting_in_some_grass_and_a_red_and_white_fire_hydrant.png,0,0.9433101415634155,1,1.0,1
/shared/home/sarim.hashmi/usenix/benchmark/newbench_norm/real/a_cat_is_sitting_on_a_wooden_bench_outside.png,0,0.00014120599371381104,0,0.9999998807907104,1
/shared/home/sarim.hashmi/usenix/benchmark/newbench_norm/real/a_close_up_of_a_cat_on_a_desk_near_a_sandwich_.png,0,0.00039065902819857,0,1.0,1
/shared/home/sarim.hashmi/usenix/benchmark/newbench_norm/real/a_close_up_of_a_pot_with_a_cell_phone_.png,0,4.032399374409579e-05,0,1.0,1
/shared/home/sarim.hashmi/usenix/benchmark/newbench_norm/real/a_close_up_of_two_giraffes_with_a_rock_background.png,0,0.0024072439409792423,0,1.0,1
/shared/home/sarim.hashmi/usenix/benchmark/newbench_norm/real/a_colofrul_biplane_flying_above_some_trees_.png,0,0.0004534711188171059,0,1.0,1
/shared/home/sarim.hashmi/usenix/benchmark/newbench_norm/real/a_commercial_plane_is_on_the_airport_runway.png,0,0.007146536838263273,0,1.0,1
/shared/home/sarim.hashmi/usenix/benchmark/newbench_norm/real/a_counter_with_cleaning_supplies_ice_cube_trays_and_racks_from_a_fridge_and_a_drawer_missing.png,0,0.0003154910518787801,0,1.0,1
/shared/home/sarim.hashmi/usenix/benchmark/newbench_norm/real/a_couple_of_anmails_standing_next_to_a_truck.png,0,0.00020097561355214566,0,1.0,1
/shared/home/sarim.hashmi/usenix/benchmark/newbench_norm/real/a_couple_of_buildings_grouped_together_next_to_some_power_lines_.png,0,0.00041068054269999266,0,1.0,1
/shared/home/sarim.hashmi/usenix/benchmark/newbench_norm/real/a_couple_of_cats_sit_in_front_of_a_tub_full_of_water_.png,0,0.02175316959619522,0,1.0,1
/shared/home/sarim.hashmi/usenix/benchmark/newbench_norm/real/a_couple_of_fire_trucks_that_are_by_a_motorcycle.png,0,0.005257155280560255,0,1.0,1
/shared/home/sarim.hashmi/usenix/benchmark/newbench_norm/real/a_couple_of_people_in_uniforms_are_sitting_together.png,0,8.229586092056707e-05,0,1.0,1
/shared/home/sarim.hashmi/usenix/benchmark/newbench_norm/real/a_couple_of_planes_are_out_on_a_runway.png,0,0.0003627186524681747,0,1.0,1
/shared/home/sarim.hashmi/usenix/benchmark/newbench_norm/real/a_couple_of_sgns_are_on_poles_in_the_ground.png,0,4.7512887249467894e-05,0,1.0,1
/shared/home/sarim.hashmi/usenix/benchmark/newbench_norm/real/a_couple_of_sheep_walking_across_a_grass_covered_field..png,0,0.00040684393025003374,0,1.0,1
/shared/home/sarim.hashmi/usenix/benchmark/newbench_norm/real/a_cyclist_with_a_motorbike_moving_very_fast.png,0,0.001907163648866117,0,1.0,1
/shared/home/sarim.hashmi/usenix/benchmark/newbench_norm/real/a_desk_with_a_banana_a_keyboard_and_a_mouse.png,0,0.001553262467496097,0,1.0,1
/shared/home/sarim.hashmi/usenix/benchmark/newbench_norm/real/a_dog_walking_beside_a_man_carrying_a_surf_board.png,0,1.330602026428096e-05,0,0.9999994039535522,1
/shared/home/sarim.hashmi/usenix/benchmark/newbench_norm/real/a_double_decker_red_bus_stopped_outside_of_a_brick_building.png,0,9.593842150934506e-06,0,1.0,1
/shared/home/sarim.hashmi/usenix/benchmark/newbench_norm/real/a_fancy_white_train_parked_by_the_platform_.png,0,0.027172381058335304,0,1.0,1
/shared/home/sarim.hashmi/usenix/benchmark/newbench_norm/real/a_female_in_a_gray_top_is_holding_a_cellphone.png,0,0.00363462558016181,0,1.0,1
/shared/home/sarim.hashmi/usenix/benchmark/newbench_norm/real/a_giraffe_in_a_field_with_another_in_the_background.png,0,0.0003072110121138394,0,1.0,1
/shared/home/sarim.hashmi/usenix/benchmark/newbench_norm/real/a_giraffe_reaching_up_to_eat_some_grass_from_a_cage_.png,0,7.270088826771826e-05,0,1.0,1
/shared/home/sarim.hashmi/usenix/benchmark/newbench_norm/real/a_giraffe_walking_on_a_street_with_trees.png,0,0.006738514173775911,0,1.0,1
/shared/home/sarim.hashmi/usenix/benchmark/newbench_norm/real/a_girl_wearing_a_cowboy_hat_while_holding_a_dog_.png,0,2.3256241547642276e-05,0,1.0,1
/shared/home/sarim.hashmi/usenix/benchmark/newbench_norm/real/a_green_double_Decker_bus_stopped_on_the_street.png,0,0.0065580857917666435,0,1.0,1
/shared/home/sarim.hashmi/usenix/benchmark/newbench_norm/real/a_green_train_engine_sitting_at_the_end_of_the_train_and_next_to_the_buidling.png,0,0.00025102373911067843,0,1.0,1
/shared/home/sarim.hashmi/usenix/benchmark/newbench_norm/real/a_group_of_light_resting_on_a_post_with_a_street_sign_on_it.png,0,0.00033992729731835425,0,1.0,1
/shared/home/sarim.hashmi/usenix/benchmark/newbench_norm/real/a_group_of_people_on_motorcycles_drive_down_the_road.png,0,0.0034700194373726845,0,1.0,1
/shared/home/sarim.hashmi/usenix/benchmark/newbench_norm/real/a_group_of_people_that_are_taking_a_picture.png,0,0.00042284512892365456,0,1.0,1
/shared/home/sarim.hashmi/usenix/benchmark/newbench_norm/real/a_group_of_urinals_is_near_the_trees.png,0,0.0009326208964921534,0,0.9999998807907104,1
/shared/home/sarim.hashmi/usenix/benchmark/newbench_norm/real/a_group_of_vehicles_parked_next_to_a_firehydrant.png,0,0.00043982447823509574,0,1.0,1
/shared/home/sarim.hashmi/usenix/benchmark/newbench_norm/real/a_herd_of_sheep_standing_around_in_a_big_grassy_field_.png,0,0.005641603842377663,0,1.0,1
/shared/home/sarim.hashmi/usenix/benchmark/newbench_norm/real/a_home_made_stop_sign_in_the_middle_of_nowhere.png,0,7.796219279043726e-07,0,1.0,1
/shared/home/sarim.hashmi/usenix/benchmark/newbench_norm/real/a_kitchen_that_makes_food_has_pots_and_pans..png,0,0.006815463770180941,0,1.0,1
/shared/home/sarim.hashmi/usenix/benchmark/newbench_norm/real/a_kitchen_with_a__sink_surrounded_by_a_bunch_of_cluttered_items.png,0,0.29596832394599915,0,1.0,1
/shared/home/sarim.hashmi/usenix/benchmark/newbench_norm/real/a_kitchen_with_a_nasty_dirty_kitchen_with_a_light_beam_through_the_window.png,0,0.0009790941840037704,0,1.0,1
/shared/home/sarim.hashmi/usenix/benchmark/newbench_norm/real/a_large_air_plane_flying_in_the_air.png,0,0.00021528989600483328,0,1.0,1
/shared/home/sarim.hashmi/usenix/benchmark/newbench_norm/real/a_large_body_of_water_with_trees_in_the_background.png,0,0.01166275143623352,0,1.0,1
/shared/home/sarim.hashmi/usenix/benchmark/newbench_norm/real/a_line_of_cars_with_a_motorcycle_in_front.png,0,0.0036215719301253557,0,1.0,1
/shared/home/sarim.hashmi/usenix/benchmark/newbench_norm/real/a_lit_up_counter_with_two_fancy_sinks_on_it.png,0,0.000393541413359344,0,0.9999997615814209,1
/shared/home/sarim.hashmi/usenix/benchmark/newbench_norm/real/a_little_giraffe_sitting_on_the_ground_next_to_a_somewhat_bigger_one_.png,0,0.0006681793020106852,0,1.0,1
/shared/home/sarim.hashmi/usenix/benchmark/newbench_norm/real/a_living_room_with_some_fancy_curtains_behind_a_couch_.png,0,0.6434270143508911,1,1.0,1
/shared/home/sarim.hashmi/usenix/benchmark/newbench_norm/real/a_man_assisting_a_woman_shearing_a_sheep_with_several_children_watching.png,0,6.747806037310511e-05,0,1.0,1
/shared/home/sarim.hashmi/usenix/benchmark/newbench_norm/real/a_man_on_skis_holds_onto_the_hands_of_a_small_girl_on_skis.png,0,2.0547115127556026e-05,0,1.0,1
/shared/home/sarim.hashmi/usenix/benchmark/newbench_norm/real/a_man_riding_a_small_motorcycle_in_the_bustling_streets.png,0,2.338873309781775e-05,0,1.0,1
/shared/home/sarim.hashmi/usenix/benchmark/newbench_norm/real/a_man_sits_by_himself_on_a_bench_in_a_stone-paved_square_in_front_of_a_large_bed_of_flowers.png,0,0.00022949225967749953,0,1.0,1
/shared/home/sarim.hashmi/usenix/benchmark/newbench_norm/real/a_man_standing_next_to_a_red_train_near_a_train_track_.png,0,5.897373739571776e-06,0,1.0,1
/shared/home/sarim.hashmi/usenix/benchmark/newbench_norm/real/a_man_standing_on_the_side_walk_while_holding_a_sign_.png,0,0.008087932132184505,0,1.0,1
/shared/home/sarim.hashmi/usenix/benchmark/newbench_norm/real/a_man_taking_a_nap_on_the_bench_in_the_middle_of_a_park.png,0,0.012889944016933441,0,1.0,1
/shared/home/sarim.hashmi/usenix/benchmark/newbench_norm/real/a_modern_flush_toilet_in_a_bathroom_with_tile._.png,0,0.0017083707498386502,0,1.0,1
"/shared/home/sarim.hashmi/usenix/benchmark/newbench_norm/real/a_modern_kitchen_with_an_oven,_stove,_and_a_fridge_.png",0,0.007425675634294748,0,1.0,1
/shared/home/sarim.hashmi/usenix/benchmark/newbench_norm/real/a_motorcycle_is_parked_near_a_building_by_the_curb.png,0,0.037199169397354126,0,1.0,1
/shared/home/sarim.hashmi/usenix/benchmark/newbench_norm/real/a_motorcycle_parked_in_a_field_with_a_sky_background_.png,0,0.00046567738172598183,0,1.0,1
/shared/home/sarim.hashmi/usenix/benchmark/newbench_norm/real/a_number_of_birds_flying_near_a_nest_.png,0,0.00016662226698826998,0,1.0,1
/shared/home/sarim.hashmi/usenix/benchmark/newbench_norm/real/a_person_driving_a_motorcycle_on_a_closed_course.png,0,0.0017659595469012856,0,1.0,1
/shared/home/sarim.hashmi/usenix/benchmark/newbench_norm/real/a_person_in_an_office_setting_sitting_in_a_chair.png,0,0.0036614532582461834,0,1.0,1
/shared/home/sarim.hashmi/usenix/benchmark/newbench_norm/real/a_person_on_the_back_of_a_parked_truck.png,0,8.151854854077101e-05,0,1.0,1
/shared/home/sarim.hashmi/usenix/benchmark/newbench_norm/real/a_person_riding_a_dirt_bike_in_the_air_with_a_sky_background.png,0,0.00033713533775880933,0,1.0,1
/shared/home/sarim.hashmi/usenix/benchmark/newbench_norm/real/a_person_riding_a_motorcycle_on_a_road_.png,0,0.00018181742052547634,0,1.0,1
/shared/home/sarim.hashmi/usenix/benchmark/newbench_norm/real/a_person_riding_a_motorcycle_on_a_road_with_a_hill_in_the_background.png,0,0.005339032970368862,0,1.0,1
/shared/home/sarim.hashmi/usenix/benchmark/newbench_norm/real/a_person_sitting_on_a_bike_near_many_other_parked_bikes_.png,0,0.00014088267926126719,0,1.0,1
/shared/home/sarim.hashmi/usenix/benchmark/newbench_norm/real/a_person_that_is_riding_a_bike_next_to_some_seats.png,0,0.00018382557027507573,0,1.0,1
/shared/home/sarim.hashmi/usenix/benchmark/newbench_norm/real/a_picture_of_a_water_hydrant_with_many_snow._.png,0,0.00015149498358368874,0,1.0,1
/shared/home/sarim.hashmi/usenix/benchmark/newbench_norm/real/a_pole_that_has_a_sign_attached_to_it.png,0,0.9670757055282593,1,1.0,1
/shared/home/sarim.hashmi/usenix/benchmark/newbench_norm/real/a_policeman_on_a_motorcycling_driving_on_the_road_smiling.png,0,7.693826773902401e-05,0,1.0,1
/shared/home/sarim.hashmi/usenix/benchmark/newbench_norm/real/a_public_bathroom_with_a_toilet_and_hand_rail.png,0,0.0018641886999830604,0,1.0,1
/shared/home/sarim.hashmi/usenix/benchmark/newbench_norm/real/a_public_transit_train_on_a_train_track_with_trees_in_the_background.png,0,0.09961865842342377,0,1.0,1
/shared/home/sarim.hashmi/usenix/benchmark/newbench_norm/real/a_red_bus_that_has_stuff_wrote_on_the_outside.png,0,0.013651575893163681,0,1.0,1
/shared/home/sarim.hashmi/usenix/benchmark/newbench_norm/real/a_red_fire_hydrogen_next_to_a_road_in_front_of_a_bus.png,0,0.001806348329409957,0,1.0,1
/shared/home/sarim.hashmi/usenix/benchmark/newbench_norm/real/a_sculpture_made_of_spoons_and_an_old_toaster.png,0,0.037709351629018784,0,1.0,1
/shared/home/sarim.hashmi/usenix/benchmark/newbench_norm/real/a_sign_hanging_up_that_says_waterman_ave.png,0,0.010982275940477848,0,0.9999998807907104,1
/shared/home/sarim.hashmi/usenix/benchmark/newbench_norm/real/a_small_air_plane_on_an_air_plane_run_way.png,0,0.00016116608458105475,0,1.0,1
/shared/home/sarim.hashmi/usenix/benchmark/newbench_norm/real/a_small_bathroom_with_a_mirror_and_sink.png,0,0.04614178091287613,0,1.0,1
/shared/home/sarim.hashmi/usenix/benchmark/newbench_norm/real/a_steam_locomotive_on_a_narrow_gauge_track_in_the_snow.png,0,0.07707011699676514,0,0.9999997615814209,1
/shared/home/sarim.hashmi/usenix/benchmark/newbench_norm/real/a_stop_sign_and_railway_crossing_sign_on_a_pole.png,0,0.01713734120130539,0,1.0,1
/shared/home/sarim.hashmi/usenix/benchmark/newbench_norm/real/a_store_sits_in_front_of_a_fire_hydrant_.png,0,0.00035136693622916937,0,1.0,1
/shared/home/sarim.hashmi/usenix/benchmark/newbench_norm/real/a_street_light_hanging_fron_one_of_many_wires_connected_to_a_power_pole.png,0,0.000562232278753072,0,1.0,1
/shared/home/sarim.hashmi/usenix/benchmark/newbench_norm/real/a_street_with_people_and_vehicles_in_the_middle_of_it.png,0,0.0034245115239173174,0,1.0,1
/shared/home/sarim.hashmi/usenix/benchmark/newbench_norm/real/a_stuffed_animal_and_a_figurine_are_sitting_on_a_bench_and_water.png,0,2.9541884032369126e-06,0,1.0,1
/shared/home/sarim.hashmi/usenix/benchmark/newbench_norm/real/a_table_top_with_some_laptops_on_it_.png,0,2.642048912093742e-06,0,1.0,1
/shared/home/sarim.hashmi/usenix/benchmark/newbench_norm/real/a_toilet_sits_in_front_of_a_bath_tub.png,0,0.03628094494342804,0,1.0,1
/shared/home/sarim.hashmi/usenix/benchmark/newbench_norm/real/a_toilet_sits_next_to_a_bath_tub_as_a_bunch_of_tiles_sit_piled_up_.png,0,0.001165725290775299,0,1.0,1
/shared/home/sarim.hashmi/usenix/benchmark/newbench_norm/real/a_traffic_light_above_a_road_with_a_building_in_the_background.png,0,0.015370219014585018,0,1.0,1
/shared/home/sarim.hashmi/usenix/benchmark/newbench_norm/real/a_train_getting_ready_to_go_into_a_tunnel_.png,0,0.045368872582912445,0,1.0,1
/shared/home/sarim.hashmi/usenix/benchmark/newbench_norm/real/a_train_on_a_train_track_at_a_station_.png,0,0.0065817697905004025,0,1.0,1
/shared/home/sarim.hashmi/usenix/benchmark/newbench_norm/real/a_train_that_is_on_a_train_track.png,0,0.007000970188528299,0,0.9999942779541016,1
/shared/home/sarim.hashmi/usenix/benchmark/newbench_norm/real/a_tree_surrounded_by_a_little_bench_with_someone_sitting_on_it.png,0,0.002238245913758874,0,1.0,1
/shared/home/sarim.hashmi/usenix/benchmark/newbench_norm/real/a_very_big_boat_that_is_in_some_water.png,0,0.0011443562107160687,0,1.0,1
/shared/home/sarim.hashmi/usenix/benchmark/newbench_norm/real/a_very_big_bus_moving_on_the_street_with_no_people.png,0,0.0008855584310367703,0,1.0,1
/shared/home/sarim.hashmi/usenix/benchmark/newbench_norm/real/a_view_of_a_bathroom_area_with_a_white_long_flusher_and_window_behind_it_.png,0,9.427134500583634e-06,0,1.0,1
/shared/home/sarim.hashmi/usenix/benchmark/newbench_norm/real/a_white_and_black_sea_bird_standing_in_very_shallow_water.png,0,0.1516384780406952,0,1.0,1
/shared/home/sarim.hashmi/usenix/benchmark/newbench_norm/real/a_white_bus_is_on_a_busy_street.png,0,0.0005639332812279463,0,1.0,1
/shared/home/sarim.hashmi/usenix/benchmark/newbench_norm/real/a_woman_in_kitchen_cooking_chips_in_fry.png,0,0.027642719447612762,0,1.0,1
/shared/home/sarim.hashmi/usenix/benchmark/newbench_norm/real/a_woman_is_out_in_a_field_with_sheep_.png,0,0.0006267252610996366,0,1.0,1
/shared/home/sarim.hashmi/usenix/benchmark/newbench_norm/real/a_woman_is_standing_next_to_an_oven.png,0,0.000443335302406922,0,1.0,1
/shared/home/sarim.hashmi/usenix/benchmark/newbench_norm/real/a_woman_posing_on_a_wooden_bench_in_the_woods.png,0,0.08248507976531982,0,1.0,1
/shared/home/sarim.hashmi/usenix/benchmark/newbench_norm/real/a_woman_riding_a_horse_while_holding_a_flag.png,0,0.0001396575098624453,0,1.0,1
/shared/home/sarim.hashmi/usenix/benchmark/newbench_norm/real/a_wooden_and_metal_bench_near_a_over_grown_bush.png,0,0.000202335009817034,0,1.0,1
/shared/home/sarim.hashmi/usenix/benchmark/newbench_norm/real/a_young_female_siting_on_a_bench_near_a_small_stagnant_lake.png,0,0.0006574891158379614,0,1.0,1
/shared/home/sarim.hashmi/usenix/benchmark/newbench_norm/real/an_image_of_a_a_plane_that_is_flying_in_the_air.png,0,0.0018643989460542798,0,1.0,1
/shared/home/sarim.hashmi/usenix/benchmark/newbench_norm/real/an_image_of_a_cat_in_a_toilet_with_the_water.png,0,2.1536212443606928e-05,0,1.0,1
/shared/home/sarim.hashmi/usenix/benchmark/newbench_norm/real/an_image_of_a_tourbus_stopping_on_a_route.png,0,0.0016413594130426645,0,1.0,1
/shared/home/sarim.hashmi/usenix/benchmark/newbench_norm/real/an_up_close_picture_of_mechanic_of_a_bike_.png,0,2.4449009288218804e-05,0,1.0,1
/shared/home/sarim.hashmi/usenix/benchmark/newbench_norm/real/cars_wait_at_red_light_at_an_intersection_by_mountains.png,0,0.0006124238716438413,0,1.0,1
"/shared/home/sarim.hashmi/usenix/benchmark/newbench_norm/real/group_of_giraffes_mingling_in_a_stand_of_trees
.png",0,0.02826121263206005,0,1.0,1
/shared/home/sarim.hashmi/usenix/benchmark/newbench_norm/real/many_bikes_parked_in_a_parking_lot_very_close_to_each_other.png,0,0.00014948620810173452,0,1.0,1
"/shared/home/sarim.hashmi/usenix/benchmark/newbench_norm/real/older_women_sit_on_a_bench,_with_one_of_the_women_holding_crutches.png",0,1.2168155080871657e-05,0,1.0,1
/shared/home/sarim.hashmi/usenix/benchmark/newbench_norm/real/people_at_costume_party_dressed_up_in_costumes.png,0,0.0027730006258934736,0,1.0,1
/shared/home/sarim.hashmi/usenix/benchmark/newbench_norm/real/people_riding_bikes_near_a_beach_and_others_swimming.png,0,1.950522346305661e-06,0,1.0,1
/shared/home/sarim.hashmi/usenix/benchmark/newbench_norm/real/people_standing_outside_a_building_with_clocks_built_into_the_side_of_it.png,0,7.367370471911272e-06,0,1.0,1
/shared/home/sarim.hashmi/usenix/benchmark/newbench_norm/real/several_motorcycles_are_parked_next_to_each_other.png,0,0.0010346663184463978,0,1.0,1
/shared/home/sarim.hashmi/usenix/benchmark/newbench_norm/real/some_blurred_sheep_are_running_and_some_green_grass.png,0,0.9677263498306274,1,1.0,1
/shared/home/sarim.hashmi/usenix/benchmark/newbench_norm/real/some_people_on_a_park_bench_in_a_field.png,0,0.0014131616335362196,0,1.0,1
/shared/home/sarim.hashmi/usenix/benchmark/newbench_norm/real/there_are_blue_lights_shining_threw_palm_trees_.png,0,0.0022581126540899277,0,1.0,1
/shared/home/sarim.hashmi/usenix/benchmark/newbench_norm/real/there_are_many_rocks_on_the_side_of_this_road.png,0,0.0001446469104848802,0,1.0,1
/shared/home/sarim.hashmi/usenix/benchmark/newbench_norm/real/there_are_several_stop_signs_along_side_the_grass.png,0,0.007745672017335892,0,1.0,1
/shared/home/sarim.hashmi/usenix/benchmark/newbench_norm/real/there_are_two_very_tall_giraffes_in_this_zoo_by_the_water.png,0,3.6529152566799894e-05,0,1.0,1
/shared/home/sarim.hashmi/usenix/benchmark/newbench_norm/real/there_is_a_one_way_street_sign_under_a_street_name_sign.png,0,0.004165963269770145,0,1.0,1
/shared/home/sarim.hashmi/usenix/benchmark/newbench_norm/real/there_is_a_sheep_behind_a_fence_standing_in_the_snow.png,0,0.0004890662967227399,0,1.0,1
/shared/home/sarim.hashmi/usenix/benchmark/newbench_norm/real/there_is_a_stop_sign_at_the_end_of_this_cross_walk.png,0,1.1968120361416368e-06,0,1.0,1
/shared/home/sarim.hashmi/usenix/benchmark/newbench_norm/real/this_fire_hydrant_has_a_painting_on_it.png,0,0.00017010158626362681,0,1.0,1
/shared/home/sarim.hashmi/usenix/benchmark/newbench_norm/real/this_is_a_bus_with_an_ad_for_a_casino.png,0,0.00036970750079490244,0,1.0,1
/shared/home/sarim.hashmi/usenix/benchmark/newbench_norm/real/this_is_a_close_up_picture_of_a_roosters_neck.png,0,0.17591458559036255,0,1.0,1
/shared/home/sarim.hashmi/usenix/benchmark/newbench_norm/real/this_man_is_riding_a_board_near_a_field.png,0,0.0011531546479091048,0,0.9999936819076538,1
/shared/home/sarim.hashmi/usenix/benchmark/newbench_norm/real/three_children_sitting_on_a_bench_near_one_another.png,0,7.783577166264877e-05,0,1.0,1
/shared/home/sarim.hashmi/usenix/benchmark/newbench_norm/real/train_pulling_up_the_track_while_people_wait_on_the_sidewalk.png,0,0.0023779754992574453,0,1.0,1
/shared/home/sarim.hashmi/usenix/benchmark/newbench_norm/real/two_birds_flying_over_some_water_and_their_reflection.png,0,0.0022135567851364613,0,1.0,1
/shared/home/sarim.hashmi/usenix/benchmark/newbench_norm/real/two_large_air_planes_on_a_run_way.png,0,0.000565023859962821,0,1.0,1
/shared/home/sarim.hashmi/usenix/benchmark/newbench_norm/real/two_people_riding_on_a_motorcycle_on_a_road.png,0,4.2847175791393965e-05,0,1.0,1
/shared/home/sarim.hashmi/usenix/benchmark/newbench_norm/fake/1_military_jet_fighter_flying_in_formation_alongside_a_1_military_propeller_pilot._.png,1,0.004178992472589016,0,1.6416008092809409e-12,0
/shared/home/sarim.hashmi/usenix/benchmark/newbench_norm/fake/A_CGI_man_sitting_on_top_of_a_CGI_hospital_bed..png,1,0.000161958989338018,0,1.3947165100150504e-15,0
/shared/home/sarim.hashmi/usenix/benchmark/newbench_norm/fake/A_CLEAN_AND_COLORFUL_BATHROOM_WITH_A_LARGE_MIRROR.png,1,5.360709110391326e-05,0,1.269503165785002e-13,0
/shared/home/sarim.hashmi/usenix/benchmark/newbench_norm/fake/A_LOT_OF_SHEEP_IS_IN_THE_GRASS_WITH_A_SHEEP_DOG.png,1,0.055697157979011536,0,4.0755196721421554e-16,0
/shared/home/sarim.hashmi/usenix/benchmark/newbench_norm/fake/A_banana_that_is_sitting_in_a_bowl_on_the_table..png,1,0.0008305058581754565,0,2.954355857176516e-11,0
/shared/home/sarim.hashmi/usenix/benchmark/newbench_norm/fake/A_basket_filled_with_ripe_bananas_on_top_of_a_table..png,1,0.0002551897778175771,0,8.196981776068674e-14,0
/shared/home/sarim.hashmi/usenix/benchmark/newbench_norm/fake/A_bathroom_filled_with_a_white_toilet_next_to_a_sink..png,1,0.0020866452250629663,0,4.436596229284717e-11,0
/shared/home/sarim.hashmi/usenix/benchmark/newbench_norm/fake/A_bathroom_has_a_self_standing_sink_on_the_wall..png,1,0.010471837595105171,0,3.1093682316407634e-13,0
"/shared/home/sarim.hashmi/usenix/benchmark/newbench_norm/fake/A_bathroom_has_a_toilet,_sink,_mirror_and_bidet..png",1,0.004881948232650757,0,1.1161713643192267e-13,0
/shared/home/sarim.hashmi/usenix/benchmark/newbench_norm/fake/A_bathroom_is_photographed_with_a_fisheye_filter..png,1,0.007226223591715097,0,4.981915420021292e-14,0
"/shared/home/sarim.hashmi/usenix/benchmark/newbench_norm/fake/A_bathroom_is_shown_with_a_toilet,_sink,_and_shower..png",1,1.3803644833387807e-05,0,4.923138285928275e-12,0
"/shared/home/sarim.hashmi/usenix/benchmark/newbench_norm/fake/A_bathroom_scene_with_a_toilet,_sink_and_a_mirror..png",1,0.0005705340299755335,0,1.4242281966885743e-15,0
/shared/home/sarim.hashmi/usenix/benchmark/newbench_norm/fake/A_bathroom_showing_a_necklace_rack_and_toiletries_grouped_on_the_sink_.png,1,0.0005587911582551897,0,1.604191063840632e-12,0
/shared/home/sarim.hashmi/usenix/benchmark/newbench_norm/fake/A_bathroom_sink_sitting_under_a_large_mirror..png,1,0.0022225386928766966,0,7.616405065229842e-14,0
/shared/home/sarim.hashmi/usenix/benchmark/newbench_norm/fake/A_bathroom_sink_under_a_mirror_in_a_bathroom..png,1,0.00034865844645537436,0,1.0241562459212261e-10,0
"/shared/home/sarim.hashmi/usenix/benchmark/newbench_norm/fake/A_bathroom_sink_with_a_toothbrush,_soap_dispenser_and_mirror..png",1,0.001459703198634088,0,3.2644889395860854e-12,0
/shared/home/sarim.hashmi/usenix/benchmark/newbench_norm/fake/A_bathroom_sink_with_wood_finish_cabinets._.png,1,0.011993120424449444,0,1.4846857873977368e-14,0
/shared/home/sarim.hashmi/usenix/benchmark/newbench_norm/fake/A_bathroom_that_has_a_special_shelf_for_towels._.png,1,0.008522001095116138,0,2.972696524702889e-12,0
/shared/home/sarim.hashmi/usenix/benchmark/newbench_norm/fake/A_bathroom_toilet_with_yellow_liquid_inside_and_a_dirty_tub..png,1,1.508020159235457e-05,0,1.2292432349791937e-10,0
"/shared/home/sarim.hashmi/usenix/benchmark/newbench_norm/fake/A_bathroom_with_a_shower_curtain,_a_toilet,_a_sink_and_cabinets..png",1,0.0010601867688819766,0,1.2458133483161937e-13,0
"/shared/home/sarim.hashmi/usenix/benchmark/newbench_norm/fake/A_bathroom_with_a_sink,_counter,_toilet_and_shower_curtain..png",1,0.004566579591482878,0,1.6571335639424187e-14,0
/shared/home/sarim.hashmi/usenix/benchmark/newbench_norm/fake/A_bathroom_with_a_standing_shower_next_to_a_sink_and_mirror..png,1,0.007794175762683153,0,3.2448228132198054e-12,0
"/shared/home/sarim.hashmi/usenix/benchmark/newbench_norm/fake/A_bathroom_with_a_toilet,_tub,_mirror_and_shower_curtain._.png",1,0.0006806344026699662,0,3.9536380896584844e-14,0
/shared/home/sarim.hashmi/usenix/benchmark/newbench_norm/fake/A_bathroom_with_a_toilet_bowl_and_shower..png,1,0.02101953886449337,0,1.9759669974469402e-13,0
/shared/home/sarim.hashmi/usenix/benchmark/newbench_norm/fake/A_bathroom_with_a_vanity_mirror_toilette_and_kitchen_sink_next_to_a_shower..png,1,9.217758633894846e-05,0,3.75044030662304e-14,0
/shared/home/sarim.hashmi/usenix/benchmark/newbench_norm/fake/A_bathroom_with_a_white_bath_tub_and_two_sinks..png,1,0.00034373128437437117,0,2.368244150590358e-14,0
/shared/home/sarim.hashmi/usenix/benchmark/newbench_norm/fake/A_bathroom_with_a_white_sink_next_to_a_toilet_paper_roller..png,1,0.004675657954066992,0,1.147145021389382e-14,0
/shared/home/sarim.hashmi/usenix/benchmark/newbench_norm/fake/A_bathroom_with_a_white_toilet_next_to_a_shower..png,1,0.002509933663532138,0,1.5912926765128052e-14,0
/shared/home/sarim.hashmi/usenix/benchmark/newbench_norm/fake/A_bathroom_with_two_toilets_look_in_very_bad_shape..png,1,0.15888312458992004,0,2.8876152771001307e-14,0
/shared/home/sarim.hashmi/usenix/benchmark/newbench_norm/fake/A_bathroom_with_white_colored_cabinets_and_toilet.png,1,0.0017704934580251575,0,2.027214550739953e-12,0
/shared/home/sarim.hashmi/usenix/benchmark/newbench_norm/fake/A_bathroom_with_white_urinals_amd_sinks_and_brown_stall_doors..png,1,0.0216654185205698,0,9.790230258432953e-12,0
/shared/home/sarim.hashmi/usenix/benchmark/newbench_norm/fake/A_bathtub_with_candles_lit_up_around_it_and_a_stool_next_to_it..png,1,0.0007902368088252842,0,8.572035767838437e-13,0
/shared/home/sarim.hashmi/usenix/benchmark/newbench_norm/fake/A_beautiful_kitchen_with_lots_of_windows_and_wooden_cabinets._.png,1,0.005082968156784773,0,4.2196135501730916e-14,0
/shared/home/sarim.hashmi/usenix/benchmark/newbench_norm/fake/A_beige_bathroom_with_a_phone_beside_the_toilet..png,1,0.00027422947459854186,0,1.47552000999418e-13,0
/shared/home/sarim.hashmi/usenix/benchmark/newbench_norm/fake/A_bench_partially_buried_in_sand_on_a_beach_near_the_ocean..png,1,0.009912560693919659,0,9.1940138228358e-13,0
/shared/home/sarim.hashmi/usenix/benchmark/newbench_norm/fake/A_bench_that_looks_like_a_round_hut..png,1,0.00030547386268153787,0,6.997969369780532e-14,0
/shared/home/sarim.hashmi/usenix/benchmark/newbench_norm/fake/A_bicycle_resting_outside_of_a_building_door.png,1,7.90092526585795e-05,0,1.230839648952431e-12,0
/shared/home/sarim.hashmi/usenix/benchmark/newbench_norm/fake/A_bicyclist_is_riding_across_the_street_next_to_someone_on_a_motorcycle._.png,1,0.000607762485742569,0,1.7524229070360435e-14,0
/shared/home/sarim.hashmi/usenix/benchmark/newbench_norm/fake/A_big_commercial_plane_flying_in_cloudy_skies..png,1,0.049889542162418365,0,9.942426656278647e-13,0
/shared/home/sarim.hashmi/usenix/benchmark/newbench_norm/fake/A_big_locomotive_stopped_in_a_train_station.png,1,0.019513696432113647,0,6.972379488004443e-13,0
/shared/home/sarim.hashmi/usenix/benchmark/newbench_norm/fake/A_bike_is_parked_alongside_the_lake_shore..png,1,0.021447716280817986,0,2.2120636485739587e-12,0
/shared/home/sarim.hashmi/usenix/benchmark/newbench_norm/fake/A_bike_is_shown_attached_to_a_rack..png,1,0.011779285967350006,0,3.4397352045682783e-13,0
/shared/home/sarim.hashmi/usenix/benchmark/newbench_norm/fake/A_bike_parked_in_front_of_a_store_with_a_basket..png,1,0.0001627398160053417,0,4.7278574284714825e-12,0
/shared/home/sarim.hashmi/usenix/benchmark/newbench_norm/fake/A_bike_sitting_In_a_glass_window_in_a_building.png,1,0.0009351082844659686,0,4.6596173507119573e-14,0
/shared/home/sarim.hashmi/usenix/benchmark/newbench_norm/fake/A_bird_flying_through_the_air_while_flapping_it's_wings..png,1,0.019342046231031418,0,5.52763028763021e-14,0
/shared/home/sarim.hashmi/usenix/benchmark/newbench_norm/fake/A_bird_is_standing_upright_in_the_water_and_leaves..png,1,0.0006893033860251307,0,1.235523020325709e-15,0
/shared/home/sarim.hashmi/usenix/benchmark/newbench_norm/fake/A_bird_perched_on_the_back_of_a_white_bench..png,1,0.005094957537949085,0,1.5408304840369702e-11,0
/shared/home/sarim.hashmi/usenix/benchmark/newbench_norm/fake/A_bird_perched_on_top_of_a_wooden_power_pole..png,1,0.0009815192315727472,0,1.477662529012283e-14,0
/shared/home/sarim.hashmi/usenix/benchmark/newbench_norm/fake/A_bird_stands_on_the_ground_among_dried_leaves..png,1,0.005970892962068319,0,4.756355357314612e-13,0
/shared/home/sarim.hashmi/usenix/benchmark/newbench_norm/fake/A_bird_that_is_on_a_tree_limb..png,1,0.008011621423065662,0,2.2988531651196853e-12,0
/shared/home/sarim.hashmi/usenix/benchmark/newbench_norm/fake/A_bird_with_a_fish_in_its_hand_on_a_beach..png,1,0.002214329084381461,0,1.670352918481388e-11,0
/shared/home/sarim.hashmi/usenix/benchmark/newbench_norm/fake/A_birthday_cake_is_decorated_like_a_fire_engine..png,1,0.0013534383615478873,0,1.4626378233573156e-11,0
/shared/home/sarim.hashmi/usenix/benchmark/newbench_norm/fake/A_black_and_white_dog_on_a_brown_tile_floor_next_to_counter..png,1,0.0034054156858474016,0,8.77796533377273e-12,0
/shared/home/sarim.hashmi/usenix/benchmark/newbench_norm/fake/A_black_and_white_photo_of_an_old_locomotive..png,1,0.022321976721286774,0,1.6180236810754353e-14,0
/shared/home/sarim.hashmi/usenix/benchmark/newbench_norm/fake/A_black_and_white_photo_of_four_young_children..png,1,7.090127382980427e-06,0,1.9309433168894757e-15,0
/shared/home/sarim.hashmi/usenix/benchmark/newbench_norm/fake/A_black_and_white_toilet_with_a_plunger..png,1,0.02074587717652321,0,2.4871040556900814e-12,0
/shared/home/sarim.hashmi/usenix/benchmark/newbench_norm/fake/A_black_and_yellow_fire_hydrant_on_a_city_sidewalk..png,1,9.971813415177166e-05,0,1.6943802496111504e-15,0
/shared/home/sarim.hashmi/usenix/benchmark/newbench_norm/fake/A_black_cat_half-submerged_in_a_toilet_while_drinking_out_of_it..png,1,7.86710879765451e-05,0,6.655207662091892e-14,0
/shared/home/sarim.hashmi/usenix/benchmark/newbench_norm/fake/A_black_cat_wearing_a_black_beanie_while_laying_on_a_red_couch...png,1,3.326488149468787e-05,0,1.5322968317365432e-14,0
/shared/home/sarim.hashmi/usenix/benchmark/newbench_norm/fake/A_black_lab_waits_at_a_picnic_table_for_it's_master..png,1,1.184334178105928e-05,0,1.4143183558979963e-14,0
/shared/home/sarim.hashmi/usenix/benchmark/newbench_norm/fake/A_blonde_woman_standing_in_front_of_a_red_double_decker_bus..png,1,0.009975909255445004,0,2.8277480048277334e-14,0
/shared/home/sarim.hashmi/usenix/benchmark/newbench_norm/fake/A_blue_bike_parked_next_to_a_tree_in_a_planter..png,1,0.0041510979644954205,0,2.257747114264852e-11,0
/shared/home/sarim.hashmi/usenix/benchmark/newbench_norm/fake/A_blue_bowl_sitting_on_a_table_with_a_banana_in_it._.png,1,0.000474816479254514,0,5.64705400496468e-12,0
/shared/home/sarim.hashmi/usenix/benchmark/newbench_norm/fake/A_blue_bus_driving_down_a_street_next_to_trees..png,1,0.001770724426023662,0,7.5185449771413e-14,0
/shared/home/sarim.hashmi/usenix/benchmark/newbench_norm/fake/A_blue_bus_is_crossing_the_intersection_with_various_vehicles_behind_it..png,1,0.006713509559631348,0,1.1639741472711383e-15,0
/shared/home/sarim.hashmi/usenix/benchmark/newbench_norm/fake/A_blue_motor_scooter_parked_in_a_parking_lot..png,1,0.0014613894745707512,0,5.569042948148917e-13,0
/shared/home/sarim.hashmi/usenix/benchmark/newbench_norm/fake/A_blue_motor_scooter_with_a_cat_sitting_on_it..png,1,0.0006232395535334945,0,3.277931814871238e-10,0
/shared/home/sarim.hashmi/usenix/benchmark/newbench_norm/fake/A_boat_sitting_next_to_a_beach_in_the_ocean_covered_with_birds..png,1,0.09447982162237167,0,1.5146748872513216e-12,0
/shared/home/sarim.hashmi/usenix/benchmark/newbench_norm/fake/A_boat_that_is_on_the_sand_and_people_nearby._.png,1,0.00018470670329406857,0,6.694767353335185e-13,0
/shared/home/sarim.hashmi/usenix/benchmark/newbench_norm/fake/A_bowl_in_a_sink_and_window_in_a_room..png,1,8.95298071554862e-05,0,5.1292462979876316e-14,0
"/shared/home/sarim.hashmi/usenix/benchmark/newbench_norm/fake/A_bowl_of_cereal_with_milk,_bananas,_raspberries_and_blueberries..png",1,0.0025459257885813713,0,2.3877406128691714e-12,0
/shared/home/sarim.hashmi/usenix/benchmark/newbench_norm/fake/A_boy_carrying_a_surfboard_on_a_busy_sidewalk..png,1,4.580765380524099e-05,0,2.1050344220551256e-14,0
/shared/home/sarim.hashmi/usenix/benchmark/newbench_norm/fake/A_boy_in_blue_hat_riding_on_a_carousel..png,1,0.00033452661591582,0,3.7651008905169715e-16,0
/shared/home/sarim.hashmi/usenix/benchmark/newbench_norm/fake/A_bright_blue_and_white_AMX_jet_is_in_the_clear_sky..png,1,0.008697950281202793,0,6.944379099538267e-12,0
/shared/home/sarim.hashmi/usenix/benchmark/newbench_norm/fake/A_brown_duck_floats_by_itself_on_the_water.png,1,0.09725647419691086,0,1.4293806345792512e-14,0
/shared/home/sarim.hashmi/usenix/benchmark/newbench_norm/fake/A_brown_plane_is_parked_at_air_port.png,1,8.159741264535114e-05,0,2.057425952696479e-13,0
/shared/home/sarim.hashmi/usenix/benchmark/newbench_norm/fake/A_brown_songbird_perched_on_the_handlebars_of_a_bicycle..png,1,0.00513601815328002,0,6.013147336829394e-13,0
/shared/home/sarim.hashmi/usenix/benchmark/newbench_norm/fake/A_building_in_the_sky_that_has_the_lights_on..png,1,0.020349208265542984,0,2.345544548518208e-12,0
/shared/home/sarim.hashmi/usenix/benchmark/newbench_norm/fake/A_bunch_of_airplanes_are_parked_on_the_runway._.png,1,0.0001751812524162233,0,5.473030882663377e-12,0
/shared/home/sarim.hashmi/usenix/benchmark/newbench_norm/fake/A_bunch_of_antelopes_are_seen_roaming_the_plains..png,1,0.002095393370836973,0,1.2414677304836003e-13,0
/shared/home/sarim.hashmi/usenix/benchmark/newbench_norm/fake/A_bunch_of_bananas_hanging_from_a_green_tree..png,1,0.0025501383934170008,0,3.3566063817325187e-10,0
/shared/home/sarim.hashmi/usenix/benchmark/newbench_norm/fake/A_bunch_of_bicycles_parked_on_the_street_with_items_sitting_around_them_.png,1,0.00031291996128857136,0,1.0214791686113944e-11,0
/shared/home/sarim.hashmi/usenix/benchmark/newbench_norm/fake/A_bunch_of_giraffes_that_are_standing_in_the_dirt..png,1,0.03505547344684601,0,6.399292987874228e-12,0
/shared/home/sarim.hashmi/usenix/benchmark/newbench_norm/fake/A_bunch_of_goats_are_eating_out_of_a_box.png,1,0.0029027368873357773,0,5.684498878555377e-12,0
/shared/home/sarim.hashmi/usenix/benchmark/newbench_norm/fake/A_bunch_of_sheep_smile_are_they_walk_by..png,1,0.025797000154852867,0,1.0978376541181945e-10,0
/shared/home/sarim.hashmi/usenix/benchmark/newbench_norm/fake/A_bunk_bed_sits_next_to_an_open_window._.png,1,2.1025389287387952e-06,0,1.0288551762394245e-14,0
/shared/home/sarim.hashmi/usenix/benchmark/newbench_norm/fake/A_bus_all_lite_up_inside_and_out_with_diffrent_colors_._.png,1,0.03557325899600983,0,1.7275634048297128e-13,0
/shared/home/sarim.hashmi/usenix/benchmark/newbench_norm/fake/A_bus_driving_down_a_city_street_during_the_day..png,1,0.003939121030271053,0,7.641836382438205e-15,0
/shared/home/sarim.hashmi/usenix/benchmark/newbench_norm/fake/A_bus_is_parked_in_front_of_a_building..png,1,0.0034379828721284866,0,1.0559597223317937e-13,0
/shared/home/sarim.hashmi/usenix/benchmark/newbench_norm/fake/A_bus_is_parked_on_the_street_away_from_some_cars..png,1,0.6484284996986389,1,3.5225961687521123e-13,0
/shared/home/sarim.hashmi/usenix/benchmark/newbench_norm/fake/A_bus_on_a_divided_street_near_a_stop_light..png,1,0.0020805061794817448,0,7.923161774022955e-14,0
/shared/home/sarim.hashmi/usenix/benchmark/newbench_norm/fake/A_bus_pulled_up_to_the_curb_along_a_road..png,1,0.025141814723610878,0,1.0836069454928099e-12,0
/shared/home/sarim.hashmi/usenix/benchmark/newbench_norm/fake/A_bus_stop_next_to_a_curvy_road_surrounded_by_traffic_lights..png,1,0.009634080342948437,0,1.948597750170422e-12,0
/shared/home/sarim.hashmi/usenix/benchmark/newbench_norm/fake/A_bus_stop_sign_on_a_city_street..png,1,0.0032279721926897764,0,3.3323544661525983e-13,0
/shared/home/sarim.hashmi/usenix/benchmark/newbench_norm/fake/A_bus_stops_next_to_a_street_sign..png,1,0.00013561850937549025,0,2.6611042674442274e-14,0
/shared/home/sarim.hashmi/usenix/benchmark/newbench_norm/fake/A_bus_traveling_down_a_road_next_to_a_bus_stop..png,1,0.01015107985585928,0,3.326012245550143e-16,0
/shared/home/sarim.hashmi/usenix/benchmark/newbench_norm/fake/A_bus_travels_on_a_road_near_buildings_and_parked_vehicles.png,1,0.0005195957492105663,0,3.6998610555491473e-13,0
/shared/home/sarim.hashmi/usenix/benchmark/newbench_norm/fake/A_bus_window_with_finger_writing_on_it..png,1,0.10137087851762772,0,4.792290598811769e-16,0
/shared/home/sarim.hashmi/usenix/benchmark/newbench_norm/fake/A_bus_with_a_mural_on_the_side_and_front..png,1,0.6037855744361877,1,8.692423950767969e-13,0
/shared/home/sarim.hashmi/usenix/benchmark/newbench_norm/fake/A_busy_city_street_filled_with_people_walling_and_street_signs..png,1,4.532234015641734e-05,0,5.950665307730141e-14,0
/shared/home/sarim.hashmi/usenix/benchmark/newbench_norm/fake/A_busy_city_street_with_dimly_lit_trees_at_night..png,1,0.0462576225399971,0,5.604484432965295e-13,0
/shared/home/sarim.hashmi/usenix/benchmark/newbench_norm/fake/A_cage_packed_full_of_yellow_parakeets._.png,1,0.003220510669052601,0,1.5114627214748988e-12,0
/shared/home/sarim.hashmi/usenix/benchmark/newbench_norm/fake/A_cake_cover_is_made_to_look_like_a_wire_birdcage._.png,1,2.2998437998467125e-06,0,7.398272532793682e-13,0
/shared/home/sarim.hashmi/usenix/benchmark/newbench_norm/fake/A_calico_cat_drinking_water_from_a_running_tap_in_a_bathroom..png,1,0.012804127298295498,0,6.359303139419001e-14,0
/shared/home/sarim.hashmi/usenix/benchmark/newbench_norm/fake/A_car_is_parked_on_the_street_by_some_signs..png,1,0.056997645646333694,0,8.947283560746533e-13,0
/shared/home/sarim.hashmi/usenix/benchmark/newbench_norm/fake/A_car_is_waiting_beside_people_standing_on_the_sidewalk..png,1,0.002439514733850956,0,3.340734196981103e-14,0
/shared/home/sarim.hashmi/usenix/benchmark/newbench_norm/fake/A_cat_in_a_birthday_hat_is_lying_on_a_couch..png,1,3.110740362899378e-05,0,8.895465473165304e-14,0
/shared/home/sarim.hashmi/usenix/benchmark/newbench_norm/fake/A_cat_is_drinking_water_from_the_toilet_bowl.png,1,0.000577375350985676,0,2.2395244499476795e-14,0
/shared/home/sarim.hashmi/usenix/benchmark/newbench_norm/fake/A_cat_laying_next_to_a_stainless_steel_bowl..png,1,0.00020315192523412406,0,9.483041522179159e-13,0
/shared/home/sarim.hashmi/usenix/benchmark/newbench_norm/fake/A_cat_laying_on_a_cushion_on_top_of_a_table..png,1,0.014136044308543205,0,3.6336545751469718e-12,0
/shared/home/sarim.hashmi/usenix/benchmark/newbench_norm/fake/A_cat_looking_out_of_a_vehicle_window_during_rain..png,1,0.00014169656787998974,0,1.55858919520524e-11,0
/shared/home/sarim.hashmi/usenix/benchmark/newbench_norm/fake/A_cat_lying_in_a_white_sink_in_the_bathroom._.png,1,4.346094101492781e-06,0,8.014073587317698e-16,0
/shared/home/sarim.hashmi/usenix/benchmark/newbench_norm/fake/A_cat_sits_on_the_edge_of_a_bathroom_sink..png,1,0.0034306535962969065,0,2.2696637971830746e-11,0
/shared/home/sarim.hashmi/usenix/benchmark/newbench_norm/fake/A_cat_sitting_on_top_of_a_green_car..png,1,0.0018773941555991769,0,2.1149621984295486e-11,0
/shared/home/sarim.hashmi/usenix/benchmark/newbench_norm/fake/A_cat_sitting_on_top_of_a_window_sill_over_a_sink..png,1,0.00011521087435539812,0,1.4944764870072902e-10,0
/shared/home/sarim.hashmi/usenix/benchmark/newbench_norm/fake/A_cat_sitting_outside_on_a_bench_on_a_sunny_day..png,1,2.62331359408563e-05,0,1.051041306938949e-12,0
/shared/home/sarim.hashmi/usenix/benchmark/newbench_norm/fake/A_cat_sitting_outside_on_some_cobble_stone..png,1,1.109718778025126e-05,0,2.0734327609935906e-16,0
/shared/home/sarim.hashmi/usenix/benchmark/newbench_norm/fake/A_cat_standing_on_top_of_a_toilet_seat_next_to_a_sink..png,1,7.227990863611922e-05,0,8.127598529091007e-13,0
/shared/home/sarim.hashmi/usenix/benchmark/newbench_norm/fake/A_cat_standing_on_top_of_a_wooden_bench..png,1,7.907293911557645e-05,0,5.0862055046190305e-14,0
/shared/home/sarim.hashmi/usenix/benchmark/newbench_norm/fake/A_center_island_in_a_kitchen_covered_in_a_fan..png,1,0.00046272113104350865,0,2.672313350896775e-15,0
/shared/home/sarim.hashmi/usenix/benchmark/newbench_norm/fake/A_chair_and_a_table_in_a_small_room..png,1,0.014639409258961678,0,1.8356684228226783e-11,0
/shared/home/sarim.hashmi/usenix/benchmark/newbench_norm/fake/A_cheesy_pastry_sitting_on_top_of_a_plate..png,1,0.00029505303245969117,0,3.883021630472251e-14,0
/shared/home/sarim.hashmi/usenix/benchmark/newbench_norm/fake/A_church_with_a_massively_tall_tower_covered_in_a_clock..png,1,0.003944814670830965,0,8.098842505920717e-14,0
/shared/home/sarim.hashmi/usenix/benchmark/newbench_norm/fake/A_city_street_filled_with_lots_of_traffic..png,1,0.007342423778027296,0,4.9378690291377106e-14,0
/shared/home/sarim.hashmi/usenix/benchmark/newbench_norm/fake/A_city_street_filled_with_traffic_and_parking_lights..png,1,0.025769991800189018,0,4.599151395552441e-14,0
/shared/home/sarim.hashmi/usenix/benchmark/newbench_norm/fake/A_city_traffic_light_is_red_with_a_large_billow_of_smoke_in_the_background..png,1,0.0013909930130466819,0,1.75151435022336e-10,0
/shared/home/sarim.hashmi/usenix/benchmark/newbench_norm/fake/A_classic_car_waiting_at_a_3-way_stop_sign..png,1,0.000346380693372339,0,2.3868160255852665e-16,0
/shared/home/sarim.hashmi/usenix/benchmark/newbench_norm/fake/A_clock_mounted_on_a_wall_over_the_doorway_of_a_kitchen..png,1,3.9278293115785345e-05,0,9.058089022774551e-13,0
/shared/home/sarim.hashmi/usenix/benchmark/newbench_norm/fake/A_close-up_of_a_tropical_bird_with_a_mirror_behind_it..png,1,0.03450389951467514,0,1.509092677209889e-11,0
/shared/home/sarim.hashmi/usenix/benchmark/newbench_norm/fake/A_close-up_shot_of_a_metal_squat_toilet..png,1,0.38583362102508545,0,6.855135348260433e-10,0
/shared/home/sarim.hashmi/usenix/benchmark/newbench_norm/fake/A_close-up_view_of_a_green_and_yellow_fire_hydrant..png,1,0.04232495650649071,0,3.631400735670809e-13,0
/shared/home/sarim.hashmi/usenix/benchmark/newbench_norm/fake/A_close_up_of_a_peacock_who_is_behind_an_enclosure._.png,1,0.005693757440894842,0,2.0735309628171217e-13,0
/shared/home/sarim.hashmi/usenix/benchmark/newbench_norm/fake/A_colorful_bus_is_parked_on_the_street..png,1,0.15863429009914398,0,4.4833546597455864e-12,0
/shared/home/sarim.hashmi/usenix/benchmark/newbench_norm/fake/A_commercial_airplane_either_landing_or_preparing_for_take_off..png,1,0.08440368622541428,0,5.634197535603347e-12,0
/shared/home/sarim.hashmi/usenix/benchmark/newbench_norm/fake/A_corner_of_street_with_a_building_showing_a_bowling_pin..png,1,4.0466526115778834e-05,0,3.6142072543316264e-14,0
/shared/home/sarim.hashmi/usenix/benchmark/newbench_norm/fake/A_couch_on_the_side_of_the_street_with_a_television_on_it..png,1,0.0003434849495533854,0,5.243861862443166e-16,0
/shared/home/sarim.hashmi/usenix/benchmark/newbench_norm/fake/A_couple_of_baby_sheep_standing_next_to_each_other..png,1,0.01879894733428955,0,2.8587382027572827e-12,0
/shared/home/sarim.hashmi/usenix/benchmark/newbench_norm/fake/A_couple_of_bathrooms_one_with_a_standing_toilet_next_to_one_with_a_sitting_toilet..png,1,0.0005899997777305543,0,1.8051125915199973e-13,0
/shared/home/sarim.hashmi/usenix/benchmark/newbench_norm/fake/A_couple_of_bicycles_sitting_in_a_large_garden..png,1,0.00177338148932904,0,5.942442311878196e-14,0
/shared/home/sarim.hashmi/usenix/benchmark/newbench_norm/fake/A_couple_of_birds_fly_through_a_blue_cloudy_sky..png,1,0.0022143227979540825,0,1.8367209975167498e-09,0
/shared/home/sarim.hashmi/usenix/benchmark/newbench_norm/fake/A_couple_of_birds_standing_on_top_of__a_wooden_bench..png,1,0.00026297190925106406,0,6.024368504053967e-11,0
/shared/home/sarim.hashmi/usenix/benchmark/newbench_norm/fake/A_couple_of_captive_giraffes_look_around_the_ground_in_the_zoo._.png,1,0.005331783089786768,0,1.0359827145450806e-12,0
/shared/home/sarim.hashmi/usenix/benchmark/newbench_norm/fake/A_couple_of_giraffe_in_a_field_near_some_trees..png,1,0.004756856709718704,0,3.7505762384704155e-10,0
/shared/home/sarim.hashmi/usenix/benchmark/newbench_norm/fake/A_couple_of_giraffe_standing_next_to_a_doorway..png,1,0.007510041352361441,0,4.0383836682686414e-13,0
/shared/home/sarim.hashmi/usenix/benchmark/newbench_norm/fake/A_couple_of_giraffe_standing_next_to_each_other..png,1,4.1347895603394136e-05,0,3.332656720034244e-11,0
/shared/home/sarim.hashmi/usenix/benchmark/newbench_norm/fake/A_couple_of_older_men_sitting_on_top_of_a_bench..png,1,0.005180547945201397,0,1.3355389927652284e-12,0
/shared/home/sarim.hashmi/usenix/benchmark/newbench_norm/fake/A_couple_of_people_flying_kites_on_top_of_a_beach..png,1,0.00010319290595361963,0,7.316799076340086e-12,0
/shared/home/sarim.hashmi/usenix/benchmark/newbench_norm/fake/A_couple_of_people_standing_in_a_field_flying_a_giant_kite..png,1,0.0018920269794762135,0,7.599953110414004e-13,0
/shared/home/sarim.hashmi/usenix/benchmark/newbench_norm/fake/A_couple_of_people_standing_next_to_a_food_cart_filled_with_smoke..png,1,8.411730959778652e-05,0,8.431097024008552e-16,0
/shared/home/sarim.hashmi/usenix/benchmark/newbench_norm/fake/A_couple_of_people_that_are_holding_an_umbrellas..png,1,0.0002703216450754553,0,2.7054220409078455e-12,0
/shared/home/sarim.hashmi/usenix/benchmark/newbench_norm/fake/A_couple_of_red_motorcycles_parked_in_front_of_a_building..png,1,0.0002512780483812094,0,2.9166535994110815e-14,0
/shared/home/sarim.hashmi/usenix/benchmark/newbench_norm/fake/A_couple_of_red_trains_parked_in_a_train_station..png,1,0.013489092700183392,0,3.030000837907221e-14,0
/shared/home/sarim.hashmi/usenix/benchmark/newbench_norm/fake/A_couple_of_wooden_benches_sitting_across_from_each_other..png,1,0.0003413197700865567,0,7.44505233287937e-14,0
/shared/home/sarim.hashmi/usenix/benchmark/newbench_norm/fake/A_couple_of_zebra_walking_next_to_a_giraffe_on_a_lush_green_field..png,1,0.00018641195492818952,0,5.859029407473404e-12,0
/shared/home/sarim.hashmi/usenix/benchmark/newbench_norm/fake/A_crowded_city_street_filled_with_traffic_at_night..png,1,0.00030025027808733284,0,1.0055902508257497e-12,0
/shared/home/sarim.hashmi/usenix/benchmark/newbench_norm/fake/A_crystal_bowl_filled_with_oranges_on_top_of_a_table..png,1,0.03840462118387222,0,1.849089186888725e-14,0
/shared/home/sarim.hashmi/usenix/benchmark/newbench_norm/fake/A_custom_cake_featuring_a_fisherman_for_a_man's_65th_birthday._.png,1,0.00014016420755069703,0,3.0067869682514747e-15,0
/shared/home/sarim.hashmi/usenix/benchmark/newbench_norm/fake/A_desktop_computer_in_a_kitchen_with_a_lamp_next_to_it..png,1,0.011649430729448795,0,3.953408347218135e-12,0
/shared/home/sarim.hashmi/usenix/benchmark/newbench_norm/fake/A_dinning_room_table_sitting_next_to_a_small_fireplace..png,1,0.00027773765032179654,0,7.040123658466537e-15,0
/shared/home/sarim.hashmi/usenix/benchmark/newbench_norm/fake/A_dirty_toilet_that_is_in_a_bathroom..png,1,0.0004668360634241253,0,5.693913118776095e-10,0
/shared/home/sarim.hashmi/usenix/benchmark/newbench_norm/fake/A_distant_airplane_flying_between_two_large_buildings..png,1,0.0012406541500240564,0,3.3048491027143356e-11,0
/shared/home/sarim.hashmi/usenix/benchmark/newbench_norm/fake/A_distant_shot_with_people_approaching_the_bus._.png,1,0.0011662628967314959,0,6.549729020862566e-14,0
/shared/home/sarim.hashmi/usenix/benchmark/newbench_norm/fake/A_dog_and_a_goat_with_their_noses_touching_at_fence..png,1,0.004471844993531704,0,1.2966801027011754e-12,0
/shared/home/sarim.hashmi/usenix/benchmark/newbench_norm/fake/A_dog_is_posing_on_top_of_a_motorcycle._.png,1,0.00014855079643893987,0,6.57026109950401e-14,0
/shared/home/sarim.hashmi/usenix/benchmark/newbench_norm/fake/A_dog_laying_on_the_dashboard_of_a_vehicle..png,1,0.0015951214591041207,0,3.120680526057934e-13,0
/shared/home/sarim.hashmi/usenix/benchmark/newbench_norm/fake/A_dog_sitting_in_the_passenger_seat_of_a_car..png,1,0.01832687482237816,0,4.833720663316443e-12,0
/shared/home/sarim.hashmi/usenix/benchmark/newbench_norm/fake/A_dog_wearing_a_Santa_Claus_hat._.png,1,0.0006238780915737152,0,3.721137113721351e-12,0
/shared/home/sarim.hashmi/usenix/benchmark/newbench_norm/fake/A_donkey_leads_a_herd_of_sheep_down_a_busy_street..png,1,0.006272636819630861,0,5.815707724426966e-12,0
"/shared/home/sarim.hashmi/usenix/benchmark/newbench_norm/fake/A_doorway_view_with_a_toilet,_shower_and_a_sink..png",1,5.315799353411421e-05,0,1.9967222320005362e-12,0
/shared/home/sarim.hashmi/usenix/benchmark/newbench_norm/fake/A_double_decker_bus_driving_down_a_street..png,1,0.08773840963840485,0,7.349892396091295e-12,0
/shared/home/sarim.hashmi/usenix/benchmark/newbench_norm/fake/A_double_decker_bus_driving_down_a_street_past_a_tall_building..png,1,0.005090176127851009,0,1.2815854063749632e-12,0
/shared/home/sarim.hashmi/usenix/benchmark/newbench_norm/fake/A_duck_and_baby_ducks_are_in_the_blue_water..png,1,0.0030270619317889214,0,5.503941486600938e-13,0
/shared/home/sarim.hashmi/usenix/benchmark/newbench_norm/fake/A_faded_red_fire_hydrant_sitting_on_the_side_of_a_street..png,1,0.0008882119436748326,0,1.8255451279082714e-16,0
/shared/home/sarim.hashmi/usenix/benchmark/newbench_norm/fake/A_family_of_giraffes_standing_next_to_a_pile_of_logs..png,1,0.005441003479063511,0,1.1608504088544969e-11,0
/shared/home/sarim.hashmi/usenix/benchmark/newbench_norm/fake/A_fancy_motorcycle_parked_on_a_red_carpet.png,1,0.0011628727661445737,0,1.1620188860618497e-13,0
/shared/home/sarim.hashmi/usenix/benchmark/newbench_norm/fake/A_field_full_of_lots_of_yellow_flowers_with_a_train_passing_it_by..png,1,0.0004951462033204734,0,2.746443914306007e-12,0
/shared/home/sarim.hashmi/usenix/benchmark/newbench_norm/fake/A_fire_burns_while_a_person_rides_a_green_motorcycle_and_several_motorcycles_are_flipping_in_the_air.png,1,0.014616238884627819,0,4.717543630045062e-12,0
/shared/home/sarim.hashmi/usenix/benchmark/newbench_norm/fake/A_fire_hydrant_covered_up_halfway_with_snow..png,1,0.00016217966913245618,0,6.92374014566767e-14,0
/shared/home/sarim.hashmi/usenix/benchmark/newbench_norm/fake/A_fire_hydrant_in_the_grass_near_the_curb_with_the_remnants_of_melting_snow.png,1,2.550062163209077e-05,0,4.585950217662893e-14,0
"/shared/home/sarim.hashmi/usenix/benchmark/newbench_norm/fake/A_fire_hydrant_on_the_side_of_the_road,_it_looks_old..png",1,0.013443783856928349,0,5.4192644295680825e-12,0
/shared/home/sarim.hashmi/usenix/benchmark/newbench_norm/fake/A_fire_hydrant_sitting_next_to_a_tree_in_a_forest..png,1,0.00022061160416342318,0,9.5004432973904e-16,0
/shared/home/sarim.hashmi/usenix/benchmark/newbench_norm/fake/A_fire_hydrant_that_is_red_on_top_and_says_to_open..png,1,0.0004779720329679549,0,5.271215863973666e-13,0
/shared/home/sarim.hashmi/usenix/benchmark/newbench_norm/fake/A_fire_hydrant_that_is_spewing_water_in_the_middle_of_a_city..png,1,0.0005485134897753596,0,8.068290827112357e-12,0
/shared/home/sarim.hashmi/usenix/benchmark/newbench_norm/fake/A_flock_of_birds_are_flying_above_the_spire_of_a_building_tower..png,1,0.00011401872325222939,0,1.2248214595333984e-11,0
/shared/home/sarim.hashmi/usenix/benchmark/newbench_norm/fake/A_flock_of_sheep_graze_on_a_hillside..png,1,0.2521910071372986,0,1.6849491801806948e-09,0
/shared/home/sarim.hashmi/usenix/benchmark/newbench_norm/fake/A_flock_of_sheep_grazing_in_a_field_of_grass..png,1,0.014722387306392193,0,2.4941599133243564e-11,0
/shared/home/sarim.hashmi/usenix/benchmark/newbench_norm/fake/A_folk_of_birds_flying_over_a_military_ship..png,1,0.3864316940307617,0,1.9391977715450814e-13,0
/shared/home/sarim.hashmi/usenix/benchmark/newbench_norm/fake/A_formation_of_birds_in_a_sky_at_sunset..png,1,4.294519021641463e-05,0,5.263517954823271e-10,0
/shared/home/sarim.hashmi/usenix/benchmark/newbench_norm/fake/A_four_engine_Air_Algerie_prop_plane_with_landing_gear_out.png,1,0.0074404943734407425,0,1.5250115614762194e-09,0
/shared/home/sarim.hashmi/usenix/benchmark/newbench_norm/fake/A_frozen_fire_hydrant_spewing_ice_out_into_a_street..png,1,0.00013404421042650938,0,8.594021761593185e-13,0
"/shared/home/sarim.hashmi/usenix/benchmark/newbench_norm/fake/A_full_perspective_of_a_restroom_view_with_a_few_things._
.png",1,0.0009583270293660462,0,2.0605007500576478e-13,0
/shared/home/sarim.hashmi/usenix/benchmark/newbench_norm/fake/A_full_view_of_a_nice_and_comfortable_bed_with_pillows._.png,1,0.001066094497218728,0,2.3013310549747923e-13,0
/shared/home/sarim.hashmi/usenix/benchmark/newbench_norm/fake/A_gang_of_bikers_riding_down_a_street_next_to_tall_buildings..png,1,9.074102126760408e-05,0,1.188145608849579e-15,0
/shared/home/sarim.hashmi/usenix/benchmark/newbench_norm/fake/A_garden_is_surrounded_by_a_train_and_phone_booth._.png,1,9.266080451197922e-05,0,2.827267017168635e-15,0
/shared/home/sarim.hashmi/usenix/benchmark/newbench_norm/fake/A_giraffe_grazing_from_a_tree_with_rock_wall_in_background..png,1,0.0006854922976344824,0,2.57264573685044e-15,0
/shared/home/sarim.hashmi/usenix/benchmark/newbench_norm/fake/A_giraffe_in_a_grassy_field_near_a_hill..png,1,0.004513176158070564,0,3.953394903111196e-11,0
/shared/home/sarim.hashmi/usenix/benchmark/newbench_norm/fake/A_giraffe_laying_on_the_ground_near_a_fence..png,1,7.459911284968257e-05,0,2.479383885700681e-12,0
/shared/home/sarim.hashmi/usenix/benchmark/newbench_norm/fake/A_giraffe_stand_in_front_of_large_rocks_and_looks_at_a_tree..png,1,0.00033736968180164695,0,3.596702796704321e-12,0
/shared/home/sarim.hashmi/usenix/benchmark/newbench_norm/fake/A_giraffe_standing_next_to_a_tall_tree..png,1,0.0003279054944869131,0,1.2880705183015984e-11,0
/shared/home/sarim.hashmi/usenix/benchmark/newbench_norm/fake/A_giraffe_standing_on_a_dirt_road_next_to_plants..png,1,0.025324024260044098,0,9.091183209887499e-13,0
/shared/home/sarim.hashmi/usenix/benchmark/newbench_norm/fake/A_giraffe_standing_on_top_of_a_lush_green_field..png,1,0.002632026793435216,0,1.6376728532302431e-12,0
/shared/home/sarim.hashmi/usenix/benchmark/newbench_norm/fake/A_giraffe_stands_with_several_birds_resting_on_it's_neck._.png,1,0.02570107765495777,0,2.6693650409656197e-14,0
/shared/home/sarim.hashmi/usenix/benchmark/newbench_norm/fake/A_giraffe_walking_across_a_dirt_and_grass_field..png,1,0.0004603278648573905,0,7.904001238234759e-12,0
/shared/home/sarim.hashmi/usenix/benchmark/newbench_norm/fake/A_giraffe_walking_across_a_lush_green_field..png,1,0.03504065424203873,0,1.7186717327088985e-11,0
/shared/home/sarim.hashmi/usenix/benchmark/newbench_norm/fake/A_giraffe_walking_in_a_field_with_gazelle's_looking_on._.png,1,0.0002449548046570271,0,5.019893355162619e-12,0
/shared/home/sarim.hashmi/usenix/benchmark/newbench_norm/fake/A_giraffe_walking_in_a_sandy_enclosure_.png,1,0.001630087848752737,0,5.125232703517835e-12,0
/shared/home/sarim.hashmi/usenix/benchmark/newbench_norm/fake/A_girl_holding_a_skewer_with_a_banana_on_the_end.__.png,1,0.0006420619902200997,0,6.038953625359111e-12,0
/shared/home/sarim.hashmi/usenix/benchmark/newbench_norm/fake/A_girl_in_white_shirt_painting_a_black_umbrella..png,1,0.001164312707260251,0,4.093723108980832e-14,0
/shared/home/sarim.hashmi/usenix/benchmark/newbench_norm/fake/A_girl_takes_a_picture_of_herself_in_the_mirror..png,1,0.00013179818051867187,0,1.642789399793846e-14,0
/shared/home/sarim.hashmi/usenix/benchmark/newbench_norm/fake/A_goat_standing_next_to_a_tree_in_the_open..png,1,0.0012491191737353802,0,3.703491940204584e-12,0
/shared/home/sarim.hashmi/usenix/benchmark/newbench_norm/fake/A_goat_with_very_long_horns_standing_in_front_of_a_tree..png,1,0.0012142498744651675,0,5.823497066514971e-13,0
/shared/home/sarim.hashmi/usenix/benchmark/newbench_norm/fake/A_gray_and_black_bird_sitting_next_to_the_ocean..png,1,3.1632349418941885e-05,0,9.892186896010013e-13,0
/shared/home/sarim.hashmi/usenix/benchmark/newbench_norm/fake/A_gray_and_white_cat_sitting_in_blue_bowl..png,1,0.003499593585729599,0,7.575263116441078e-13,0
/shared/home/sarim.hashmi/usenix/benchmark/newbench_norm/fake/A_gray_and_yellow_train_traveling_along_the_tracks.png,1,0.0021583111956715584,0,2.288335536684838e-13,0
/shared/home/sarim.hashmi/usenix/benchmark/newbench_norm/fake/A_gray_motorcycle_parked_in_a_parking_lot..png,1,0.007646912708878517,0,5.976283920863801e-13,0
/shared/home/sarim.hashmi/usenix/benchmark/newbench_norm/fake/A_green_and_blue_bus_stopped_to_discharge_passengers..png,1,0.25754955410957336,0,8.17469718625936e-15,0
/shared/home/sarim.hashmi/usenix/benchmark/newbench_norm/fake/A_green_and_white_bus_driving_down_a__city_street..png,1,0.02076622098684311,0,1.0010254430925514e-10,0
/shared/home/sarim.hashmi/usenix/benchmark/newbench_norm/fake/A_green_mailbox_with_graffiti_on_the_side.png,1,0.0030313190072774887,0,6.145570299398787e-14,0
/shared/home/sarim.hashmi/usenix/benchmark/newbench_norm/fake/A_green_mountain_bike_sitting_next_to_a_bridge_as_a_train_passes_by..png,1,0.1830989420413971,0,2.100990051490223e-15,0
/shared/home/sarim.hashmi/usenix/benchmark/newbench_norm/fake/A_green_street_sign_sitting_below_a_large_tree..png,1,0.00020358258916530758,0,1.4346070989143533e-12,0
/shared/home/sarim.hashmi/usenix/benchmark/newbench_norm/fake/A_green_train_traveling_down_train_tracks_next_to_another_train..png,1,0.011096036992967129,0,3.073896345795468e-11,0
/shared/home/sarim.hashmi/usenix/benchmark/newbench_norm/fake/A_green_truck_parked_in_the_middle_of_a_garage..png,1,0.0014982803259044886,0,2.883808101171448e-13,0
/shared/home/sarim.hashmi/usenix/benchmark/newbench_norm/fake/A_grey_and_white_cat_outside_looking_into_a_window..png,1,0.00047486540279351175,0,5.435703536588177e-12,0
/shared/home/sarim.hashmi/usenix/benchmark/newbench_norm/fake/A_group_of_bikers_parked_in_the_middle_of_a_street..png,1,0.0021214040461927652,0,2.8581068515034537e-15,0
/shared/home/sarim.hashmi/usenix/benchmark/newbench_norm/fake/A_group_of_birds_eating_at_a_bird_feeder.png,1,0.0012271992163732648,0,5.9622166348450266e-15,0
/shared/home/sarim.hashmi/usenix/benchmark/newbench_norm/fake/A_group_of_elephants_are_standing_under_a_roof_cover..png,1,0.0009697107598185539,0,1.2556342077196803e-10,0
/shared/home/sarim.hashmi/usenix/benchmark/newbench_norm/fake/A_group_of_giraffe_standing_next_to_each_other_on_a_field..png,1,0.001666452270001173,0,3.0173968792318595e-12,0
/shared/home/sarim.hashmi/usenix/benchmark/newbench_norm/fake/A_group_of_giraffe_standing_on_top_of_a_dirt_field..png,1,0.0005912145134061575,0,3.1104983172491885e-11,0
/shared/home/sarim.hashmi/usenix/benchmark/newbench_norm/fake/A_group_of_giraffes_next_to_a_fence..png,1,0.002270809840410948,0,1.608111566001394e-13,0
/shared/home/sarim.hashmi/usenix/benchmark/newbench_norm/fake/A_group_of_knives_mounted_to_a_kitchen_wall..png,1,0.00011286020890111104,0,1.1659834576527913e-14,0
/shared/home/sarim.hashmi/usenix/benchmark/newbench_norm/fake/A_group_of_men_standing_around_a_luggage_cart..png,1,2.0847823179792613e-05,0,2.6111151145785335e-16,0
/shared/home/sarim.hashmi/usenix/benchmark/newbench_norm/fake/A_group_of_men_standing_in_front_of_a_bar_having_a_conversation..png,1,7.035805174382403e-05,0,1.5334568010061606e-15,0
/shared/home/sarim.hashmi/usenix/benchmark/newbench_norm/fake/A_group_of_motorcycles_parked_in_front_of_a_building..png,1,0.8750481605529785,1,5.6539117138099115e-11,0
/shared/home/sarim.hashmi/usenix/benchmark/newbench_norm/fake/A_group_of_people_are_playing_some_musical_instruments..png,1,0.0003981696208938956,0,1.0143378362047857e-16,0
/shared/home/sarim.hashmi/usenix/benchmark/newbench_norm/fake/A_group_of_people_eating_at_tables_under_umbrellas_in_front_of_a_restaurant..png,1,0.02016967535018921,0,5.666664308471604e-14,0
/shared/home/sarim.hashmi/usenix/benchmark/newbench_norm/fake/A_group_of_people_in_suits_standing_in_a_kitchen..png,1,0.018251929432153702,0,6.296155139135298e-15,0
/shared/home/sarim.hashmi/usenix/benchmark/newbench_norm/fake/A_group_of_people_on_a_city_street..png,1,0.0023788241669535637,0,1.7425530250247522e-15,0
/shared/home/sarim.hashmi/usenix/benchmark/newbench_norm/fake/A_group_of_people_on_motorbikes_ride_on_a_path..png,1,0.0002915704098995775,0,1.4593549706485654e-15,0
/shared/home/sarim.hashmi/usenix/benchmark/newbench_norm/fake/A_group_of_people_sitting_and_laying_next_to_each_other..png,1,9.948164370143786e-05,0,4.2615833550831844e-14,0
/shared/home/sarim.hashmi/usenix/benchmark/newbench_norm/fake/A_group_of_people_sitting_on_motor_bikes_on_a_street..png,1,0.00038273987593129277,0,6.468049887868718e-15,0
/shared/home/sarim.hashmi/usenix/benchmark/newbench_norm/fake/A_group_of_people_sitting_on_strange_looking_benches._.png,1,0.00019539688946679235,0,1.3424971617508833e-14,0
/shared/home/sarim.hashmi/usenix/benchmark/newbench_norm/fake/A_group_of_people_standing_outside_of_a_small_airplane..png,1,0.01875198446214199,0,2.0218961054030427e-13,0
/shared/home/sarim.hashmi/usenix/benchmark/newbench_norm/fake/A_group_of_police_officer_standing_in_front_of_a_red_bus..png,1,0.010914582759141922,0,5.1348655145597166e-14,0
/shared/home/sarim.hashmi/usenix/benchmark/newbench_norm/fake/A_group_of_sheep_being_herded_by_a_black_dog..png,1,0.01945541985332966,0,6.954655601409954e-11,0
/shared/home/sarim.hashmi/usenix/benchmark/newbench_norm/fake/A_group_of_sheep_is_standing_in_a_grassy_field..png,1,0.038812365382909775,0,9.988558374515732e-13,0
/shared/home/sarim.hashmi/usenix/benchmark/newbench_norm/fake/A_group_of_sheep_sitting_next_to_a_tree..png,1,0.002077516634017229,0,1.2215313396207739e-12,0
/shared/home/sarim.hashmi/usenix/benchmark/newbench_norm/fake/A_group_of_small_exotic_birds_standing_on_a_large_bamboo_stick..png,1,0.000987341278232634,0,4.250020474438898e-12,0
/shared/home/sarim.hashmi/usenix/benchmark/newbench_norm/fake/A_group_of_three_women_sitting_at_a_table_sharing_a_cup_of_tea..png,1,0.06730519980192184,0,1.035706995156354e-14,0
/shared/home/sarim.hashmi/usenix/benchmark/newbench_norm/fake/A_group_of_women_standing_next_to_each_other_in_an_office..png,1,0.00027737990603782237,0,5.182059903391769e-15,0
/shared/home/sarim.hashmi/usenix/benchmark/newbench_norm/fake/A_guy_rides_a_bike_in_a_race_and_has_fun.png,1,0.002415067283436656,0,1.4300214997071438e-14,0
/shared/home/sarim.hashmi/usenix/benchmark/newbench_norm/fake/A_herd_of_animals_laying_down_in_a_lush_green_field..png,1,0.8908848166465759,1,6.497683250825115e-13,0
/shared/home/sarim.hashmi/usenix/benchmark/newbench_norm/fake/A_herd_of_sheep_standing_on_a_grass_covered_hillside..png,1,0.0034217997454106808,0,1.0526338689587078e-09,0
/shared/home/sarim.hashmi/usenix/benchmark/newbench_norm/fake/A_highway_scene_with_focus_on_an_exit_sign..png,1,0.0021683056838810444,0,1.1347451366679369e-14,0
/shared/home/sarim.hashmi/usenix/benchmark/newbench_norm/fake/A_jet_is_flying_through_the_air_leaving_smoke_behind_it..png,1,0.6408063173294067,1,3.923069334665907e-12,0
"/shared/home/sarim.hashmi/usenix/benchmark/newbench_norm/fake/A_kitchen_area_with_shelves,_counter_and_bar_stools..png",1,0.004408794455230236,0,7.156666921679256e-15,0
/shared/home/sarim.hashmi/usenix/benchmark/newbench_norm/fake/A_kitchen_filled_with_appliances_and_track_lighting..png,1,0.006764030549675226,0,5.189691450017964e-13,0
/shared/home/sarim.hashmi/usenix/benchmark/newbench_norm/fake/A_kitchen_filled_with_clutter_all_over_it's_counter..png,1,0.002913243370130658,0,2.2650479582220218e-12,0
/shared/home/sarim.hashmi/usenix/benchmark/newbench_norm/fake/A_kitchen_filled_with_wooden_cabinets_and_a_table..png,1,0.0007562666432932019,0,8.428565327232504e-14,0
"/shared/home/sarim.hashmi/usenix/benchmark/newbench_norm/fake/A_kitchen_is_displayed,_showing_wooden_cabinets_and_a_blue_tiled_counter_top..png",1,0.0014411775628104806,0,2.4088144673362066e-12,0
/shared/home/sarim.hashmi/usenix/benchmark/newbench_norm/fake/A_kitchen_scene_with_focus_on_a_sink_and_oven..png,1,0.0021562869660556316,0,2.59686450945415e-13,0
/shared/home/sarim.hashmi/usenix/benchmark/newbench_norm/fake/A_kitchen_that_has_a_sink_and_cabinets_in_it..png,1,0.0003266630519647151,0,7.864316836636576e-12,0
"/shared/home/sarim.hashmi/usenix/benchmark/newbench_norm/fake/A_kitchen_that_has_different_types_of_pots,_and_pans_on_a_stove..png",1,0.0013106256956234574,0,1.551504692949568e-13,0
"/shared/home/sarim.hashmi/usenix/benchmark/newbench_norm/fake/A_kitchen_that_includes_a_stove,_ovens_and_refrigerator..png",1,0.01230585016310215,0,4.829349810678285e-13,0
/shared/home/sarim.hashmi/usenix/benchmark/newbench_norm/fake/A_kitchen_that_is_ready_to_have_appliances_put_into_it..png,1,0.0034578521735966206,0,8.142272256818697e-14,0
"/shared/home/sarim.hashmi/usenix/benchmark/newbench_norm/fake/A_kitchen_with_a_refrigerator,_sink,_drawers_and_cabinets._.png",1,0.06260496377944946,0,2.521635295184418e-15,0
/shared/home/sarim.hashmi/usenix/benchmark/newbench_norm/fake/A_kitchen_with_a_stove_and_a_microwave..png,1,0.03438369557261467,0,9.63312613813834e-14,0
/shared/home/sarim.hashmi/usenix/benchmark/newbench_norm/fake/A_kitchen_with_a_wooden_table__with_a_cat_sleeping_on_top_of_it..png,1,3.2542711778660305e-06,0,5.1729870793838437e-14,0
"/shared/home/sarim.hashmi/usenix/benchmark/newbench_norm/fake/A_kitchen_with_an_oven,_stove_,_sink,_microwave_and_refrigerator..png",1,0.008485371246933937,0,5.065499885867353e-13,0
/shared/home/sarim.hashmi/usenix/benchmark/newbench_norm/fake/A_kitchen_with_granite_counter_tops_and_a_large_oven..png,1,0.0011432431638240814,0,1.865278358203007e-13,0
/shared/home/sarim.hashmi/usenix/benchmark/newbench_norm/fake/A_kitchen_with_lots_of_black_counter_top_space..png,1,0.0026889201253652573,0,2.4725762480222804e-14,0
/shared/home/sarim.hashmi/usenix/benchmark/newbench_norm/fake/A_kitchen_with_lots_of_clutter_a_door_with_a_large_window..png,1,0.002509194891899824,0,7.259276704667879e-16,0
/shared/home/sarim.hashmi/usenix/benchmark/newbench_norm/fake/A_kitchen_with_wooden_cabinets_and_a_fridge.png,1,0.0026303825434297323,0,1.7548655128866997e-13,0
/shared/home/sarim.hashmi/usenix/benchmark/newbench_norm/fake/A_kitchen_with_wooden_counter_tops_and_a_stove_top_oven..png,1,0.0002424955746391788,0,1.2845876706107928e-13,0
/shared/home/sarim.hashmi/usenix/benchmark/newbench_norm/fake/A_kitchen_with_wooden_walls_and_cabinets_with_lighting..png,1,0.02379702590405941,0,7.215411197670184e-15,0
/shared/home/sarim.hashmi/usenix/benchmark/newbench_norm/fake/A_kitten_eating_food_out_of_a_dish_on_the_kitchen_floor..png,1,2.508262241462944e-06,0,9.34420574092874e-15,0
/shared/home/sarim.hashmi/usenix/benchmark/newbench_norm/fake/A_lady_in_bed_with_oxygen_tube_and_a_dog..png,1,2.5463708880124614e-05,0,3.0111272497765004e-14,0
/shared/home/sarim.hashmi/usenix/benchmark/newbench_norm/fake/A_lady_with_a_flower_in_her_hair_taking_of_picture_of_herself_in_a_mirror..png,1,3.684368039102992e-06,0,6.304635633003208e-16,0
/shared/home/sarim.hashmi/usenix/benchmark/newbench_norm/fake/A_laptop_computer_on_a_table_in_the_passenger_cabin_of_an_airplane..png,1,0.005770551040768623,0,1.0886637728454995e-12,0
/shared/home/sarim.hashmi/usenix/benchmark/newbench_norm/fake/A_laptop_computer_sitting_on_top_of_a_computer_desk..png,1,0.5073039531707764,1,2.7846054351243765e-09,0
/shared/home/sarim.hashmi/usenix/benchmark/newbench_norm/fake/A_large_air_plane_smoking_and_parked_in_the_snow_._.png,1,0.006236703600734472,0,4.71765801337426e-13,0
/shared/home/sarim.hashmi/usenix/benchmark/newbench_norm/fake/A_large_airplane_flies_overhead_through_the_sky..png,1,0.44948360323905945,0,1.5123645879470266e-13,0
/shared/home/sarim.hashmi/usenix/benchmark/newbench_norm/fake/A_large_airplane_flying_over_a_lush_green_hillside..png,1,0.006698115263134241,0,2.922598578078417e-12,0
/shared/home/sarim.hashmi/usenix/benchmark/newbench_norm/fake/A_large_bird_sitting_on_top_of_a_tree..png,1,0.0034887949004769325,0,4.146496514201292e-12,0
/shared/home/sarim.hashmi/usenix/benchmark/newbench_norm/fake/A_large_blue_train_on_a_steel_track..png,1,0.02471330389380455,0,5.244782472907383e-12,0
/shared/home/sarim.hashmi/usenix/benchmark/newbench_norm/fake/A_large_body_of_water_in_front_of_a_shoreline_with_a_long_train_bridge..png,1,0.00693762581795454,0,3.969337705744813e-11,0
/shared/home/sarim.hashmi/usenix/benchmark/newbench_norm/fake/A_large_collection_of_cooking_utensils_hanging_on_a_wall..png,1,0.0027068338822573423,0,2.171872097857068e-14,0
/shared/home/sarim.hashmi/usenix/benchmark/newbench_norm/fake/A_large_exit_street_sign_laying_on_the_ground..png,1,0.019886313006281853,0,2.1229472173256436e-12,0
"/shared/home/sarim.hashmi/usenix/benchmark/newbench_norm/fake/A_large_filled_with_lots_of_purple_flowers_behind_a_blue_sign
.png",1,0.00012286505079828203,0,2.342278863812046e-14,0
/shared/home/sarim.hashmi/usenix/benchmark/newbench_norm/fake/A_large_giraffe_standing_behind_a_wire_fence..png,1,0.0014123631408438087,0,1.0939298512174789e-12,0
/shared/home/sarim.hashmi/usenix/benchmark/newbench_norm/fake/A_large_group_of_tall_giraffe_in_a_room..png,1,0.0008559520356357098,0,3.744790068316295e-12,0
/shared/home/sarim.hashmi/usenix/benchmark/newbench_norm/fake/A_large_jet_flying_through_a_cloudy_blue_sky..png,1,0.025525592267513275,0,2.4520084313667256e-12,0
/shared/home/sarim.hashmi/usenix/benchmark/newbench_norm/fake/A_large_jet_sitting_on_top_of_an_airport_tarmac..png,1,0.0013298619305714965,0,1.0767229393238847e-13,0
/shared/home/sarim.hashmi/usenix/benchmark/newbench_norm/fake/A_large_jetliner_flying_over_a_tall_building_in_the_sky..png,1,0.0005511569324880838,0,1.1565159637252909e-12,0
/shared/home/sarim.hashmi/usenix/benchmark/newbench_norm/fake/A_large_jetliner_flying_through_a_cloudy_blue_sky..png,1,0.023446712642908096,0,8.543338259059396e-10,0
/shared/home/sarim.hashmi/usenix/benchmark/newbench_norm/fake/A_large_jetliner_sitting_on_top_of_an_airport_runway..png,1,0.0630330741405487,0,3.482054596916362e-13,0
/shared/home/sarim.hashmi/usenix/benchmark/newbench_norm/fake/A_large_jetliner_sitting_on_top_of_an_airport_tarmac..png,1,0.0136793851852417,0,1.9975782638258222e-13,0
/shared/home/sarim.hashmi/usenix/benchmark/newbench_norm/fake/A_large_long_train_on_a_steel_track..png,1,0.2162826508283615,0,9.346685231337304e-11,0
/shared/home/sarim.hashmi/usenix/benchmark/newbench_norm/fake/A_large_modern_bathroom_features_an_oversize_tub_and_walk-in_shower..png,1,0.013354494236409664,0,4.567365975986955e-14,0
/shared/home/sarim.hashmi/usenix/benchmark/newbench_norm/fake/A_large_open_room_with_a_long_white_staircase..png,1,0.000430858664913103,0,5.009350139556501e-13,0
/shared/home/sarim.hashmi/usenix/benchmark/newbench_norm/fake/A_large_passenger_jet_flying_over_the_top_of_a_forest..png,1,0.0001258708507521078,0,1.6272389252031116e-12,0
/shared/home/sarim.hashmi/usenix/benchmark/newbench_norm/fake/A_large_white_airplane_with_blue_tail_parked..png,1,0.05490368232131004,0,1.5303173496201278e-13,0
/shared/home/sarim.hashmi/usenix/benchmark/newbench_norm/fake/A_large_white_bush_driving_down_a_city_street..png,1,0.013320359401404858,0,5.656831717085816e-16,0
/shared/home/sarim.hashmi/usenix/benchmark/newbench_norm/fake/A_large_white_castle_like_building_with_a_statue_in_front._.png,1,0.023147674277424812,0,1.775594679154311e-14,0
/shared/home/sarim.hashmi/usenix/benchmark/newbench_norm/fake/A_large_white_dog_statue_sitting_next_to_a_clock..png,1,0.0034001925960183144,0,1.7552071720963042e-13,0
/shared/home/sarim.hashmi/usenix/benchmark/newbench_norm/fake/A_larger_passenger_jet_flying_through_a_blue_sky..png,1,0.019532525911927223,0,3.660587729204662e-13,0
"/shared/home/sarim.hashmi/usenix/benchmark/newbench_norm/fake/A_left_turn_signal,_stoplight_and_street_sign_are_hanging_on_a_pole..png",1,0.004324459936469793,0,2.0834063363395217e-09,0
/shared/home/sarim.hashmi/usenix/benchmark/newbench_norm/fake/A_little_boy_in_the_airport_watching_an_airplane..png,1,0.000887749542016536,0,1.5559212989194049e-12,0
/shared/home/sarim.hashmi/usenix/benchmark/newbench_norm/fake/A_little_boy_wearing_a_hat_and_leather_boots..png,1,0.00018306243873666972,0,3.909733593734227e-13,0
/shared/home/sarim.hashmi/usenix/benchmark/newbench_norm/fake/A_little_girl_climbing_up_steps_to_touch_a_giraffe..png,1,1.8308779544895515e-05,0,9.548557691058113e-14,0
"/shared/home/sarim.hashmi/usenix/benchmark/newbench_norm/fake/A_little_girl_lies_on_a_wooden_bench,_eating_snacks_from_a_bag..png",1,1.1135372915305197e-05,0,2.922963656054947e-14,0
/shared/home/sarim.hashmi/usenix/benchmark/newbench_norm/fake/A_lone_woman_stands_at_an_empty_train_station..png,1,0.015025695785880089,0,1.0833273568575802e-13,0
/shared/home/sarim.hashmi/usenix/benchmark/newbench_norm/fake/A_long_bench_sitting_next_to_a_large_fence..png,1,2.8261420084163547e-05,0,1.2257205883950406e-12,0
/shared/home/sarim.hashmi/usenix/benchmark/newbench_norm/fake/A_lot_of_birds_flying_around_on_a_beach..png,1,0.00021105140331201255,0,6.653624591394791e-13,0
/shared/home/sarim.hashmi/usenix/benchmark/newbench_norm/fake/A_lot_of_thought_went_into_decorating_this_rustic_bathroom..png,1,0.0002532766084186733,0,4.2432550528825885e-13,0
/shared/home/sarim.hashmi/usenix/benchmark/newbench_norm/fake/A_man's_reflection_is_in_a_mirror_of_a_bathroom..png,1,8.309761324198917e-05,0,1.5009954067971183e-14,0
"/shared/home/sarim.hashmi/usenix/benchmark/newbench_norm/fake/A_man,_woman_and_child_in_an_advertisement_vehicle_for_a_seafood_restaurant..png",1,1.4867030131426873e-06,0,3.218594438855109e-16,0
/shared/home/sarim.hashmi/usenix/benchmark/newbench_norm/fake/A_man_admiring_a_dog_on_a_bench_made_of_books..png,1,0.00022955155873205513,0,7.925973245781481e-14,0
/shared/home/sarim.hashmi/usenix/benchmark/newbench_norm/fake/A_man_and_two_women_are_standing_beside_an_airplane..png,1,0.0005317807663232088,0,1.581646157089705e-14,0
/shared/home/sarim.hashmi/usenix/benchmark/newbench_norm/fake/A_man_and_two_women_walking_their_dogs_and_hiking_in_the_woods..png,1,3.9635488064959645e-05,0,1.756092016594324e-12,0
/shared/home/sarim.hashmi/usenix/benchmark/newbench_norm/fake/A_man_cycling_and_a_Stop_sign_at_the_front.png,1,0.003646775148808956,0,4.7578455932006936e-12,0
/shared/home/sarim.hashmi/usenix/benchmark/newbench_norm/fake/A_man_drives_fast_in_a_motorcycle_with_kids_in_the_sidecar.png,1,0.00020952479098923504,0,1.858443086921735e-12,0
/shared/home/sarim.hashmi/usenix/benchmark/newbench_norm/fake/A_man_fixing_a_traffic_light_while_on_a_cherry_picker..png,1,0.004698867443948984,0,1.7688484683052452e-13,0
/shared/home/sarim.hashmi/usenix/benchmark/newbench_norm/fake/A_man_flying_through_the_air_while_riding_a_snowboard..png,1,0.6518083810806274,1,4.3591654591557116e-11,0
/shared/home/sarim.hashmi/usenix/benchmark/newbench_norm/fake/A_man_flying_through_the_air_while_riding_a_surfboard..png,1,0.001630462589673698,0,3.6985244727949507e-11,0
/shared/home/sarim.hashmi/usenix/benchmark/newbench_norm/fake/A_man_in_a_dress_riding_a_tiger_motorcycle..png,1,9.753945050761104e-05,0,6.55646530448549e-14,0
/shared/home/sarim.hashmi/usenix/benchmark/newbench_norm/fake/A_man_in_a_gray_jacket_standing_in_a_kitchen_next_to_a_black_dog..png,1,3.4946588129969314e-05,0,2.0832421277947565e-14,0
/shared/home/sarim.hashmi/usenix/benchmark/newbench_norm/fake/A_man_in_a_wetsuit_is_holding_his_surfboard_on_the_pier._.png,1,0.0004666451714001596,0,2.5125642668863413e-13,0
/shared/home/sarim.hashmi/usenix/benchmark/newbench_norm/fake/A_man_in_hipster_clothes_straddling_a_bicycle_on_the_sidewalk..png,1,0.00017605771427042782,0,8.30381431476089e-14,0
/shared/home/sarim.hashmi/usenix/benchmark/newbench_norm/fake/A_man_is_feeding_a_griaffe_off_of_the_stand.png,1,8.046750735957175e-06,0,5.297944429081408e-14,0
/shared/home/sarim.hashmi/usenix/benchmark/newbench_norm/fake/A_man_is_sitting_in_a_beige_chair_in_a_living_room.png,1,0.0005579726421274245,0,1.1293002394763968e-13,0
/shared/home/sarim.hashmi/usenix/benchmark/newbench_norm/fake/A_man_is_sitting_on_a_bench_reading_a_book..png,1,0.00011396035552024841,0,2.2542655337353355e-15,0
/shared/home/sarim.hashmi/usenix/benchmark/newbench_norm/fake/A_man_laying_on_the_ground_in_front_of_a_motorcycle..png,1,6.4242244661727455e-06,0,7.100190661107897e-14,0
/shared/home/sarim.hashmi/usenix/benchmark/newbench_norm/fake/A_man_on_a_motorcycle_with_a_group_of_people_standing_around_it..png,1,0.0006025809561833739,0,4.746917987266848e-14,0
/shared/home/sarim.hashmi/usenix/benchmark/newbench_norm/fake/A_man_on_a_motorcycle_with_a_woman_on_back.png,1,0.005443783011287451,0,6.09641135317085e-13,0
/shared/home/sarim.hashmi/usenix/benchmark/newbench_norm/fake/A_man_on_a_skateboard_riding_on_a_street..png,1,0.0008170833461917937,0,1.124084752688291e-13,0
/shared/home/sarim.hashmi/usenix/benchmark/newbench_norm/fake/A_man_on_bicycle_carrying_bunches_of_bananas_through_street..png,1,4.685224485001527e-05,0,1.464342536117158e-12,0
/shared/home/sarim.hashmi/usenix/benchmark/newbench_norm/fake/A_man_preparing_food_in_a_restaurant_kitchen._.png,1,0.05626748502254486,0,8.746236563770757e-14,0
/shared/home/sarim.hashmi/usenix/benchmark/newbench_norm/fake/A_man_races_a_motorcycle_on_a_track..png,1,0.008100799284875393,0,9.481021003010515e-12,0
/shared/home/sarim.hashmi/usenix/benchmark/newbench_norm/fake/A_man_riding_a_bike_down_a_dark_city_street..png,1,0.00046095618745312095,0,6.39167755181469e-13,0
/shared/home/sarim.hashmi/usenix/benchmark/newbench_norm/fake/A_man_riding_a_bike_down_a_street..png,1,0.00021429129992611706,0,4.337563565704611e-13,0
/shared/home/sarim.hashmi/usenix/benchmark/newbench_norm/fake/A_man_riding_a_bike_down_a_street_past_a_young_man..png,1,0.00022659245587419719,0,8.749423440531506e-14,0
/shared/home/sarim.hashmi/usenix/benchmark/newbench_norm/fake/A_man_riding_a_bike_on_a_dirt_path_through_a_forest..png,1,9.707300341688097e-05,0,3.5549115598920364e-14,0
/shared/home/sarim.hashmi/usenix/benchmark/newbench_norm/fake/A_man_riding_a_motorcycle_across_a_sandy_beach..png,1,0.0005555039970204234,0,3.833624390159329e-12,0
/shared/home/sarim.hashmi/usenix/benchmark/newbench_norm/fake/A_man_riding_a_motorcycle_next_to_a_red_stop_sign..png,1,0.002454005880281329,0,4.167177467353546e-14,0
/shared/home/sarim.hashmi/usenix/benchmark/newbench_norm/fake/A_man_riding_a_motorcycle_with_a_helmet_on._.png,1,0.0012537356233224273,0,6.506811691016356e-13,0
/shared/home/sarim.hashmi/usenix/benchmark/newbench_norm/fake/A_man_riding_on_the_back_of_another_mans_bike_in_the_street.png,1,0.0007852711714804173,0,3.9872719384027866e-13,0
/shared/home/sarim.hashmi/usenix/benchmark/newbench_norm/fake/A_man_sees_a_double_reflection_in_his_mirror..png,1,0.006792481988668442,0,9.793470152679937e-14,0
/shared/home/sarim.hashmi/usenix/benchmark/newbench_norm/fake/A_man_sitting_at_a_park_working_on_a_laptop_computer..png,1,0.00035853710141964257,0,2.5680499393665457e-13,0
/shared/home/sarim.hashmi/usenix/benchmark/newbench_norm/fake/A_man_sitting_on_his_skateboard_in_a_field..png,1,0.00045814146869815886,0,4.4985995722827965e-13,0
/shared/home/sarim.hashmi/usenix/benchmark/newbench_norm/fake/A_man_sleeping_on_a_navy_blue_pillow_with_a_TV_monitor_in_place_of_his_head._.png,1,0.0005029926542192698,0,1.14291150328516e-12,0
/shared/home/sarim.hashmi/usenix/benchmark/newbench_norm/fake/A_man_standing_in_front_of_a_mirror_above_a_counter..png,1,9.640543794375844e-06,0,1.054860587233146e-17,0
/shared/home/sarim.hashmi/usenix/benchmark/newbench_norm/fake/A_man_standing_next_to_a_car_in_the_snow..png,1,0.0008204561308957636,0,2.4759980177258e-10,0
/shared/home/sarim.hashmi/usenix/benchmark/newbench_norm/fake/A_man_standing_next_to_a_motorcycle_on_the_side_of_a_hill..png,1,0.00249396706931293,0,8.129686702475214e-14,0
/shared/home/sarim.hashmi/usenix/benchmark/newbench_norm/fake/A_man_standing_next_to_a_parked_motorcycle..png,1,0.005845558363944292,0,3.554926806485087e-13,0
/shared/home/sarim.hashmi/usenix/benchmark/newbench_norm/fake/A_man_standing_next_to_a_woman_in_a_room..png,1,9.018865966936573e-05,0,2.973036411072535e-16,0
/shared/home/sarim.hashmi/usenix/benchmark/newbench_norm/fake/A_man_standing_outdoors_next_to_a_dirt_bike_and_ATV..png,1,0.0021926402114331722,0,5.569855727083784e-15,0
/shared/home/sarim.hashmi/usenix/benchmark/newbench_norm/fake/A_man_standing_outside_of_a_building_next_to_bicycles..png,1,2.028297785727773e-06,0,5.291023915792456e-15,0
/shared/home/sarim.hashmi/usenix/benchmark/newbench_norm/fake/A_man_taking_a_picture_of_his_reflection_in_the_bathroom.png,1,0.00016601677634753287,0,1.0151279061863371e-15,0
/shared/home/sarim.hashmi/usenix/benchmark/newbench_norm/fake/A_man_that_has_a_happy_new__year_hat_on..png,1,0.0004311830271035433,0,1.2563927474757526e-15,0
/shared/home/sarim.hashmi/usenix/benchmark/newbench_norm/fake/A_man_thinks_as_he_stands_in_front_of_a_sign..png,1,0.00032388573163188994,0,1.985265869137499e-15,0
/shared/home/sarim.hashmi/usenix/benchmark/newbench_norm/fake/A_man_walking_down_a_road_in_front_of_a_double_decker_bus..png,1,4.7943321987986565e-05,0,4.919342927803272e-13,0
/shared/home/sarim.hashmi/usenix/benchmark/newbench_norm/fake/A_man_walking_down_a_road_with_a_horse_and_carriage_coming_at_him..png,1,2.969196611957159e-05,0,4.604959415768469e-15,0
/shared/home/sarim.hashmi/usenix/benchmark/newbench_norm/fake/A_man_walking_towards_a_stop_sign_on_the_sidewalk..png,1,0.0003639796923380345,0,6.959093674582806e-13,0
/shared/home/sarim.hashmi/usenix/benchmark/newbench_norm/fake/A_man_walking_while_holding_an_umbrella_on_a_wet_sidewalk..png,1,0.00038997491355985403,0,3.645939141414846e-14,0
/shared/home/sarim.hashmi/usenix/benchmark/newbench_norm/fake/A_man_walks_across_a_street_with_a_stop_sign_in_the_foreground..png,1,1.3582514839072246e-05,0,1.5877242961126123e-14,0
/shared/home/sarim.hashmi/usenix/benchmark/newbench_norm/fake/A_man_watching_a_single_engine_plane_make_an_approach_to_land..png,1,0.00013355963164940476,0,7.452067120935352e-15,0
/shared/home/sarim.hashmi/usenix/benchmark/newbench_norm/fake/A_man_wearing_a_glove_with_a_bird_on_top_of_it..png,1,0.00022539593919645995,0,8.199234206082012e-14,0
/shared/home/sarim.hashmi/usenix/benchmark/newbench_norm/fake/A_man_wearing_a_hat_riding_a_motorcycle..png,1,0.0003000865690410137,0,8.751521541141855e-15,0
/shared/home/sarim.hashmi/usenix/benchmark/newbench_norm/fake/A_man_wearing_jeans_sitting_on_a_parked_motorcycle..png,1,0.0002938728139270097,0,1.0889372899485633e-13,0
/shared/home/sarim.hashmi/usenix/benchmark/newbench_norm/fake/A_man_with_camera_watching_a_group_of_giraffes.png,1,0.020015573129057884,0,5.651925108485223e-12,0
/shared/home/sarim.hashmi/usenix/benchmark/newbench_norm/fake/A_man_with_glasses_riding_in_a_car_with_an_adorable_dog_in_the_backseat..png,1,0.00024965181364677846,0,6.865434869912646e-13,0
/shared/home/sarim.hashmi/usenix/benchmark/newbench_norm/fake/A_marble_tiled_bathroom_with_double_sinks_and_wooden_cabinets.png,1,0.001011750428006053,0,1.6249203927385693e-14,0
/shared/home/sarim.hashmi/usenix/benchmark/newbench_norm/fake/A_men's_public_washroom_with_a_blue_floor._.png,1,0.000729014107491821,0,9.488387689210367e-15,0
/shared/home/sarim.hashmi/usenix/benchmark/newbench_norm/fake/A_messy_desk_is_shown_with_a_laptop_computer..png,1,0.009145738556981087,0,4.5643966384290025e-10,0
/shared/home/sarim.hashmi/usenix/benchmark/newbench_norm/fake/A_metal_pole_with_four_different_street_signs_hanging_on_it's_side..png,1,0.0012463447637856007,0,1.2265607800265865e-11,0
/shared/home/sarim.hashmi/usenix/benchmark/newbench_norm/fake/A_metal_sink_and_a_row_of_white_urinals.png,1,0.00046092720003798604,0,6.164648236328674e-10,0
/shared/home/sarim.hashmi/usenix/benchmark/newbench_norm/fake/A_military_air_craft_flies_in_the_sky_with_landing_gear_down._.png,1,0.011191974394023418,0,1.670337756998208e-10,0
/shared/home/sarim.hashmi/usenix/benchmark/newbench_norm/fake/A_miniature_train_in_a_park_full_of_people..png,1,0.0032292413525283337,0,1.9808527851306566e-14,0
/shared/home/sarim.hashmi/usenix/benchmark/newbench_norm/fake/A_modern_bathroom_is_shown_with_a_square_sink..png,1,0.0020869916770607233,0,1.2495407269649816e-12,0
/shared/home/sarim.hashmi/usenix/benchmark/newbench_norm/fake/A_modern_jet_airplane_coming_in_to_park_at_the_gate_of_an_airport.png,1,0.0014763562940061092,0,6.2625815991368405e-12,0
/shared/home/sarim.hashmi/usenix/benchmark/newbench_norm/fake/A_modified_motorcycle_parked_with_other_motorcycles_on_the_pavement..png,1,0.006052812561392784,0,2.7975185847863536e-14,0
/shared/home/sarim.hashmi/usenix/benchmark/newbench_norm/fake/A_monitor_showing_a_film_on_an_airplane..png,1,0.0003993055725004524,0,9.623012022647037e-13,0
/shared/home/sarim.hashmi/usenix/benchmark/newbench_norm/fake/A_mother_bird_and_her_offspring_walk_in_a_meadow..png,1,0.0002578254498075694,0,9.236267349901905e-13,0
/shared/home/sarim.hashmi/usenix/benchmark/newbench_norm/fake/A_motorcycle_carrying_a_bicycle_is_parked_in_the_gravel._.png,1,0.08938632905483246,0,7.359377999583208e-15,0
/shared/home/sarim.hashmi/usenix/benchmark/newbench_norm/fake/A_motorcycle_is_in_a_parking_lot_with_a_helmet_on_top..png,1,0.0006080110324546695,0,5.727100109258199e-14,0
/shared/home/sarim.hashmi/usenix/benchmark/newbench_norm/fake/A_motorcycle_is_parked_in_the_gravel_alongside_a_street..png,1,0.001292807632125914,0,3.760611817066849e-14,0
/shared/home/sarim.hashmi/usenix/benchmark/newbench_norm/fake/A_motorcycle_parked_behind_a_truck_on_a_green_field..png,1,0.008947420865297318,0,1.6586387414896896e-14,0
/shared/home/sarim.hashmi/usenix/benchmark/newbench_norm/fake/A_motorcycle_parked_next_to_a_few_bicycles..png,1,0.0026115383952856064,0,9.967491242102167e-13,0
/shared/home/sarim.hashmi/usenix/benchmark/newbench_norm/fake/A_motorcycle_parked_next_to_each_other_near_people...png,1,0.0006953828269615769,0,1.1163683692749782e-11,0
/shared/home/sarim.hashmi/usenix/benchmark/newbench_norm/fake/A_motorcycle_parked_on_top_of_a_tiled_floor..png,1,0.0032111562322825193,0,6.052188372858425e-13,0
/shared/home/sarim.hashmi/usenix/benchmark/newbench_norm/fake/A_motorcycle_sits_parked_across_from_a_herd_of_livestock..png,1,0.04141826927661896,0,1.733818980314411e-13,0
/shared/home/sarim.hashmi/usenix/benchmark/newbench_norm/fake/A_nice_spacious_bathroom_with_light_brown_tile..png,1,0.0010361454915255308,0,9.07489795115568e-13,0
/shared/home/sarim.hashmi/usenix/benchmark/newbench_norm/fake/A_no_left_turn_sign_hanging_from_the_side_of_a_wooden_pole..png,1,0.0009336708462797105,0,5.032096701135247e-12,0
/shared/home/sarim.hashmi/usenix/benchmark/newbench_norm/fake/A_pair_of_remote_controlled_planes_flying_through_the_air..png,1,0.0007911688298918307,0,1.2903506041439528e-10,0
/shared/home/sarim.hashmi/usenix/benchmark/newbench_norm/fake/A_pair_of_sheep_looking_eagerly_at_something_through_a_fence..png,1,0.010305596515536308,0,1.4089122923888198e-10,0
/shared/home/sarim.hashmi/usenix/benchmark/newbench_norm/fake/A_pair_of_sneakers_hang_in_the_background_at_this_street_corner..png,1,0.5127602815628052,1,1.9588771929405016e-14,0
/shared/home/sarim.hashmi/usenix/benchmark/newbench_norm/fake/A_pan_filled_with_veggies_and_a_block_of_butter..png,1,0.13286030292510986,0,1.3608499743744673e-11,0
/shared/home/sarim.hashmi/usenix/benchmark/newbench_norm/fake/A_parked_motorcycle_sitting_next_to_a_white_brick_wall..png,1,0.0022019855678081512,0,4.640829734392504e-11,0
/shared/home/sarim.hashmi/usenix/benchmark/newbench_norm/fake/A_parking_lot_filled_with_large_passenger_buses..png,1,0.014921074733138084,0,2.5055176683386193e-11,0
/shared/home/sarim.hashmi/usenix/benchmark/newbench_norm/fake/A_parking_meter_lies_askew_on_a_street..png,1,0.009221595712006092,0,5.548246222533432e-15,0
/shared/home/sarim.hashmi/usenix/benchmark/newbench_norm/fake/A_parking_sign_is_displaying_spaces_available_on_a_city_street.png,1,0.002365180989727378,0,1.6146219561016806e-12,0
/shared/home/sarim.hashmi/usenix/benchmark/newbench_norm/fake/A_passenger_jet_aircraft_flying_in_the_sky..png,1,0.36864742636680603,0,2.07922012940287e-11,0
/shared/home/sarim.hashmi/usenix/benchmark/newbench_norm/fake/A_passenger_jet_that_is_pulled_in_next_to_the_terminal..png,1,0.009567715227603912,0,6.557416014265488e-14,0
/shared/home/sarim.hashmi/usenix/benchmark/newbench_norm/fake/A_passenger_plane_that_is_parked_on_the_runway..png,1,0.03662894293665886,0,1.5537628475503773e-11,0
/shared/home/sarim.hashmi/usenix/benchmark/newbench_norm/fake/A_patch_of_grass_with_lots_of_bikes_parked_on_it..png,1,0.0022376347333192825,0,3.9647975874634866e-11,0
/shared/home/sarim.hashmi/usenix/benchmark/newbench_norm/fake/A_person_drives_a_bus_on_a_busy_road._.png,1,0.2610436975955963,0,1.3105960544254613e-13,0
/shared/home/sarim.hashmi/usenix/benchmark/newbench_norm/fake/A_person_driving_a_car_towards_an_overpass..png,1,0.043728768825531006,0,2.50776206441386e-13,0
/shared/home/sarim.hashmi/usenix/benchmark/newbench_norm/fake/A_person_feeding_a_giraffe_while_wearing_a_hat..png,1,3.15949073410593e-05,0,2.6513145571013938e-15,0
/shared/home/sarim.hashmi/usenix/benchmark/newbench_norm/fake/A_person_holding_a_black_cat_next_to_their_face..png,1,3.6041361454408616e-05,0,5.183765743044244e-13,0
/shared/home/sarim.hashmi/usenix/benchmark/newbench_norm/fake/A_person_holding_up_a_piece_of_banana_to_the_camera..png,1,0.00046233576722443104,0,2.6422031229600407e-11,0
/shared/home/sarim.hashmi/usenix/benchmark/newbench_norm/fake/A_person_is_driving_a_speedboat_quickly_through_the_water..png,1,0.001267027109861374,0,1.0471753672525175e-12,0
/shared/home/sarim.hashmi/usenix/benchmark/newbench_norm/fake/A_person_is_on_a_bench_near_a_grassy_field..png,1,0.0006209787679836154,0,1.6964306695510523e-11,0
/shared/home/sarim.hashmi/usenix/benchmark/newbench_norm/fake/A_person_laying_on_an_inflatable_mattress_with_two_sleeping_bags..png,1,0.01047228742390871,0,5.160865021469098e-14,0
/shared/home/sarim.hashmi/usenix/benchmark/newbench_norm/fake/A_person_leading_a_herd_of_sheep_with_a_dog..png,1,0.0010754239046946168,0,5.128647699803807e-15,0
/shared/home/sarim.hashmi/usenix/benchmark/newbench_norm/fake/A_person_on_a_street_next_to_a_motor_bike..png,1,0.0031162258237600327,0,2.9047635607612476e-13,0
/shared/home/sarim.hashmi/usenix/benchmark/newbench_norm/fake/A_person_riding_a_speed_motorcycle_on_a_track..png,1,0.0008956105448305607,0,3.522340568089949e-13,0
/shared/home/sarim.hashmi/usenix/benchmark/newbench_norm/fake/A_person_sitting_on_top_of_a_bench_with_their_arms_spread_out..png,1,0.0020475820638239384,0,1.0414844984693583e-12,0
/shared/home/sarim.hashmi/usenix/benchmark/newbench_norm/fake/A_person_standing_next_to_a_couple_of_motor_bikes..png,1,1.1045915016438812e-05,0,4.932505785922286e-17,0
/shared/home/sarim.hashmi/usenix/benchmark/newbench_norm/fake/A_person_walking_in_the_rain_on_the_sidewalk._.png,1,0.0001318579015787691,0,7.813804941622648e-13,0
/shared/home/sarim.hashmi/usenix/benchmark/newbench_norm/fake/A_person_with_an_umbrella_is_standing_by_a_fountain..png,1,0.013351245783269405,0,5.881341420821418e-13,0
/shared/home/sarim.hashmi/usenix/benchmark/newbench_norm/fake/A_photo_of_a_restroom_containing_two_toilets..png,1,0.03149350360035896,0,4.1944854707598456e-12,0
/shared/home/sarim.hashmi/usenix/benchmark/newbench_norm/fake/A_picture_of_a_group_of_fighter_jets_flying_together..png,1,0.04581190273165703,0,6.452340745033425e-11,0
/shared/home/sarim.hashmi/usenix/benchmark/newbench_norm/fake/A_picture_of_a_stone_bench_in_a_park..png,1,0.0017515484942123294,0,8.331407395575918e-13,0
/shared/home/sarim.hashmi/usenix/benchmark/newbench_norm/fake/A_picture_of_a_train_coming_out_of_a_house..png,1,0.062265459448099136,0,1.824385233812828e-13,0
/shared/home/sarim.hashmi/usenix/benchmark/newbench_norm/fake/A_picture_of_a_wooden_container_with_crosses_on_it..png,1,0.13455958664417267,0,1.7026171325682654e-13,0
/shared/home/sarim.hashmi/usenix/benchmark/newbench_norm/fake/A_picture_of_large_glass_door_trimmed_in_white_and_a_large_beige_structure_beside_it..png,1,0.040122732520103455,0,6.26806007271441e-14,0
/shared/home/sarim.hashmi/usenix/benchmark/newbench_norm/fake/A_picture_taken_from_the_driver_seat_of_car_at_a_stop_sign..png,1,0.001367915072478354,0,1.3776226524559593e-13,0
/shared/home/sarim.hashmi/usenix/benchmark/newbench_norm/fake/A_pigeon_perched_on_a_ledge_with_a_street_behind_it..png,1,3.2824307709233835e-05,0,7.790155239634222e-14,0
/shared/home/sarim.hashmi/usenix/benchmark/newbench_norm/fake/A_pile_of_toilet_paper_sitting_on_top_of_a_toilet..png,1,0.00012076048733433709,0,7.587555258571632e-13,0
/shared/home/sarim.hashmi/usenix/benchmark/newbench_norm/fake/A_pirstine_white_and_black_bathroom_with_a_tub_by_a_window.png,1,7.322778401430696e-06,0,3.300272652818209e-13,0
/shared/home/sarim.hashmi/usenix/benchmark/newbench_norm/fake/A_plane_is_parked_near_the_pretty_blue_ocean._.png,1,0.0028616278432309628,0,2.065377166168836e-12,0
/shared/home/sarim.hashmi/usenix/benchmark/newbench_norm/fake/A_police_man_on_a_motorcycle_drives_down_the_road..png,1,0.00400093337520957,0,1.4267508615523061e-12,0
/shared/home/sarim.hashmi/usenix/benchmark/newbench_norm/fake/A_police_officer_directing_traffic_in_front_of_a_yellow_double_deck_bus..png,1,9.109371603699401e-05,0,2.5336011178720428e-15,0
/shared/home/sarim.hashmi/usenix/benchmark/newbench_norm/fake/A_pretty_bird_is_sitting_on_a_tree_branch..png,1,2.740487161645433e-06,0,2.243669310383862e-16,0
/shared/home/sarim.hashmi/usenix/benchmark/newbench_norm/fake/A_professional_motorcycle_driver_riding_his_bike_on_the_track..png,1,0.0016356580890715122,0,3.9010681756332724e-14,0
"/shared/home/sarim.hashmi/usenix/benchmark/newbench_norm/fake/A_rear_view_mirror_on_a_bike_is_reflecting_a_poster_on_building.
.png",1,5.0581733376020566e-05,0,1.6234248356326946e-17,0
"/shared/home/sarim.hashmi/usenix/benchmark/newbench_norm/fake/A_red,_white_and_blue_train_next_to_satellites..png",1,0.07057676464319229,0,6.977688283942018e-13,0
/shared/home/sarim.hashmi/usenix/benchmark/newbench_norm/fake/A_red_all_terrain_vehicle_next_to_a_man_with_a_green_dirt_bike..png,1,0.00011681158503051847,0,2.646676628198703e-15,0
/shared/home/sarim.hashmi/usenix/benchmark/newbench_norm/fake/A_red_and_black_motorcycle_parked_near_another_bike..png,1,0.007115979213267565,0,6.409590306427626e-12,0
/shared/home/sarim.hashmi/usenix/benchmark/newbench_norm/fake/A_red_and_white_fire_hydrant_is_on_the_lawn..png,1,0.07565315067768097,0,5.651129911243835e-11,0
/shared/home/sarim.hashmi/usenix/benchmark/newbench_norm/fake/A_red_and_white_fire_hydrant_on_a_sidewalk_at_the_park..png,1,4.42344717157539e-05,0,1.5262227245904647e-12,0
"/shared/home/sarim.hashmi/usenix/benchmark/newbench_norm/fake/A_red_and_yellow_bus_sits_on_the_back_of_a_flatbed_truck,_driving_down_the_highway..png",1,0.010397317819297314,0,2.3489733378886934e-13,0
/shared/home/sarim.hashmi/usenix/benchmark/newbench_norm/fake/A_red_fire_hydrant_between_two_trees_in_front_of_a_building..png,1,0.0007616189541295171,0,1.9259134489014312e-13,0
/shared/home/sarim.hashmi/usenix/benchmark/newbench_norm/fake/A_red_fire_hydrant_on_the_side_of_a_street..png,1,0.00024864840088412166,0,3.0472491392187495e-14,0
/shared/home/sarim.hashmi/usenix/benchmark/newbench_norm/fake/A_red_fire_hydrant_with_a_green_cap_with_a_bird_on_top_of_it..png,1,0.0009063308243639767,0,2.962115551756114e-14,0
/shared/home/sarim.hashmi/usenix/benchmark/newbench_norm/fake/A_red_motorcycle_is_parked_in_between_white_lines..png,1,0.0002535513194743544,0,2.03658867114348e-13,0
/shared/home/sarim.hashmi/usenix/benchmark/newbench_norm/fake/A_red_motorcycle_riding_down_one_side_of_the_street_and_a_cow_walking_down_the_other_side_of_the_str.png,1,0.01041477918624878,0,5.453278751959764e-14,0
/shared/home/sarim.hashmi/usenix/benchmark/newbench_norm/fake/A_red_small_engine_plane_in_motion_on_a_field..png,1,0.0039703440852463245,0,5.8596434995839e-12,0
/shared/home/sarim.hashmi/usenix/benchmark/newbench_norm/fake/A_red_stop_sign_mounted_to_the_top_of_a_metal_pole..png,1,0.025951018556952477,0,1.0933422345260624e-07,0
/shared/home/sarim.hashmi/usenix/benchmark/newbench_norm/fake/A_red_stop_sign_on_a_gate_next_to_a_grass_covered_field..png,1,0.036658719182014465,0,5.773530098451829e-09,0
/shared/home/sarim.hashmi/usenix/benchmark/newbench_norm/fake/A_red_stop_sign_on_the_side_of_a_brick_road..png,1,0.003729489166289568,0,7.480289825056996e-12,0
/shared/home/sarim.hashmi/usenix/benchmark/newbench_norm/fake/A_red_stop_sign_sitting_on_the_side_of_a_pole..png,1,0.0008393671596422791,0,4.833793955383303e-12,0
/shared/home/sarim.hashmi/usenix/benchmark/newbench_norm/fake/A_red_stop_sign_sitting_on_the_side_of_a_road..png,1,0.021281560882925987,0,9.401498676786524e-12,0
/shared/home/sarim.hashmi/usenix/benchmark/newbench_norm/fake/A_red_stop_sign_with_a_sticker_of_a_man_holding_up_a_sword..png,1,0.0018608528189361095,0,6.0491559678022e-12,0
/shared/home/sarim.hashmi/usenix/benchmark/newbench_norm/fake/A_red_traffic_with_a_mirror_hanging_off_the_side_of_it..png,1,0.00031769831548444927,0,9.471449910177301e-14,0
/shared/home/sarim.hashmi/usenix/benchmark/newbench_norm/fake/A_red_train_driving_on_a_train_train_track_next_to_an_elevated_stone_sidewalk..png,1,0.03183264285326004,0,4.22272590158701e-12,0
/shared/home/sarim.hashmi/usenix/benchmark/newbench_norm/fake/A_red_train_traveling_under_a_bridge_on_train_tracks..png,1,0.006030597724020481,0,2.113330940366892e-13,0
/shared/home/sarim.hashmi/usenix/benchmark/newbench_norm/fake/A_red_trolly_bus_driving_down_a_dirt_road..png,1,0.0006916815182194114,0,5.336414361616082e-13,0
/shared/home/sarim.hashmi/usenix/benchmark/newbench_norm/fake/A_road_sign_on_the_side_of_a_road..png,1,0.00047467416152358055,0,3.9887530263330376e-14,0
/shared/home/sarim.hashmi/usenix/benchmark/newbench_norm/fake/A_room_with_white_walls_and_bright_lights..png,1,0.004964779131114483,0,1.2350408196137863e-10,0
/shared/home/sarim.hashmi/usenix/benchmark/newbench_norm/fake/A_row_of_birds_are_flying_against_a_blue_sky..png,1,0.0003853522939607501,0,3.669247128357256e-10,0
/shared/home/sarim.hashmi/usenix/benchmark/newbench_norm/fake/A_row_of_motorcycles_sitting_on_top_of_a_parking_lot..png,1,0.007347874343395233,0,3.469683579077759e-13,0
/shared/home/sarim.hashmi/usenix/benchmark/newbench_norm/fake/A_row_of_red_and_white_umbrellas_stand_above_tables_in_an_outdoor_eating_area..png,1,0.00018894043751060963,0,1.0618674722070315e-13,0
/shared/home/sarim.hashmi/usenix/benchmark/newbench_norm/fake/A_row_of_wall_mounted_urinals_under_aquariums..png,1,0.0007096423069015145,0,2.837467877304066e-14,0
/shared/home/sarim.hashmi/usenix/benchmark/newbench_norm/fake/A_rusty_side_car_of_a_train_that_has_been_vandalized_with_artwork..png,1,0.6417355537414551,1,3.307625562332106e-10,0
/shared/home/sarim.hashmi/usenix/benchmark/newbench_norm/fake/A_scooter_is_parked_on_the_street_in_front_of_a_car._.png,1,0.11156756430864334,0,3.2360214768240025e-12,0
/shared/home/sarim.hashmi/usenix/benchmark/newbench_norm/fake/A_set_of_three_wall_mounted_urinals_with_pictures_of_men_on_top_of_them..png,1,1.0716449651226867e-05,0,2.687154850440328e-16,0
/shared/home/sarim.hashmi/usenix/benchmark/newbench_norm/fake/A_shelf_of_various_cups_and_glasses_mounted_to_the_wall..png,1,0.0028636869974434376,0,1.747639881389488e-14,0
/shared/home/sarim.hashmi/usenix/benchmark/newbench_norm/fake/A_shower_and_a_white_toilet_in_a_small_bathroom..png,1,0.00027632276760414243,0,2.2190974033916948e-14,0
/shared/home/sarim.hashmi/usenix/benchmark/newbench_norm/fake/A_sidewalk_sitting_along_side_of_a_building_at_night..png,1,0.0012573710409924388,0,1.5684406085101493e-13,0
/shared/home/sarim.hashmi/usenix/benchmark/newbench_norm/fake/A_sidewalk_sitting_along_side_of_a_street_under_a_billboard..png,1,0.0001648120814934373,0,2.4493273959058127e-14,0
/shared/home/sarim.hashmi/usenix/benchmark/newbench_norm/fake/A_sign_near_a_wooden_fence_and_a_tree..png,1,0.001248410320840776,0,8.4869584233635e-15,0
/shared/home/sarim.hashmi/usenix/benchmark/newbench_norm/fake/A_sign_on_top_of_a_restaurant_next_to_a_traffic_light..png,1,0.0008462547557428479,0,7.933807961730405e-14,0
/shared/home/sarim.hashmi/usenix/benchmark/newbench_norm/fake/A_sign_says_fashion_district_near_some_buildings..png,1,3.45626576745417e-05,0,9.46604550116064e-15,0
/shared/home/sarim.hashmi/usenix/benchmark/newbench_norm/fake/A_sign_warning_drivers_that_there_are_children_at_play..png,1,0.00018839877157006413,0,1.371045611027119e-13,0
/shared/home/sarim.hashmi/usenix/benchmark/newbench_norm/fake/A_silver_and_red_bus_in_parking_lot_next_to_cars..png,1,0.331609845161438,0,1.719045392145624e-11,0
/shared/home/sarim.hashmi/usenix/benchmark/newbench_norm/fake/A_silver_train_passing_under_high_beams_and_trees..png,1,0.004939004313200712,0,1.1167276955589833e-12,0
/shared/home/sarim.hashmi/usenix/benchmark/newbench_norm/fake/A_silver_train_that_is_sitting_on_a_track..png,1,0.0047948299907147884,0,3.807691941154316e-14,0
/shared/home/sarim.hashmi/usenix/benchmark/newbench_norm/fake/A_simple_bathroom_has_various_classic_decorations_around_it..png,1,0.0020776649471372366,0,6.353445547446768e-11,0
/shared/home/sarim.hashmi/usenix/benchmark/newbench_norm/fake/A_simple_white_residential_kitchen_with_breakfast_bar.png,1,0.0018782573752105236,0,5.499767308236869e-12,0
/shared/home/sarim.hashmi/usenix/benchmark/newbench_norm/fake/A_simple_wooden_bench_is_in_the_woods..png,1,7.063178782118484e-05,0,6.87100929538248e-15,0
/shared/home/sarim.hashmi/usenix/benchmark/newbench_norm/fake/A_skier_in_the_midst_of_a_jump.png,1,0.002681964775547385,0,3.959879028413854e-14,0
/shared/home/sarim.hashmi/usenix/benchmark/newbench_norm/fake/A_small_bathroom_with_a_shower_curtain_and_toilet.png,1,0.00019121513469144702,0,1.5819566793681683e-14,0
/shared/home/sarim.hashmi/usenix/benchmark/newbench_norm/fake/A_small_bird_is_perched_on_an_empty_bird_feeder..png,1,0.0005532628274522722,0,1.1777257771447558e-12,0
/shared/home/sarim.hashmi/usenix/benchmark/newbench_norm/fake/A_small_bird_perched_on_some_metal_bar_.png,1,0.0002561958972364664,0,1.2822164120393498e-12,0
/shared/home/sarim.hashmi/usenix/benchmark/newbench_norm/fake/A_small_bird_sitting_on_a_beach_next_to_the_ocean..png,1,0.0020968473982065916,0,1.7377505684423866e-11,0
/shared/home/sarim.hashmi/usenix/benchmark/newbench_norm/fake/A_small_bird_sitting_on_the_handle_of_a_car_door..png,1,0.06687568128108978,0,5.90352142171291e-11,0
/shared/home/sarim.hashmi/usenix/benchmark/newbench_norm/fake/A_small_bird_sitting_on_top_of_a_plastic_cup_of_water..png,1,0.010154256597161293,0,8.238554153119915e-13,0
/shared/home/sarim.hashmi/usenix/benchmark/newbench_norm/fake/A_small_black_dog_sitting_in_front_of_a_TV..png,1,0.035998161882162094,0,4.966405975706523e-13,0
/shared/home/sarim.hashmi/usenix/benchmark/newbench_norm/fake/A_small_blue_car_on_a_city_road..png,1,0.003743714652955532,0,8.262358489443192e-14,0
/shared/home/sarim.hashmi/usenix/benchmark/newbench_norm/fake/A_small_calf_is_in_a_pen_with_bails_of_hay..png,1,0.00086065789218992,0,7.615406786079526e-13,0
/shared/home/sarim.hashmi/usenix/benchmark/newbench_norm/fake/A_small_car_is_parked_in_front_of_a_scooter.png,1,0.3184593915939331,0,7.780914110179678e-15,0
/shared/home/sarim.hashmi/usenix/benchmark/newbench_norm/fake/A_small_cat_is_standing_near_the_computer_keyboard._.png,1,0.002327271969988942,0,1.0294226582274746e-10,0
/shared/home/sarim.hashmi/usenix/benchmark/newbench_norm/fake/A_small_dog_laying_next_to_a_door..png,1,7.112268940545619e-05,0,1.2786742964367853e-13,0
/shared/home/sarim.hashmi/usenix/benchmark/newbench_norm/fake/A_small_dog_walking_past_a_red_fire_hydrant..png,1,0.000175820488948375,0,1.328047101543245e-13,0
/shared/home/sarim.hashmi/usenix/benchmark/newbench_norm/fake/A_small_green_car_has_a_plaque_with_writing_in_front_of_it._.png,1,0.20303477346897125,0,1.0143122642801081e-13,0
/shared/home/sarim.hashmi/usenix/benchmark/newbench_norm/fake/A_small_plane_flying_through_a_cloudy_blue_sky..png,1,0.040906962007284164,0,5.197331280626383e-12,0
/shared/home/sarim.hashmi/usenix/benchmark/newbench_norm/fake/A_small_plane_landing_in__a_grassy_field.png,1,0.003362362738698721,0,1.067440190058444e-12,0
/shared/home/sarim.hashmi/usenix/benchmark/newbench_norm/fake/A_small_sailboat_docked_at_a_local_shore..png,1,0.040384892374277115,0,1.1196409467964519e-12,0
/shared/home/sarim.hashmi/usenix/benchmark/newbench_norm/fake/A_small_town_street_filled_with_traffic_beneath_a_mountain..png,1,0.0005867282161489129,0,3.5991077062006924e-14,0
/shared/home/sarim.hashmi/usenix/benchmark/newbench_norm/fake/A_small_white_airplane_high_up_in_the_sky..png,1,0.03827429190278053,0,6.257760282180058e-11,0
/shared/home/sarim.hashmi/usenix/benchmark/newbench_norm/fake/A_small_white_bird_standing_on_top_of_a_dirt_field..png,1,0.11882788687944412,0,5.874494467261737e-12,0
/shared/home/sarim.hashmi/usenix/benchmark/newbench_norm/fake/A_small_white_dog_standing_next_to_a_red_fire_hydrant..png,1,6.279515673668357e-06,0,6.341830967299513e-16,0
/shared/home/sarim.hashmi/usenix/benchmark/newbench_norm/fake/A_small_woman_standing_in_front_of_a_baby_elephant..png,1,0.007473283912986517,0,1.0885023785101033e-11,0
/shared/home/sarim.hashmi/usenix/benchmark/newbench_norm/fake/A_smiling_man_in_a_nice_hat_in_a_car..png,1,0.0005897493101656437,0,2.1279995127132523e-11,0
/shared/home/sarim.hashmi/usenix/benchmark/newbench_norm/fake/A_snowy_scene_of_trees_and_a_road..png,1,0.0062686069868505,0,8.501273144646826e-13,0
/shared/home/sarim.hashmi/usenix/benchmark/newbench_norm/fake/A_spring_form_bird_feeder_filled_with_corn_to_eat..png,1,0.0004409749817568809,0,9.344281804487403e-14,0
/shared/home/sarim.hashmi/usenix/benchmark/newbench_norm/fake/A_square_white_sink_beneath_an_elegant_mirror.png,1,6.985318032093346e-05,0,1.5767190341981624e-13,0
/shared/home/sarim.hashmi/usenix/benchmark/newbench_norm/fake/A_stop_light_with_green_arrows_on_Woodbine_Ave._.png,1,0.0038068227004259825,0,1.8022942860351776e-10,0
/shared/home/sarim.hashmi/usenix/benchmark/newbench_norm/fake/A_stop_sign_and_a_fire_hydrant_on_the_corner_of_a_grassy_sidewalk..png,1,0.0025107848923653364,0,3.5992998132731296e-14,0
"/shared/home/sarim.hashmi/usenix/benchmark/newbench_norm/fake/A_store_room_holds_sinks,_bathtubs_and_toilets.png",1,0.009753884747624397,0,9.413003450970629e-15,0
/shared/home/sarim.hashmi/usenix/benchmark/newbench_norm/fake/A_stove_top_oven_sitting_next_to_a_tiled_wall..png,1,0.0002538696280680597,0,4.620093776953535e-14,0
/shared/home/sarim.hashmi/usenix/benchmark/newbench_norm/fake/A_stove_top_with_a_tea_kettle_sitting_on_top_of_it..png,1,0.059292323887348175,0,1.0483233814991173e-14,0
/shared/home/sarim.hashmi/usenix/benchmark/newbench_norm/fake/A_stove_top_with_lots_of_pots_and_pans..png,1,0.00494081387296319,0,2.766550356858577e-11,0
/shared/home/sarim.hashmi/usenix/benchmark/newbench_norm/fake/A_street_light_and_other_road_signs._.png,1,0.02778664417564869,0,1.2265572401064934e-13,0
/shared/home/sarim.hashmi/usenix/benchmark/newbench_norm/fake/A_street_scene_looking_down_at_cars_and_motorcycles_parked..png,1,0.009999900124967098,0,4.673321750875469e-15,0
/shared/home/sarim.hashmi/usenix/benchmark/newbench_norm/fake/A_street_sign_is_filled_with_various_stickers.__.png,1,0.00916390959173441,0,1.3541313286880106e-14,0
/shared/home/sarim.hashmi/usenix/benchmark/newbench_norm/fake/A_street_sign_next_to_a_bend_in_the_road..png,1,0.0015041126171126962,0,2.1786337501167622e-15,0
/shared/home/sarim.hashmi/usenix/benchmark/newbench_norm/fake/A_street_sign_saying_S._Gay_st_while_a_traffic_light_is_yellow..png,1,1.4469450434262399e-05,0,1.8017690475453235e-13,0
/shared/home/sarim.hashmi/usenix/benchmark/newbench_norm/fake/A_street_sign_showing_a_person_walking_with_a_child_and_a_bike_sits_on_the_sit_of_the_road._.png,1,1.0418820011182106e-06,0,1.7552748775573606e-16,0
/shared/home/sarim.hashmi/usenix/benchmark/newbench_norm/fake/A_street_sign_showing_they_are_making_improvements.png,1,0.011897026561200619,0,5.584199552419178e-13,0
/shared/home/sarim.hashmi/usenix/benchmark/newbench_norm/fake/A_street_sign_showing_what_roads_go_which_ways..png,1,0.00014007122081238776,0,2.1044253037220961e-13,0
/shared/home/sarim.hashmi/usenix/benchmark/newbench_norm/fake/A_street_sign_sitting_along_side_of_train_tracks..png,1,0.0893375501036644,0,4.280681169775702e-13,0
"/shared/home/sarim.hashmi/usenix/benchmark/newbench_norm/fake/A_street_sign_with_the_name_of_two_streets_and_a_stop_sign,_and_parked_cars_and_buildings_in_the_dis.png",1,0.0012811633059754968,0,2.837487951984916e-15,0
/shared/home/sarim.hashmi/usenix/benchmark/newbench_norm/fake/A_stuffed_bear_is_sitting_next_to_a_computer_monitor..png,1,0.0010478371987119317,0,6.787161978272227e-12,0
/shared/home/sarim.hashmi/usenix/benchmark/newbench_norm/fake/A_subway_train_with_a_row_of_orange_and_white_seats..png,1,3.0058890843065456e-05,0,1.83770967193686e-12,0
/shared/home/sarim.hashmi/usenix/benchmark/newbench_norm/fake/A_sun_spot_is_the_only_mark_in_a_clear_sky_with_a_plane_traveling_over_a_snowy_expanse_with_a_bunch_.png,1,1.8665270545170642e-05,0,8.193731249050984e-10,0
/shared/home/sarim.hashmi/usenix/benchmark/newbench_norm/fake/A_table_full_of_items_and_on_a_sunny_day._.png,1,0.09901343286037445,0,1.4538943779365127e-13,0
/shared/home/sarim.hashmi/usenix/benchmark/newbench_norm/fake/A_tall_giraffe_in_a_green_grassy_field..png,1,0.0001132339530158788,0,1.6714826408820854e-13,0
/shared/home/sarim.hashmi/usenix/benchmark/newbench_norm/fake/A_tall_giraffe_standing_next_to_a_herd_of_deer..png,1,0.008229653351008892,0,7.77389611017476e-12,0
/shared/home/sarim.hashmi/usenix/benchmark/newbench_norm/fake/A_taxi_cab_parked_next_to_a_fire_hydrant..png,1,0.0015444798627868295,0,4.950817113582619e-14,0
/shared/home/sarim.hashmi/usenix/benchmark/newbench_norm/fake/A_television_sits_on_a_cabinet_in_a_room..png,1,0.00031066618976183236,0,8.192835992959502e-11,0
/shared/home/sarim.hashmi/usenix/benchmark/newbench_norm/fake/A_tie-dyed_cyclist_stands_beside_his_bicycle_in_front_of_fellow_cyclists..png,1,0.0007423904025927186,0,4.882994507869609e-14,0
"/shared/home/sarim.hashmi/usenix/benchmark/newbench_norm/fake/A_tiled_bathroom_with_a_single_vanity,_toilet_and_shower..png",1,0.001251133857294917,0,6.798230728355392e-11,0
/shared/home/sarim.hashmi/usenix/benchmark/newbench_norm/fake/A_toilet_in_a_stall_with_remote_control_buttons..png,1,0.0005353573360480368,0,5.42540459173152e-13,0
/shared/home/sarim.hashmi/usenix/benchmark/newbench_norm/fake/A_toilet_seat_sits_on_top_of_a_hole_in_the_ground..png,1,0.000383947161026299,0,9.84726114940191e-15,0
/shared/home/sarim.hashmi/usenix/benchmark/newbench_norm/fake/A_toilet_sitting_outside_a_building_in_an_alley..png,1,0.0007234817021526396,0,2.5908608591862503e-11,0
/shared/home/sarim.hashmi/usenix/benchmark/newbench_norm/fake/A_toilet_that_is_very_clean_in_a_bathroom..png,1,0.025737855583429337,0,5.450828048474132e-13,0
/shared/home/sarim.hashmi/usenix/benchmark/newbench_norm/fake/A_tow_truck_driving_past_a_very_old_stop_sign..png,1,0.00017394819587934762,0,1.1985611494854916e-15,0
/shared/home/sarim.hashmi/usenix/benchmark/newbench_norm/fake/A_towel_hangs_beneath_a_sink_in_a_bathroom..png,1,0.0006410023779608309,0,1.3677163785211222e-12,0
/shared/home/sarim.hashmi/usenix/benchmark/newbench_norm/fake/A_traffic_light_and_cars_on_a_street..png,1,0.00025281772832386196,0,4.03490920688164e-14,0
/shared/home/sarim.hashmi/usenix/benchmark/newbench_norm/fake/A_traffic_light_glows_red_on_a_cloudy_day.png,1,0.0014681114116683602,0,2.8469831743829777e-13,0
/shared/home/sarim.hashmi/usenix/benchmark/newbench_norm/fake/A_traffic_light_on_a_street_with_some_people..png,1,0.0200082715600729,0,4.735720550517325e-15,0
/shared/home/sarim.hashmi/usenix/benchmark/newbench_norm/fake/A_traffic_light_sitting_next_to_a_cluster_of_traffic_cones..png,1,0.059349484741687775,0,4.22963608581739e-11,0
/shared/home/sarim.hashmi/usenix/benchmark/newbench_norm/fake/A_traffic_light_sitting_on_the_side_of_a_road..png,1,0.005775268655270338,0,1.1012432895381348e-14,0
/shared/home/sarim.hashmi/usenix/benchmark/newbench_norm/fake/A_traffic_sign_hung_upside_down_on_a_pole._.png,1,0.007261323276907206,0,2.693324209490644e-11,0
/shared/home/sarim.hashmi/usenix/benchmark/newbench_norm/fake/A_train_coming_up_to_a_railroad_crossing..png,1,0.009662565775215626,0,4.132650710357566e-14,0
/shared/home/sarim.hashmi/usenix/benchmark/newbench_norm/fake/A_train_covered_in_graffiti_sitting_on_top_of__train_tracks..png,1,0.03704337403178215,0,1.7000730521705282e-13,0
/shared/home/sarim.hashmi/usenix/benchmark/newbench_norm/fake/A_train_covered_in_graffiti_traveling_down_railroad_tracks..png,1,0.03534429147839546,0,3.403867465667787e-12,0
/shared/home/sarim.hashmi/usenix/benchmark/newbench_norm/fake/A_train_going_down_the_tracks_that_has_just_gone_under_a_bridge..png,1,0.06154444441199303,0,2.0308922946132846e-11,0
/shared/home/sarim.hashmi/usenix/benchmark/newbench_norm/fake/A_train_is_moving_along_train_tracks_through_the_woods..png,1,0.01957443170249462,0,1.4696741612867277e-14,0
/shared/home/sarim.hashmi/usenix/benchmark/newbench_norm/fake/A_train_is_stopped_in_front_of_an_industrial_area..png,1,0.03824162483215332,0,2.371637955467243e-11,0
/shared/home/sarim.hashmi/usenix/benchmark/newbench_norm/fake/A_train_making_its_way_through_a_rail_yard..png,1,2.720724296523258e-05,0,3.291228043477757e-16,0
/shared/home/sarim.hashmi/usenix/benchmark/newbench_norm/fake/A_train_sitting_in_front_of_a_tin_building_and_a_dry_grass_field..png,1,0.008088391274213791,0,1.7663997976986867e-14,0
/shared/home/sarim.hashmi/usenix/benchmark/newbench_norm/fake/A_train_sitting_inside_of_a_train_station_near_a_skylight..png,1,0.0014320728369057178,0,4.276869385987786e-13,0
/shared/home/sarim.hashmi/usenix/benchmark/newbench_norm/fake/A_train_traveling_along_a_rocky_mountain_side..png,1,0.00048281264025717974,0,1.2550223447288511e-12,0
/shared/home/sarim.hashmi/usenix/benchmark/newbench_norm/fake/A_train_traveling_down_train_tracks_next_to_a_building..png,1,0.5719156265258789,1,1.3539668518303127e-13,0
/shared/home/sarim.hashmi/usenix/benchmark/newbench_norm/fake/A_train_traveling_through_rural_countryside_under_power_lines..png,1,0.0010778208961710334,0,5.930112222671605e-14,0
/shared/home/sarim.hashmi/usenix/benchmark/newbench_norm/fake/A_train_with_a_green_and_orange_stripe_is_sitting_on_the_tracks..png,1,0.048400312662124634,0,3.304647527846427e-11,0
/shared/home/sarim.hashmi/usenix/benchmark/newbench_norm/fake/A_trash_can_made_to_look_like_a_soup_can..png,1,0.03069399856030941,0,1.2956540137651351e-12,0
/shared/home/sarim.hashmi/usenix/benchmark/newbench_norm/fake/A_travel_guide_taking_a_photo_as_the_tour_bus_arrives.png,1,0.001119862892664969,0,5.735615162070357e-14,0
/shared/home/sarim.hashmi/usenix/benchmark/newbench_norm/fake/A_tree_sitting_next_to_a_bench_near_a_lake..png,1,0.003468276932835579,0,1.0859634589147071e-12,0
/shared/home/sarim.hashmi/usenix/benchmark/newbench_norm/fake/A_tree_sitting_on_top_of_a_hillside_near_a_bench..png,1,0.00013318790297489613,0,8.036433389417563e-13,0
/shared/home/sarim.hashmi/usenix/benchmark/newbench_norm/fake/A_very_skinny_red_fire_hydrant_with_silver_top_and_sides._.png,1,0.0019039114704355597,0,1.4628734692784945e-13,0
/shared/home/sarim.hashmi/usenix/benchmark/newbench_norm/fake/A_very_tall_building_sitting_on_the_side_of_a_road..png,1,0.22066327929496765,0,5.968836536140998e-12,0
/shared/home/sarim.hashmi/usenix/benchmark/newbench_norm/fake/A_very_tall_building_with_a_clock_mounted_to_it's_side..png,1,0.005213236901909113,0,6.06000506394623e-14,0
/shared/home/sarim.hashmi/usenix/benchmark/newbench_norm/fake/A_very_tall_building_with_lots_of_windows..png,1,0.0046952893026173115,0,4.05367118995123e-13,0
/shared/home/sarim.hashmi/usenix/benchmark/newbench_norm/fake/A_very_upscale_looking_hotel_room_with_large_bed_and_a_bathroom_in_the_next_room..png,1,0.004595909267663956,0,3.858529381423059e-12,0
/shared/home/sarim.hashmi/usenix/benchmark/newbench_norm/fake/A_view_from_the_street_of_two_traffic_lights_and_a_building._.png,1,0.15553607046604156,0,7.142028396640854e-13,0
"/shared/home/sarim.hashmi/usenix/benchmark/newbench_norm/fake/A_view_of_a_kitchen_sink,_knives,_hanging_cups,_and_wine_glasses..png",1,0.005332243163138628,0,2.919729128608717e-12,0
/shared/home/sarim.hashmi/usenix/benchmark/newbench_norm/fake/A_vintage_STOP_sign_in_black_&_white.png,1,0.004838521126657724,0,1.3000076004836963e-13,0
/shared/home/sarim.hashmi/usenix/benchmark/newbench_norm/fake/A_walk_in_shower_next_to_a_tub_in_a_bathroom..png,1,0.01426935289055109,0,2.2066402524667517e-12,0
/shared/home/sarim.hashmi/usenix/benchmark/newbench_norm/fake/A_wall_mounted_oven_inside_of_a_kitchen_with_a_large_entrance..png,1,0.00933227501809597,0,1.9813091664826372e-15,0
/shared/home/sarim.hashmi/usenix/benchmark/newbench_norm/fake/A_water-stained_cathedral_clock-tower_enveloped_by_various_green_vines..png,1,0.0001146087670349516,0,5.194627754746654e-15,0
/shared/home/sarim.hashmi/usenix/benchmark/newbench_norm/fake/A_water_foul_near_the_shore_in_a_body_of_water_with_an_island_in_the_middle_of_it..png,1,0.037749093025922775,0,1.0976731676382023e-12,0
/shared/home/sarim.hashmi/usenix/benchmark/newbench_norm/fake/A_white_and_black_bird_perched_on_a_wooden_fence_rail..png,1,0.0026634358800947666,0,2.3752627469064702e-12,0
/shared/home/sarim.hashmi/usenix/benchmark/newbench_norm/fake/A_white_and_black_checkered_floor_in_a_kitchen..png,1,0.005250483751296997,0,3.701845145524796e-13,0
/shared/home/sarim.hashmi/usenix/benchmark/newbench_norm/fake/A_white_and_blue_bus_parked_on_the_side_of_a_road..png,1,0.09279312193393707,0,9.183363271214606e-12,0
/shared/home/sarim.hashmi/usenix/benchmark/newbench_norm/fake/A_white_and_orange_cat_sitting_on_top_of_a_sidewalk..png,1,0.09650803357362747,0,3.71318725550171e-13,0
/shared/home/sarim.hashmi/usenix/benchmark/newbench_norm/fake/A_white_bath_tub_sitting_under_a_window_next_to_a_toilet..png,1,0.0002241488400613889,0,9.902513921702938e-13,0
/shared/home/sarim.hashmi/usenix/benchmark/newbench_norm/fake/A_white_bathroom_mirror_mounted_to_it's_wall..png,1,0.021055402234196663,0,5.010229427518387e-13,0
/shared/home/sarim.hashmi/usenix/benchmark/newbench_norm/fake/A_white_bathroom_sink_sitting_next_to_a_toilet..png,1,0.0032595773227512836,0,2.0110520931507616e-15,0
/shared/home/sarim.hashmi/usenix/benchmark/newbench_norm/fake/A_white_cake_topped_with_coconut_on_a_counter..png,1,0.00014656875282526016,0,7.381956509825219e-15,0
/shared/home/sarim.hashmi/usenix/benchmark/newbench_norm/fake/A_white_car_with_chrome_rims_parked_next_to_an_older_lady..png,1,0.07791943103075027,0,1.4523042057151825e-12,0
/shared/home/sarim.hashmi/usenix/benchmark/newbench_norm/fake/A_white_church_sitting_at_the_bottom_of_a_hillside..png,1,0.00012139930913690478,0,4.635357852764144e-13,0
/shared/home/sarim.hashmi/usenix/benchmark/newbench_norm/fake/A_white_city_bus_pulling_onto_a_street_near_a_cross_walk..png,1,0.0003287979634478688,0,2.490625435926097e-13,0
/shared/home/sarim.hashmi/usenix/benchmark/newbench_norm/fake/A_white_compact_car_parked_on_a_sandy_dirt_road..png,1,0.04442695528268814,0,1.09361013354934e-13,0
/shared/home/sarim.hashmi/usenix/benchmark/newbench_norm/fake/A_white_kitchen_with_marble_countertops_and_stone_floors..png,1,0.002005702815949917,0,1.3894380124459984e-15,0
/shared/home/sarim.hashmi/usenix/benchmark/newbench_norm/fake/A_white_park_bench_sitting_in_the_middle_of_a_forest..png,1,0.0010547763668000698,0,1.1693113653992587e-13,0
/shared/home/sarim.hashmi/usenix/benchmark/newbench_norm/fake/A_white_sink_under_a_mirror_in_a_bathroom_next_to_a_light_switch..png,1,7.911284046713263e-05,0,1.2203116121767277e-11,0
/shared/home/sarim.hashmi/usenix/benchmark/newbench_norm/fake/A_white_stove_top_oven_sitting_inside_of_a_kitchen..png,1,0.026035631075501442,0,6.620303194537769e-10,0
/shared/home/sarim.hashmi/usenix/benchmark/newbench_norm/fake/A_white_stove_with_two_metal_pots_on_its_back_burners._.png,1,0.03839009255170822,0,4.719496928679012e-12,0
/shared/home/sarim.hashmi/usenix/benchmark/newbench_norm/fake/A_white_toilet_in_a_bathroom_next_to_toilet_paper..png,1,0.000862836663145572,0,6.007217293046985e-14,0
/shared/home/sarim.hashmi/usenix/benchmark/newbench_norm/fake/A_white_toilet_sitting_in_a_bathroom_next_to_a_counter..png,1,0.0077957469038665295,0,4.8432581594348365e-14,0
/shared/home/sarim.hashmi/usenix/benchmark/newbench_norm/fake/A_white_toilet_sitting_inside_of_a_bathroom..png,1,0.005836921744048595,0,2.945655871999797e-12,0
/shared/home/sarim.hashmi/usenix/benchmark/newbench_norm/fake/A_white_toilet_sitting_on_top_of_a_bathroom_floor..png,1,0.004449393134564161,0,2.1740576006124e-09,0
/shared/home/sarim.hashmi/usenix/benchmark/newbench_norm/fake/A_white_toilet_sitting_underneath_a_window_next_to_a_sink..png,1,0.00010721207218011841,0,4.001182794376862e-13,0
/shared/home/sarim.hashmi/usenix/benchmark/newbench_norm/fake/A_white_toilet_with_a_black_lid_and_red_painting_on_it._.png,1,7.548076973762363e-05,0,3.324531473139665e-14,0
/shared/home/sarim.hashmi/usenix/benchmark/newbench_norm/fake/A_white_trunk_parked_next_to_a_stop_sign..png,1,0.004813216160982847,0,5.9608524882834735e-15,0
/shared/home/sarim.hashmi/usenix/benchmark/newbench_norm/fake/A_white_tub_sitting_underneath_a_couple_of_windows..png,1,0.004274902865290642,0,2.0321563848997234e-14,0
/shared/home/sarim.hashmi/usenix/benchmark/newbench_norm/fake/A_whole_bunch_of_traffic_stop_signs_huddled_together..png,1,0.004115047864615917,0,1.340289031560686e-14,0
/shared/home/sarim.hashmi/usenix/benchmark/newbench_norm/fake/A_window_shot_of_a_plane_in_the_air_with_another_plane_present._.png,1,0.024652453139424324,0,3.140581406047005e-10,0
/shared/home/sarim.hashmi/usenix/benchmark/newbench_norm/fake/A_woman_and_two_men_sitting_on_a_bench_in_front_of_a_store..png,1,0.00027272760053165257,0,2.1039427659927043e-14,0
/shared/home/sarim.hashmi/usenix/benchmark/newbench_norm/fake/A_woman_eating_vegetables_in_front_of_a_stove..png,1,0.0020386704709380865,0,5.392537978654577e-12,0
/shared/home/sarim.hashmi/usenix/benchmark/newbench_norm/fake/A_woman_holding_up_measuring_cups_and_a_cat_watching_on_the_counter..png,1,0.0069265831261873245,0,3.305672866904199e-16,0
/shared/home/sarim.hashmi/usenix/benchmark/newbench_norm/fake/A_woman_is_kneeling_down_next_to_a_toilet..png,1,0.0012913105310872197,0,8.989732616898182e-15,0
/shared/home/sarim.hashmi/usenix/benchmark/newbench_norm/fake/A_woman_is_riding_an_orange_sports_motorcycle..png,1,0.0030037544202059507,0,5.2377092056967237e-14,0
/shared/home/sarim.hashmi/usenix/benchmark/newbench_norm/fake/A_woman_is_standing_on_a_kitchen_floor..png,1,0.00042909657349810004,0,2.120200335217477e-15,0
/shared/home/sarim.hashmi/usenix/benchmark/newbench_norm/fake/A_woman_is_unloading_a_bag_in_a_large_kitchen..png,1,0.0019027647795155644,0,5.297686041680848e-16,0
/shared/home/sarim.hashmi/usenix/benchmark/newbench_norm/fake/A_woman_is_walking_a_dog_in_the_city..png,1,0.00034268328454345465,0,6.121794677492421e-15,0
/shared/home/sarim.hashmi/usenix/benchmark/newbench_norm/fake/A_woman_preparing_food_inside_of_a_kitchen..png,1,0.0002331225259695202,0,2.6838866267529066e-16,0
/shared/home/sarim.hashmi/usenix/benchmark/newbench_norm/fake/A_woman_riding_a_green_bike_with_a_small_white_dog_on_the_back..png,1,5.478196908370592e-05,0,3.0363218449930285e-12,0
/shared/home/sarim.hashmi/usenix/benchmark/newbench_norm/fake/A_woman_sitting_on_a_bench_in_a_field_in_front_of_a_pond..png,1,2.614542427181732e-05,0,4.041878170455175e-15,0
/shared/home/sarim.hashmi/usenix/benchmark/newbench_norm/fake/A_woman_sitting_on_a_motorcycle_while_talking_to_a_child_with_a_man_laying_in_a_hammock_behind_them..png,1,0.00028155933250673115,0,3.119560341925849e-14,0
/shared/home/sarim.hashmi/usenix/benchmark/newbench_norm/fake/A_woman_standing_in_a_kitchen_holding_a_jug_of_milk..png,1,0.0007412960985675454,0,3.508352191660541e-14,0
/shared/home/sarim.hashmi/usenix/benchmark/newbench_norm/fake/A_woman_standing_in_a_kitchen_next_to_a_sink..png,1,0.0002342204243177548,0,4.5070801000320244e-15,0
/shared/home/sarim.hashmi/usenix/benchmark/newbench_norm/fake/A_woman_standing_in_front_of_a_bathroom_mirror_next_to_a_sink..png,1,3.504149572108872e-05,0,2.6116455054342805e-14,0
/shared/home/sarim.hashmi/usenix/benchmark/newbench_norm/fake/A_woman_standing_in_front_of_a_table_with_lots_of_salad..png,1,0.0010288330959156156,0,4.120704970821121e-13,0
/shared/home/sarim.hashmi/usenix/benchmark/newbench_norm/fake/A_woman_standing_next_to_a_standing_toilet..png,1,0.0015632275026291609,0,1.5979526424671816e-15,0
/shared/home/sarim.hashmi/usenix/benchmark/newbench_norm/fake/A_woman_standing_next_to_a_traffic_signal_on_a_street_corner..png,1,0.0026547368615865707,0,3.0286245364228746e-15,0
/shared/home/sarim.hashmi/usenix/benchmark/newbench_norm/fake/A_woman_standing_with_a_bi-wing_airplane_on_a_runway..png,1,1.538438937132014e-06,0,5.037937670932923e-15,0
/shared/home/sarim.hashmi/usenix/benchmark/newbench_norm/fake/A_woman_walking_a_dog_down_a_street..png,1,0.0005526077002286911,0,3.3077989132490604e-12,0
/shared/home/sarim.hashmi/usenix/benchmark/newbench_norm/fake/A_wooden_bench_near_tall_vegetation_in_front_of_a_house..png,1,0.0015483880415558815,0,1.6223618026664456e-15,0
/shared/home/sarim.hashmi/usenix/benchmark/newbench_norm/fake/A_wooden_bench_sitting_on_a_lush_green_park..png,1,0.015829671174287796,0,1.198048143980987e-13,0
/shared/home/sarim.hashmi/usenix/benchmark/newbench_norm/fake/A_wooden_bench_that_is_next_to_a_meter..png,1,0.005213750991970301,0,6.734328264305922e-13,0
/shared/home/sarim.hashmi/usenix/benchmark/newbench_norm/fake/A_wooden_bench_with_snow_in_a__forest..png,1,0.0005065473378635943,0,6.502264698893256e-11,0
/shared/home/sarim.hashmi/usenix/benchmark/newbench_norm/fake/A_wooden_park_bench_with_a_remote_control_on_top_of_it..png,1,0.0001266566978301853,0,2.7952067743752806e-12,0
/shared/home/sarim.hashmi/usenix/benchmark/newbench_norm/fake/A_yellow_and_blue_bus_driving_down_a_curvy_road..png,1,0.06684643030166626,0,1.3730170429424038e-12,0
/shared/home/sarim.hashmi/usenix/benchmark/newbench_norm/fake/A_yellow_and_green_train_pulling_out_of_a_tunnel_next_to_a_red_car..png,1,0.006069934461265802,0,1.178636528653687e-11,0
/shared/home/sarim.hashmi/usenix/benchmark/newbench_norm/fake/A_yellow_bus_carrying_passengers_riding_along_the_road..png,1,0.0008278621826320887,0,2.096307949819333e-14,0
/shared/home/sarim.hashmi/usenix/benchmark/newbench_norm/fake/A_yellow_dune_buggy_on_display_amongst_other_automobiles..png,1,0.002205193741247058,0,2.432438202682602e-13,0
/shared/home/sarim.hashmi/usenix/benchmark/newbench_norm/fake/A_yellow_fire_hydrant_in_front_of_a_bike_leaning_against_four_poles.png,1,4.740134045277955e-06,0,4.223212423759386e-14,0
/shared/home/sarim.hashmi/usenix/benchmark/newbench_norm/fake/A_yellow_motorcycle_in_front_of_a_street_with_several_people._.png,1,0.0030056401155889034,0,2.469224072781874e-15,0
/shared/home/sarim.hashmi/usenix/benchmark/newbench_norm/fake/A_yellow_sign_sitting_on_the_side_of_a_road..png,1,0.0007349110674113035,0,5.693937321638032e-09,0
/shared/home/sarim.hashmi/usenix/benchmark/newbench_norm/fake/A_yellow_stripped_cat_sitting_in_a_bathroom_sink..png,1,0.0001732397504383698,0,2.70365652609017e-13,0
/shared/home/sarim.hashmi/usenix/benchmark/newbench_norm/fake/A_young_boy_seems_to_be_trying_to_feed_a_giraffe._.png,1,0.00015037068806122988,0,4.599934799384697e-13,0
/shared/home/sarim.hashmi/usenix/benchmark/newbench_norm/fake/A_young_cat_with_a_beautiful_coat_standing_alone._.png,1,0.03337559849023819,0,9.61621427831346e-15,0
/shared/home/sarim.hashmi/usenix/benchmark/newbench_norm/fake/A_young_girl_standing_on_a_field_with_a_flock_of_birds..png,1,4.805500793736428e-05,0,9.495261573335572e-16,0
/shared/home/sarim.hashmi/usenix/benchmark/newbench_norm/fake/A_young_woman_lays_a_hand_on_the_neck_of_the_horse_she_is_riding..png,1,5.642572796205059e-05,0,5.502780458540137e-15,0
/shared/home/sarim.hashmi/usenix/benchmark/newbench_norm/fake/A_zebra_and_giraffe_that_is_in_the_dirt..png,1,0.012995248660445213,0,1.5507827498279642e-13,0
/shared/home/sarim.hashmi/usenix/benchmark/newbench_norm/fake/Adult_lying_obscurely_on_park_bench_in_wide_open_area..png,1,0.09329116344451904,0,4.875264146379787e-13,0
/shared/home/sarim.hashmi/usenix/benchmark/newbench_norm/fake/Aerial_tricks_performed_on_red_bike_over_stacked_skateboards_with_photographer_in_background..png,1,0.003312060609459877,0,1.1569080925460246e-13,0
/shared/home/sarim.hashmi/usenix/benchmark/newbench_norm/fake/All_of_the_bunches_of_bananas_are_yellow_and_ripe..png,1,0.00010072292934637517,0,1.1382666727580149e-12,0
/shared/home/sarim.hashmi/usenix/benchmark/newbench_norm/fake/An_All_Nippon_Airways_777_sitting_at_a_gate_on_the_tarmac..png,1,0.0933508425951004,0,4.794654392481848e-14,0
/shared/home/sarim.hashmi/usenix/benchmark/newbench_norm/fake/An_airplane_flying_in_the_sky_with_smoke_coming_out_of_it._.png,1,0.009107619524002075,0,8.819236313462042e-11,0
/shared/home/sarim.hashmi/usenix/benchmark/newbench_norm/fake/An_airplane_is_flying_against_a_partly_cloudy_sky..png,1,0.009318270720541477,0,9.4611497455932e-12,0
/shared/home/sarim.hashmi/usenix/benchmark/newbench_norm/fake/An_airplane_nose_sits_in_a_hangar._.png,1,0.011962376534938812,0,1.8819437314402353e-15,0
/shared/home/sarim.hashmi/usenix/benchmark/newbench_norm/fake/An_airplane_on_a_runway_with_snow_on_it..png,1,0.00222726515494287,0,1.0695856364224127e-13,0
/shared/home/sarim.hashmi/usenix/benchmark/newbench_norm/fake/An_animal_surrounded_by_a_flock_of_birds.png,1,0.0001813352428143844,0,2.2848289558084767e-13,0
/shared/home/sarim.hashmi/usenix/benchmark/newbench_norm/fake/An_assortment_of_flying_objects_including_kites_and_airplanes_hung_inside_a_building..png,1,0.0005001642275601625,0,7.304642730531635e-15,0
/shared/home/sarim.hashmi/usenix/benchmark/newbench_norm/fake/An_empty_bathroom_with_a_shower_next_to_a_toilet..png,1,0.0057335346937179565,0,5.2304911297334014e-14,0
/shared/home/sarim.hashmi/usenix/benchmark/newbench_norm/fake/An_empty_kitchen_with_lots_of_tile_blue_counter_top_space..png,1,4.148229709244333e-05,0,5.023601638300644e-15,0
/shared/home/sarim.hashmi/usenix/benchmark/newbench_norm/fake/An_intersection_features_a_directional_sign_to_local_towns._.png,1,0.45833438634872437,0,1.2168560023550004e-14,0
/shared/home/sarim.hashmi/usenix/benchmark/newbench_norm/fake/An_intersection_of_wires_and_cables_stretching_over_a_traffic_light..png,1,0.08879891782999039,0,1.8497067766354292e-10,0
/shared/home/sarim.hashmi/usenix/benchmark/newbench_norm/fake/An_odd_couple_of_formal_woman_in_black_dress_and_pearls_with_casual_boy_in_a_cap_and_untidy_clothes_.png,1,7.1821023084339686e-06,0,4.029882860433074e-16,0
/shared/home/sarim.hashmi/usenix/benchmark/newbench_norm/fake/An_office_cubicle_with_clutter_on_the_desk.png,1,0.21203070878982544,0,2.130059332855396e-14,0
"/shared/home/sarim.hashmi/usenix/benchmark/newbench_norm/fake/An_old,_rusty_fire_hydrant,_in_front_of_the_pole._.png",1,0.005248709116131067,0,4.60439412292013e-13,0
/shared/home/sarim.hashmi/usenix/benchmark/newbench_norm/fake/An_old_black_and_white_picture_of_a_bus_and_homes_in_the_background._.png,1,0.0006974376155994833,0,1.7480540127380595e-13,0
/shared/home/sarim.hashmi/usenix/benchmark/newbench_norm/fake/An_old_bus_makes_its_way_down_a_city_street..png,1,0.006049640942364931,0,5.675431045265578e-12,0
/shared/home/sarim.hashmi/usenix/benchmark/newbench_norm/fake/An_old_clock_bordered_by_a_tire_in_front_of_a_rusted_door..png,1,0.25126856565475464,0,3.024574948135017e-13,0
/shared/home/sarim.hashmi/usenix/benchmark/newbench_norm/fake/An_old_fashioned_biplane_with_its_propeller_spinning..png,1,0.001203216495923698,0,8.522809092856038e-15,0
/shared/home/sarim.hashmi/usenix/benchmark/newbench_norm/fake/An_old_fire_hydrant_in_the_middle_of_the_woods..png,1,0.002743664663285017,0,5.438985579194616e-14,0
/shared/home/sarim.hashmi/usenix/benchmark/newbench_norm/fake/An_old_lady_smiling_in_a_pink_kitchen..png,1,0.00010322636808268726,0,1.6221868141298723e-13,0
/shared/home/sarim.hashmi/usenix/benchmark/newbench_norm/fake/An_old_toilet_outside_against_an_old_painted_wall..png,1,0.00896540004760027,0,1.0961987394197958e-11,0
/shared/home/sarim.hashmi/usenix/benchmark/newbench_norm/fake/An_old_train_moving_on_a_train_track..png,1,0.39318567514419556,0,1.6034935965830721e-12,0
/shared/home/sarim.hashmi/usenix/benchmark/newbench_norm/fake/An_older_model_passenger_bus_in_a_city..png,1,0.13061107695102692,0,2.452147642925673e-13,0
"/shared/home/sarim.hashmi/usenix/benchmark/newbench_norm/fake/An_open_door_leading_to_a_bathroom_toilet,_with_a_shower_rack_and_bureau_visible..png",1,3.435765756876208e-05,0,7.885080527967117e-14,0
/shared/home/sarim.hashmi/usenix/benchmark/newbench_norm/fake/An_open_toilet_with_a_sign_posted_on_it..png,1,0.00015228416305035353,0,8.073544511698252e-15,0
/shared/home/sarim.hashmi/usenix/benchmark/newbench_norm/fake/An_orange_fire_hydrant_sitting_next_to_a_stone_wall..png,1,0.0016057746252045035,0,6.335504495157129e-13,0
/shared/home/sarim.hashmi/usenix/benchmark/newbench_norm/fake/An_orange_sign_that_has_a_picture_of_a_man_holding_a_flag..png,1,1.579526906425599e-05,0,1.9437181830966703e-14,0
/shared/home/sarim.hashmi/usenix/benchmark/newbench_norm/fake/An_worn_out_rainbow_colored_park_bench_seat.png,1,9.04000480659306e-05,0,1.756389087989585e-13,0
/shared/home/sarim.hashmi/usenix/benchmark/newbench_norm/fake/Bench_and_window_with_shutters_with_bricked_wall.png,1,0.0014392121229320765,0,5.732279885137248e-14,0
/shared/home/sarim.hashmi/usenix/benchmark/newbench_norm/fake/Birds_perched_up_on_a_tree_branch_next_to_a_window..png,1,0.003194691613316536,0,2.9476451661458736e-12,0
/shared/home/sarim.hashmi/usenix/benchmark/newbench_norm/fake/Black_and_white_photo_of_a_clocktower_and_a_bird..png,1,7.806612848071381e-05,0,2.2835306237069253e-13,0
/shared/home/sarim.hashmi/usenix/benchmark/newbench_norm/fake/Car_parked_in_the_parking_lot_next_to_the_pier.png,1,0.0006692579481750727,0,2.046623368825648e-13,0
/shared/home/sarim.hashmi/usenix/benchmark/newbench_norm/fake/Cars_parked_and_driving_in_front_of_a_school..png,1,0.014747550711035728,0,2.119062439626465e-13,0
/shared/home/sarim.hashmi/usenix/benchmark/newbench_norm/fake/City_bus_loading_on_a_busy_metropolitan_street._.png,1,0.011597421951591969,0,8.423864421430185e-16,0
/shared/home/sarim.hashmi/usenix/benchmark/newbench_norm/fake/City_bus_on_an_empty_city_street_near_a_STOP_sign._.png,1,0.018601933494210243,0,8.310560423966003e-15,0
/shared/home/sarim.hashmi/usenix/benchmark/newbench_norm/fake/Cliffs_rise_on_the_edge_of_a_placid_lake..png,1,0.04750331491231918,0,1.2873881817629818e-14,0
/shared/home/sarim.hashmi/usenix/benchmark/newbench_norm/fake/Closeup_of_view_of_the_cabin_and_wing_of_a_large_commercial_airliner..png,1,0.0009242129744961858,0,4.242296444689764e-11,0
/shared/home/sarim.hashmi/usenix/benchmark/newbench_norm/fake/Colorful_passenger_cars_are_parked_at_an_empty_station..png,1,0.0017954600043594837,0,1.2032936279327e-11,0
/shared/home/sarim.hashmi/usenix/benchmark/newbench_norm/fake/Construction_worker_holding_a_stop_sign_on_the_side_of_a_road_on_a_sunny_day..png,1,0.00010804132034536451,0,1.7536158047114854e-15,0
/shared/home/sarim.hashmi/usenix/benchmark/newbench_norm/fake/Cute_multi_colored_kitten_sitting_in_woman's_lap.png,1,0.014048771001398563,0,4.259377139187448e-12,0
/shared/home/sarim.hashmi/usenix/benchmark/newbench_norm/fake/Double_decker_city_bus_passing_under_an_overpass._.png,1,0.04376974329352379,0,2.4731492895280205e-12,0
/shared/home/sarim.hashmi/usenix/benchmark/newbench_norm/fake/Emergency_vehicles_are_on_the_scene_of_the_accident..png,1,0.0009418067638762295,0,1.5448378253707373e-12,0
/shared/home/sarim.hashmi/usenix/benchmark/newbench_norm/fake/Fruit_in_a_jar_filled_with_liquid_sitting_on_a_wooden_table..png,1,0.32563161849975586,0,6.313140656945271e-13,0
/shared/home/sarim.hashmi/usenix/benchmark/newbench_norm/fake/Full_grown_cat_laying_down_and_sleeping_on_top_of_a_car._.png,1,3.8623147702310234e-05,0,1.2869622902089706e-12,0
/shared/home/sarim.hashmi/usenix/benchmark/newbench_norm/fake/Giraffe_walking_through_a_field_next_to_a_forest..png,1,0.11649782955646515,0,7.725816649839859e-14,0
/shared/home/sarim.hashmi/usenix/benchmark/newbench_norm/fake/Giraffe_with_large_trees_grazing_in_gray_sky.png,1,0.027605408802628517,0,6.366366716572744e-14,0
/shared/home/sarim.hashmi/usenix/benchmark/newbench_norm/fake/Group_of_giraffes_standing_near_a_puddle_on_the_savannah..png,1,0.2767513394355774,0,3.3087470263648555e-11,0
/shared/home/sarim.hashmi/usenix/benchmark/newbench_norm/fake/Jet_liner_flying_off_into_the_distance_on_an_overcast_day.png,1,0.004995368421077728,0,7.663918978606521e-12,0
/shared/home/sarim.hashmi/usenix/benchmark/newbench_norm/fake/Large_commuter_train_parked_on_the_track_with_no_people_around..png,1,0.007455991115421057,0,1.6214268426170686e-12,0
/shared/home/sarim.hashmi/usenix/benchmark/newbench_norm/fake/Lots_of_fruit_sits_on_bowls_on_the_counter_of_this_kitchen._.png,1,0.0004676287935581058,0,1.3431105186367809e-12,0
/shared/home/sarim.hashmi/usenix/benchmark/newbench_norm/fake/Man_on_bike_on_street_corner_with_buildings_and_stoplight.png,1,6.513525931950426e-07,0,4.3238992301995044e-14,0
/shared/home/sarim.hashmi/usenix/benchmark/newbench_norm/fake/Man_on_blue_and_white_motorcycle_riding_on_one_wheel._.png,1,0.002541115740314126,0,1.5431152449590924e-12,0
/shared/home/sarim.hashmi/usenix/benchmark/newbench_norm/fake/Many_motorcycles_are_parked_around_a_crowd_of_people..png,1,0.00011553321382962167,0,6.344761701297013e-15,0
/shared/home/sarim.hashmi/usenix/benchmark/newbench_norm/fake/Many_people_bike_through_the_streets_at_night..png,1,8.049303141888231e-05,0,5.96548743563019e-13,0
/shared/home/sarim.hashmi/usenix/benchmark/newbench_norm/fake/Many_planes_are_arranged_in_a_large_building..png,1,9.387543104821816e-05,0,1.1178933213146225e-12,0
/shared/home/sarim.hashmi/usenix/benchmark/newbench_norm/fake/Many_plates_and_dishes_line_a_kitchen_cabinet._.png,1,0.00017996312817558646,0,5.025212271449848e-15,0
/shared/home/sarim.hashmi/usenix/benchmark/newbench_norm/fake/Men_and_women_are_riding_on_motorcycles_on_the_street.png,1,0.00016073636652436107,0,9.36261684907026e-15,0
/shared/home/sarim.hashmi/usenix/benchmark/newbench_norm/fake/Multiple_lane_road_in_large_city_on_sunny_day..png,1,0.008917799219489098,0,2.2058279681991255e-12,0
"/shared/home/sarim.hashmi/usenix/benchmark/newbench_norm/fake/Non_passenger_train,_slowly_coming_down_the_tracks.png",1,0.0863991379737854,0,5.506143094637442e-14,0
/shared/home/sarim.hashmi/usenix/benchmark/newbench_norm/fake/One_giraffe_in_the_foreground_with_two_giraffes_in_the_background..png,1,1.720646469038911e-05,0,6.8981218306896075e-12,0
/shared/home/sarim.hashmi/usenix/benchmark/newbench_norm/fake/People_are_sitting_and_standing_outside_between_train_cars..png,1,0.0005902396515011787,0,1.4656871772040017e-15,0
/shared/home/sarim.hashmi/usenix/benchmark/newbench_norm/fake/People_are_waiting_for_the_bus_near_a_bus_stop..png,1,0.003647064557299018,0,1.582480457437696e-12,0
/shared/home/sarim.hashmi/usenix/benchmark/newbench_norm/fake/People_are_waiting_for_the_train_to_arrive.png,1,0.00021133472910150886,0,2.358326072404368e-15,0
/shared/home/sarim.hashmi/usenix/benchmark/newbench_norm/fake/People_at_a_bus_stop_waiting_on_a_bus..png,1,0.0006346136797219515,0,7.177626413145885e-14,0
/shared/home/sarim.hashmi/usenix/benchmark/newbench_norm/fake/People_crossing_the_street_at_a_busy_intersection.png,1,0.26397764682769775,0,2.641357388344888e-14,0
/shared/home/sarim.hashmi/usenix/benchmark/newbench_norm/fake/People_sitting_on_benches_next_to_each_other..png,1,6.998423486948013e-06,0,2.9573666432414214e-11,0
/shared/home/sarim.hashmi/usenix/benchmark/newbench_norm/fake/People_standing_around_looking_at_a_small_train_on_a_track.png,1,3.8020749343559146e-05,0,2.436066332786894e-15,0
/shared/home/sarim.hashmi/usenix/benchmark/newbench_norm/fake/People_standing_on_a_sidewalk_near_a_parked_bus_at_night..png,1,0.003398483619093895,0,3.387020389146175e-17,0
/shared/home/sarim.hashmi/usenix/benchmark/newbench_norm/fake/People_walking_around_downtown_and_a_man_riding_his_bike..png,1,3.1394039979204535e-05,0,3.96279553225784e-14,0
/shared/home/sarim.hashmi/usenix/benchmark/newbench_norm/fake/Red_and_white_plane_sitting_in_a_green_field..png,1,0.39135119318962097,0,1.8697220854901886e-11,0
/shared/home/sarim.hashmi/usenix/benchmark/newbench_norm/fake/Red_brick_building_with_fire_hydrant_and_car_with_cloudy_sky.png,1,0.00013483634393196553,0,4.843990334714443e-13,0
/shared/home/sarim.hashmi/usenix/benchmark/newbench_norm/fake/Red_bus_passing_by_a_famous_clock_tower._.png,1,0.08025871217250824,0,8.098775929131063e-15,0
/shared/home/sarim.hashmi/usenix/benchmark/newbench_norm/fake/Red_train_at_a_stop_and_a_man_that_is_waiting._.png,1,0.009984183125197887,0,3.44889318926872e-13,0
/shared/home/sarim.hashmi/usenix/benchmark/newbench_norm/fake/Red_wrong_way_sign_in_front_of_a_church.png,1,0.0003786472952924669,0,1.5669979292888916e-15,0
/shared/home/sarim.hashmi/usenix/benchmark/newbench_norm/fake/Row_of_motorcycles_parked_at_curb_in_outdoor_area..png,1,0.004360406659543514,0,1.074722586315649e-13,0
/shared/home/sarim.hashmi/usenix/benchmark/newbench_norm/fake/Rows_of_gray_and_black_keyboards_make_up_several_different_pictures..png,1,0.008622759021818638,0,6.529067651112053e-12,0
/shared/home/sarim.hashmi/usenix/benchmark/newbench_norm/fake/Separate_men_sitting_on_park_benches_playing_on_phone_and_reading..png,1,0.001455230638384819,0,4.9314783349572663e-14,0
/shared/home/sarim.hashmi/usenix/benchmark/newbench_norm/fake/Seven_giraffe_are_standing_around_a_bush_in_a_field..png,1,0.0053214142099022865,0,1.6394332072455775e-11,0
/shared/home/sarim.hashmi/usenix/benchmark/newbench_norm/fake/Several_bicycles_lined_up_against_a_brick_building..png,1,0.002142436569556594,0,1.9187078412630926e-14,0
/shared/home/sarim.hashmi/usenix/benchmark/newbench_norm/fake/Several_buses_stopped_on_a_night_time_street..png,1,0.0031277346424758434,0,1.5878531128832307e-12,0
/shared/home/sarim.hashmi/usenix/benchmark/newbench_norm/fake/Several_different_pots_place_on_a_stone_floor..png,1,0.0002429315645713359,0,8.698290433198017e-14,0
/shared/home/sarim.hashmi/usenix/benchmark/newbench_norm/fake/Several_motorcycles_and_cars_parked_on_a_city_street..png,1,0.0014960734406486154,0,2.2106734913246613e-14,0
/shared/home/sarim.hashmi/usenix/benchmark/newbench_norm/fake/Several_people_are_seen_sitting_around_and_smoking..png,1,5.903427882003598e-05,0,2.5957020820949195e-12,0
/shared/home/sarim.hashmi/usenix/benchmark/newbench_norm/fake/Several_people_stand_on_a_sidewalk_by_a_train_next_to_a_cart_stacked_with_materials..png,1,0.11966045945882797,0,3.003188856994833e-14,0
/shared/home/sarim.hashmi/usenix/benchmark/newbench_norm/fake/Several_sheep_are_in_a_grassy_field_with_trees..png,1,0.01499041635543108,0,9.413925194934336e-10,0
/shared/home/sarim.hashmi/usenix/benchmark/newbench_norm/fake/Sign_over_city_street_above_traffic_lights_by_a_building..png,1,0.0007114119944162667,0,2.1412764207692954e-15,0
/shared/home/sarim.hashmi/usenix/benchmark/newbench_norm/fake/Signs_with_red_men_for_go_and_stop.png,1,0.008336491882801056,0,8.73224322711641e-12,0
/shared/home/sarim.hashmi/usenix/benchmark/newbench_norm/fake/Small_bathroom_with_toilet_and_sink_connected_to_each_other._.png,1,0.007498985156416893,0,6.662615337910127e-13,0
/shared/home/sarim.hashmi/usenix/benchmark/newbench_norm/fake/Small_black_bird_standing_on_a_wooden_table_or_deck..png,1,0.04547760635614395,0,1.114399913494657e-12,0
/shared/home/sarim.hashmi/usenix/benchmark/newbench_norm/fake/Small_kitchen_with_white_cabinets_and_white_appliances_with_a_city_view._.png,1,0.00020065662101842463,0,1.040931324968429e-14,0
/shared/home/sarim.hashmi/usenix/benchmark/newbench_norm/fake/Some_cars_are_traveling_on_the_streets_on_a_cloudy_day._.png,1,0.001569591579027474,0,1.9042264577770647e-14,0
/shared/home/sarim.hashmi/usenix/benchmark/newbench_norm/fake/Street_sign_in_front_of_a_large_building_and_clear_skies..png,1,0.0009130369289778173,0,5.452883356979986e-14,0
/shared/home/sarim.hashmi/usenix/benchmark/newbench_norm/fake/Street_signs_are_advising_people_to_proceed_while_being_aware_of_their_surroundings..png,1,8.505902769684326e-06,0,1.4053122569104913e-15,0
"/shared/home/sarim.hashmi/usenix/benchmark/newbench_norm/fake/Street_signs_at_an_intersection,_silhouetted_against_trees_and_a_blue_sky.png",1,0.14971737563610077,0,1.8006480502616093e-14,0
/shared/home/sarim.hashmi/usenix/benchmark/newbench_norm/fake/THERE_IS_A_PARK_BENCH_FACING_A_SNOW_COVERED_MOUNTAIN_.png,1,0.005399337969720364,0,1.3352510286682162e-12,0
/shared/home/sarim.hashmi/usenix/benchmark/newbench_norm/fake/TWO_PEOPLE_IN_A_VERY_SMALL_APARTMENT_SIZE_KITCHEN.png,1,0.005229166243225336,0,3.1373642968507767e-15,0
/shared/home/sarim.hashmi/usenix/benchmark/newbench_norm/fake/That_looks_like_a_wall_mural_in_the_background_of_this_photo_with_a_lot_of_sheet..png,1,0.029253648594021797,0,4.020305681244618e-14,0
/shared/home/sarim.hashmi/usenix/benchmark/newbench_norm/fake/The_airplane_flies_low_to_the_ground_during_sunset..png,1,0.0033595834393054247,0,1.2489504222501502e-11,0
/shared/home/sarim.hashmi/usenix/benchmark/newbench_norm/fake/The_airplane_is_majestic_as_it_takes_off_into_the_air..png,1,0.009245273657143116,0,1.1086847585828341e-11,0
/shared/home/sarim.hashmi/usenix/benchmark/newbench_norm/fake/The_back_door_with_a_window_in_the_kitchen..png,1,0.005145607516169548,0,3.800066950563133e-14,0
/shared/home/sarim.hashmi/usenix/benchmark/newbench_norm/fake/The_baseball_player_is_prominent_in_all_the_featured_pictures..png,1,0.0010965681867673993,0,4.407355692426576e-14,0
/shared/home/sarim.hashmi/usenix/benchmark/newbench_norm/fake/The_bathroom_has_two_large_windows_with_a_ledge..png,1,0.0003690261219162494,0,4.5196184576996867e-13,0
/shared/home/sarim.hashmi/usenix/benchmark/newbench_norm/fake/The_bathroom_is_clean_for_the_guests_to_use._.png,1,0.00011237502621952444,0,8.181873249388499e-15,0
"/shared/home/sarim.hashmi/usenix/benchmark/newbench_norm/fake/The_bathroom_is_small_but_clean_and_neat_looking,_with_an_immaculate_black_and_white_tub___shower..png",1,0.0007015393348410726,0,1.115661057461692e-12,0
/shared/home/sarim.hashmi/usenix/benchmark/newbench_norm/fake/The_bird_is_perched_alone_on_the_bannister._.png,1,0.0015877541154623032,0,9.234207365774183e-13,0
/shared/home/sarim.hashmi/usenix/benchmark/newbench_norm/fake/The_black_cat_is_laying_on_top_of_books_on_the_shelf._.png,1,0.00047713698586449027,0,2.650739633488445e-14,0
/shared/home/sarim.hashmi/usenix/benchmark/newbench_norm/fake/The_car_is_traveling_down_the_road_while_the_dog_watches..png,1,0.00024097097048070282,0,4.019061643954986e-15,0
/shared/home/sarim.hashmi/usenix/benchmark/newbench_norm/fake/The_clock_on_the_side_of_the_metal_building_is_gold_and_black._.png,1,0.001908518373966217,0,5.2799223326793765e-12,0
/shared/home/sarim.hashmi/usenix/benchmark/newbench_norm/fake/The_couple_is_riding_the_motorcycle_together._.png,1,0.0004478438349906355,0,1.1426770072959103e-14,0
/shared/home/sarim.hashmi/usenix/benchmark/newbench_norm/fake/The_fire_hydrant_is_sitting_on_the_side_of_the_road.png,1,0.00012626465468201786,0,3.5311757485341922e-15,0
/shared/home/sarim.hashmi/usenix/benchmark/newbench_norm/fake/The_four_urinals_have_a_very_modern_design..png,1,0.0002980573335662484,0,1.0520693344284737e-10,0
/shared/home/sarim.hashmi/usenix/benchmark/newbench_norm/fake/The_freight_train_is_speeding_through_the_crossing..png,1,0.20717911422252655,0,1.2123901058438968e-13,0
"/shared/home/sarim.hashmi/usenix/benchmark/newbench_norm/fake/The_german_shepherd_is_guarding_the_front_of_the_barred_door,.png",1,9.806433081394061e-05,0,9.52054698911877e-15,0
/shared/home/sarim.hashmi/usenix/benchmark/newbench_norm/fake/The_giraffe_eats_from_a_reachable_limb_of_the_tree..png,1,0.47734951972961426,0,1.461240677069764e-11,0
/shared/home/sarim.hashmi/usenix/benchmark/newbench_norm/fake/The_infamous_Big_Ben_clock_tower_towering_over_the_city_of_London..png,1,0.01689680479466915,0,3.601430406067335e-13,0
/shared/home/sarim.hashmi/usenix/benchmark/newbench_norm/fake/The_kitchen_sits_empty_and_unused_during_the_day..png,1,0.0013768485514447093,0,1.1502160028671236e-15,0
/shared/home/sarim.hashmi/usenix/benchmark/newbench_norm/fake/The_large_green_city_bus_is_driving_on_a_road..png,1,0.02530531957745552,0,9.009425285888897e-14,0
/shared/home/sarim.hashmi/usenix/benchmark/newbench_norm/fake/The_lights_are_on_above_the_mirror_of_the_bathroom_sink..png,1,0.0002613562101032585,0,1.3737923559159482e-12,0
/shared/home/sarim.hashmi/usenix/benchmark/newbench_norm/fake/The_little_girl_is_standing_between_the_low_shrub_and_the_fire_plug.png,1,0.000143431534525007,0,2.3908917787208647e-14,0
/shared/home/sarim.hashmi/usenix/benchmark/newbench_norm/fake/The_motorcycle_has_a_large_cargo_box_attached_to_the_seat..png,1,0.0014507246669381857,0,3.03381642487307e-15,0
/shared/home/sarim.hashmi/usenix/benchmark/newbench_norm/fake/The_officer_is_riding_a_horse_threw_the_streets._.png,1,0.006940202787518501,0,5.077234599850484e-16,0
/shared/home/sarim.hashmi/usenix/benchmark/newbench_norm/fake/The_person_stands_in_a_field_flying_a_yellow_kite._.png,1,1.1950398402404971e-05,0,8.348339787479439e-15,0
/shared/home/sarim.hashmi/usenix/benchmark/newbench_norm/fake/The_red_bus_has_an_anime_girl_on_it._.png,1,0.0007663965225219727,0,2.306426839066792e-14,0
/shared/home/sarim.hashmi/usenix/benchmark/newbench_norm/fake/The_shoreline_of_a_beach_on_a_cloudy_day._.png,1,0.004028829280287027,0,4.7422472199132315e-11,0
/shared/home/sarim.hashmi/usenix/benchmark/newbench_norm/fake/The_skilled_skier_is_taking_the_downhill_route..png,1,9.781964763533324e-05,0,5.416244709677276e-13,0
/shared/home/sarim.hashmi/usenix/benchmark/newbench_norm/fake/The_sleek_fighter_jet_is_flying_sideways_through_the_air._.png,1,0.0008731231209821999,0,5.872446973143042e-11,0
/shared/home/sarim.hashmi/usenix/benchmark/newbench_norm/fake/The_small_bathroom_has_an_old_bathtub_in_it..png,1,0.00015802326379343867,0,5.477460949680811e-15,0
/shared/home/sarim.hashmi/usenix/benchmark/newbench_norm/fake/The_small_street_is_crowded_with_small_shops..png,1,0.0005594842368736863,0,4.0221730077284875e-16,0
/shared/home/sarim.hashmi/usenix/benchmark/newbench_norm/fake/The_snow_covered_mountain_looks_over_the_small_city..png,1,0.007231449242681265,0,3.817653138060706e-11,0
/shared/home/sarim.hashmi/usenix/benchmark/newbench_norm/fake/The_stop_sign_with_an_apartment_building_in_the_backgroundis_shot_from_below..png,1,0.0024460777640342712,0,2.15049103524656e-10,0
/shared/home/sarim.hashmi/usenix/benchmark/newbench_norm/fake/The_street_sign_is_across_from_an_electronic_sign_of_a_restaurant..png,1,0.00041430804412811995,0,6.445818271499926e-12,0
/shared/home/sarim.hashmi/usenix/benchmark/newbench_norm/fake/The_three_giraffe_stand_next_to_a_pile_of_logs..png,1,0.0001066976401489228,0,2.2064845610347827e-12,0
/shared/home/sarim.hashmi/usenix/benchmark/newbench_norm/fake/The_train_could_be_going_as_fast_as_lightning.png,1,0.22233709692955017,0,2.7944939764990018e-11,0
/shared/home/sarim.hashmi/usenix/benchmark/newbench_norm/fake/The_train_is_passing_by_the_open_field..png,1,0.0127756018191576,0,2.9082933842216815e-14,0
/shared/home/sarim.hashmi/usenix/benchmark/newbench_norm/fake/The_view_from_the_airplane_shows_a_mountain_range..png,1,7.927475235192105e-05,0,1.9305924046919554e-12,0
/shared/home/sarim.hashmi/usenix/benchmark/newbench_norm/fake/The_windows_of_a_railroad_train_photographed_against_a_cloudy_background..png,1,0.06497679650783539,0,3.6508873701990296e-10,0
/shared/home/sarim.hashmi/usenix/benchmark/newbench_norm/fake/The_woman_smiles_while_posing_with_a_big_cat_in_her_arms..png,1,0.001953704981133342,0,2.6162470966235342e-14,0
/shared/home/sarim.hashmi/usenix/benchmark/newbench_norm/fake/The_woman_stands_near_the_stove_near_a_baby_chair_on_the_ground._.png,1,0.0016903846990317106,0,7.575456951460727e-15,0
/shared/home/sarim.hashmi/usenix/benchmark/newbench_norm/fake/There's_an_outdoor_dining_area_featuring_a_fountain._.png,1,1.948817771335598e-05,0,1.9085717367964793e-14,0
/shared/home/sarim.hashmi/usenix/benchmark/newbench_norm/fake/There_are_billboards_on_the_side_of_the_road..png,1,0.0023392564617097378,0,3.6774634207226934e-15,0
/shared/home/sarim.hashmi/usenix/benchmark/newbench_norm/fake/There_are_many_cars_parked_next_to_the_ship..png,1,0.002105151303112507,0,5.3193340862303e-16,0
/shared/home/sarim.hashmi/usenix/benchmark/newbench_norm/fake/There_are_stop_signs_and_one_way_signs_at_this_intersection..png,1,0.17175373435020447,0,1.3564174228264392e-09,0
/shared/home/sarim.hashmi/usenix/benchmark/newbench_norm/fake/There_are_two_men_sitting_on_a_park_bench.png,1,0.00012622818758245558,0,2.3388747535935117e-12,0
/shared/home/sarim.hashmi/usenix/benchmark/newbench_norm/fake/There_are_two_sinks_next_to_two_mirrors..png,1,0.004166186787188053,0,1.1021375869238459e-12,0
/shared/home/sarim.hashmi/usenix/benchmark/newbench_norm/fake/There_is_a_blue_and_yellow_train_stopped_at_a_train_stop.png,1,0.00047790008829906583,0,1.6934184610128966e-10,0
/shared/home/sarim.hashmi/usenix/benchmark/newbench_norm/fake/There_is_a_man_picking_bananas_next_to_a_street..png,1,0.0024680239148437977,0,1.7624009128030518e-15,0
/shared/home/sarim.hashmi/usenix/benchmark/newbench_norm/fake/This_hazy_picture_depicts_traffic_on_a_busy_street..png,1,0.002622799016535282,0,3.1835173603181333e-13,0
/shared/home/sarim.hashmi/usenix/benchmark/newbench_norm/fake/This_is_an_image_of_an_elevated_train_in_the_city..png,1,0.004197394009679556,0,2.1253821185646116e-12,0
/shared/home/sarim.hashmi/usenix/benchmark/newbench_norm/fake/This_is_an_open_box_containing_four_cucumbers..png,1,0.024355489760637283,0,1.4184419194762654e-09,0
/shared/home/sarim.hashmi/usenix/benchmark/newbench_norm/fake/This_quaint_backyard_has_a_shed_and_a_bench.png,1,9.07875073608011e-05,0,6.4202861234895214e-15,0
/shared/home/sarim.hashmi/usenix/benchmark/newbench_norm/fake/Thomas_the_tank_traveling_down_train_tracks_next_to_a__bush..png,1,0.009306772612035275,0,2.5215804921527307e-13,0
/shared/home/sarim.hashmi/usenix/benchmark/newbench_norm/fake/Three_airliners_are_preparing_to_load_passengers_onto_a_plane..png,1,0.003227527253329754,0,1.5903660610661063e-08,0
/shared/home/sarim.hashmi/usenix/benchmark/newbench_norm/fake/Three_giraffe_eating_greens_in_a_field_next_to_lots_of_trees..png,1,0.0005249677924439311,0,3.821929925318379e-11,0
/shared/home/sarim.hashmi/usenix/benchmark/newbench_norm/fake/Three_giraffe_standing_near_trees_and_one_eating_on_a_tree.__.png,1,0.0014306280063465238,0,2.267204202155426e-09,0
/shared/home/sarim.hashmi/usenix/benchmark/newbench_norm/fake/Three_light_sheep_are_grazing_on_grass_in_a_ring_and_a_dark_sheep_is_eating_by_himself..png,1,0.012436199933290482,0,3.0692499306390853e-15,0
"/shared/home/sarim.hashmi/usenix/benchmark/newbench_norm/fake/Three_men_in_military_suits_are_sitting_on_a_bench,.png",1,0.0002479999093338847,0,1.0060339487063781e-15,0
/shared/home/sarim.hashmi/usenix/benchmark/newbench_norm/fake/Three_monitors_sitting_on_a_table_one_with_a_view_of_a_baseball_game..png,1,0.012457980774343014,0,3.4591754916220296e-14,0
/shared/home/sarim.hashmi/usenix/benchmark/newbench_norm/fake/Three_people_on_a_motorcycle_in_the_middle_of_a_city..png,1,0.00030660914489999413,0,5.612341205652165e-15,0
/shared/home/sarim.hashmi/usenix/benchmark/newbench_norm/fake/Three_people_riding_horses_on_a_beach_next_to_the_ocean...png,1,0.0006598784239031374,0,1.1067698407057902e-12,0
/shared/home/sarim.hashmi/usenix/benchmark/newbench_norm/fake/Three_sheep_in_the_process_of_running_on_grass_outside..png,1,0.004963990300893784,0,1.9416741547928495e-09,0
/shared/home/sarim.hashmi/usenix/benchmark/newbench_norm/fake/Three_white_storks_with_black_legs_and_beaks_wading_in_some_water..png,1,0.10952108353376389,0,1.0734242271090433e-12,0
/shared/home/sarim.hashmi/usenix/benchmark/newbench_norm/fake/Traffic_lights_next_to_traffic_signs_on_a_bridge..png,1,0.002127795247361064,0,8.114671349419237e-15,0
/shared/home/sarim.hashmi/usenix/benchmark/newbench_norm/fake/Train_track_running_alongside_a_mountain_with_an_orange_train_car_in_distance..png,1,0.004230725113302469,0,2.4162919928794047e-12,0
/shared/home/sarim.hashmi/usenix/benchmark/newbench_norm/fake/Train_with_four_cars_traveling_through_the_wooded_area..png,1,0.0010706715984269977,0,8.864605691204577e-14,0
/shared/home/sarim.hashmi/usenix/benchmark/newbench_norm/fake/Twin_baby_girls_wearing_hats_eat_ice_cream..png,1,5.32401691089035e-06,0,1.005213554945315e-14,0
/shared/home/sarim.hashmi/usenix/benchmark/newbench_norm/fake/Two_No_Parking_Signs_emphasize_the_law_on_this_street..png,1,0.0003786873712670058,0,2.052564627324279e-14,0
/shared/home/sarim.hashmi/usenix/benchmark/newbench_norm/fake/Two_airplanes_flying_through_a_blue_sky_with_smoke_pouring_out_of_their_rear_ends..png,1,0.0020849143620580435,0,1.514867120633312e-10,0
/shared/home/sarim.hashmi/usenix/benchmark/newbench_norm/fake/Two_bathroom_sinks_under_two_mirrors_next_to_paper_towel_dispenser..png,1,0.00015976834401953965,0,2.3957305391353496e-14,0
/shared/home/sarim.hashmi/usenix/benchmark/newbench_norm/fake/Two_black_horses_standing_next_to_each_other..png,1,0.0011004479601979256,0,2.365844499474523e-12,0
/shared/home/sarim.hashmi/usenix/benchmark/newbench_norm/fake/Two_buses_passing_each_other_by_while_traveling_under_a_bridge..png,1,0.006054441910237074,0,8.483116010864211e-13,0
/shared/home/sarim.hashmi/usenix/benchmark/newbench_norm/fake/Two_busses_on_street_next_to_cars_with_buildings_in_the_background..png,1,0.0516933873295784,0,2.7234963416444824e-12,0
/shared/home/sarim.hashmi/usenix/benchmark/newbench_norm/fake/Two_cats_sitting_on_a__sill_looking_out_the_window.png,1,0.0003515959542710334,0,5.2199855549162066e-11,0
/shared/home/sarim.hashmi/usenix/benchmark/newbench_norm/fake/Two_giraffe_standing_next_to_each_other_around_a_tree..png,1,0.00014155138342175633,0,1.684805290072533e-12,0
/shared/home/sarim.hashmi/usenix/benchmark/newbench_norm/fake/Two_giraffe_standing_next_to_each_other_on_a_field..png,1,6.271953316172585e-05,0,2.0002910786076633e-11,0
/shared/home/sarim.hashmi/usenix/benchmark/newbench_norm/fake/Two_giraffe_standing_next_to_each_other_on_a_lush_green_field..png,1,0.0010836017318069935,0,1.513607988945509e-10,0
/shared/home/sarim.hashmi/usenix/benchmark/newbench_norm/fake/Two_giraffes_are_walking_and_standing_in_the_open_field.png,1,3.0373610570677556e-05,0,1.700114493630167e-10,0
/shared/home/sarim.hashmi/usenix/benchmark/newbench_norm/fake/Two_giraffes_in_a_outdoor_shelter_under_a_net..png,1,0.0003134786384180188,0,1.2212383881937683e-11,0
/shared/home/sarim.hashmi/usenix/benchmark/newbench_norm/fake/Two_giraffes_in_a_room_with_people_looking_at_them..png,1,0.0016158251091837883,0,3.0442676157704796e-11,0
/shared/home/sarim.hashmi/usenix/benchmark/newbench_norm/fake/Two_giraffes_near_a_tree_in_the_wild..png,1,0.02873627468943596,0,1.0868738201108563e-11,0
/shared/home/sarim.hashmi/usenix/benchmark/newbench_norm/fake/Two_giraffes_stand_in_a_dirt_yard_next_to_a_wooden_structure..png,1,3.365313386893831e-05,0,3.592778472730901e-13,0
/shared/home/sarim.hashmi/usenix/benchmark/newbench_norm/fake/Two_giraffes_standing_next_to_each_other_looking_over_a_fence..png,1,0.0020385230891406536,0,1.6870078467859373e-12,0
/shared/home/sarim.hashmi/usenix/benchmark/newbench_norm/fake/Two_goat_kids_and_one_young_lamb_are_in_a_field.__.png,1,0.003032692475244403,0,1.9014819233054148e-11,0
/shared/home/sarim.hashmi/usenix/benchmark/newbench_norm/fake/Two_large_colorful_birds_touch_their_beaks_together..png,1,0.00038686158950440586,0,3.178583291756423e-14,0
/shared/home/sarim.hashmi/usenix/benchmark/newbench_norm/fake/Two_large_passenger_jets_flying_over_a_beach_filled_with_birds..png,1,0.002090360037982464,0,3.8012340497495245e-10,0
/shared/home/sarim.hashmi/usenix/benchmark/newbench_norm/fake/Two_men_riding_on_a_motorcycle_with_a_young_girl..png,1,0.04740939661860466,0,1.3275931935274703e-14,0
/shared/home/sarim.hashmi/usenix/benchmark/newbench_norm/fake/Two_mountain_goats_standing_on_the_side_of_a_mountain..png,1,4.10692737204954e-05,0,9.491527572583203e-13,0
/shared/home/sarim.hashmi/usenix/benchmark/newbench_norm/fake/Two_people_are_looking_at_a_truck_while_a_dog_is_being_walked..png,1,0.0017130040796473622,0,7.084221464250017e-16,0
/shared/home/sarim.hashmi/usenix/benchmark/newbench_norm/fake/Two_people_are_sitting_at_a_picnic_table_by_a_lake..png,1,9.560298349242657e-05,0,3.339211570555119e-14,0
/shared/home/sarim.hashmi/usenix/benchmark/newbench_norm/fake/Two_people_ride_on_a_motorcycle_on_a_street._.png,1,0.0005552440998144448,0,1.9168531779217846e-14,0
/shared/home/sarim.hashmi/usenix/benchmark/newbench_norm/fake/Two_people_sit_in_the_sand_with_their_surf_boards._.png,1,3.2807517982291756e-06,0,5.339325986550292e-13,0
/shared/home/sarim.hashmi/usenix/benchmark/newbench_norm/fake/Two_people_standing_in_the_grass_flying_a_kite..png,1,0.0006850439822301269,0,2.1180635023654304e-10,0
/shared/home/sarim.hashmi/usenix/benchmark/newbench_norm/fake/Two_photos_of_an_airplane_in_the_air..png,1,0.2342447191476822,0,1.2395186873431774e-12,0
/shared/home/sarim.hashmi/usenix/benchmark/newbench_norm/fake/Two_sheep_are_looking_over_a_cement_wall..png,1,0.019312474876642227,0,6.118369810792501e-09,0
/shared/home/sarim.hashmi/usenix/benchmark/newbench_norm/fake/Two_sheep_graze_in_a_valley_near_a_small_town..png,1,0.0036950872745364904,0,3.5390227676366745e-16,0
/shared/home/sarim.hashmi/usenix/benchmark/newbench_norm/fake/Two_sheep_one_with_a_bell_tied_to_its_neck_walking_in_a_green_field..png,1,0.01045522466301918,0,1.1291365927109873e-13,0
/shared/home/sarim.hashmi/usenix/benchmark/newbench_norm/fake/Two_sheep_that_are_standing_in_the_grass..png,1,0.0007876370218582451,0,5.502786811287241e-13,0
/shared/home/sarim.hashmi/usenix/benchmark/newbench_norm/fake/Two_signs_in_front_of_a_red_brick_building_that_say_Tow_Away_No_Stopping_from_4pm_to_6pm_and_No_Park.png,1,0.0003976359439548105,0,1.4947671735359574e-14,0
/shared/home/sarim.hashmi/usenix/benchmark/newbench_norm/fake/Two_stuffed_animals_are_cutting_bread_and_spreading_jelly_on_it..png,1,0.0006306385039351881,0,7.452352623893432e-11,0
/shared/home/sarim.hashmi/usenix/benchmark/newbench_norm/fake/Two_tall_giraffe_standing_next_to_a_green_leaf_filled_tree.png,1,7.545039989054203e-05,0,4.1118216470570346e-11,0
/shared/home/sarim.hashmi/usenix/benchmark/newbench_norm/fake/Two_toilets_sit_near_each_other_in_the_same_room..png,1,0.0015890321228653193,0,4.612146168453402e-13,0
/shared/home/sarim.hashmi/usenix/benchmark/newbench_norm/fake/Two_urinals_in_wall_with_a_white_divider..png,1,0.0016250869957730174,0,7.508091370844738e-12,0
/shared/home/sarim.hashmi/usenix/benchmark/newbench_norm/fake/Vet_supplies_laying_on_the_floor_of_a_room..png,1,0.0004992058966308832,0,1.4557723177432112e-14,0
/shared/home/sarim.hashmi/usenix/benchmark/newbench_norm/fake/Water_is_spewing_form_the_ground_while_people_watch_on..png,1,0.43239668011665344,0,6.85165062463966e-08,0
/shared/home/sarim.hashmi/usenix/benchmark/newbench_norm/fake/We_are_looking_at_a_model_train_coming_down_the_track..png,1,0.00039973060484044254,0,1.9347486124050156e-14,0
/shared/home/sarim.hashmi/usenix/benchmark/newbench_norm/fake/White_and_gray_cat_looking_past_spoked_wheel..png,1,0.0003267972788307816,0,2.089135105415394e-14,0
/shared/home/sarim.hashmi/usenix/benchmark/newbench_norm/fake/Woman_interacting_with_giraffe_at_fence_in_zoo..png,1,0.0006189437117427588,0,3.978546364021918e-15,0
/shared/home/sarim.hashmi/usenix/benchmark/newbench_norm/fake/Woman_riding_her_bike_down_a_small_side_path..png,1,8.05834679340478e-06,0,4.60758886014663e-14,0
/shared/home/sarim.hashmi/usenix/benchmark/newbench_norm/fake/Women_taking_picture_of_themselves_while_brushing_their_teeth..png,1,0.007794720586389303,0,2.1273835557750198e-14,0
/shared/home/sarim.hashmi/usenix/benchmark/newbench_norm/fake/Woodpeckers_on_the_side_of_trees_during_the_day..png,1,0.0006393306539393961,0,6.255197369190585e-14,0
"/shared/home/sarim.hashmi/usenix/benchmark/newbench_norm/fake/_A_bathroom_with_a_toilet,_sink,_counter_and_large_mirror.png",1,0.000574067875277251,0,9.977372186363749e-15,0
/shared/home/sarim.hashmi/usenix/benchmark/newbench_norm/fake/_A_sidewalk_with_street_sings_next_to_a_road..png,1,3.058501988562057e-06,0,1.6781677637149953e-14,0
/shared/home/sarim.hashmi/usenix/benchmark/newbench_norm/fake/_a_street_sign_with_the_red_light_glowing_brightly_on_it_.png,1,0.030136745423078537,0,8.251118972096849e-13,0
/shared/home/sarim.hashmi/usenix/benchmark/newbench_norm/fake/a_bath_room_with_a_toilet_a_sink_and_a_bath_tub.png,1,0.0010923496447503567,0,1.9818100340050077e-13,0
/shared/home/sarim.hashmi/usenix/benchmark/newbench_norm/fake/a_bath_room_with_a_toilet_a_stool_and_handle_bars.png,1,0.0012840703129768372,0,1.4367272996307356e-11,0
/shared/home/sarim.hashmi/usenix/benchmark/newbench_norm/fake/a_bath_room_with_two_sinks_a_large_mirror_a_bath_tub.png,1,0.0023960000835359097,0,4.2837908648942977e-14,0
/shared/home/sarim.hashmi/usenix/benchmark/newbench_norm/fake/a_bathroom_counter_with_two_sinks_on_it_.png,1,0.0003283162077423185,0,1.6134551377236517e-12,0
/shared/home/sarim.hashmi/usenix/benchmark/newbench_norm/fake/a_bathroom_with_a_bath_tub_a_toilet_and_a_sink.png,1,0.007732355035841465,0,2.4689958736355544e-13,0
/shared/home/sarim.hashmi/usenix/benchmark/newbench_norm/fake/a_bathroom_with_a_sink_a_mirror_and_a_toilet.png,1,0.0017317531164735556,0,1.0190701581203054e-11,0
/shared/home/sarim.hashmi/usenix/benchmark/newbench_norm/fake/a_bathroom_with_a_white_sink_next_to_a_white_bath_tub..png,1,0.005859349854290485,0,2.8215175421758554e-12,0
/shared/home/sarim.hashmi/usenix/benchmark/newbench_norm/fake/a_bathroom_with_bright_lights_and_white_carpet_.png,1,0.0022897645831108093,0,9.55174524544522e-14,0
/shared/home/sarim.hashmi/usenix/benchmark/newbench_norm/fake/a_beautiful_lady_with_a_very_nice_motor_bike.png,1,0.004771611653268337,0,3.4713172007011517e-14,0
/shared/home/sarim.hashmi/usenix/benchmark/newbench_norm/fake/a_bench_in_the_woods_covered_in_snow_.png,1,5.490256808116101e-05,0,1.054666510375002e-11,0
/shared/home/sarim.hashmi/usenix/benchmark/newbench_norm/fake/a_big_red_fire_hydrant_on_the_side_of_a_building..png,1,4.0044018533080816e-05,0,1.6481041662549082e-16,0
/shared/home/sarim.hashmi/usenix/benchmark/newbench_norm/fake/a_black_and_white_photo_of_a_long_bench_for_sitting_near_a_building.png,1,5.941283961874433e-05,0,7.394586109881959e-14,0
/shared/home/sarim.hashmi/usenix/benchmark/newbench_norm/fake/a_blue_sign_in_the_sidewalk_of_a_walking_trail.png,1,3.485606839603861e-06,0,8.887482763619836e-13,0
/shared/home/sarim.hashmi/usenix/benchmark/newbench_norm/fake/a_bluish_motorcycle_parked_on_sidewalk_in_park.png,1,0.09571871906518936,0,5.959795851273597e-11,0
/shared/home/sarim.hashmi/usenix/benchmark/newbench_norm/fake/a_brown_and_white_dog_is_sitting_in_some_grass_and_a_red_and_white_fire_hydrant.png,1,0.00014903390547260642,0,1.3795782313026032e-14,0
/shared/home/sarim.hashmi/usenix/benchmark/newbench_norm/fake/a_cat_is_sitting_on_a_wooden_bench_outside.png,1,0.00010302152804797515,0,2.1833282523500003e-13,0
/shared/home/sarim.hashmi/usenix/benchmark/newbench_norm/fake/a_close_up_of_a_cat_on_a_desk_near_a_sandwich_.png,1,0.0003245243278797716,0,5.593644579644785e-13,0
/shared/home/sarim.hashmi/usenix/benchmark/newbench_norm/fake/a_close_up_of_a_pot_with_a_cell_phone_.png,1,7.196930528152734e-05,0,5.287515759434813e-14,0
/shared/home/sarim.hashmi/usenix/benchmark/newbench_norm/fake/a_close_up_of_two_giraffes_with_a_rock_background.png,1,0.0017494672210887074,0,1.3715564057756313e-12,0
/shared/home/sarim.hashmi/usenix/benchmark/newbench_norm/fake/a_colofrul_biplane_flying_above_some_trees_.png,1,0.014647569507360458,0,1.110520570358868e-13,0
/shared/home/sarim.hashmi/usenix/benchmark/newbench_norm/fake/a_commercial_plane_is_on_the_airport_runway.png,1,0.014585407450795174,0,5.546051356879189e-13,0
/shared/home/sarim.hashmi/usenix/benchmark/newbench_norm/fake/a_counter_with_cleaning_supplies_ice_cube_trays_and_racks_from_a_fridge_and_a_drawer_missing.png,1,0.0007559349178336561,0,1.306537885693848e-13,0
/shared/home/sarim.hashmi/usenix/benchmark/newbench_norm/fake/a_couple_of_anmails_standing_next_to_a_truck.png,1,0.0008359540952369571,0,2.926835274250257e-14,0
/shared/home/sarim.hashmi/usenix/benchmark/newbench_norm/fake/a_couple_of_buildings_grouped_together_next_to_some_power_lines_.png,1,0.004932877607643604,0,1.1185155449414119e-13,0
/shared/home/sarim.hashmi/usenix/benchmark/newbench_norm/fake/a_couple_of_cats_sit_in_front_of_a_tub_full_of_water_.png,1,0.002802118193358183,0,2.0830087871584468e-13,0
/shared/home/sarim.hashmi/usenix/benchmark/newbench_norm/fake/a_couple_of_fire_trucks_that_are_by_a_motorcycle.png,1,0.0005921873962506652,0,6.955049383639e-12,0
/shared/home/sarim.hashmi/usenix/benchmark/newbench_norm/fake/a_couple_of_people_in_uniforms_are_sitting_together.png,1,1.0257329449814279e-05,0,6.732635028503702e-16,0
/shared/home/sarim.hashmi/usenix/benchmark/newbench_norm/fake/a_couple_of_planes_are_out_on_a_runway.png,1,0.5249695181846619,1,2.2954872052650954e-13,0
/shared/home/sarim.hashmi/usenix/benchmark/newbench_norm/fake/a_couple_of_sgns_are_on_poles_in_the_ground.png,1,0.00015845206507947296,0,8.395986449553678e-16,0
/shared/home/sarim.hashmi/usenix/benchmark/newbench_norm/fake/a_couple_of_sheep_walking_across_a_grass_covered_field..png,1,0.004546208307147026,0,1.7018103939947515e-11,0
/shared/home/sarim.hashmi/usenix/benchmark/newbench_norm/fake/a_cyclist_with_a_motorbike_moving_very_fast.png,1,0.006220529321581125,0,1.1589428418681824e-12,0
/shared/home/sarim.hashmi/usenix/benchmark/newbench_norm/fake/a_desk_with_a_banana_a_keyboard_and_a_mouse.png,1,0.00024606409715488553,0,4.991384909558416e-12,0
/shared/home/sarim.hashmi/usenix/benchmark/newbench_norm/fake/a_dog_walking_beside_a_man_carrying_a_surf_board.png,1,0.0006148116663098335,0,3.943328004624505e-14,0
/shared/home/sarim.hashmi/usenix/benchmark/newbench_norm/fake/a_double_decker_red_bus_stopped_outside_of_a_brick_building.png,1,0.037708256393671036,0,3.077411643657296e-14,0
/shared/home/sarim.hashmi/usenix/benchmark/newbench_norm/fake/a_fancy_white_train_parked_by_the_platform_.png,1,0.013067229650914669,0,2.5075863694518086e-12,0
/shared/home/sarim.hashmi/usenix/benchmark/newbench_norm/fake/a_female_in_a_gray_top_is_holding_a_cellphone.png,1,0.03842286765575409,0,7.281356947778667e-15,0
/shared/home/sarim.hashmi/usenix/benchmark/newbench_norm/fake/a_giraffe_in_a_field_with_another_in_the_background.png,1,0.000901373743545264,0,4.774775713700663e-11,0
/shared/home/sarim.hashmi/usenix/benchmark/newbench_norm/fake/a_giraffe_reaching_up_to_eat_some_grass_from_a_cage_.png,1,1.8777462173602544e-05,0,6.114446243158517e-14,0
/shared/home/sarim.hashmi/usenix/benchmark/newbench_norm/fake/a_giraffe_walking_on_a_street_with_trees.png,1,0.0004952073213644326,0,8.786956622389153e-13,0
/shared/home/sarim.hashmi/usenix/benchmark/newbench_norm/fake/a_girl_wearing_a_cowboy_hat_while_holding_a_dog_.png,1,1.6157335267052986e-05,0,7.873024708028847e-15,0
/shared/home/sarim.hashmi/usenix/benchmark/newbench_norm/fake/a_green_double_Decker_bus_stopped_on_the_street.png,1,0.0007988071884028614,0,4.2253946869186265e-11,0
/shared/home/sarim.hashmi/usenix/benchmark/newbench_norm/fake/a_green_train_engine_sitting_at_the_end_of_the_train_and_next_to_the_buidling.png,1,0.00393194705247879,0,4.2595599627787833e-14,0
/shared/home/sarim.hashmi/usenix/benchmark/newbench_norm/fake/a_group_of_light_resting_on_a_post_with_a_street_sign_on_it.png,1,0.0004623890563379973,0,1.3226337559901769e-11,0
/shared/home/sarim.hashmi/usenix/benchmark/newbench_norm/fake/a_group_of_people_on_motorcycles_drive_down_the_road.png,1,1.765517663443461e-05,0,1.8124789829523837e-16,0
/shared/home/sarim.hashmi/usenix/benchmark/newbench_norm/fake/a_group_of_people_that_are_taking_a_picture.png,1,0.03665094077587128,0,6.348435177310136e-17,0
/shared/home/sarim.hashmi/usenix/benchmark/newbench_norm/fake/a_group_of_urinals_is_near_the_trees.png,1,0.0001019534538500011,0,2.793421093397197e-12,0
/shared/home/sarim.hashmi/usenix/benchmark/newbench_norm/fake/a_group_of_vehicles_parked_next_to_a_firehydrant.png,1,0.0002592966484371573,0,4.121027249916892e-13,0
/shared/home/sarim.hashmi/usenix/benchmark/newbench_norm/fake/a_herd_of_sheep_standing_around_in_a_big_grassy_field_.png,1,0.03149743005633354,0,1.657979531444198e-08,0
/shared/home/sarim.hashmi/usenix/benchmark/newbench_norm/fake/a_home_made_stop_sign_in_the_middle_of_nowhere.png,1,0.0010935236932709813,0,3.210786467971495e-14,0
/shared/home/sarim.hashmi/usenix/benchmark/newbench_norm/fake/a_kitchen_that_makes_food_has_pots_and_pans..png,1,0.004894559271633625,0,1.146871052987164e-11,0
/shared/home/sarim.hashmi/usenix/benchmark/newbench_norm/fake/a_kitchen_with_a__sink_surrounded_by_a_bunch_of_cluttered_items.png,1,0.022276045754551888,0,4.552372137567838e-14,0
/shared/home/sarim.hashmi/usenix/benchmark/newbench_norm/fake/a_kitchen_with_a_nasty_dirty_kitchen_with_a_light_beam_through_the_window.png,1,0.0030135565903037786,0,6.262175240162593e-12,0
/shared/home/sarim.hashmi/usenix/benchmark/newbench_norm/fake/a_large_air_plane_flying_in_the_air.png,1,0.0001794918644009158,0,5.0835755743827704e-11,0
/shared/home/sarim.hashmi/usenix/benchmark/newbench_norm/fake/a_large_body_of_water_with_trees_in_the_background.png,1,0.11313850432634354,0,1.5445638474817502e-12,0
/shared/home/sarim.hashmi/usenix/benchmark/newbench_norm/fake/a_line_of_cars_with_a_motorcycle_in_front.png,1,0.0006158151081763208,0,7.129203911243609e-14,0
/shared/home/sarim.hashmi/usenix/benchmark/newbench_norm/fake/a_lit_up_counter_with_two_fancy_sinks_on_it.png,1,0.001827313913963735,0,1.6875903886132138e-12,0
/shared/home/sarim.hashmi/usenix/benchmark/newbench_norm/fake/a_little_giraffe_sitting_on_the_ground_next_to_a_somewhat_bigger_one_.png,1,0.0006241341470740736,0,4.958444210778623e-10,0
/shared/home/sarim.hashmi/usenix/benchmark/newbench_norm/fake/a_living_room_with_some_fancy_curtains_behind_a_couch_.png,1,0.0013202469563111663,0,2.642653890855273e-13,0
/shared/home/sarim.hashmi/usenix/benchmark/newbench_norm/fake/a_man_assisting_a_woman_shearing_a_sheep_with_several_children_watching.png,1,0.01837330125272274,0,4.548947562186265e-16,0
/shared/home/sarim.hashmi/usenix/benchmark/newbench_norm/fake/a_man_on_skis_holds_onto_the_hands_of_a_small_girl_on_skis.png,1,4.580643508234061e-05,0,1.0533311419272384e-12,0
/shared/home/sarim.hashmi/usenix/benchmark/newbench_norm/fake/a_man_riding_a_small_motorcycle_in_the_bustling_streets.png,1,7.67329584050458e-06,0,5.1767451951642215e-15,0
/shared/home/sarim.hashmi/usenix/benchmark/newbench_norm/fake/a_man_sits_by_himself_on_a_bench_in_a_stone-paved_square_in_front_of_a_large_bed_of_flowers.png,1,1.586714120094257e-06,0,7.233044623687005e-16,0
/shared/home/sarim.hashmi/usenix/benchmark/newbench_norm/fake/a_man_standing_next_to_a_red_train_near_a_train_track_.png,1,0.0052867173217237,0,6.17129773932551e-13,0
/shared/home/sarim.hashmi/usenix/benchmark/newbench_norm/fake/a_man_standing_on_the_side_walk_while_holding_a_sign_.png,1,0.0011990234488621354,0,7.285444898188706e-14,0
/shared/home/sarim.hashmi/usenix/benchmark/newbench_norm/fake/a_man_taking_a_nap_on_the_bench_in_the_middle_of_a_park.png,1,0.016082225367426872,0,1.0670919443206417e-12,0
/shared/home/sarim.hashmi/usenix/benchmark/newbench_norm/fake/a_modern_flush_toilet_in_a_bathroom_with_tile._.png,1,0.000380110606784001,0,1.1196149259443122e-13,0
"/shared/home/sarim.hashmi/usenix/benchmark/newbench_norm/fake/a_modern_kitchen_with_an_oven,_stove,_and_a_fridge_.png",1,0.0006029985961504281,0,3.26862073411554e-15,0
/shared/home/sarim.hashmi/usenix/benchmark/newbench_norm/fake/a_motorcycle_is_parked_near_a_building_by_the_curb.png,1,0.02031927928328514,0,3.936756736572233e-12,0
/shared/home/sarim.hashmi/usenix/benchmark/newbench_norm/fake/a_motorcycle_parked_in_a_field_with_a_sky_background_.png,1,0.04837111011147499,0,5.246790415330826e-13,0
/shared/home/sarim.hashmi/usenix/benchmark/newbench_norm/fake/a_number_of_birds_flying_near_a_nest_.png,1,0.002721939003095031,0,1.76487175026184e-13,0
/shared/home/sarim.hashmi/usenix/benchmark/newbench_norm/fake/a_person_driving_a_motorcycle_on_a_closed_course.png,1,0.0022649967577308416,0,3.3863508785286767e-12,0
/shared/home/sarim.hashmi/usenix/benchmark/newbench_norm/fake/a_person_in_an_office_setting_sitting_in_a_chair.png,1,0.0010523338569328189,0,4.746721136809906e-13,0
/shared/home/sarim.hashmi/usenix/benchmark/newbench_norm/fake/a_person_on_the_back_of_a_parked_truck.png,1,3.7187237467151135e-05,0,6.337595140818751e-17,0
/shared/home/sarim.hashmi/usenix/benchmark/newbench_norm/fake/a_person_riding_a_dirt_bike_in_the_air_with_a_sky_background.png,1,0.005200045183300972,0,4.8448824813140945e-11,0
/shared/home/sarim.hashmi/usenix/benchmark/newbench_norm/fake/a_person_riding_a_motorcycle_on_a_road_.png,1,0.005675033666193485,0,5.857830496711069e-13,0
/shared/home/sarim.hashmi/usenix/benchmark/newbench_norm/fake/a_person_riding_a_motorcycle_on_a_road_with_a_hill_in_the_background.png,1,1.937454544531647e-05,0,2.7223183644544064e-15,0
/shared/home/sarim.hashmi/usenix/benchmark/newbench_norm/fake/a_person_sitting_on_a_bike_near_many_other_parked_bikes_.png,1,9.449459321331233e-05,0,7.85365018461312e-14,0
/shared/home/sarim.hashmi/usenix/benchmark/newbench_norm/fake/a_person_that_is_riding_a_bike_next_to_some_seats.png,1,0.0004276662948541343,0,8.404257514525379e-15,0
/shared/home/sarim.hashmi/usenix/benchmark/newbench_norm/fake/a_picture_of_a_water_hydrant_with_many_snow._.png,1,6.457878043875098e-05,0,4.169767439996365e-15,0
/shared/home/sarim.hashmi/usenix/benchmark/newbench_norm/fake/a_pole_that_has_a_sign_attached_to_it.png,1,0.007385085336863995,0,1.2384984530988685e-11,0
/shared/home/sarim.hashmi/usenix/benchmark/newbench_norm/fake/a_policeman_on_a_motorcycling_driving_on_the_road_smiling.png,1,0.0004126045387238264,0,3.5060513113626193e-14,0
/shared/home/sarim.hashmi/usenix/benchmark/newbench_norm/fake/a_public_bathroom_with_a_toilet_and_hand_rail.png,1,0.002951344009488821,0,2.2878192192815096e-14,0
/shared/home/sarim.hashmi/usenix/benchmark/newbench_norm/fake/a_public_transit_train_on_a_train_track_with_trees_in_the_background.png,1,1.8704275134950876e-05,0,7.526239288908887e-13,0
/shared/home/sarim.hashmi/usenix/benchmark/newbench_norm/fake/a_red_bus_that_has_stuff_wrote_on_the_outside.png,1,0.44472917914390564,0,3.92995864834328e-16,0
/shared/home/sarim.hashmi/usenix/benchmark/newbench_norm/fake/a_red_fire_hydrogen_next_to_a_road_in_front_of_a_bus.png,1,0.0010929352138191462,0,6.58322858100341e-15,0
/shared/home/sarim.hashmi/usenix/benchmark/newbench_norm/fake/a_sculpture_made_of_spoons_and_an_old_toaster.png,1,0.013157280161976814,0,3.716466153921849e-14,0
/shared/home/sarim.hashmi/usenix/benchmark/newbench_norm/fake/a_sign_hanging_up_that_says_waterman_ave.png,1,0.38582974672317505,0,5.7690654337028136e-11,0
/shared/home/sarim.hashmi/usenix/benchmark/newbench_norm/fake/a_small_air_plane_on_an_air_plane_run_way.png,1,0.006606617942452431,0,6.832645885711253e-13,0
/shared/home/sarim.hashmi/usenix/benchmark/newbench_norm/fake/a_small_bathroom_with_a_mirror_and_sink.png,1,0.019010886549949646,0,8.714369286941248e-13,0
/shared/home/sarim.hashmi/usenix/benchmark/newbench_norm/fake/a_steam_locomotive_on_a_narrow_gauge_track_in_the_snow.png,1,0.07217974215745926,0,5.385189690010339e-12,0
/shared/home/sarim.hashmi/usenix/benchmark/newbench_norm/fake/a_stop_sign_and_railway_crossing_sign_on_a_pole.png,1,0.05644514411687851,0,1.461238560165022e-14,0
/shared/home/sarim.hashmi/usenix/benchmark/newbench_norm/fake/a_store_sits_in_front_of_a_fire_hydrant_.png,1,0.003016331233084202,0,4.7300255377313505e-18,0
/shared/home/sarim.hashmi/usenix/benchmark/newbench_norm/fake/a_street_light_hanging_fron_one_of_many_wires_connected_to_a_power_pole.png,1,0.06310790777206421,0,6.029374590744985e-13,0
/shared/home/sarim.hashmi/usenix/benchmark/newbench_norm/fake/a_street_with_people_and_vehicles_in_the_middle_of_it.png,1,0.0014831029111519456,0,1.4141337840306578e-12,0
/shared/home/sarim.hashmi/usenix/benchmark/newbench_norm/fake/a_stuffed_animal_and_a_figurine_are_sitting_on_a_bench_and_water.png,1,0.0003820574493147433,0,3.806886243414888e-14,0
/shared/home/sarim.hashmi/usenix/benchmark/newbench_norm/fake/a_table_top_with_some_laptops_on_it_.png,1,0.002886738395318389,0,3.7656072785765757e-14,0
/shared/home/sarim.hashmi/usenix/benchmark/newbench_norm/fake/a_toilet_sits_in_front_of_a_bath_tub.png,1,0.0003302619734313339,0,6.003863855727487e-13,0
/shared/home/sarim.hashmi/usenix/benchmark/newbench_norm/fake/a_toilet_sits_next_to_a_bath_tub_as_a_bunch_of_tiles_sit_piled_up_.png,1,0.0003253666509408504,0,8.783286598035289e-13,0
/shared/home/sarim.hashmi/usenix/benchmark/newbench_norm/fake/a_traffic_light_above_a_road_with_a_building_in_the_background.png,1,0.006545156240463257,0,2.6026945694674654e-14,0
/shared/home/sarim.hashmi/usenix/benchmark/newbench_norm/fake/a_train_getting_ready_to_go_into_a_tunnel_.png,1,0.0015230369754135609,0,3.1199779630501634e-13,0
/shared/home/sarim.hashmi/usenix/benchmark/newbench_norm/fake/a_train_on_a_train_track_at_a_station_.png,1,0.03240266069769859,0,7.43830073490076e-13,0
/shared/home/sarim.hashmi/usenix/benchmark/newbench_norm/fake/a_train_that_is_on_a_train_track.png,1,0.00011935829388676211,0,1.5350217841617053e-12,0
/shared/home/sarim.hashmi/usenix/benchmark/newbench_norm/fake/a_tree_surrounded_by_a_little_bench_with_someone_sitting_on_it.png,1,6.097256118664518e-05,0,2.850724324093422e-15,0
/shared/home/sarim.hashmi/usenix/benchmark/newbench_norm/fake/a_very_big_boat_that_is_in_some_water.png,1,0.1213771253824234,0,1.5579612253069364e-12,0
/shared/home/sarim.hashmi/usenix/benchmark/newbench_norm/fake/a_very_big_bus_moving_on_the_street_with_no_people.png,1,0.009886374697089195,0,6.309433227616457e-13,0
/shared/home/sarim.hashmi/usenix/benchmark/newbench_norm/fake/a_view_of_a_bathroom_area_with_a_white_long_flusher_and_window_behind_it_.png,1,6.769241736037657e-05,0,5.874351366127496e-15,0
/shared/home/sarim.hashmi/usenix/benchmark/newbench_norm/fake/a_white_and_black_sea_bird_standing_in_very_shallow_water.png,1,0.002948620356619358,0,7.59204591554985e-12,0
/shared/home/sarim.hashmi/usenix/benchmark/newbench_norm/fake/a_white_bus_is_on_a_busy_street.png,1,0.4752647280693054,0,1.0939204355992372e-14,0
/shared/home/sarim.hashmi/usenix/benchmark/newbench_norm/fake/a_woman_in_kitchen_cooking_chips_in_fry.png,1,0.003646562108770013,0,1.3925967041854281e-13,0
/shared/home/sarim.hashmi/usenix/benchmark/newbench_norm/fake/a_woman_is_out_in_a_field_with_sheep_.png,1,0.16846507787704468,0,3.4151289652131767e-13,0
/shared/home/sarim.hashmi/usenix/benchmark/newbench_norm/fake/a_woman_is_standing_next_to_an_oven.png,1,0.0011937880190089345,0,1.094838873423945e-14,0
/shared/home/sarim.hashmi/usenix/benchmark/newbench_norm/fake/a_woman_posing_on_a_wooden_bench_in_the_woods.png,1,1.5207347132673021e-05,0,8.783496187867758e-15,0
/shared/home/sarim.hashmi/usenix/benchmark/newbench_norm/fake/a_woman_riding_a_horse_while_holding_a_flag.png,1,0.01864689774811268,0,5.648678139819063e-13,0
/shared/home/sarim.hashmi/usenix/benchmark/newbench_norm/fake/a_wooden_and_metal_bench_near_a_over_grown_bush.png,1,0.0007890583365224302,0,3.310639306100538e-12,0
/shared/home/sarim.hashmi/usenix/benchmark/newbench_norm/fake/a_young_female_siting_on_a_bench_near_a_small_stagnant_lake.png,1,0.0002943621075246483,0,1.0893189291132782e-14,0
/shared/home/sarim.hashmi/usenix/benchmark/newbench_norm/fake/an_image_of_a_a_plane_that_is_flying_in_the_air.png,1,0.001334981876425445,0,1.2165171891760987e-14,0
/shared/home/sarim.hashmi/usenix/benchmark/newbench_norm/fake/an_image_of_a_cat_in_a_toilet_with_the_water.png,1,6.646106339758262e-05,0,5.90142474818367e-12,0
/shared/home/sarim.hashmi/usenix/benchmark/newbench_norm/fake/an_image_of_a_tourbus_stopping_on_a_route.png,1,0.009172330610454082,0,1.4182867899591774e-14,0
/shared/home/sarim.hashmi/usenix/benchmark/newbench_norm/fake/an_up_close_picture_of_mechanic_of_a_bike_.png,1,0.043613169342279434,0,2.456927348203075e-13,0
/shared/home/sarim.hashmi/usenix/benchmark/newbench_norm/fake/cars_wait_at_red_light_at_an_intersection_by_mountains.png,1,0.009870242327451706,0,8.725725491546404e-14,0
"/shared/home/sarim.hashmi/usenix/benchmark/newbench_norm/fake/group_of_giraffes_mingling_in_a_stand_of_trees
.png",1,0.007716682273894548,0,1.5848615822489087e-11,0
/shared/home/sarim.hashmi/usenix/benchmark/newbench_norm/fake/many_bikes_parked_in_a_parking_lot_very_close_to_each_other.png,1,0.008546908386051655,0,6.012981085268265e-11,0
"/shared/home/sarim.hashmi/usenix/benchmark/newbench_norm/fake/older_women_sit_on_a_bench,_with_one_of_the_women_holding_crutches.png",1,0.0043371072970330715,0,3.663936728071516e-15,0
/shared/home/sarim.hashmi/usenix/benchmark/newbench_norm/fake/people_at_costume_party_dressed_up_in_costumes.png,1,5.8880734286503866e-05,0,9.97528340311582e-14,0
/shared/home/sarim.hashmi/usenix/benchmark/newbench_norm/fake/people_riding_bikes_near_a_beach_and_others_swimming.png,1,0.00022422366600949317,0,1.8782206692713466e-12,0
/shared/home/sarim.hashmi/usenix/benchmark/newbench_norm/fake/people_standing_outside_a_building_with_clocks_built_into_the_side_of_it.png,1,0.0004883040091954172,0,2.3850711377139226e-14,0
/shared/home/sarim.hashmi/usenix/benchmark/newbench_norm/fake/several_motorcycles_are_parked_next_to_each_other.png,1,0.0028254434000700712,0,9.49486833828981e-15,0
/shared/home/sarim.hashmi/usenix/benchmark/newbench_norm/fake/some_blurred_sheep_are_running_and_some_green_grass.png,1,0.2800899147987366,0,9.330159977949393e-10,0
/shared/home/sarim.hashmi/usenix/benchmark/newbench_norm/fake/some_people_on_a_park_bench_in_a_field.png,1,0.00042889738688245416,0,1.6960430388140817e-14,0
/shared/home/sarim.hashmi/usenix/benchmark/newbench_norm/fake/there_are_blue_lights_shining_threw_palm_trees_.png,1,0.21927990019321442,0,1.104662583628624e-09,0
/shared/home/sarim.hashmi/usenix/benchmark/newbench_norm/fake/there_are_many_rocks_on_the_side_of_this_road.png,1,0.0015666271792724729,0,4.810904888981511e-14,0
/shared/home/sarim.hashmi/usenix/benchmark/newbench_norm/fake/there_are_several_stop_signs_along_side_the_grass.png,1,0.02139059640467167,0,3.793788339034876e-10,0
/shared/home/sarim.hashmi/usenix/benchmark/newbench_norm/fake/there_are_two_very_tall_giraffes_in_this_zoo_by_the_water.png,1,0.0017439048970118165,0,5.801020774853782e-11,0
/shared/home/sarim.hashmi/usenix/benchmark/newbench_norm/fake/there_is_a_one_way_street_sign_under_a_street_name_sign.png,1,0.0010993760079145432,0,3.8952618908183467e-10,0
/shared/home/sarim.hashmi/usenix/benchmark/newbench_norm/fake/there_is_a_sheep_behind_a_fence_standing_in_the_snow.png,1,0.0045307474210858345,0,2.3379694447794863e-12,0
/shared/home/sarim.hashmi/usenix/benchmark/newbench_norm/fake/there_is_a_stop_sign_at_the_end_of_this_cross_walk.png,1,0.00045748555567115545,0,3.8151437982110806e-14,0
/shared/home/sarim.hashmi/usenix/benchmark/newbench_norm/fake/this_fire_hydrant_has_a_painting_on_it.png,1,0.01651296764612198,0,9.970631286411263e-16,0
/shared/home/sarim.hashmi/usenix/benchmark/newbench_norm/fake/this_is_a_bus_with_an_ad_for_a_casino.png,1,0.2938932776451111,0,1.1862400981204474e-13,0
/shared/home/sarim.hashmi/usenix/benchmark/newbench_norm/fake/this_is_a_close_up_picture_of_a_roosters_neck.png,1,0.00024923941236920655,0,1.1530124077729909e-11,0
/shared/home/sarim.hashmi/usenix/benchmark/newbench_norm/fake/this_man_is_riding_a_board_near_a_field.png,1,0.0008464871207252145,0,2.983167369813994e-14,0
/shared/home/sarim.hashmi/usenix/benchmark/newbench_norm/fake/three_children_sitting_on_a_bench_near_one_another.png,1,0.0037318833637982607,0,6.673664171199384e-14,0
/shared/home/sarim.hashmi/usenix/benchmark/newbench_norm/fake/train_pulling_up_the_track_while_people_wait_on_the_sidewalk.png,1,0.004550714511424303,0,8.709047751628146e-14,0
/shared/home/sarim.hashmi/usenix/benchmark/newbench_norm/fake/two_birds_flying_over_some_water_and_their_reflection.png,1,0.012565693818032742,0,5.13511067001815e-10,0
/shared/home/sarim.hashmi/usenix/benchmark/newbench_norm/fake/two_large_air_planes_on_a_run_way.png,1,0.0020950164180248976,0,1.8686685228710975e-13,0
/shared/home/sarim.hashmi/usenix/benchmark/newbench_norm/fake/two_people_riding_on_a_motorcycle_on_a_road.png,1,0.00029526097932830453,0,1.1481612915194978e-13,0
